#VRML V2.0 utf8
# 3D model generated by easyeda2kicad.py (https://github.com/uPesy/easyeda2kicad.py)

Shape{
    appearance Appearance {
        material  Material 	{
            diffuseColor 0.7529411764705882 0.7529411764705882 0.7529411764705882
            specularColor 0.3764705882352941 0.3764705882352941 0.3764705882352941
            ambientIntensity 0.7529
            transparency 0.0
            shininess 0.5
        }
    }
    geometry IndexedFaceSet {
        ccw TRUE
        solid FALSE
        coord DEF co Coordinate {
            point [
                0.8858 4.2287 -0.0787, 0.8858 4.2287 0.138, 0.8858 4.1499 -0.0787, 0.8858 4.1499 0.138, -0.8858 4.1499 0.5232, -0.8858 4.1499 1.3386, -0.8858 4.2287 0.5232, -0.8858 4.2287 1.3386, 4.0157 -0.417 -1.1417, 4.0945 -0.417 -1.1417, 4.0157 -0.417 -0.9055, 4.0945 -0.417 -0.9055, 4.0157 0.4491 0.0394, 4.0945 0.4491 0.0394, 4.0157 0.4491 -0.6693, 4.0945 0.4491 -0.6693, -4.0945 -0.417 -1.1417, -4.0157 -0.417 -1.1417, -4.0945 -0.417 -0.9055, -4.0157 -0.417 -0.9055, -4.0945 0.4491 0.0394, -4.0157 0.4491 0.0394, -4.0945 0.4491 -0.6693, -4.0157 0.4491 -0.6693, 0.1165 3.3329 1.4173, 0.1165 3.1438 1.4173, 0.2015 3.1438 1.4173, 0.8858 3.8521 1.4173, 0.8858 4.1499 1.4173, 0.8152 4.1499 1.4173, 0.4535 2.7799 1.4173, 0.4447 2.7789 1.4173, 0.4981 2.7789 1.4173, -0.6377 2.9574 1.4173, -0.6112 2.9333 1.4173, -0.5496 2.9655 1.4173, -0.1324 3.1176 1.4173, 0.0015 3.1176 1.4173, -0.1424 3.1316 1.4173, 0.0015 3.3347 1.4173, -0.1836 3.1664 1.4173, -0.3517 3.3347 1.4173, -0.3182 3.3113 1.4173, -0.2642 3.2474 1.4173, -0.2363 3.1914 1.4173, -0.2287 3.1888 1.4173, -0.8858 4.1499 1.4173, -0.8858 3.8521 1.4173, -0.5904 3.3832 1.4173, -0.5247 3.3902 1.4173, -0.4499 3.3808 1.4173, -0.3748 3.3509 1.4173, -0.661 3.3585 1.4173, -1.3268 3.7228 1.4173, -0.7007 3.3347 1.4173, -1.7497 3.5429 1.4173, -2.1142 3.3347 1.4173, -0.7069 3.331 1.4173, -1.033 3.1176 1.4173, -1.0192 3.1484 1.4173, -0.9832 3.1944 1.4173, -0.8671 3.2602 1.4173, -0.8086 3.2673 1.4173, -0.7425 3.3005 1.4173, -0.7911 3.2663 1.4173, -0.7737 3.2642 1.4173, -0.9719 3.205 1.4173, -0.9234 3.2387 1.4173, -2.1488 3.315 1.4173, -2.4162 3.1176 1.4173, -1.0436 3.0939 1.4173, -1.054 3.0369 1.4173, -1.0545 3.0213 1.4173, -2.5185 3.0421 1.4173, -2.6004 2.9655 1.4173, -0.9451 2.8166 1.4173, -0.9907 2.8559 1.4173, -2.7997 2.7789 1.4173, -0.8905 2.7894 1.4173, -1.026 2.9065 1.4173, -1.0475 2.9631 1.4173, -1.0477 2.9655 1.4173, -0.8018 2.7002 1.4173, -0.8315 2.7226 1.4173, -0.7878 2.6943 1.4173, -2.854 2.728 1.4173, -2.8825 2.6943 1.4173, -0.8693 2.783 1.4173, -0.8674 2.7789 1.4173, -0.8541 2.7504 1.4173, -0.7251 2.6798 1.4173, -1.8826 0.8521 1.4173, -0.6884 2.6843 1.4173, -1.8203 0.9144 1.4173, -1.7456 0.9613 1.4173, -4.0157 0.705 1.4173, -4.0157 -0.6729 1.4173, -3.8763 0.705 1.4173, -3.8763 -0.6729 1.4173, -0.2386 -3.9137 1.4173, -3.7644 -1.1369 1.4173, -3.5972 -1.5839 1.4173, -2.4359 -3.0769 1.4173, -2.0438 -3.3489 1.4173, -1.6216 -3.5715 1.4173, -3.3772 -2.0074 1.4173, -3.1076 -2.4012 1.4173, -0.7124 -3.856 1.4173, -2.7923 -2.7594 1.4173, -1.6624 0.9904 1.4173, -1.5748 1.0003 1.4173, -0.6622 2.6943 1.4173, 0.0015 1.0003 1.4173, 0.0015 2.6943 1.4173, -1.6624 -0.9583 1.4173, -1.7456 -0.9292 1.4173, -1.8203 -0.8823 1.4173, -1.8826 -0.82 1.4173, -1.9295 -0.7453 1.4173, -1.9586 -0.6621 1.4173, -1.1756 -3.7413 1.4173, -0.0037 -0.9682 1.4173, -1.5711 -0.9682 1.4173, -1.5748 -0.9682 1.4173, -3.1506 2.377 1.4173, -3.4042 1.9937 1.4173, -1.9295 0.7774 1.4173, -3.6115 1.5836 1.4173, -1.9586 0.6942 1.4173, -3.7696 1.152 1.4173, -1.9685 0.6066 1.4173, -1.9685 -0.5745 1.4173, -0.7668 2.6855 1.4173, -0.731 2.6799 1.4173, 0.0015 2.7789 1.4173, -0.5828 2.7789 1.4173, -0.5829 2.7784 1.4173, -0.6009 2.7445 1.4173, -0.6243 2.7183 1.4173, -0.6545 2.6973 1.4173, 0.0015 2.9655 1.4173, -0.0894 2.9655 1.4173, -0.0929 2.9383 1.4173, -0.389 2.8685 1.4173, -0.3786 2.8726 1.4173, -0.3607 2.9591 1.4173, -0.1421 2.8483 1.4173, -0.1835 2.8133 1.4173, -0.3983 2.8618 1.4173, -0.3668 2.8741 1.4173, -0.3653 2.874 1.4173, -0.3608 2.873 1.4173, -0.112 2.8902 1.4173, -0.4139 2.827 1.4173, -0.4135 2.833 1.4173, -0.5733 2.8468 1.4173, -0.4104 2.8446 1.4173, -0.4046 2.8549 1.4173, -0.2109 2.9107 1.4173, -0.1942 2.9344 1.4173, -0.3784 2.7813 1.4173, -0.3884 2.7853 1.4173, -0.3983 2.7923 1.4173, -0.4018 2.7959 1.4173, -0.4084 2.8054 1.4173, -0.4124 2.8157 1.4173, -0.5741 2.8159 1.4173, -0.5733 2.8316 1.4173, -0.2298 2.7906 1.4173, -0.2803 2.78 1.4173, -0.3698 2.78 1.4173, -0.3577 2.8726 1.4173, -0.2894 2.8726 1.4173, -0.2622 2.8778 1.4173, -0.2354 2.8902 1.4173, -0.2129 2.9085 1.4173, -0.7066 2.9838 1.4173, -0.6699 2.9747 1.4173, -0.3124 3.1176 1.4173, -0.7251 2.9849 1.4173, -0.1837 2.9614 1.4173, -0.1832 2.9655 1.4173, -0.3645 2.9655 1.4173, -0.1801 2.991 1.4173, -0.1808 3.0042 1.4173, -0.7613 2.9804 1.4173, -0.9256 3.1176 1.4173, -0.7948 2.9676 1.4173, -0.9413 3.095 1.4173, -0.9543 3.0611 1.4173, -0.9467 2.9655 1.4173, -0.798 2.9655 1.4173, -0.9571 3.0011 1.4173, -0.9589 3.0244 1.4173, -0.2196 3.0792 1.4173, -0.2431 3.0956 1.4173, -0.1879 3.0334 1.4173, -0.202 3.0596 1.4173, -0.3106 3.1094 1.4173, -0.4078 3.0396 1.4173, -0.2985 3.1094 1.4173, -0.2696 3.1058 1.4173, -0.6527 2.9655 1.4173, -0.9462 2.9639 1.4173, -0.851 2.9174 1.4173, -0.8259 2.9461 1.4173, -0.9281 2.933 1.4173, -0.9008 2.9051 1.4173, -0.8678 2.8847 1.4173, -0.3433 3.2005 1.4173, -0.3775 3.2414 1.4173, -0.7266 3.1534 1.4173, -0.3815 3.245 1.4173, -0.4241 3.2746 1.4173, -0.7034 3.2014 1.4173, -0.7375 3.1594 1.4173, -0.3199 3.1516 1.4173, -0.7716 3.1718 1.4173, -0.8071 3.1762 1.4173, -0.8228 3.1754 1.4173, -0.6694 3.2421 1.4173, -0.4717 3.2928 1.4173, -0.6286 3.2719 1.4173, -0.5232 3.2991 1.4173, -0.579 3.292 1.4173, -0.8602 3.1665 1.4173, -0.8941 3.1486 1.4173, -0.9203 3.1252 1.4173, -0.1114 3.0884 1.4173, -0.0929 3.042 1.4173, -0.086 2.9925 1.4173, 1.1828 2.7807 1.4173, 1.161 2.8391 1.4173, 1.0721 2.8391 1.4173, 0.9978 2.94 1.4173, 1.0057 2.9196 1.4173, 1.0915 2.9655 1.4173, 1.0515 2.7807 1.4173, 1.0211 2.7807 1.4173, 0.9775 2.7789 1.4173, 0.9929 2.8295 1.4173, 1.1319 2.9942 1.4173, 0.9775 3.1176 1.4173, 1.1024 2.9942 1.4173, 0.9775 2.9655 1.4173, 0.9845 2.9586 1.4173, 1.0092 2.8902 1.4173, 1.0086 2.8766 1.4173, 1.0034 2.8516 1.4173, 0.9775 2.8112 1.4173, 0.977 2.8106 1.4173, 0.9548 2.7946 1.4173, 0.8354 2.9942 1.4173, 0.8152 3.1176 1.4173, 0.8152 2.9655 1.4173, 0.9304 2.7851 1.4173, 0.8941 2.7807 1.4173, 0.8152 2.7789 1.4173, 0.8354 2.7807 1.4173, 0.8354 2.9655 1.4173, 0.9289 2.9906 1.4173, 0.9547 2.9812 1.4173, 0.8963 2.9942 1.4173, 0.977 2.9659 1.4173, 0.9775 2.9655 1.4173, 0.7951 2.805 1.4173, 0.7842 2.8769 1.4173, 0.7478 2.805 1.4173, 0.7478 2.8769 1.4173, 0.7078 2.805 1.4173, 0.7078 2.8769 1.4173, 0.7842 2.9013 1.4173, 0.7478 2.9013 1.4173, 0.7478 2.9655 1.4173, 0.7078 2.9013 1.4173, 0.7078 2.9655 1.4173, 0.7078 2.9697 1.4173, 0.7478 2.9697 1.4173, 0.7902 2.9697 1.4173, 0.7902 2.9942 1.4173, 0.7478 2.9942 1.4173, 0.7478 3.1176 1.4173, 0.6802 2.9942 1.4173, 0.5478 3.1176 1.4173, 0.6802 2.9655 1.4173, 0.7951 2.7807 1.4173, 0.7478 2.7789 1.4173, 0.7478 2.7807 1.4173, 0.6802 2.7807 1.4173, 0.5748 2.8186 1.4173, 0.5781 2.806 1.4173, 0.5788 2.806 1.4173, 0.58 2.8113 1.4173, 0.582 2.8184 1.4173, 0.5478 2.8961 1.4173, 0.6237 2.9332 1.4173, 0.5478 2.9655 1.4173, 0.3881 2.786 1.4173, 0.3791 2.7789 1.4173, 0.407 2.7794 1.4173, 0.4121 2.7789 1.4173, 0.4822 2.8474 1.4173, 0.4872 2.84 1.4173, 0.4838 2.9039 1.4173, 0.3791 2.9655 1.4173, 0.3925 2.9102 1.4173, 0.3975 2.9174 1.4173, 0.4264 2.9342 1.4173, 0.4981 2.9655 1.4173, 0.4477 2.9367 1.4173, 0.4664 2.935 1.4173, 0.4838 2.9299 1.4173, 0.49 2.8321 1.4173, 0.4911 2.8222 1.4173, 0.4898 2.8114 1.4173, 0.4866 2.803 1.4173, 0.4816 2.7959 1.4173, 0.4054 2.9246 1.4173, 0.4121 2.9286 1.4173, 0.4739 2.7892 1.4173, 0.4676 2.7854 1.4173, 0.3959 2.8679 1.4173, 0.3924 2.8735 1.4173, 0.3881 2.8137 1.4173, 0.3894 2.8816 1.4173, 0.3883 2.892 1.4173, 0.3893 2.9016 1.4173, 0.4163 2.8007 1.4173, 0.4288 2.8477 1.4173, 0.3995 2.8067 1.4173, 0.4128 2.855 1.4173, 0.4002 2.8633 1.4173, 0.445 2.915 1.4173, 0.4371 2.9144 1.4173, 0.4158 2.8944 1.4173, 0.43 2.9125 1.4173, 0.424 2.9093 1.4173, 0.4161 2.8909 1.4173, 0.4171 2.8867 1.4173, 0.4191 2.8831 1.4173, 0.4217 2.8803 1.4173, 0.4311 2.8744 1.4173, 0.4615 2.9132 1.4173, 0.4477 2.8672 1.4173, 0.4767 2.9079 1.4173, 0.458 2.863 1.4173, 0.4758 2.8531 1.4173, 0.4321 2.7989 1.4173, 0.4333 2.7989 1.4173, 0.4463 2.8404 1.4173, 0.447 2.8005 1.4173, 0.4637 2.8196 1.4173, 0.4634 2.8229 1.4173, 0.4199 2.9057 1.4173, 0.4176 2.9023 1.4173, 0.4163 2.8987 1.4173, 0.4539 2.803 1.4173, 0.4563 2.8045 1.4173, 0.4594 2.8072 1.4173, 0.4617 2.8107 1.4173, 0.4631 2.8145 1.4173, 0.4622 2.8271 1.4173, 0.4601 2.8306 1.4173, 0.4568 2.8341 1.4173, 0.8936 3.1778 1.4173, 0.8152 3.1778 1.4173, 0.9154 3.1194 1.4173, 0.8047 3.1778 1.4173, 0.7842 3.1194 1.4173, 0.7537 3.1194 1.4173, 0.7478 3.3347 1.4173, 0.8152 3.281 1.4173, 0.8152 3.3347 1.4173, 0.835 3.3329 1.4173, 0.8645 3.3329 1.4173, 0.5478 3.3347 1.4173, 0.4981 3.3347 1.4173, 0.5228 3.3329 1.4173, 0.4981 3.3329 1.4173, 0.4404 3.2156 1.4173, 0.4404 3.1438 1.4173, 0.4981 3.2156 1.4173, 0.4981 3.1438 1.4173, 0.5168 3.2156 1.4173, 0.5277 3.1438 1.4173, 0.5168 3.24 1.4173, 0.5228 3.3084 1.4173, 0.4981 3.24 1.4173, 0.4981 3.3084 1.4173, 0.4404 3.24 1.4173, 0.4404 3.3084 1.4173, 0.4128 3.1194 1.4173, 0.3791 3.1176 1.4173, 0.4981 3.1176 1.4173, 0.5277 3.1194 1.4173, 0.4981 3.1194 1.4173, 0.4128 3.3329 1.4173, 0.3791 3.3347 1.4173, 0.0015 -0.9682 1.4173, 0.0015 -3.9137 1.4173, 0.0037 -0.9682 1.4173, 0.207 -3.9137 1.4173, 0.207 -0.9682 1.4173, 0.2386 -3.9137 1.4173, 0.361 -0.9682 1.4173, 0.361 -3.8988 1.4173, 0.3791 -3.8966 1.4173, 0.3791 -0.9682 1.4173, 0.4981 -3.8821 1.4173, 0.4981 -0.9682 1.4173, 0.5478 -3.876 1.4173, 0.5478 -0.9682 1.4173, 0.7124 -3.856 1.4173, 0.7478 -0.9682 1.4173, 0.9775 -3.7903 1.4173, 0.8152 -0.9682 1.4173, 0.8152 -3.8305 1.4173, 0.7478 -3.8472 1.4173, 1.5909 -3.5832 1.4173, 1.5909 -0.9664 1.4173, 1.5748 -0.9682 1.4173, 1.1756 -3.7413 1.4173, 1.5711 -0.9682 1.4173, 0.9775 -0.9682 1.4173, 4.0157 -0.6729 1.4173, 4.0157 0.705 1.4173, 3.8763 -0.6729 1.4173, 3.8763 0.705 1.4173, 1.5909 2.6943 1.4173, 1.5909 0.9985 1.4173, 1.6624 0.9904 1.4173, 2.4359 -3.0769 1.4173, 2.7923 -2.7594 1.4173, 3.1076 -2.4012 1.4173, 3.3772 -2.0074 1.4173, 1.6216 -3.5715 1.4173, 2.0438 -3.3489 1.4173, 3.5972 -1.5839 1.4173, 3.7644 -1.1369 1.4173, 1.8203 -0.8823 1.4173, 1.7456 -0.9292 1.4173, 1.6624 -0.9583 1.4173, 1.9685 -0.5745 1.4173, 1.9586 -0.6621 1.4173, 1.9295 -0.7453 1.4173, 1.8826 -0.82 1.4173, 2.8825 2.6943 1.4173, 1.7456 0.9613 1.4173, 3.1506 2.377 1.4173, 1.8203 0.9144 1.4173, 3.4042 1.9937 1.4173, 1.8826 0.8521 1.4173, 3.6115 1.5836 1.4173, 1.9295 0.7774 1.4173, 3.7696 1.152 1.4173, 1.9586 0.6942 1.4173, 1.9685 0.6066 1.4173, 0.361 2.6943 1.4173, 0.361 1.0003 1.4173, 0.3791 2.6943 1.4173, 0.3791 1.0003 1.4173, 0.4981 2.6943 1.4173, 0.4981 1.0003 1.4173, 0.5478 2.6943 1.4173, 0.5478 1.0003 1.4173, 0.7478 2.6943 1.4173, 0.7478 1.0003 1.4173, 0.8152 2.6943 1.4173, 0.8152 1.0003 1.4173, 0.9775 2.6943 1.4173, 0.9775 1.0003 1.4173, 1.5748 1.0003 1.4173, 0.9775 3.8252 1.4173, 0.9775 3.3347 1.4173, 0.9458 3.1194 1.4173, 1.7497 3.5429 1.4173, 1.5909 3.6105 1.4173, 1.5909 3.3347 1.4173, 1.3268 3.7228 1.4173, 1.5909 3.1176 1.4173, 2.1488 3.315 1.4173, 2.1142 3.3347 1.4173, 2.854 2.728 1.4173, 2.7997 2.7789 1.4173, 1.5909 2.7789 1.4173, 2.6004 2.9655 1.4173, 1.5909 2.9655 1.4173, 2.5185 3.0421 1.4173, 2.4162 3.1176 1.4173, 0.3461 3.3085 1.4173, 0.3198 3.3117 1.4173, 0.361 3.1506 1.4173, 0.3701 3.299 1.4173, 0.3701 3.1547 1.4173, 0.3677 3.3003 1.4173, 0.361 3.3028 1.4173, 0.3089 3.3111 1.4173, 0.2907 3.307 1.4173, 0.2742 3.2987 1.4173, 0.2616 3.288 1.4173, 0.2602 3.2864 1.4173, 0.2499 3.2716 1.4173, 0.2427 3.2532 1.4173, 0.2392 3.2238 1.4173, 0.2396 3.2132 1.4173, 0.2434 3.1924 1.4173, 0.325 3.1408 1.4173, 0.3491 3.1453 1.4173, 0.2784 3.1488 1.4173, 0.2936 3.143 1.4173, 0.315 3.1404 1.4173, 0.2507 3.1756 1.4173, 0.2601 3.1629 1.4173, 0.2644 3.1587 1.4173, 0.3424 3.3347 1.4173, 0.3475 3.3344 1.4173, 0.361 3.3347 1.4173, 0.361 3.3304 1.4173, 0.3701 3.3278 1.4173, 0.3195 3.3365 1.4173, 0.361 4.1499 1.4173, 0.3047 3.3347 1.4173, 0.207 4.1499 1.4173, 0.275 3.1212 1.4173, 0.2548 3.1307 1.4173, 0.207 3.1176 1.4173, 0.2376 3.145 1.4173, 0.2359 3.1468 1.4173, 0.2232 3.1651 1.4173, 0.2155 3.2612 1.4173, 0.2256 3.2849 1.4173, 0.207 3.3347 1.4173, 0.2411 3.3051 1.4173, 0.2463 3.3101 1.4173, 0.2663 3.3241 1.4173, 0.2886 3.3328 1.4173, 0.2145 3.1873 1.4173, 0.2102 3.2221 1.4173, 0.2106 3.2333 1.4173, 0.2923 3.1176 1.4173, 0.207 2.9655 1.4173, 0.2981 3.1164 1.4173, 0.311 3.1158 1.4173, 0.361 2.9655 1.4173, 0.3298 3.1176 1.4173, 0.3701 3.1283 1.4173, 0.3665 3.1265 1.4173, 0.361 3.1176 1.4173, 0.361 3.1247 1.4173, 0.3435 3.1189 1.4173, 0.1165 2.9655 1.4173, 0.1165 2.9013 1.4173, 0.1928 2.9013 1.4173, 0.1928 2.8769 1.4173, 0.2037 2.805 1.4173, 0.2037 2.7807 1.4173, 0.207 2.7789 1.4173, 0.0889 2.7807 1.4173, 0.1165 2.9697 1.4173, 0.1989 2.9697 1.4173, 0.1989 2.9942 1.4173, 0.0889 2.9942 1.4173, 0.2338 2.8438 1.4173, 0.2393 2.8525 1.4173, 0.2442 2.8965 1.4173, 0.3519 2.8788 1.4173, 0.3519 2.7807 1.4173, 0.361 2.7789 1.4173, 0.3251 2.7807 1.4173, 0.3033 2.914 1.4173, 0.2942 2.915 1.4173, 0.2799 2.8713 1.4173, 0.2514 2.7828 1.4173, 0.2424 2.7891 1.4173, 0.2395 2.7921 1.4173, 0.2339 2.8003 1.4173, 0.2472 2.8597 1.4173, 0.2579 2.8656 1.4173, 0.2627 2.9081 1.4173, 0.2794 2.9135 1.4173, 0.2442 2.9225 1.4173, 0.2498 2.9257 1.4173, 0.2307 2.8093 1.4173, 0.2293 2.8215 1.4173, 0.2306 2.834 1.4173, 0.1165 2.8769 1.4173, 0.1165 2.805 1.4173, 0.3251 2.8043 1.4173, 0.3244 2.8043 1.4173, 0.3186 2.7958 1.4173, 0.3099 2.7873 1.4173, 0.3257 2.9311 1.4173, 0.3343 2.9258 1.4173, 0.3251 2.8776 1.4173, 0.3242 2.8895 1.4173, 0.3214 2.899 1.4173, 0.3183 2.9045 1.4173, 0.3393 2.921 1.4173, 0.3449 2.9127 1.4173, 0.3493 2.9012 1.4173, 0.2696 2.9334 1.4173, 0.2967 2.9367 1.4173, 0.3149 2.9348 1.4173, 0.3143 2.9088 1.4173, 0.3095 2.9119 1.4173, 0.2925 2.7789 1.4173, 0.2923 2.7788 1.4173, 0.207 2.6943 1.4173, 0.207 1.0003 1.4173, 0.2777 2.7771 1.4173, 0.2622 2.7789 1.4173, 0.2617 2.779 1.4173, 0.5478 2.7789 1.4173, 0.5478 2.8243 1.4173, 0.505 2.9332 1.4173, 0.5349 2.9332 1.4173, 0.5648 2.781 1.4173, 0.5639 2.7789 1.4173, 0.5531 2.7533 1.4173, 0.5105 2.7111 1.4173, 0.5105 2.7349 1.4173, 0.5428 2.738 1.4173, 0.5478 2.7435 1.4173, 0.5478 2.7437 1.4173, 0.4295 2.7771 1.4173, 0.516 2.7331 1.4173, 0.5257 2.7318 1.4173, 0.5478 2.7136 1.4173, 0.5386 2.7101 1.4173, 0.5278 2.7089 1.4173, 0.5219 2.7091 1.4173, 0.5326 2.7326 1.4173, 0.5384 2.7349 1.4173, 0.5822 2.7577 1.4173, 0.5701 2.7341 1.4173, 0.5906 2.7789 1.4173, 0.5603 2.7223 1.4173, 0.5585 2.7207 1.4173, 0.5491 2.7141 1.4173, 0.0889 2.9655 1.4173, 0.303 2.7829 1.4173, 0.6514 2.9332 1.4173, 0.0889 3.1194 1.4173, 0.0889 3.3329 1.4173, 0.2015 3.1194 1.4173, 0.7304 3.2787 1.4173, 0.7383 3.2584 1.4173, 0.7419 3.2289 1.4173, 0.7412 3.2153 1.4173, 0.736 3.1903 1.4173, 0.7255 3.1682 1.4173, 0.7097 3.1493 1.4173, 0.6874 3.1334 1.4173, 0.6289 3.3329 1.4173, 0.6615 3.3293 1.4173, 0.6873 3.3199 1.4173, 0.6631 3.1239 1.4173, 0.6267 3.1194 1.4173, 0.568 3.1194 1.4173, 0.568 3.3329 1.4173, 0.7097 3.3047 1.4173, 0.7172 3.2973 1.4173, 1.2132 2.7807 1.4173, 1.1428 2.9655 1.4173, 0.0015 4.1499 1.4173, 0.7478 4.1499 1.4173, 0.5478 4.1499 1.4173, 0.4981 4.1499 1.4173, 0.3791 4.1499 1.4173, 0.0687 -0.9598 1.4169, 1.5061 -0.9598 1.4169, 0.0825 -0.9546 1.4157, 1.4923 -0.9546 1.4157, 1.4569 -0.9413 1.4126, 0.1179 -0.9413 1.4126, -1.4923 -0.9546 1.4157, -1.5061 -0.9598 1.4169, -0.0687 -0.9598 1.4169, -0.0825 -0.9546 1.4157, -0.1179 -0.9413 1.4126, -1.4569 -0.9413 1.4126, 0.1295 -0.9351 1.4104, 0.182 -0.8959 1.3961, 1.4453 -0.9351 1.4104, 1.3929 -0.8959 1.3961, 0.2227 -0.8445 1.3774, 1.3521 -0.8445 1.3774, 1.3256 -0.7845 1.3555, 1.0529 0.142 1.0183, 0.5219 0.142 1.0183, 0.2492 -0.7845 1.3555, 0.7171 0.3316 0.9493, 0.6834 0.3204 0.9534, 0.6514 0.3049 0.959, 0.9802 0.2624 0.9745, 0.9234 0.3049 0.959, 1.0244 0.2069 0.9947, 0.5946 0.2624 0.9745, 0.5505 0.2069 0.9947, 0.8914 0.3204 0.9534, 0.8577 0.3316 0.9493, 0.8229 0.3384 0.9468, 0.7874 0.3407 0.946, 0.7519 0.3384 0.9468, -1.4453 -0.9351 1.4104, -1.3929 -0.8959 1.3961, -0.1295 -0.9351 1.4104, -0.182 -0.8959 1.3961, -0.2227 -0.8445 1.3774, -0.5219 0.142 1.0183, -1.0529 0.142 1.0183, -0.2492 -0.7845 1.3555, -1.3256 -0.7845 1.3555, -1.3521 -0.8445 1.3774, -0.5505 0.2069 0.9947, -0.5946 0.2624 0.9745, -0.6514 0.3049 0.959, -0.8577 0.3316 0.9493, -0.8914 0.3204 0.9534, -0.9234 0.3049 0.959, -1.0244 0.2069 0.9947, -0.9802 0.2624 0.9745, -0.6834 0.3204 0.9534, -0.7171 0.3316 0.9493, -0.7519 0.3384 0.9468, -0.7874 0.3407 0.946, -0.8229 0.3384 0.9468, 1.5383 -0.9661 1.3378, 1.5711 -0.9682 1.3386, 0.0037 -0.9682 1.3386, 1.3929 -0.8959 1.3123, 0.182 -0.8959 1.3123, 0.2227 -0.8445 1.2936, 0.0687 -0.9598 1.3355, 0.0999 -0.9494 1.3318, 0.1295 -0.9351 1.3266, 1.4453 -0.9351 1.3266, 1.4749 -0.9494 1.3318, 1.5061 -0.9598 1.3355, 0.0365 -0.9661 1.3378, 0.5219 0.142 0.9345, 1.0529 0.142 0.9345, 0.2492 -0.7845 1.2717, 1.3256 -0.7845 1.2717, 1.3521 -0.8445 1.2936, 0.5505 0.2069 0.9109, 0.5946 0.2624 0.8907, 0.6514 0.3049 0.8752, 0.8577 0.3316 0.8655, 0.8914 0.3204 0.8696, 0.9234 0.3049 0.8752, 1.0244 0.2069 0.9109, 0.9802 0.2624 0.8907, 0.6834 0.3204 0.8696, 0.7171 0.3316 0.8655, 0.7519 0.3384 0.863, 0.7874 0.3407 0.8622, 0.8229 0.3384 0.863, -0.0365 -0.9661 1.3378, -0.0037 -0.9682 1.3386, -1.5711 -0.9682 1.3386, -1.5061 -0.9598 1.3355, -1.4749 -0.9494 1.3318, -0.182 -0.8959 1.3123, -1.4453 -0.9351 1.3266, -1.3929 -0.8959 1.3123, -0.2227 -0.8445 1.2936, -1.3521 -0.8445 1.2936, -1.3256 -0.7845 1.2717, -0.1295 -0.9351 1.3266, -0.0999 -0.9494 1.3318, -0.0687 -0.9598 1.3355, -1.5383 -0.9661 1.3378, -1.0529 0.142 0.9345, -0.5219 0.142 0.9345, -0.2492 -0.7845 1.2717, -1.0244 0.2069 0.9109, -0.9802 0.2624 0.8907, -0.9234 0.3049 0.8752, -0.7171 0.3316 0.8655, -0.6834 0.3204 0.8696, -0.6514 0.3049 0.8752, -0.5505 0.2069 0.9109, -0.5946 0.2624 0.8907, -0.8914 0.3204 0.8696, -0.8577 0.3316 0.8655, -0.8229 0.3384 0.863, -0.7874 0.3407 0.8622, -0.7519 0.3384 0.863, -4.0157 -0.6729 0.0394, -4.0945 -0.6729 0.0394, -4.0157 -0.417 0.0394, -4.0945 -0.417 0.0394, 4.0945 -0.6729 0.0394, 4.0157 -0.6729 0.0394, 4.0945 -0.417 0.0394, 4.0157 -0.417 0.0394, 0.7124 -3.856 1.3386, 0.2386 -3.9137 1.3386, 3.3772 -2.0074 1.3386, -4.0157 0.705 1.3386, -3.8763 0.705 1.3386, -4.0157 -0.6729 1.3386, -3.8763 -0.6729 1.3386, 3.5972 -1.5839 1.3386, -0.8858 3.8521 1.3386, 0.8858 4.1499 1.3386, 1.6624 -0.9583 1.3386, 1.7456 -0.9292 1.3386, 4.0157 0.705 1.3386, 4.0157 -0.6729 1.3386, 3.8763 0.705 1.3386, 3.8763 -0.6729 1.3386, 3.7644 -1.1369 1.3386, 3.1076 -2.4012 1.3386, 2.7923 -2.7594 1.3386, 1.6216 -3.5715 1.3386, 2.4359 -3.0769 1.3386, 2.0438 -3.3489 1.3386, 1.1756 -3.7413 1.3386, 1.9586 -0.6621 1.3386, 1.9685 -0.5745 1.3386, 1.9685 0.6066 1.3386, 1.9586 0.6942 1.3386, 0.8858 3.8521 1.3386, 1.3268 3.7228 1.3386, 1.7497 3.5429 1.3386, 2.1488 3.315 1.3386, 1.8203 -0.8823 1.3386, 1.8826 -0.82 1.3386, 1.9295 -0.7453 1.3386, 1.9295 0.7774 1.3386, 1.8826 0.8521 1.3386, 1.8203 0.9144 1.3386, 2.5185 3.0421 1.3386, 3.6115 1.5836 1.3386, 3.7696 1.152 1.3386, 2.854 2.728 1.3386, 3.1506 2.377 1.3386, 3.4042 1.9937 1.3386, 1.7456 0.9613 1.3386, -1.8203 0.9144 1.3386, -2.854 2.728 1.3386, -1.7456 0.9613 1.3386, -2.5185 3.0421 1.3386, -1.6624 0.9904 1.3386, -2.1488 3.315 1.3386, -1.5748 1.0003 1.3386, 1.6624 0.9904 1.3386, 1.5748 1.0003 1.3386, -1.3268 3.7228 1.3386, -1.7497 3.5429 1.3386, -1.6624 -0.9583 1.3386, -2.4359 -3.0769 1.3386, -1.7456 -0.9292 1.3386, -2.7923 -2.7594 1.3386, -1.8203 -0.8823 1.3386, -3.1076 -2.4012 1.3386, -1.8826 -0.82 1.3386, -3.3772 -2.0074 1.3386, -1.9295 -0.7453 1.3386, -3.5972 -1.5839 1.3386, -1.9586 -0.6621 1.3386, -3.7644 -1.1369 1.3386, -1.9685 -0.5745 1.3386, -1.9685 0.6066 1.3386, -1.9586 0.6942 1.3386, -3.7696 1.152 1.3386, -1.9295 0.7774 1.3386, -3.6115 1.5836 1.3386, -1.8826 0.8521 1.3386, -3.4042 1.9937 1.3386, -3.1506 2.377 1.3386, 1.5748 -0.9682 1.3386, -0.2386 -3.9137 1.3386, -0.7124 -3.856 1.3386, -1.1756 -3.7413 1.3386, -1.5748 -0.9682 1.3386, -1.6216 -3.5715 1.3386, -2.0438 -3.3489 1.3386, 4.0945 -0.6729 1.3386, 4.0918 -0.6729 1.359, 4.0361 -0.6729 1.4146, 4.0551 -0.6729 1.4068, 4.0839 -0.6729 1.378, 4.0714 -0.6729 1.3943, 4.0945 0.705 1.3386, 4.0918 0.705 1.359, 4.0839 0.705 1.378, 4.0714 0.705 1.3943, 4.0551 0.705 1.4068, 4.0361 0.705 1.4146, 4.0945 0.705 0.0394, 4.0157 0.705 0.0394, 4.0945 -0.417 -0.6693, 4.0945 -0.3864 -0.6733, 4.0945 -0.3864 -0.9015, 4.0945 -0.3776 -1.1811, 4.0945 -0.358 -0.6851, 4.0945 0.4098 -1.1811, 4.0945 -0.3147 -0.8465, 4.0945 -0.3335 -0.8709, 4.0945 -0.416 -1.1505, 4.0945 -0.3947 -1.1772, 4.0945 -0.3864 -1.1801, 4.0945 -0.4131 -1.1588, 4.0945 -0.4084 -1.1663, 4.0945 -0.4022 -1.1725, 4.0945 -0.3335 -0.7039, 4.0945 -0.3147 -0.7283, 4.0945 -0.3029 -0.7568, 4.0945 0.4295 -1.1758, 4.0945 0.4376 -1.1696, 4.0945 -0.3029 -0.818, 4.0945 0.4439 -1.1614, 4.0945 0.4478 -1.1519, 4.0945 0.4491 -1.1417, 4.0945 -0.358 -0.8897, 4.0945 0.3519 -0.7203, 4.0945 0.3708 -0.699, 4.0945 0.42 -1.1798, 4.0945 0.3942 -0.6828, 4.0945 0.4209 -0.6727, 4.0945 0.4491 -0.9055, 4.0945 0.4209 -0.9021, 4.0945 0.3942 -0.892, 4.0945 0.3708 -0.8758, 4.0945 0.3519 -0.8545, 4.0945 0.3387 -0.8293, 4.0945 0.3319 -0.8016, 4.0945 -0.2989 -0.7874, 4.0945 0.3319 -0.7732, 4.0945 0.3387 -0.7455, 4.0157 -0.3864 -0.6733, 4.0157 -0.417 -0.6693, 4.0157 -0.3864 -0.9015, 4.0157 -0.3335 -0.7039, 4.0157 -0.358 -0.6851, 4.0157 -0.4131 -1.1588, 4.0157 -0.3947 -1.1772, 4.0157 -0.4084 -1.1663, 4.0157 -0.4022 -1.1725, 4.0157 -0.3776 -1.1811, 4.0157 -0.3864 -1.1801, 4.0157 -0.416 -1.1505, 4.0157 0.4209 -0.9021, 4.0157 0.4491 -0.9055, 4.0157 0.4491 -1.1417, 4.0157 -0.358 -0.8897, 4.0157 0.4098 -1.1811, 4.0157 0.4478 -1.1519, 4.0157 -0.3029 -0.818, 4.0157 0.4439 -1.1614, 4.0157 0.4376 -1.1696, 4.0157 0.4209 -0.6727, 4.0157 -0.3335 -0.8709, 4.0157 -0.3147 -0.8465, 4.0157 0.42 -1.1798, 4.0157 0.4295 -1.1758, 4.0157 -0.3147 -0.7283, 4.0157 -0.3029 -0.7568, 4.0157 0.3942 -0.6828, 4.0157 0.3708 -0.699, 4.0157 0.3387 -0.8293, 4.0157 0.3519 -0.8545, 4.0157 0.3708 -0.8758, 4.0157 0.3942 -0.892, 4.0157 0.3519 -0.7203, 4.0157 0.3387 -0.7455, 4.0157 -0.2989 -0.7874, 4.0157 0.3319 -0.7732, 4.0157 0.3319 -0.8016, 0.8858 4.1703 1.4146, 0.8858 4.2181 1.378, 0.8858 4.226 1.359, 0.8858 4.2287 1.3386, 0.8858 4.2056 1.3943, 0.8858 4.1893 1.4068, -0.8858 4.226 1.359, -0.8858 4.2181 1.378, -0.8858 4.2056 1.3943, -0.8858 4.1893 1.4068, -0.8858 4.1703 1.4146, 0.8858 4.2287 0.5232, 0.8858 4.1499 0.5232, -0.8465 4.2287 -0.1181, 0.8465 4.2287 -0.1181, -0.8465 4.1499 -0.1181, 0.8465 4.1499 -0.1181, -0.8858 4.1499 -0.0787, -0.8858 4.1499 0.138, -0.8858 4.2287 -0.0787, -0.8858 4.2287 0.138, -0.7496 4.2287 0.4668, -0.7895 4.2287 0.4974, -0.836 4.2287 0.5166, -0.8845 4.2287 -0.0889, -0.6998 4.2287 0.2807, -0.719 4.2287 0.2343, -0.7496 4.2287 0.1944, -0.8566 4.2287 -0.1168, -0.8661 4.2287 -0.1128, -0.8743 4.2287 -0.1066, -0.7895 4.2287 0.1638, -0.836 4.2287 0.1446, 0.7895 4.2287 0.1638, 0.836 4.2287 0.1446, -0.6998 4.2287 0.3804, -0.719 4.2287 0.4269, -0.8806 4.2287 -0.0984, 0.7496 4.2287 0.1944, 0.719 4.2287 0.2343, 0.8566 4.2287 -0.1168, 0.836 4.2287 0.5166, 0.7895 4.2287 0.4974, 0.7496 4.2287 0.4668, 0.719 4.2287 0.4269, 0.6998 4.2287 0.3804, -0.6932 4.2287 0.3306, 0.6932 4.2287 0.3306, 0.6998 4.2287 0.2807, 0.8845 4.2287 -0.0889, 0.8806 4.2287 -0.0984, 0.8743 4.2287 -0.1066, 0.8661 4.2287 -0.1128, -0.7895 4.1499 0.4974, -0.836 4.1499 0.5166, -0.7496 4.1499 0.4668, -0.719 4.1499 0.4269, -0.6998 4.1499 0.3804, -0.6998 4.1499 0.2807, -0.719 4.1499 0.2343, -0.7496 4.1499 0.1944, -0.7895 4.1499 0.1638, -0.836 4.1499 0.1446, -0.8845 4.1499 -0.0889, -0.8661 4.1499 -0.1128, -0.8566 4.1499 -0.1168, -0.8743 4.1499 -0.1066, -0.8806 4.1499 -0.0984, 0.719 4.1499 0.4269, 0.7496 4.1499 0.4668, 0.7496 4.1499 0.1944, 0.719 4.1499 0.2343, 0.6998 4.1499 0.2807, -0.6932 4.1499 0.3306, 0.6932 4.1499 0.3306, 0.6998 4.1499 0.3804, 0.7895 4.1499 0.4974, 0.836 4.1499 0.5166, 0.8566 4.1499 -0.1168, 0.8661 4.1499 -0.1128, 0.8743 4.1499 -0.1066, 0.8806 4.1499 -0.0984, 0.8845 4.1499 -0.0889, 0.7895 4.1499 0.1638, 0.836 4.1499 0.1446, 4.0157 -0.4157 -1.1519, 4.0945 -0.4157 -1.1519, 4.0157 -0.4117 -1.1614, 4.0945 -0.4117 -1.1614, 4.0157 -0.4055 -1.1696, 4.0945 -0.4055 -1.1696, 4.0157 -0.3973 -1.1758, 4.0945 -0.3973 -1.1758, 4.0157 -0.3878 -1.1798, 4.0945 -0.3878 -1.1798, -4.0714 0.705 1.3943, -4.0551 0.705 1.4068, -4.0361 0.705 1.4146, -4.0945 0.705 1.3386, -4.0918 0.705 1.359, -4.0839 0.705 1.378, -4.0945 -0.6729 1.3386, -4.0918 -0.6729 1.359, -4.0839 -0.6729 1.378, -4.0714 -0.6729 1.3943, -4.0551 -0.6729 1.4068, -4.0361 -0.6729 1.4146, -4.0945 0.705 0.0394, -4.0157 0.705 0.0394, -4.0945 -0.3864 -0.9015, -4.0945 -0.3335 -0.7039, -4.0945 -0.358 -0.6851, -4.0945 -0.3864 -0.6733, -4.0945 -0.417 -0.6693, -4.0945 0.4098 -1.1811, -4.0945 -0.3776 -1.1811, -4.0945 -0.358 -0.8897, -4.0945 0.4209 -0.6727, -4.0945 -0.4117 -1.1614, -4.0945 -0.3878 -1.1798, -4.0945 -0.4055 -1.1696, -4.0945 -0.3973 -1.1758, -4.0945 -0.4157 -1.1519, -4.0945 0.4209 -0.9021, -4.0945 0.4491 -0.9055, -4.0945 0.4491 -1.1417, -4.0945 0.4478 -1.1519, -4.0945 -0.3029 -0.818, -4.0945 0.4439 -1.1614, -4.0945 0.4376 -1.1696, -4.0945 -0.3335 -0.8709, -4.0945 -0.3147 -0.8465, -4.0945 0.42 -1.1798, -4.0945 0.4295 -1.1758, -4.0945 -0.3147 -0.7283, -4.0945 -0.3029 -0.7568, -4.0945 0.3942 -0.6828, -4.0945 0.3708 -0.699, -4.0945 0.3519 -0.7203, -4.0945 0.3387 -0.7455, -4.0945 -0.2989 -0.7874, -4.0945 0.3319 -0.7732, -4.0945 0.3319 -0.8016, -4.0945 0.3387 -0.8293, -4.0945 0.3519 -0.8545, -4.0945 0.3708 -0.8758, -4.0945 0.3942 -0.892, -4.0157 -0.417 -0.6693, -4.0157 -0.3864 -0.6733, -4.0157 -0.358 -0.6851, -4.0157 -0.3776 -1.1811, -4.0157 -0.358 -0.8897, -4.0157 -0.3864 -0.9015, -4.0157 -0.3335 -0.8709, -4.0157 0.4098 -1.1811, -4.0157 -0.3147 -0.8465, -4.0157 -0.3878 -1.1798, -4.0157 -0.4157 -1.1519, -4.0157 -0.4117 -1.1614, -4.0157 -0.4055 -1.1696, -4.0157 -0.3973 -1.1758, -4.0157 -0.3335 -0.7039, -4.0157 -0.3147 -0.7283, -4.0157 -0.3029 -0.7568, -4.0157 0.4209 -0.6727, -4.0157 0.4295 -1.1758, -4.0157 0.4376 -1.1696, -4.0157 -0.3029 -0.818, -4.0157 0.4439 -1.1614, -4.0157 0.4478 -1.1519, -4.0157 0.4491 -1.1417, -4.0157 0.42 -1.1798, -4.0157 0.3519 -0.7203, -4.0157 0.3708 -0.699, -4.0157 0.3942 -0.6828, -4.0157 0.3519 -0.8545, -4.0157 0.3387 -0.8293, -4.0157 0.3319 -0.8016, -4.0157 -0.2989 -0.7874, -4.0157 0.3319 -0.7732, -4.0157 0.3387 -0.7455, -4.0157 0.4491 -0.9055, -4.0157 0.4209 -0.9021, -4.0157 0.3942 -0.892, -4.0157 0.3708 -0.8758
            ]
        }
        coordIndex [
            0,1,2,-1,2,1,3,-1,4,5,6,-1,6,5,7,-1,8,9,10,-1,10,9,11,-1,12,13,14,-1,14,13,15,-1,16,17,18,-1,18,17,19,-1,20,21,22,-1,22,21,23,-1,24,25,26,-1,27,28,29,-1,30,31,32,-1,33,34,35,-1,36,37,38,-1,38,37,39,-1,38,39,40,-1,41,42,39,-1,39,42,43,-1,43,44,39,-1,39,44,45,-1,39,45,40,-1,46,47,39,-1,48,49,47,-1,47,49,50,-1,47,50,39,-1,39,50,51,-1,39,51,41,-1,48,47,52,-1,52,47,53,-1,52,53,54,-1,53,55,54,-1,54,55,56,-1,54,56,57,-1,58,59,56,-1,56,59,60,-1,56,61,57,-1,57,61,62,-1,57,62,63,-1,63,62,64,-1,63,64,65,-1,60,66,56,-1,56,66,67,-1,56,67,61,-1,56,68,58,-1,58,68,69,-1,58,69,70,-1,70,69,71,-1,71,69,72,-1,72,69,73,-1,72,73,74,-1,75,76,77,-1,75,77,78,-1,76,79,77,-1,77,79,80,-1,77,80,74,-1,74,80,81,-1,74,81,72,-1,77,82,83,-1,82,77,84,-1,84,77,85,-1,84,85,86,-1,87,78,88,-1,88,78,77,-1,88,77,89,-1,89,77,83,-1,90,91,92,-1,92,91,93,-1,92,93,94,-1,95,96,97,-1,97,96,98,-1,97,98,99,-1,99,98,100,-1,99,100,101,-1,102,103,104,-1,101,105,99,-1,99,105,106,-1,99,106,107,-1,102,104,108,-1,94,109,92,-1,92,109,110,-1,92,110,111,-1,111,110,112,-1,111,112,113,-1,99,114,115,-1,115,116,99,-1,99,116,117,-1,99,117,97,-1,97,117,118,-1,97,118,119,-1,108,104,106,-1,106,104,120,-1,106,120,107,-1,121,122,99,-1,99,122,123,-1,99,123,114,-1,124,125,126,-1,126,125,127,-1,126,127,128,-1,128,127,129,-1,128,129,130,-1,130,129,97,-1,130,97,131,-1,131,97,119,-1,86,124,84,-1,84,124,126,-1,84,126,132,-1,132,126,91,-1,132,91,133,-1,133,91,90,-1,134,135,113,-1,113,135,136,-1,113,136,137,-1,137,138,113,-1,113,138,139,-1,113,139,111,-1,140,141,142,-1,143,144,145,-1,146,147,134,-1,143,145,148,-1,144,149,145,-1,145,149,150,-1,145,150,151,-1,140,142,134,-1,134,142,152,-1,134,152,146,-1,153,154,155,-1,155,154,156,-1,155,156,145,-1,145,156,157,-1,145,157,148,-1,145,158,159,-1,160,161,135,-1,135,161,162,-1,135,162,163,-1,163,164,135,-1,135,164,165,-1,135,165,166,-1,166,165,153,-1,166,153,167,-1,167,153,155,-1,147,168,134,-1,134,168,169,-1,134,169,135,-1,135,169,170,-1,135,170,160,-1,151,171,145,-1,145,171,172,-1,145,172,173,-1,173,174,145,-1,145,174,175,-1,145,175,158,-1,176,177,178,-1,176,178,179,-1,159,180,145,-1,145,180,181,-1,145,181,182,-1,182,181,183,-1,182,183,184,-1,185,186,187,-1,187,186,188,-1,187,188,189,-1,190,191,192,-1,192,191,187,-1,192,187,193,-1,193,187,189,-1,182,194,195,-1,184,196,182,-1,182,196,197,-1,182,197,194,-1,198,199,200,-1,200,199,182,-1,200,182,201,-1,201,182,195,-1,198,178,199,-1,199,178,177,-1,199,177,35,-1,35,177,202,-1,35,202,33,-1,203,204,190,-1,190,204,205,-1,190,205,191,-1,203,206,204,-1,204,206,207,-1,204,207,208,-1,209,210,211,-1,210,212,211,-1,211,212,213,-1,211,213,214,-1,186,211,215,-1,185,179,186,-1,186,179,178,-1,186,178,211,-1,211,178,216,-1,211,216,209,-1,215,217,186,-1,186,217,218,-1,186,218,219,-1,214,213,220,-1,220,213,221,-1,220,221,222,-1,222,221,223,-1,222,223,224,-1,225,226,219,-1,219,226,227,-1,219,227,186,-1,36,228,37,-1,37,228,229,-1,37,229,140,-1,140,229,230,-1,140,230,141,-1,231,232,233,-1,234,235,236,-1,237,238,239,-1,239,238,240,-1,241,242,243,-1,243,242,244,-1,243,244,236,-1,236,244,245,-1,236,245,234,-1,235,246,236,-1,236,246,247,-1,236,247,238,-1,238,247,248,-1,238,248,240,-1,240,249,239,-1,239,249,250,-1,239,250,251,-1,252,253,254,-1,251,255,239,-1,239,255,256,-1,239,256,257,-1,257,256,258,-1,257,258,254,-1,254,258,259,-1,254,259,252,-1,260,261,242,-1,260,242,262,-1,261,263,242,-1,242,263,264,-1,242,264,244,-1,265,266,267,-1,267,266,268,-1,267,268,269,-1,269,268,270,-1,271,254,272,-1,272,254,273,-1,272,273,274,-1,274,273,275,-1,276,275,277,-1,277,275,273,-1,277,273,278,-1,278,273,254,-1,278,254,279,-1,279,254,253,-1,279,253,280,-1,280,253,281,-1,280,281,282,-1,282,281,283,-1,282,283,284,-1,271,266,254,-1,254,266,265,-1,254,265,257,-1,257,265,285,-1,257,285,286,-1,286,285,287,-1,286,287,288,-1,289,290,291,-1,291,292,289,-1,289,292,293,-1,289,293,294,-1,294,293,295,-1,294,295,296,-1,297,298,299,-1,299,298,300,-1,301,302,303,-1,304,305,306,-1,304,307,308,-1,308,307,309,-1,309,310,308,-1,308,310,311,-1,308,311,303,-1,312,313,32,-1,313,314,32,-1,32,314,315,-1,32,315,316,-1,306,317,304,-1,304,317,318,-1,304,318,307,-1,316,319,32,-1,32,319,320,-1,32,320,30,-1,321,322,323,-1,322,324,323,-1,323,324,325,-1,323,325,304,-1,304,325,326,-1,304,326,305,-1,327,328,329,-1,329,328,330,-1,329,330,323,-1,323,330,331,-1,323,331,321,-1,332,333,334,-1,334,333,335,-1,334,335,336,-1,334,337,332,-1,332,337,338,-1,332,338,339,-1,339,340,332,-1,332,340,341,-1,332,341,342,-1,342,341,343,-1,342,343,344,-1,344,343,345,-1,344,345,303,-1,303,345,346,-1,303,346,301,-1,327,347,328,-1,328,347,348,-1,328,348,349,-1,349,348,350,-1,349,351,352,-1,353,354,336,-1,336,354,355,-1,336,355,334,-1,350,356,349,-1,349,356,357,-1,349,357,358,-1,358,359,349,-1,349,359,360,-1,349,360,351,-1,352,361,349,-1,349,361,362,-1,349,362,363,-1,364,365,366,-1,366,365,253,-1,366,253,242,-1,242,253,252,-1,242,252,262,-1,365,367,253,-1,253,367,368,-1,253,368,281,-1,281,368,369,-1,281,369,370,-1,370,369,371,-1,370,371,372,-1,372,371,373,-1,372,373,374,-1,375,376,377,-1,377,376,378,-1,379,380,381,-1,381,380,382,-1,381,382,383,-1,383,382,384,-1,383,384,385,-1,385,384,386,-1,385,386,387,-1,387,386,388,-1,387,388,389,-1,389,388,390,-1,391,392,393,-1,377,386,375,-1,375,386,384,-1,375,384,283,-1,283,384,394,-1,283,394,393,-1,393,394,395,-1,393,395,391,-1,378,376,396,-1,396,376,397,-1,396,397,391,-1,121,99,398,-1,398,99,399,-1,398,399,400,-1,400,399,401,-1,400,401,402,-1,402,401,403,-1,402,403,404,-1,403,405,404,-1,404,405,406,-1,404,406,407,-1,407,406,408,-1,407,408,409,-1,409,408,410,-1,409,410,411,-1,411,410,412,-1,411,412,413,-1,414,415,416,-1,416,415,413,-1,416,413,417,-1,417,413,412,-1,418,419,420,-1,418,420,421,-1,421,420,422,-1,421,422,414,-1,414,422,423,-1,414,423,415,-1,424,425,426,-1,426,425,427,-1,428,429,430,-1,431,432,427,-1,427,432,433,-1,427,433,434,-1,418,435,427,-1,427,435,436,-1,427,436,431,-1,434,437,427,-1,427,437,438,-1,427,438,426,-1,439,440,418,-1,418,440,441,-1,418,441,419,-1,442,443,427,-1,427,443,444,-1,427,444,418,-1,418,444,445,-1,418,445,439,-1,428,430,446,-1,446,430,447,-1,446,447,448,-1,448,447,449,-1,448,449,450,-1,450,449,451,-1,450,451,452,-1,452,451,453,-1,452,453,454,-1,454,453,455,-1,454,455,427,-1,427,455,456,-1,427,456,442,-1,457,458,459,-1,459,458,460,-1,459,460,461,-1,461,460,462,-1,461,462,463,-1,463,462,464,-1,463,464,465,-1,465,464,466,-1,465,466,467,-1,467,466,468,-1,467,468,469,-1,469,468,470,-1,469,470,428,-1,428,470,471,-1,428,471,429,-1,472,372,473,-1,473,372,374,-1,473,374,242,-1,242,374,474,-1,242,474,366,-1,475,476,477,-1,477,476,478,-1,479,480,477,-1,477,480,481,-1,477,481,475,-1,482,483,484,-1,484,483,485,-1,484,485,486,-1,486,485,487,-1,486,487,479,-1,479,487,488,-1,479,488,480,-1,489,490,491,-1,391,397,392,-1,392,397,492,-1,392,492,493,-1,493,492,494,-1,493,494,491,-1,491,494,495,-1,491,495,489,-1,490,496,491,-1,491,496,497,-1,491,497,498,-1,498,499,491,-1,491,499,500,-1,491,500,501,-1,501,502,491,-1,491,502,503,-1,491,503,504,-1,505,506,504,-1,504,506,507,-1,504,507,491,-1,508,509,510,-1,505,511,506,-1,506,511,512,-1,506,512,510,-1,510,512,513,-1,510,513,508,-1,514,515,516,-1,516,515,517,-1,516,517,397,-1,397,517,518,-1,397,518,492,-1,519,520,521,-1,521,520,522,-1,523,524,525,-1,524,526,525,-1,525,526,527,-1,525,527,528,-1,529,530,531,-1,531,530,532,-1,532,533,531,-1,531,533,534,-1,531,534,535,-1,528,536,525,-1,525,536,537,-1,525,537,531,-1,531,537,538,-1,531,538,529,-1,523,525,539,-1,539,525,540,-1,539,540,541,-1,541,540,542,-1,542,540,543,-1,542,543,544,-1,493,545,392,-1,392,545,546,-1,392,546,547,-1,547,546,548,-1,547,548,549,-1,550,551,540,-1,540,551,552,-1,540,552,553,-1,554,555,556,-1,556,555,557,-1,558,550,559,-1,559,550,540,-1,559,540,560,-1,560,540,525,-1,560,525,561,-1,562,563,564,-1,565,566,567,-1,567,566,568,-1,569,570,571,-1,572,573,556,-1,556,573,574,-1,556,574,575,-1,563,576,564,-1,564,576,577,-1,564,577,578,-1,578,577,571,-1,578,571,579,-1,579,571,570,-1,564,580,540,-1,540,580,581,-1,575,582,556,-1,556,582,583,-1,556,583,584,-1,585,586,553,-1,553,586,554,-1,553,554,540,-1,540,554,556,-1,540,556,564,-1,564,556,584,-1,564,584,562,-1,587,588,568,-1,568,588,589,-1,568,589,590,-1,543,591,592,-1,593,594,571,-1,571,594,595,-1,571,595,596,-1,592,597,543,-1,543,597,598,-1,543,598,599,-1,581,600,540,-1,540,600,601,-1,540,601,543,-1,543,601,602,-1,543,602,591,-1,596,603,571,-1,571,603,604,-1,571,604,569,-1,605,606,457,-1,606,607,457,-1,457,607,608,-1,457,608,458,-1,606,609,607,-1,607,609,610,-1,607,610,556,-1,556,610,611,-1,556,611,572,-1,612,613,32,-1,32,613,614,-1,302,312,303,-1,303,312,32,-1,303,32,308,-1,308,32,614,-1,308,614,296,-1,296,614,615,-1,296,615,294,-1,616,613,617,-1,617,613,612,-1,617,612,618,-1,461,619,620,-1,621,622,612,-1,612,622,623,-1,612,623,618,-1,624,459,31,-1,31,459,461,-1,31,461,32,-1,32,461,620,-1,32,620,612,-1,612,620,625,-1,612,625,626,-1,627,628,463,-1,463,628,629,-1,463,629,461,-1,461,629,630,-1,461,630,619,-1,626,631,612,-1,612,631,632,-1,612,632,621,-1,633,634,465,-1,633,465,635,-1,634,636,465,-1,465,636,637,-1,465,637,463,-1,463,637,638,-1,463,638,627,-1,561,37,639,-1,639,37,140,-1,639,140,557,-1,557,140,134,-1,557,134,556,-1,556,134,113,-1,556,113,607,-1,607,113,112,-1,607,112,608,-1,624,300,459,-1,459,300,298,-1,459,298,457,-1,457,298,567,-1,457,567,605,-1,605,567,568,-1,605,568,640,-1,640,568,590,-1,446,482,428,-1,428,482,484,-1,428,484,469,-1,469,484,239,-1,469,239,467,-1,467,239,257,-1,467,257,465,-1,465,257,286,-1,465,286,635,-1,635,286,288,-1,635,288,641,-1,641,288,284,-1,297,323,298,-1,298,323,304,-1,298,304,567,-1,567,304,543,-1,567,543,565,-1,565,543,599,-1,549,544,547,-1,547,544,543,-1,547,543,392,-1,392,543,304,-1,392,304,393,-1,393,304,308,-1,393,308,283,-1,283,308,296,-1,283,296,284,-1,284,296,295,-1,284,295,641,-1,561,525,37,-1,37,525,642,-1,37,642,39,-1,642,643,39,-1,39,643,24,-1,39,24,531,-1,531,24,26,-1,531,26,525,-1,525,26,644,-1,525,644,642,-1,645,646,370,-1,370,646,647,-1,370,647,281,-1,281,647,648,-1,281,648,649,-1,649,650,281,-1,281,650,651,-1,281,651,652,-1,375,653,370,-1,370,653,654,-1,370,654,655,-1,652,656,281,-1,281,656,657,-1,281,657,283,-1,283,657,658,-1,283,658,375,-1,375,658,659,-1,375,659,653,-1,655,660,370,-1,370,660,661,-1,370,661,645,-1,233,237,231,-1,231,237,239,-1,231,239,662,-1,662,239,484,-1,662,484,663,-1,663,484,486,-1,663,486,241,-1,241,486,479,-1,241,479,242,-1,242,479,477,-1,242,477,473,-1,473,477,478,-1,473,478,472,-1,535,521,531,-1,531,521,522,-1,531,522,39,-1,39,522,664,-1,39,664,46,-1,472,27,372,-1,372,27,29,-1,372,29,370,-1,370,29,665,-1,370,665,375,-1,375,665,666,-1,375,666,376,-1,376,666,667,-1,376,667,397,-1,397,667,668,-1,397,668,516,-1,516,668,520,-1,516,520,514,-1,514,520,519,-1,400,422,669,-1,669,422,670,-1,669,670,671,-1,670,672,671,-1,671,672,673,-1,671,673,674,-1,675,676,677,-1,677,676,122,-1,677,122,121,-1,677,678,675,-1,675,678,679,-1,675,679,680,-1,674,673,681,-1,681,673,682,-1,673,683,682,-1,682,683,684,-1,682,684,685,-1,685,684,686,-1,685,686,687,-1,688,689,687,-1,687,689,690,-1,687,690,685,-1,691,692,688,-1,688,692,693,-1,694,695,696,-1,696,695,688,-1,693,697,688,-1,688,697,698,-1,688,698,689,-1,695,699,688,-1,688,699,700,-1,688,700,701,-1,701,702,688,-1,688,702,703,-1,688,703,691,-1,680,679,704,-1,704,679,705,-1,679,706,705,-1,705,706,707,-1,705,707,708,-1,709,710,711,-1,711,710,712,-1,711,712,708,-1,708,712,713,-1,708,713,705,-1,709,714,710,-1,710,714,715,-1,710,715,716,-1,717,718,710,-1,710,718,719,-1,710,719,720,-1,720,719,721,-1,716,722,710,-1,710,722,723,-1,710,723,724,-1,724,725,710,-1,710,725,726,-1,710,726,717,-1,727,728,729,-1,730,731,732,-1,733,734,730,-1,730,734,735,-1,730,735,731,-1,736,737,729,-1,729,737,738,-1,729,738,727,-1,736,729,730,-1,730,729,739,-1,730,739,733,-1,740,741,742,-1,742,741,743,-1,742,743,732,-1,732,743,744,-1,732,744,730,-1,740,745,741,-1,741,745,746,-1,741,746,747,-1,748,749,741,-1,741,749,750,-1,741,750,751,-1,751,750,752,-1,747,753,741,-1,741,753,754,-1,741,754,755,-1,755,756,741,-1,741,756,757,-1,741,757,748,-1,758,759,760,-1,761,762,763,-1,762,764,763,-1,763,764,765,-1,763,765,766,-1,766,765,767,-1,766,767,768,-1,769,770,760,-1,760,770,771,-1,760,771,758,-1,769,760,763,-1,763,760,772,-1,763,772,761,-1,773,774,768,-1,768,774,775,-1,768,775,766,-1,773,776,774,-1,774,776,777,-1,774,777,778,-1,779,780,774,-1,774,780,781,-1,774,781,782,-1,782,781,783,-1,778,784,774,-1,774,784,785,-1,774,785,786,-1,786,787,774,-1,774,787,788,-1,774,788,779,-1,789,790,791,-1,791,790,792,-1,793,794,795,-1,795,794,796,-1,797,798,799,-1,800,801,802,-1,802,801,803,-1,799,798,804,-1,805,5,806,-1,807,808,798,-1,809,810,811,-1,811,810,812,-1,811,812,798,-1,798,812,813,-1,798,813,804,-1,814,815,816,-1,816,815,817,-1,816,817,818,-1,814,816,799,-1,799,816,819,-1,799,819,797,-1,820,821,811,-1,811,821,822,-1,811,822,823,-1,824,825,811,-1,811,825,826,-1,811,826,827,-1,808,828,798,-1,798,828,829,-1,798,829,811,-1,811,829,830,-1,811,830,820,-1,823,831,811,-1,811,831,832,-1,811,832,833,-1,834,835,827,-1,827,835,836,-1,827,836,811,-1,834,837,835,-1,835,837,838,-1,835,838,839,-1,806,824,805,-1,805,824,811,-1,805,811,840,-1,840,811,833,-1,841,842,843,-1,843,842,844,-1,843,844,845,-1,845,844,846,-1,845,846,847,-1,840,848,805,-1,805,848,849,-1,805,849,850,-1,850,849,847,-1,850,847,851,-1,851,847,846,-1,852,853,854,-1,854,853,855,-1,854,855,856,-1,856,855,857,-1,856,857,858,-1,858,857,859,-1,858,859,860,-1,860,859,861,-1,860,861,862,-1,862,861,863,-1,862,863,864,-1,864,863,803,-1,864,803,865,-1,865,803,801,-1,865,801,866,-1,866,801,867,-1,866,867,868,-1,868,867,869,-1,868,869,870,-1,870,869,871,-1,870,871,841,-1,841,871,872,-1,841,872,842,-1,729,728,798,-1,798,728,873,-1,798,873,807,-1,874,875,760,-1,760,875,876,-1,760,876,877,-1,877,876,878,-1,877,878,852,-1,852,878,879,-1,852,879,853,-1,874,760,798,-1,798,760,759,-1,798,759,729,-1,28,27,806,-1,806,27,824,-1,47,805,850,-1,47,850,53,-1,53,850,851,-1,53,851,55,-1,55,851,846,-1,55,846,68,-1,68,846,844,-1,68,844,73,-1,73,844,842,-1,73,842,85,-1,85,842,872,-1,85,872,124,-1,124,872,871,-1,124,871,125,-1,125,871,869,-1,125,869,127,-1,127,869,867,-1,127,867,129,-1,129,867,801,-1,129,801,97,-1,427,811,836,-1,427,836,454,-1,454,836,835,-1,454,835,452,-1,452,835,839,-1,452,839,450,-1,450,839,838,-1,450,838,448,-1,448,838,837,-1,448,837,482,-1,482,837,834,-1,482,834,487,-1,487,834,827,-1,487,827,480,-1,480,827,826,-1,480,826,475,-1,475,826,825,-1,475,825,478,-1,478,825,824,-1,478,824,27,-1,98,803,863,-1,98,863,100,-1,100,863,861,-1,100,861,101,-1,101,861,859,-1,101,859,105,-1,105,859,857,-1,105,857,106,-1,106,857,855,-1,106,855,108,-1,108,855,853,-1,108,853,102,-1,102,853,879,-1,102,879,103,-1,103,879,878,-1,103,878,104,-1,104,878,876,-1,104,876,120,-1,120,876,875,-1,120,875,107,-1,107,875,874,-1,107,874,99,-1,99,874,798,-1,99,798,403,-1,403,798,797,-1,403,797,412,-1,412,797,819,-1,412,819,421,-1,421,819,816,-1,421,816,435,-1,435,816,818,-1,435,818,436,-1,436,818,817,-1,436,817,431,-1,431,817,815,-1,431,815,432,-1,432,815,814,-1,432,814,433,-1,433,814,799,-1,433,799,434,-1,434,799,804,-1,434,804,437,-1,437,804,813,-1,437,813,438,-1,438,813,812,-1,438,812,426,-1,427,425,811,-1,811,425,809,-1,812,810,426,-1,426,810,424,-1,801,800,97,-1,97,800,95,-1,98,96,803,-1,803,96,802,-1,810,880,881,-1,424,810,882,-1,882,810,883,-1,881,884,810,-1,810,884,885,-1,810,885,883,-1,880,886,887,-1,880,887,881,-1,881,887,888,-1,881,888,884,-1,884,888,889,-1,884,889,885,-1,885,889,890,-1,885,890,883,-1,883,890,891,-1,883,891,882,-1,882,891,425,-1,882,425,424,-1,425,891,809,-1,809,891,890,-1,809,890,889,-1,889,888,809,-1,809,888,887,-1,809,887,886,-1,886,892,809,-1,809,892,893,-1,793,880,794,-1,794,880,810,-1,12,893,13,-1,13,893,892,-1,13,892,886,-1,795,894,895,-1,896,11,897,-1,897,11,9,-1,880,793,886,-1,886,793,795,-1,886,795,13,-1,13,795,895,-1,13,895,898,-1,899,900,901,-1,902,903,9,-1,9,903,904,-1,9,904,897,-1,902,905,903,-1,903,905,906,-1,903,906,907,-1,898,908,13,-1,13,908,909,-1,13,909,15,-1,15,909,910,-1,911,912,913,-1,912,914,913,-1,913,914,915,-1,913,915,916,-1,899,901,897,-1,897,901,917,-1,897,917,896,-1,918,919,910,-1,900,899,913,-1,913,899,920,-1,913,920,911,-1,919,921,910,-1,910,921,922,-1,910,922,15,-1,923,924,916,-1,916,924,925,-1,916,925,913,-1,913,925,926,-1,913,926,927,-1,927,928,913,-1,913,928,929,-1,913,929,930,-1,930,929,931,-1,930,931,910,-1,910,931,932,-1,910,932,918,-1,796,794,810,-1,933,934,796,-1,8,10,935,-1,12,936,937,-1,938,939,940,-1,940,939,941,-1,942,943,8,-1,8,943,939,-1,8,939,944,-1,944,939,938,-1,809,893,810,-1,810,893,12,-1,810,12,796,-1,796,12,937,-1,796,937,933,-1,945,946,947,-1,8,935,942,-1,942,935,948,-1,942,948,949,-1,947,950,951,-1,951,950,952,-1,951,952,953,-1,12,14,954,-1,948,955,949,-1,949,955,956,-1,949,956,957,-1,957,956,951,-1,957,951,958,-1,958,951,953,-1,936,12,959,-1,959,12,954,-1,959,954,960,-1,960,954,961,-1,960,961,962,-1,963,964,951,-1,951,964,965,-1,951,965,947,-1,947,965,966,-1,947,966,945,-1,962,967,960,-1,960,967,968,-1,960,968,969,-1,969,968,970,-1,969,970,951,-1,951,970,971,-1,951,971,963,-1,805,47,5,-1,5,47,46,-1,972,28,806,-1,973,806,974,-1,974,806,975,-1,973,976,806,-1,806,976,977,-1,806,977,972,-1,975,7,978,-1,975,978,974,-1,974,978,979,-1,974,979,973,-1,973,979,980,-1,973,980,976,-1,976,980,981,-1,976,981,977,-1,977,981,982,-1,977,982,972,-1,972,982,46,-1,972,46,28,-1,46,982,5,-1,5,982,981,-1,5,981,980,-1,980,979,5,-1,5,979,978,-1,5,978,7,-1,983,975,984,-1,984,975,806,-1,985,986,987,-1,987,986,988,-1,989,990,991,-1,991,990,992,-1,993,994,975,-1,975,994,7,-1,7,994,995,-1,7,995,6,-1,996,991,985,-1,997,986,998,-1,998,986,999,-1,1000,1001,1002,-1,999,986,1003,-1,1003,986,985,-1,1003,985,1004,-1,1004,985,991,-1,1004,991,992,-1,986,1005,1006,-1,983,1007,975,-1,975,1007,1008,-1,975,1008,993,-1,1000,1002,985,-1,985,1002,1009,-1,985,1009,996,-1,1005,986,1010,-1,1010,986,997,-1,1010,997,1011,-1,1006,1,986,-1,986,1,0,-1,986,0,1012,-1,983,1013,1007,-1,1007,1013,1014,-1,1007,1014,1015,-1,1015,1016,1007,-1,1007,1016,1017,-1,1007,1017,1018,-1,1018,1017,1019,-1,1018,1019,997,-1,997,1019,1020,-1,997,1020,1011,-1,1021,1022,1023,-1,1021,1023,0,-1,0,1023,1024,-1,0,1024,1012,-1,1025,806,1026,-1,1026,806,5,-1,1026,5,4,-1,1025,1027,806,-1,806,1027,1028,-1,806,1028,984,-1,984,1028,1029,-1,1030,1031,988,-1,988,1031,1032,-1,988,1032,987,-1,987,1032,1033,-1,987,1033,1034,-1,1034,990,987,-1,987,990,989,-1,987,989,1035,-1,1036,1037,1038,-1,1038,1037,987,-1,1038,987,1039,-1,1039,987,1035,-1,1029,1040,1041,-1,1042,1043,1030,-1,1030,1043,1044,-1,1030,1044,1045,-1,1045,1044,1046,-1,1045,1046,1029,-1,1029,1046,1047,-1,1029,1047,1040,-1,1041,1048,1029,-1,1029,1048,1049,-1,1029,1049,984,-1,988,1050,2,-1,2,1050,1051,-1,1051,1052,2,-1,2,1052,1053,-1,2,1053,1054,-1,1042,1030,1055,-1,1055,1030,988,-1,1055,988,1056,-1,1056,988,2,-1,1056,2,3,-1,795,796,894,-1,894,796,934,-1,942,949,897,-1,897,949,899,-1,916,947,923,-1,923,947,946,-1,9,8,1057,-1,9,1057,1058,-1,1058,1057,1059,-1,1058,1059,1060,-1,1060,1059,1061,-1,1060,1061,1062,-1,1062,1061,1063,-1,1062,1063,1064,-1,1064,1063,1065,-1,1064,1065,1066,-1,1066,1065,942,-1,1066,942,897,-1,899,949,957,-1,899,957,920,-1,920,957,958,-1,920,958,911,-1,911,958,953,-1,911,953,912,-1,912,953,952,-1,912,952,914,-1,914,952,950,-1,914,950,915,-1,915,950,947,-1,915,947,916,-1,1067,1068,800,-1,800,1068,1069,-1,800,1069,95,-1,1070,1071,800,-1,800,1071,1072,-1,800,1072,1067,-1,1070,1073,1074,-1,1070,1074,1071,-1,1071,1074,1075,-1,1071,1075,1072,-1,1072,1075,1076,-1,1072,1076,1067,-1,1067,1076,1077,-1,1067,1077,1068,-1,1068,1077,1078,-1,1068,1078,1069,-1,1069,1078,96,-1,1069,96,95,-1,96,1078,802,-1,802,1078,1077,-1,802,1077,1076,-1,1076,1075,802,-1,802,1075,1074,-1,802,1074,1073,-1,1073,790,802,-1,802,790,789,-1,1079,1070,1080,-1,1080,1070,800,-1,20,1079,21,-1,21,1079,1080,-1,790,1073,792,-1,792,1073,1070,-1,792,1070,20,-1,20,1070,1079,-1,16,18,1081,-1,1082,1083,20,-1,20,1083,792,-1,792,1083,1084,-1,792,1084,1085,-1,1086,1087,1088,-1,20,22,1089,-1,1090,1091,1092,-1,1092,1091,1093,-1,1090,1094,1091,-1,1091,1094,16,-1,1091,16,1087,-1,1087,16,1081,-1,1087,1081,1088,-1,1095,1096,1097,-1,1097,1098,1099,-1,1099,1098,1100,-1,1099,1100,1101,-1,1088,1102,1086,-1,1086,1102,1103,-1,1086,1103,1104,-1,1104,1103,1099,-1,1104,1099,1105,-1,1105,1099,1101,-1,1082,20,1106,-1,1106,20,1089,-1,1106,1089,1107,-1,1107,1089,1108,-1,1107,1108,1109,-1,1109,1110,1107,-1,1107,1110,1111,-1,1107,1111,1112,-1,1112,1111,1113,-1,1112,1113,1099,-1,1099,1113,1114,-1,1099,1114,1115,-1,1115,1116,1099,-1,1099,1116,1117,-1,1099,1117,1097,-1,1097,1117,1118,-1,1097,1118,1095,-1,21,1080,800,-1,791,1119,1120,-1,802,789,800,-1,800,789,791,-1,800,791,21,-1,21,791,1120,-1,21,1120,1121,-1,1122,1123,1124,-1,1123,1122,1125,-1,1125,1122,1126,-1,1125,1126,1127,-1,1124,19,1122,-1,1122,19,17,-1,1122,17,1128,-1,1128,17,1129,-1,1129,1130,1128,-1,1128,1130,1131,-1,1128,1131,1132,-1,1121,1133,21,-1,21,1133,1134,-1,21,1134,23,-1,23,1134,1135,-1,23,1135,1136,-1,1137,1138,1139,-1,1138,1140,1139,-1,1139,1140,1141,-1,1139,1141,1142,-1,1127,1126,1139,-1,1139,1126,1143,-1,1139,1143,1137,-1,1144,1145,1135,-1,1135,1145,1146,-1,1135,1146,1136,-1,1147,1148,1139,-1,1139,1148,1149,-1,1139,1149,1150,-1,1150,1149,1151,-1,1150,1151,1135,-1,1135,1151,1152,-1,1135,1152,1144,-1,1153,1154,1142,-1,1142,1154,1155,-1,1142,1155,1139,-1,1139,1155,1156,-1,1139,1156,1147,-1,791,792,1119,-1,1119,792,1085,-1,1087,1086,1122,-1,1122,1086,1126,-1,1142,1097,1153,-1,1153,1097,1096,-1,17,16,1094,-1,17,1094,1129,-1,1129,1094,1090,-1,1129,1090,1130,-1,1130,1090,1092,-1,1130,1092,1131,-1,1131,1092,1093,-1,1131,1093,1132,-1,1132,1093,1091,-1,1132,1091,1128,-1,1128,1091,1087,-1,1128,1087,1122,-1,1126,1086,1104,-1,1126,1104,1143,-1,1143,1104,1105,-1,1143,1105,1137,-1,1137,1105,1101,-1,1137,1101,1138,-1,1138,1101,1100,-1,1138,1100,1140,-1,1140,1100,1098,-1,1140,1098,1141,-1,1141,1098,1097,-1,1141,1097,1142,-1,130,865,128,-1,128,865,866,-1,128,866,126,-1,126,866,868,-1,126,868,91,-1,91,868,870,-1,91,870,93,-1,93,870,841,-1,93,841,94,-1,94,841,843,-1,94,843,109,-1,109,843,845,-1,109,845,110,-1,110,845,847,-1,865,130,864,-1,864,130,131,-1,123,877,114,-1,114,877,852,-1,114,852,115,-1,115,852,854,-1,115,854,116,-1,116,854,856,-1,116,856,117,-1,117,856,858,-1,117,858,118,-1,118,858,860,-1,118,860,119,-1,119,860,862,-1,119,862,131,-1,131,862,864,-1,442,821,443,-1,443,821,820,-1,443,820,444,-1,444,820,830,-1,444,830,445,-1,445,830,829,-1,445,829,439,-1,439,829,828,-1,439,828,440,-1,440,828,808,-1,440,808,441,-1,441,808,807,-1,441,807,420,-1,420,807,873,-1,821,442,822,-1,822,442,456,-1,471,849,430,-1,430,849,848,-1,430,848,447,-1,447,848,840,-1,447,840,449,-1,449,840,833,-1,449,833,451,-1,451,833,832,-1,451,832,453,-1,453,832,831,-1,453,831,455,-1,455,831,823,-1,455,823,456,-1,456,823,822,-1,849,471,847,-1,847,471,110,-1,422,420,728,-1,728,420,873,-1,743,741,687,-1,687,741,688,-1,688,741,751,-1,688,751,696,-1,696,751,752,-1,696,752,694,-1,694,752,750,-1,694,750,695,-1,695,750,699,-1,699,750,749,-1,699,749,700,-1,700,749,748,-1,700,748,701,-1,701,748,757,-1,701,757,702,-1,702,757,756,-1,702,756,703,-1,703,756,755,-1,703,755,691,-1,691,755,754,-1,691,754,692,-1,692,754,753,-1,692,753,693,-1,753,747,693,-1,693,747,746,-1,693,746,697,-1,697,746,745,-1,697,745,698,-1,698,745,740,-1,698,740,689,-1,690,689,742,-1,742,689,740,-1,121,400,759,-1,759,400,729,-1,775,774,711,-1,711,774,709,-1,709,774,782,-1,709,782,714,-1,714,782,783,-1,714,783,715,-1,715,783,781,-1,715,781,716,-1,716,781,722,-1,722,781,780,-1,722,780,723,-1,723,780,779,-1,723,779,724,-1,724,779,788,-1,724,788,725,-1,725,788,787,-1,725,787,726,-1,726,787,786,-1,726,786,717,-1,717,786,785,-1,717,785,718,-1,718,785,784,-1,718,784,719,-1,784,778,719,-1,719,778,777,-1,719,777,721,-1,721,777,776,-1,721,776,720,-1,720,776,773,-1,720,773,710,-1,712,710,768,-1,768,710,773,-1,760,877,122,-1,122,877,123,-1,764,705,765,-1,765,705,713,-1,765,713,767,-1,767,713,712,-1,767,712,768,-1,760,122,772,-1,772,122,676,-1,772,676,761,-1,761,676,675,-1,761,675,762,-1,762,675,680,-1,762,680,764,-1,764,680,704,-1,764,704,705,-1,677,121,759,-1,759,758,677,-1,677,758,771,-1,677,771,678,-1,678,771,770,-1,678,770,679,-1,679,770,706,-1,770,769,706,-1,706,769,763,-1,706,763,707,-1,707,763,766,-1,707,766,708,-1,708,766,775,-1,708,775,711,-1,735,682,731,-1,731,682,685,-1,731,685,732,-1,732,685,690,-1,732,690,742,-1,729,400,739,-1,739,400,669,-1,739,669,733,-1,733,669,671,-1,733,671,734,-1,734,671,674,-1,734,674,735,-1,735,674,681,-1,735,681,682,-1,670,422,728,-1,728,727,670,-1,670,727,738,-1,670,738,672,-1,672,738,737,-1,672,737,673,-1,673,737,683,-1,737,736,683,-1,683,736,730,-1,683,730,684,-1,684,730,744,-1,684,744,686,-1,686,744,743,-1,686,743,687,-1,
        ]
    }
}
Shape{
    appearance Appearance {
        material  Material 	{
            diffuseColor 0.0 0.0 0.0
            specularColor 0.0 0.0 0.0
            ambientIntensity 0.0
            transparency 0.0
            shininess 0.5
        }
    }
    geometry IndexedFaceSet {
        ccw TRUE
        solid FALSE
        coord DEF co Coordinate {
            point [
                0.2015 3.1438 1.4213, 0.2015 3.1194 1.4213, 0.2015 3.1438 1.4173, 0.2015 3.1194 1.4173, 0.1165 3.1438 1.4213, 0.1165 3.1438 1.4173, 0.1165 3.3329 1.4213, 0.1165 3.3329 1.4173, 0.0889 3.3329 1.4213, 0.0889 3.3329 1.4173, 0.0889 3.1194 1.4213, 0.0889 3.1194 1.4173, 0.361 3.1247 1.4173, 0.3665 3.1265 1.4213, 0.3435 3.1189 1.4173, 0.3435 3.1189 1.4213, 0.3298 3.1176 1.4173, 0.311 3.1158 1.4213, 0.311 3.1158 1.4173, 0.3665 3.1265 1.4173, 0.3701 3.1283 1.4173, 0.3701 3.1283 1.4213, 0.3701 3.1547 1.4213, 0.3701 3.1547 1.4173, 0.361 3.1506 1.4173, 0.3491 3.1453 1.4213, 0.3491 3.1453 1.4173, 0.325 3.1408 1.4173, 0.325 3.1408 1.4213, 0.315 3.1404 1.4173, 0.315 3.1404 1.4213, 0.2936 3.143 1.4173, 0.2936 3.143 1.4213, 0.2784 3.1488 1.4173, 0.2784 3.1488 1.4213, 0.2644 3.1587 1.4173, 0.2644 3.1587 1.4213, 0.2601 3.1629 1.4173, 0.2601 3.1629 1.4213, 0.2507 3.1756 1.4173, 0.2507 3.1756 1.4213, 0.2434 3.1924 1.4173, 0.2434 3.1924 1.4213, 0.2396 3.2132 1.4173, 0.2396 3.2132 1.4213, 0.2392 3.2238 1.4173, 0.2392 3.2238 1.4213, 0.2427 3.2532 1.4173, 0.2427 3.2532 1.4213, 0.2499 3.2716 1.4173, 0.2499 3.2716 1.4213, 0.2602 3.2864 1.4173, 0.2602 3.2864 1.4213, 0.2616 3.288 1.4173, 0.2616 3.288 1.4213, 0.2742 3.2987 1.4173, 0.2742 3.2987 1.4213, 0.2907 3.307 1.4173, 0.2907 3.307 1.4213, 0.3089 3.3111 1.4173, 0.3089 3.3111 1.4213, 0.3198 3.3117 1.4173, 0.3198 3.3117 1.4213, 0.3461 3.3085 1.4173, 0.361 3.3028 1.4173, 0.3677 3.3003 1.4213, 0.3461 3.3085 1.4213, 0.3677 3.3003 1.4173, 0.3701 3.299 1.4173, 0.3701 3.299 1.4213, 0.3701 3.3278 1.4213, 0.3701 3.3278 1.4173, 0.361 3.3304 1.4173, 0.3475 3.3344 1.4213, 0.3195 3.3365 1.4173, 0.3195 3.3365 1.4213, 0.3424 3.3347 1.4173, 0.3475 3.3344 1.4173, 0.3047 3.3347 1.4173, 0.2886 3.3328 1.4213, 0.2886 3.3328 1.4173, 0.2663 3.3241 1.4173, 0.2663 3.3241 1.4213, 0.2463 3.3101 1.4173, 0.2463 3.3101 1.4213, 0.2411 3.3051 1.4173, 0.2411 3.3051 1.4213, 0.2256 3.2849 1.4173, 0.2256 3.2849 1.4213, 0.2155 3.2612 1.4173, 0.2155 3.2612 1.4213, 0.2106 3.2333 1.4173, 0.2106 3.2333 1.4213, 0.2102 3.2221 1.4173, 0.2102 3.2221 1.4213, 0.2145 3.1873 1.4173, 0.2145 3.1873 1.4213, 0.2232 3.1651 1.4173, 0.2232 3.1651 1.4213, 0.2359 3.1468 1.4173, 0.2359 3.1468 1.4213, 0.2376 3.145 1.4173, 0.2376 3.145 1.4213, 0.275 3.1212 1.4173, 0.2548 3.1307 1.4213, 0.2548 3.1307 1.4173, 0.2923 3.1176 1.4173, 0.2981 3.1164 1.4213, 0.275 3.1212 1.4213, 0.2981 3.1164 1.4173, 0.5277 3.1438 1.4213, 0.5277 3.1194 1.4213, 0.5277 3.1438 1.4173, 0.5277 3.1194 1.4173, 0.4404 3.1438 1.4173, 0.4404 3.1438 1.4213, 0.4981 3.1438 1.4173, 0.4404 3.2156 1.4213, 0.4404 3.2156 1.4173, 0.5168 3.2156 1.4173, 0.5168 3.2156 1.4213, 0.4981 3.2156 1.4173, 0.5168 3.24 1.4213, 0.5168 3.24 1.4173, 0.4404 3.24 1.4173, 0.4404 3.24 1.4213, 0.4981 3.24 1.4173, 0.4404 3.3084 1.4213, 0.4404 3.3084 1.4173, 0.5228 3.3084 1.4173, 0.5228 3.3084 1.4213, 0.4981 3.3084 1.4173, 0.5228 3.3329 1.4213, 0.5228 3.3329 1.4173, 0.4128 3.3329 1.4173, 0.4128 3.3329 1.4213, 0.4981 3.3329 1.4173, 0.4128 3.1194 1.4213, 0.4128 3.1194 1.4173, 0.4981 3.1194 1.4173, 0.7097 3.1493 1.4213, 0.6876 3.1638 1.4213, 0.6874 3.1334 1.4213, 0.6739 3.1542 1.4213, 0.6631 3.1239 1.4213, 0.6562 3.1473 1.4213, 0.6267 3.1194 1.4213, 0.6266 3.1438 1.4213, 0.568 3.1194 1.4213, 0.5956 3.1438 1.4213, 0.568 3.3329 1.4213, 0.5956 3.3084 1.4213, 0.6289 3.3329 1.4213, 0.6278 3.3084 1.4213, 0.6356 3.3082 1.4213, 0.6615 3.3293 1.4213, 0.6581 3.3047 1.4213, 0.6873 3.3199 1.4213, 0.6761 3.2975 1.4213, 0.7097 3.3047 1.4213, 0.6895 3.2883 1.4213, 0.7172 3.2973 1.4213, 0.6954 3.2825 1.4213, 0.7304 3.2787 1.4213, 0.7037 3.2705 1.4213, 0.7383 3.2584 1.4213, 0.7097 3.2549 1.4213, 0.7419 3.2289 1.4213, 0.7129 3.2282 1.4213, 0.7412 3.2153 1.4213, 0.7119 3.2127 1.4213, 0.736 3.1903 1.4213, 0.7075 3.1935 1.4213, 0.7255 3.1682 1.4213, 0.6999 3.1779 1.4213, 0.6901 3.166 1.4213, 0.6267 3.1194 1.4173, 0.568 3.1194 1.4173, 0.6631 3.1239 1.4173, 0.6874 3.1334 1.4173, 0.7097 3.1493 1.4173, 0.7255 3.1682 1.4173, 0.736 3.1903 1.4173, 0.7412 3.2153 1.4173, 0.7419 3.2289 1.4173, 0.7383 3.2584 1.4173, 0.7304 3.2787 1.4173, 0.7172 3.2973 1.4173, 0.7097 3.3047 1.4173, 0.6873 3.3199 1.4173, 0.6615 3.3293 1.4173, 0.6289 3.3329 1.4173, 0.568 3.3329 1.4173, 0.6278 3.3084 1.4173, 0.5956 3.3084 1.4173, 0.5956 3.1438 1.4173, 0.6266 3.1438 1.4173, 0.6901 3.166 1.4173, 0.6876 3.1638 1.4173, 0.6739 3.1542 1.4173, 0.6562 3.1473 1.4173, 0.7129 3.2282 1.4173, 0.7119 3.2127 1.4173, 0.7075 3.1935 1.4173, 0.6999 3.1779 1.4173, 0.6895 3.2883 1.4173, 0.6954 3.2825 1.4173, 0.7037 3.2705 1.4173, 0.7097 3.2549 1.4173, 0.6356 3.3082 1.4173, 0.6581 3.3047 1.4173, 0.6761 3.2975 1.4173
            ]
        }
        coordIndex [
            0,1,2,-1,2,1,3,-1,4,0,5,-1,5,0,2,-1,6,4,7,-1,7,4,5,-1,8,6,9,-1,9,6,7,-1,10,8,11,-1,11,8,9,-1,1,10,3,-1,3,10,11,-1,6,8,4,-1,4,8,10,-1,4,10,0,-1,0,10,1,-1,12,13,14,-1,14,13,15,-1,14,15,16,-1,16,15,17,-1,16,17,18,-1,12,19,13,-1,13,19,20,-1,13,20,21,-1,22,21,23,-1,23,21,20,-1,22,23,24,-1,22,24,25,-1,24,26,25,-1,25,26,27,-1,25,27,28,-1,28,27,29,-1,28,29,30,-1,30,29,31,-1,30,31,32,-1,32,31,33,-1,32,33,34,-1,34,33,35,-1,34,35,36,-1,36,35,37,-1,36,37,38,-1,38,37,39,-1,38,39,40,-1,40,39,41,-1,40,41,42,-1,42,41,43,-1,42,43,44,-1,44,43,45,-1,44,45,46,-1,46,45,47,-1,46,47,48,-1,48,47,49,-1,48,49,50,-1,50,49,51,-1,50,51,52,-1,52,51,53,-1,52,53,54,-1,54,53,55,-1,54,55,56,-1,56,55,57,-1,56,57,58,-1,58,57,59,-1,58,59,60,-1,60,59,61,-1,60,61,62,-1,62,61,63,-1,64,65,63,-1,63,65,66,-1,63,66,62,-1,64,67,65,-1,65,67,68,-1,65,68,69,-1,70,69,71,-1,71,69,68,-1,70,71,72,-1,70,72,73,-1,74,75,76,-1,76,75,73,-1,76,73,77,-1,77,73,72,-1,75,74,78,-1,75,78,79,-1,78,80,79,-1,79,80,81,-1,79,81,82,-1,82,81,83,-1,82,83,84,-1,84,83,85,-1,84,85,86,-1,86,85,87,-1,86,87,88,-1,88,87,89,-1,88,89,90,-1,90,89,91,-1,90,91,92,-1,92,91,93,-1,92,93,94,-1,94,93,95,-1,94,95,96,-1,96,95,97,-1,96,97,98,-1,98,97,99,-1,98,99,100,-1,100,99,101,-1,100,101,102,-1,103,104,105,-1,105,104,102,-1,105,102,101,-1,106,107,103,-1,103,107,108,-1,103,108,104,-1,106,109,107,-1,107,109,18,-1,107,18,17,-1,56,58,79,-1,48,50,88,-1,88,50,86,-1,79,58,75,-1,58,60,75,-1,75,60,62,-1,75,62,73,-1,73,62,66,-1,73,66,70,-1,70,66,65,-1,70,65,69,-1,21,22,13,-1,13,22,25,-1,13,25,15,-1,15,25,28,-1,15,28,17,-1,17,28,30,-1,17,30,107,-1,107,30,32,-1,107,32,108,-1,108,32,34,-1,108,34,104,-1,104,34,36,-1,104,36,102,-1,102,36,38,-1,102,38,100,-1,100,38,40,-1,100,40,98,-1,94,46,92,-1,92,46,48,-1,92,48,90,-1,90,48,88,-1,50,52,86,-1,86,52,54,-1,86,54,84,-1,84,54,56,-1,84,56,82,-1,82,56,79,-1,98,40,96,-1,96,40,42,-1,96,42,94,-1,94,42,44,-1,94,44,46,-1,110,111,112,-1,112,111,113,-1,114,115,116,-1,116,115,110,-1,116,110,112,-1,117,115,118,-1,118,115,114,-1,119,120,121,-1,121,120,117,-1,121,117,118,-1,122,120,123,-1,123,120,119,-1,124,125,126,-1,126,125,122,-1,126,122,123,-1,127,125,128,-1,128,125,124,-1,129,130,131,-1,131,130,127,-1,131,127,128,-1,132,130,133,-1,133,130,129,-1,134,135,136,-1,136,135,132,-1,136,132,133,-1,137,135,138,-1,138,135,134,-1,113,111,139,-1,139,111,137,-1,139,137,138,-1,137,111,110,-1,110,115,137,-1,137,115,117,-1,137,117,135,-1,130,132,127,-1,127,132,135,-1,127,135,125,-1,125,135,117,-1,125,117,122,-1,122,117,120,-1,140,141,142,-1,142,141,143,-1,142,143,144,-1,144,143,145,-1,144,145,146,-1,146,145,147,-1,146,147,148,-1,148,147,149,-1,148,149,150,-1,150,149,151,-1,150,151,152,-1,151,153,152,-1,152,153,154,-1,152,154,155,-1,155,154,156,-1,155,156,157,-1,157,156,158,-1,157,158,159,-1,159,158,160,-1,159,160,161,-1,161,160,162,-1,161,162,163,-1,163,162,164,-1,163,164,165,-1,165,164,166,-1,165,166,167,-1,167,166,168,-1,167,168,169,-1,169,168,170,-1,169,170,171,-1,171,170,172,-1,171,172,173,-1,173,172,174,-1,173,174,140,-1,140,174,175,-1,140,175,141,-1,146,148,176,-1,176,148,177,-1,146,176,178,-1,146,178,144,-1,144,178,179,-1,144,179,142,-1,142,179,180,-1,142,180,140,-1,140,180,181,-1,140,181,173,-1,173,181,182,-1,173,182,171,-1,171,182,183,-1,171,183,169,-1,169,183,184,-1,169,184,167,-1,167,184,185,-1,167,185,165,-1,165,185,186,-1,165,186,163,-1,163,186,187,-1,163,187,161,-1,161,187,188,-1,161,188,159,-1,159,188,189,-1,159,189,157,-1,157,189,190,-1,157,190,155,-1,155,190,191,-1,155,191,152,-1,150,152,192,-1,192,152,191,-1,148,150,177,-1,177,150,192,-1,153,151,193,-1,193,151,194,-1,151,149,194,-1,194,149,195,-1,149,147,195,-1,195,147,196,-1,175,197,198,-1,175,198,141,-1,141,198,199,-1,141,199,143,-1,143,199,200,-1,143,200,145,-1,145,200,196,-1,145,196,147,-1,168,201,202,-1,168,202,170,-1,170,202,203,-1,170,203,172,-1,172,203,204,-1,172,204,174,-1,174,204,197,-1,174,197,175,-1,160,205,206,-1,160,206,162,-1,162,206,207,-1,162,207,164,-1,164,207,208,-1,164,208,166,-1,166,208,201,-1,166,201,168,-1,153,193,209,-1,153,209,154,-1,154,209,210,-1,154,210,156,-1,156,210,211,-1,156,211,158,-1,158,211,205,-1,158,205,160,-1,
        ]
    }
}
Shape{
    appearance Appearance {
        material  Material 	{
            diffuseColor 0.7529411764705882 0.7529411764705882 0.7529411764705882
            specularColor 0.3764705882352941 0.3764705882352941 0.3764705882352941
            ambientIntensity 0.7529
            transparency 0.0
            shininess 0.5
        }
    }
    geometry IndexedFaceSet {
        ccw TRUE
        solid FALSE
        coord DEF co Coordinate {
            point [
                0.6876 3.1638 1.4173, 0.6901 3.166 1.4173, 0.6356 3.3082 1.4173, 0.6739 3.1542 1.4173, 0.5956 3.3084 1.4173, 0.5956 3.1438 1.4173, 0.6278 3.3084 1.4173, 0.6266 3.1438 1.4173, 0.6562 3.1473 1.4173, 0.6999 3.1779 1.4173, 0.7075 3.1935 1.4173, 0.7119 3.2127 1.4173, 0.6895 3.2883 1.4173, 0.7129 3.2282 1.4173, 0.6761 3.2975 1.4173, 0.6581 3.3047 1.4173, 0.7097 3.2549 1.4173, 0.7037 3.2705 1.4173, 0.6954 3.2825 1.4173
            ]
        }
        coordIndex [
            0,1,2,-1,0,2,3,-1,4,5,6,-1,6,5,7,-1,6,7,2,-1,2,7,8,-1,2,8,3,-1,1,9,2,-1,2,9,10,-1,2,10,11,-1,12,11,13,-1,12,14,11,-1,11,14,15,-1,11,15,2,-1,16,17,13,-1,13,17,18,-1,13,18,12,-1,
        ]
    }
}
Shape{
    appearance Appearance {
        material  Material 	{
            diffuseColor 0.0 0.0 0.0
            specularColor 0.0 0.0 0.0
            ambientIntensity 0.0
            transparency 0.0
            shininess 0.5
        }
    }
    geometry IndexedFaceSet {
        ccw TRUE
        solid FALSE
        coord DEF co Coordinate {
            point [
                0.8134 3.202 1.4213, 0.8047 3.1778 1.4213, 0.8851 3.202 1.4213, 0.8936 3.1778 1.4213, 0.8453 3.2907 1.4213, 0.835 3.3329 1.4213, 0.7537 3.1194 1.4213, 0.7842 3.1194 1.4213, 0.8472 3.2971 1.4213, 0.8488 3.3057 1.4213, 0.8645 3.3329 1.4213, 0.8495 3.3057 1.4213, 0.8512 3.2966 1.4213, 0.8528 3.2907 1.4213, 0.9458 3.1194 1.4213, 0.9154 3.1194 1.4213, 0.8645 3.3329 1.4173, 0.9458 3.1194 1.4173, 0.835 3.3329 1.4173, 0.7537 3.1194 1.4173, 0.8152 3.281 1.4173, 0.7842 3.1194 1.4173, 0.8047 3.1778 1.4173, 0.8936 3.1778 1.4173, 0.8152 3.1778 1.4173, 0.9154 3.1194 1.4173, 0.8134 3.202 1.4173, 0.8851 3.202 1.4173, 0.8528 3.2907 1.4173, 0.8495 3.3057 1.4173, 0.8512 3.2966 1.4173, 0.8488 3.3057 1.4173, 0.8453 3.2907 1.4173, 0.8472 3.2971 1.4173
            ]
        }
        coordIndex [
            0,1,2,-1,2,1,3,-1,4,5,0,-1,0,5,6,-1,0,6,1,-1,1,6,7,-1,4,8,5,-1,5,8,9,-1,5,9,10,-1,10,9,11,-1,10,11,12,-1,12,13,10,-1,10,13,2,-1,10,2,14,-1,14,2,3,-1,14,3,15,-1,10,14,16,-1,16,14,17,-1,5,10,18,-1,18,10,16,-1,19,6,20,-1,20,6,5,-1,20,5,18,-1,7,6,21,-1,21,6,19,-1,1,7,22,-1,22,7,21,-1,23,3,24,-1,24,3,1,-1,24,1,22,-1,15,3,25,-1,25,3,23,-1,14,15,17,-1,17,15,25,-1,0,2,26,-1,26,2,27,-1,2,13,27,-1,27,13,28,-1,11,29,30,-1,11,30,12,-1,12,30,28,-1,12,28,13,-1,11,9,29,-1,29,9,31,-1,4,32,33,-1,4,33,8,-1,8,33,31,-1,8,31,9,-1,4,0,32,-1,32,0,26,-1,
        ]
    }
}
Shape{
    appearance Appearance {
        material  Material 	{
            diffuseColor 0.7529411764705882 0.7529411764705882 0.7529411764705882
            specularColor 0.3764705882352941 0.3764705882352941 0.3764705882352941
            ambientIntensity 0.7529
            transparency 0.0
            shininess 0.5
        }
    }
    geometry IndexedFaceSet {
        ccw TRUE
        solid FALSE
        coord DEF co Coordinate {
            point [
                0.8495 3.3057 1.4173, 0.8488 3.3057 1.4173, 0.8512 3.2966 1.4173, 0.8472 3.2971 1.4173, 0.8528 3.2907 1.4173, 0.8453 3.2907 1.4173, 0.8851 3.202 1.4173, 0.8134 3.202 1.4173
            ]
        }
        coordIndex [
            0,1,2,-1,2,1,3,-1,2,3,4,-1,4,3,5,-1,4,5,6,-1,6,5,7,-1,
        ]
    }
}
Shape{
    appearance Appearance {
        material  Material 	{
            diffuseColor 0.0 0.0 0.0
            specularColor 0.0 0.0 0.0
            ambientIntensity 0.0
            transparency 0.0
            shininess 0.5
        }
    }
    geometry IndexedFaceSet {
        ccw TRUE
        solid FALSE
        coord DEF co Coordinate {
            point [
                0.2037 2.805 1.4213, 0.2037 2.7807 1.4213, 0.2037 2.805 1.4173, 0.2037 2.7807 1.4173, 0.1165 2.805 1.4213, 0.1165 2.805 1.4173, 0.1165 2.8769 1.4213, 0.1165 2.8769 1.4173, 0.1928 2.8769 1.4213, 0.1928 2.8769 1.4173, 0.1928 2.9013 1.4213, 0.1928 2.9013 1.4173, 0.1165 2.9013 1.4213, 0.1165 2.9013 1.4173, 0.1165 2.9697 1.4213, 0.1165 2.9655 1.4173, 0.1165 2.9697 1.4173, 0.1989 2.9697 1.4213, 0.1989 2.9697 1.4173, 0.1989 2.9942 1.4213, 0.1989 2.9942 1.4173, 0.0889 2.9942 1.4213, 0.0889 2.9942 1.4173, 0.0889 2.7807 1.4173, 0.0889 2.7807 1.4213, 0.0889 2.9655 1.4173, 0.3251 2.7807 1.4213, 0.3519 2.7807 1.4213, 0.3251 2.8043 1.4213, 0.3519 2.8788 1.4213, 0.2719 2.8481 1.4213, 0.2894 2.8524 1.4213, 0.3251 2.8572 1.4213, 0.3251 2.8426 1.4213, 0.3244 2.8043 1.4213, 0.3103 2.8082 1.4213, 0.3186 2.7958 1.4213, 0.3028 2.8031 1.4213, 0.3251 2.8408 1.4213, 0.3234 2.8289 1.4213, 0.3195 2.8193 1.4213, 0.3137 2.8115 1.4213, 0.3149 2.9348 1.4213, 0.3095 2.9119 1.4213, 0.3257 2.9311 1.4213, 0.3143 2.9088 1.4213, 0.2662 2.8451 1.4213, 0.3251 2.8776 1.4213, 0.3242 2.8895 1.4213, 0.3493 2.9012 1.4213, 0.3214 2.899 1.4213, 0.3449 2.9127 1.4213, 0.3183 2.9045 1.4213, 0.3393 2.921 1.4213, 0.3343 2.9258 1.4213, 0.2442 2.9225 1.4213, 0.2442 2.8965 1.4213, 0.2498 2.9257 1.4213, 0.2627 2.9081 1.4213, 0.2696 2.9334 1.4213, 0.2794 2.9135 1.4213, 0.2967 2.9367 1.4213, 0.2942 2.915 1.4213, 0.3033 2.914 1.4213, 0.2619 2.8082 1.4213, 0.2424 2.7891 1.4213, 0.2642 2.8059 1.4213, 0.2514 2.7828 1.4213, 0.2695 2.8023 1.4213, 0.2617 2.779 1.4213, 0.2756 2.8001 1.4213, 0.2777 2.7771 1.4213, 0.2846 2.799 1.4213, 0.2923 2.7788 1.4213, 0.2946 2.8002 1.4213, 0.303 2.7829 1.4213, 0.3099 2.7873 1.4213, 0.2799 2.8713 1.4213, 0.2579 2.8656 1.4213, 0.2636 2.843 1.4213, 0.2472 2.8597 1.4213, 0.2604 2.8391 1.4213, 0.2393 2.8525 1.4213, 0.258 2.8341 1.4213, 0.2338 2.8438 1.4213, 0.2567 2.828 1.4213, 0.2306 2.834 1.4213, 0.2565 2.8237 1.4213, 0.2293 2.8215 1.4213, 0.2571 2.8176 1.4213, 0.2307 2.8093 1.4213, 0.2589 2.8127 1.4213, 0.2339 2.8003 1.4213, 0.2395 2.7921 1.4213, 0.2967 2.9367 1.4173, 0.2696 2.9334 1.4173, 0.2498 2.9257 1.4173, 0.2442 2.9225 1.4173, 0.2442 2.8965 1.4173, 0.2627 2.9081 1.4173, 0.2794 2.9135 1.4173, 0.2942 2.915 1.4173, 0.3033 2.914 1.4173, 0.3095 2.9119 1.4173, 0.3143 2.9088 1.4173, 0.3183 2.9045 1.4173, 0.3214 2.899 1.4173, 0.3242 2.8895 1.4173, 0.3251 2.8776 1.4173, 0.2799 2.8713 1.4173, 0.2579 2.8656 1.4173, 0.2472 2.8597 1.4173, 0.2393 2.8525 1.4173, 0.2338 2.8438 1.4173, 0.2306 2.834 1.4173, 0.2293 2.8215 1.4173, 0.2307 2.8093 1.4173, 0.2339 2.8003 1.4173, 0.2395 2.7921 1.4173, 0.2424 2.7891 1.4173, 0.2777 2.7771 1.4173, 0.2622 2.7789 1.4173, 0.2617 2.779 1.4173, 0.2514 2.7828 1.4173, 0.2923 2.7788 1.4173, 0.2925 2.7789 1.4173, 0.303 2.7829 1.4173, 0.3099 2.7873 1.4173, 0.3186 2.7958 1.4173, 0.3244 2.8043 1.4173, 0.3251 2.8043 1.4173, 0.3251 2.7807 1.4173, 0.3519 2.7807 1.4173, 0.3519 2.8788 1.4173, 0.3493 2.9012 1.4173, 0.3449 2.9127 1.4173, 0.3393 2.921 1.4173, 0.3343 2.9258 1.4173, 0.3257 2.9311 1.4173, 0.3149 2.9348 1.4173, 0.2636 2.843 1.4173, 0.2662 2.8451 1.4173, 0.2719 2.8481 1.4173, 0.2894 2.8524 1.4173, 0.2565 2.8237 1.4173, 0.2567 2.828 1.4173, 0.258 2.8341 1.4173, 0.2604 2.8391 1.4173, 0.2642 2.8059 1.4173, 0.2619 2.8082 1.4173, 0.2589 2.8127 1.4173, 0.2571 2.8176 1.4173, 0.2846 2.799 1.4173, 0.2756 2.8001 1.4173, 0.2695 2.8023 1.4173, 0.3137 2.8115 1.4173, 0.3103 2.8082 1.4173, 0.3028 2.8031 1.4173, 0.2946 2.8002 1.4173, 0.3251 2.8426 1.4173, 0.3251 2.8408 1.4173, 0.3234 2.8289 1.4173, 0.3195 2.8193 1.4173, 0.3251 2.8572 1.4173
            ]
        }
        coordIndex [
            0,1,2,-1,2,1,3,-1,4,0,5,-1,5,0,2,-1,6,4,7,-1,7,4,5,-1,8,6,9,-1,9,6,7,-1,10,8,11,-1,11,8,9,-1,12,10,13,-1,13,10,11,-1,12,13,14,-1,14,13,15,-1,14,15,16,-1,17,14,18,-1,18,14,16,-1,19,17,20,-1,20,17,18,-1,21,19,22,-1,22,19,20,-1,23,24,25,-1,25,24,21,-1,25,21,22,-1,1,24,3,-1,3,24,23,-1,24,1,0,-1,0,4,24,-1,24,4,6,-1,24,6,21,-1,17,19,14,-1,14,19,21,-1,14,21,12,-1,12,21,6,-1,12,6,10,-1,10,6,8,-1,26,27,28,-1,28,27,29,-1,30,31,29,-1,29,31,32,-1,29,32,33,-1,34,35,36,-1,36,35,37,-1,33,38,29,-1,29,38,39,-1,29,39,28,-1,28,39,40,-1,28,40,34,-1,34,40,41,-1,34,41,35,-1,42,43,44,-1,44,43,45,-1,46,30,47,-1,47,30,29,-1,47,29,48,-1,48,29,49,-1,48,49,50,-1,50,49,51,-1,50,51,52,-1,52,51,53,-1,52,53,45,-1,45,53,54,-1,45,54,44,-1,55,56,57,-1,57,56,58,-1,57,58,59,-1,59,58,60,-1,59,60,61,-1,61,60,62,-1,61,62,42,-1,42,62,63,-1,42,63,43,-1,64,65,66,-1,66,65,67,-1,66,67,68,-1,68,67,69,-1,68,69,70,-1,70,69,71,-1,70,71,72,-1,72,71,73,-1,72,73,74,-1,74,73,75,-1,74,75,37,-1,37,75,76,-1,37,76,36,-1,47,77,46,-1,46,77,78,-1,46,78,79,-1,79,78,80,-1,79,80,81,-1,81,80,82,-1,81,82,83,-1,83,82,84,-1,83,84,85,-1,85,84,86,-1,85,86,87,-1,87,86,88,-1,87,88,89,-1,89,88,90,-1,89,90,91,-1,91,90,92,-1,91,92,64,-1,64,92,93,-1,64,93,65,-1,61,94,95,-1,61,95,59,-1,59,95,96,-1,59,96,57,-1,57,96,97,-1,57,97,55,-1,56,55,98,-1,98,55,97,-1,56,98,99,-1,56,99,58,-1,58,99,100,-1,58,100,60,-1,60,100,101,-1,60,101,62,-1,62,101,102,-1,62,102,63,-1,63,102,103,-1,63,103,43,-1,43,103,104,-1,43,104,45,-1,45,104,105,-1,45,105,52,-1,52,105,106,-1,52,106,50,-1,50,106,107,-1,50,107,48,-1,48,107,108,-1,48,108,47,-1,77,47,109,-1,109,47,108,-1,77,109,110,-1,77,110,78,-1,78,110,111,-1,78,111,80,-1,80,111,112,-1,80,112,82,-1,82,112,113,-1,82,113,84,-1,84,113,114,-1,84,114,86,-1,86,114,115,-1,86,115,88,-1,88,115,116,-1,88,116,90,-1,90,116,117,-1,90,117,92,-1,92,117,118,-1,92,118,93,-1,93,118,119,-1,93,119,65,-1,120,71,121,-1,121,71,69,-1,121,69,122,-1,122,69,67,-1,122,67,123,-1,123,67,65,-1,123,65,119,-1,71,120,124,-1,71,124,73,-1,73,124,125,-1,73,125,75,-1,125,126,75,-1,75,126,127,-1,75,127,76,-1,76,127,128,-1,76,128,36,-1,36,128,129,-1,36,129,34,-1,28,34,130,-1,130,34,129,-1,26,28,131,-1,131,28,130,-1,27,26,132,-1,132,26,131,-1,29,27,133,-1,133,27,132,-1,29,133,134,-1,29,134,49,-1,49,134,135,-1,49,135,51,-1,51,135,136,-1,51,136,53,-1,53,136,137,-1,53,137,54,-1,54,137,138,-1,54,138,44,-1,44,138,139,-1,44,139,42,-1,42,139,94,-1,42,94,61,-1,79,140,141,-1,79,141,46,-1,46,141,142,-1,46,142,30,-1,30,142,143,-1,30,143,31,-1,87,144,145,-1,87,145,85,-1,85,145,146,-1,85,146,83,-1,83,146,147,-1,83,147,81,-1,81,147,140,-1,81,140,79,-1,66,148,149,-1,66,149,64,-1,64,149,150,-1,64,150,91,-1,91,150,151,-1,91,151,89,-1,89,151,144,-1,89,144,87,-1,72,152,153,-1,72,153,70,-1,70,153,154,-1,70,154,68,-1,68,154,148,-1,68,148,66,-1,41,155,156,-1,41,156,35,-1,35,156,157,-1,35,157,37,-1,37,157,158,-1,37,158,74,-1,74,158,152,-1,74,152,72,-1,33,159,160,-1,33,160,38,-1,38,160,161,-1,38,161,39,-1,39,161,162,-1,39,162,40,-1,40,162,155,-1,40,155,41,-1,33,32,159,-1,159,32,163,-1,32,31,163,-1,163,31,143,-1,
        ]
    }
}
Shape{
    appearance Appearance {
        material  Material 	{
            diffuseColor 0.7529411764705882 0.7529411764705882 0.7529411764705882
            specularColor 0.3764705882352941 0.3764705882352941 0.3764705882352941
            ambientIntensity 0.7529
            transparency 0.0
            shininess 0.5
        }
    }
    geometry IndexedFaceSet {
        ccw TRUE
        solid FALSE
        coord DEF co Coordinate {
            point [
                0.3251 2.8408 1.4173, 0.3251 2.8426 1.4173, 0.2636 2.843 1.4173, 0.3251 2.8572 1.4173, 0.2894 2.8524 1.4173, 0.2719 2.8481 1.4173, 0.2662 2.8451 1.4173, 0.3234 2.8289 1.4173, 0.2604 2.8391 1.4173, 0.3195 2.8193 1.4173, 0.2619 2.8082 1.4173, 0.2642 2.8059 1.4173, 0.3103 2.8082 1.4173, 0.2589 2.8127 1.4173, 0.3028 2.8031 1.4173, 0.2946 2.8002 1.4173, 0.2846 2.799 1.4173, 0.258 2.8341 1.4173, 0.2567 2.828 1.4173, 0.3137 2.8115 1.4173, 0.2565 2.8237 1.4173, 0.2571 2.8176 1.4173, 0.2695 2.8023 1.4173, 0.2756 2.8001 1.4173
            ]
        }
        coordIndex [
            0,1,2,-1,1,3,4,-1,4,5,1,-1,1,5,6,-1,1,6,2,-1,0,2,7,-1,7,2,8,-1,7,8,9,-1,10,11,12,-1,10,12,13,-1,14,12,15,-1,15,12,16,-1,8,17,9,-1,9,17,18,-1,9,18,19,-1,19,18,20,-1,19,20,12,-1,12,20,21,-1,12,21,13,-1,11,22,12,-1,12,22,23,-1,12,23,16,-1,
        ]
    }
}
Shape{
    appearance Appearance {
        material  Material 	{
            diffuseColor 0.0 0.0 0.0
            specularColor 0.0 0.0 0.0
            ambientIntensity 0.0
            transparency 0.0
            shininess 0.5
        }
    }
    geometry IndexedFaceSet {
        ccw TRUE
        solid FALSE
        coord DEF co Coordinate {
            point [
                0.4321 2.7989 1.4213, 0.4321 2.7989 1.4173, 0.4163 2.8007 1.4173, 0.4163 2.8007 1.4213, 0.3995 2.8067 1.4173, 0.3995 2.8067 1.4213, 0.3881 2.8137 1.4173, 0.3881 2.8137 1.4213, 0.3881 2.786 1.4213, 0.3881 2.786 1.4173, 0.4295 2.7771 1.4173, 0.4295 2.7771 1.4213, 0.4121 2.7789 1.4173, 0.407 2.7794 1.4213, 0.407 2.7794 1.4173, 0.4535 2.7799 1.4213, 0.4447 2.7789 1.4173, 0.4535 2.7799 1.4173, 0.4676 2.7854 1.4173, 0.4676 2.7854 1.4213, 0.4739 2.7892 1.4173, 0.4739 2.7892 1.4213, 0.4816 2.7959 1.4173, 0.4816 2.7959 1.4213, 0.4866 2.803 1.4173, 0.4866 2.803 1.4213, 0.4898 2.8114 1.4173, 0.4898 2.8114 1.4213, 0.4911 2.8222 1.4173, 0.4911 2.8222 1.4213, 0.49 2.8321 1.4173, 0.49 2.8321 1.4213, 0.4872 2.84 1.4173, 0.4872 2.84 1.4213, 0.4822 2.8474 1.4173, 0.4822 2.8474 1.4213, 0.4758 2.8531 1.4173, 0.4758 2.8531 1.4213, 0.458 2.863 1.4173, 0.458 2.863 1.4213, 0.4477 2.8672 1.4173, 0.4477 2.8672 1.4213, 0.4311 2.8744 1.4173, 0.4311 2.8744 1.4213, 0.4217 2.8803 1.4173, 0.4217 2.8803 1.4213, 0.4191 2.8831 1.4173, 0.4191 2.8831 1.4213, 0.4171 2.8867 1.4173, 0.4171 2.8867 1.4213, 0.4161 2.8909 1.4173, 0.4161 2.8909 1.4213, 0.4158 2.8944 1.4173, 0.4158 2.8944 1.4213, 0.4163 2.8987 1.4173, 0.4163 2.8987 1.4213, 0.4176 2.9023 1.4173, 0.4176 2.9023 1.4213, 0.4199 2.9057 1.4173, 0.4199 2.9057 1.4213, 0.424 2.9093 1.4173, 0.424 2.9093 1.4213, 0.43 2.9125 1.4173, 0.43 2.9125 1.4213, 0.4371 2.9144 1.4173, 0.4371 2.9144 1.4213, 0.445 2.915 1.4173, 0.445 2.915 1.4213, 0.4615 2.9132 1.4173, 0.4615 2.9132 1.4213, 0.4767 2.9079 1.4173, 0.4767 2.9079 1.4213, 0.4838 2.9039 1.4173, 0.4838 2.9039 1.4213, 0.4838 2.9299 1.4213, 0.4838 2.9299 1.4173, 0.4664 2.935 1.4173, 0.4664 2.935 1.4213, 0.4477 2.9367 1.4173, 0.4477 2.9367 1.4213, 0.4264 2.9342 1.4173, 0.4264 2.9342 1.4213, 0.4121 2.9286 1.4173, 0.4121 2.9286 1.4213, 0.4054 2.9246 1.4173, 0.4054 2.9246 1.4213, 0.3975 2.9174 1.4173, 0.3975 2.9174 1.4213, 0.3925 2.9102 1.4173, 0.3925 2.9102 1.4213, 0.3893 2.9016 1.4173, 0.3893 2.9016 1.4213, 0.3883 2.892 1.4173, 0.3883 2.892 1.4213, 0.3894 2.8816 1.4173, 0.3894 2.8816 1.4213, 0.3924 2.8735 1.4173, 0.3924 2.8735 1.4213, 0.3959 2.8679 1.4173, 0.3959 2.8679 1.4213, 0.4002 2.8633 1.4173, 0.4002 2.8633 1.4213, 0.4128 2.855 1.4173, 0.4128 2.855 1.4213, 0.4288 2.8477 1.4173, 0.4288 2.8477 1.4213, 0.4463 2.8404 1.4173, 0.4463 2.8404 1.4213, 0.4568 2.8341 1.4173, 0.4568 2.8341 1.4213, 0.4601 2.8306 1.4173, 0.4601 2.8306 1.4213, 0.4622 2.8271 1.4173, 0.4622 2.8271 1.4213, 0.4634 2.8229 1.4173, 0.4634 2.8229 1.4213, 0.4637 2.8196 1.4173, 0.4637 2.8196 1.4213, 0.4631 2.8145 1.4173, 0.4631 2.8145 1.4213, 0.4617 2.8107 1.4173, 0.4617 2.8107 1.4213, 0.4594 2.8072 1.4173, 0.4594 2.8072 1.4213, 0.4563 2.8045 1.4173, 0.4563 2.8045 1.4213, 0.4539 2.803 1.4173, 0.4539 2.803 1.4213, 0.447 2.8005 1.4173, 0.447 2.8005 1.4213, 0.4333 2.7989 1.4173, 0.4333 2.7989 1.4213, 0.6237 2.9332 1.4213, 0.6514 2.9332 1.4213, 0.6237 2.9332 1.4173, 0.6514 2.9332 1.4173, 0.582 2.8184 1.4213, 0.582 2.8184 1.4173, 0.58 2.8113 1.4173, 0.58 2.8113 1.4213, 0.5788 2.806 1.4173, 0.5788 2.806 1.4213, 0.5781 2.806 1.4213, 0.5781 2.806 1.4173, 0.5748 2.8186 1.4213, 0.5748 2.8186 1.4173, 0.5349 2.9332 1.4173, 0.5349 2.9332 1.4213, 0.5478 2.8961 1.4173, 0.505 2.9332 1.4213, 0.505 2.9332 1.4173, 0.5648 2.781 1.4173, 0.5648 2.781 1.4213, 0.5478 2.8243 1.4173, 0.5531 2.7533 1.4173, 0.5531 2.7533 1.4213, 0.5639 2.7789 1.4173, 0.5478 2.7437 1.4173, 0.5478 2.7435 1.4213, 0.5478 2.7435 1.4173, 0.5428 2.738 1.4173, 0.5428 2.738 1.4213, 0.5384 2.7349 1.4173, 0.5384 2.7349 1.4213, 0.5326 2.7326 1.4173, 0.5326 2.7326 1.4213, 0.5257 2.7318 1.4173, 0.5257 2.7318 1.4213, 0.516 2.7331 1.4173, 0.516 2.7331 1.4213, 0.5105 2.7349 1.4173, 0.5105 2.7349 1.4213, 0.5105 2.7111 1.4213, 0.5105 2.7111 1.4173, 0.5219 2.7091 1.4173, 0.5219 2.7091 1.4213, 0.5278 2.7089 1.4173, 0.5278 2.7089 1.4213, 0.5386 2.7101 1.4173, 0.5386 2.7101 1.4213, 0.5478 2.7136 1.4173, 0.5491 2.7141 1.4213, 0.5491 2.7141 1.4173, 0.5585 2.7207 1.4173, 0.5585 2.7207 1.4213, 0.5603 2.7223 1.4173, 0.5603 2.7223 1.4213, 0.5701 2.7341 1.4173, 0.5701 2.7341 1.4213, 0.5822 2.7577 1.4173, 0.5822 2.7577 1.4213, 0.5906 2.7789 1.4173, 0.7951 2.805 1.4213, 0.7951 2.7807 1.4213, 0.7951 2.805 1.4173, 0.7951 2.7807 1.4173, 0.7078 2.805 1.4173, 0.7078 2.805 1.4213, 0.7478 2.805 1.4173, 0.7078 2.8769 1.4213, 0.7078 2.8769 1.4173, 0.7842 2.8769 1.4173, 0.7842 2.8769 1.4213, 0.7478 2.8769 1.4173, 0.7842 2.9013 1.4213, 0.7842 2.9013 1.4173, 0.7078 2.9013 1.4173, 0.7078 2.9013 1.4213, 0.7478 2.9013 1.4173, 0.7078 2.9697 1.4213, 0.7078 2.9655 1.4173, 0.7078 2.9697 1.4173, 0.7902 2.9697 1.4173, 0.7902 2.9697 1.4213, 0.7478 2.9697 1.4173, 0.7902 2.9942 1.4213, 0.7902 2.9942 1.4173, 0.6802 2.9942 1.4173, 0.6802 2.9942 1.4213, 0.7478 2.9942 1.4173, 0.6802 2.7807 1.4173, 0.6802 2.7807 1.4213, 0.6802 2.9655 1.4173, 0.7478 2.7807 1.4173, 0.977 2.8106 1.4213, 0.955 2.825 1.4213, 0.9548 2.7946 1.4213, 0.9412 2.8154 1.4213, 0.9304 2.7851 1.4213, 0.9236 2.8086 1.4213, 0.8941 2.7807 1.4213, 0.894 2.805 1.4213, 0.8354 2.7807 1.4213, 0.863 2.805 1.4213, 0.8354 2.9942 1.4213, 0.863 2.9697 1.4213, 0.8963 2.9942 1.4213, 0.8952 2.9697 1.4213, 0.903 2.9694 1.4213, 0.9289 2.9906 1.4213, 0.9254 2.9659 1.4213, 0.9547 2.9812 1.4213, 0.9435 2.9588 1.4213, 0.977 2.9659 1.4213, 0.9568 2.9496 1.4213, 0.9845 2.9586 1.4213, 0.9628 2.9437 1.4213, 0.9978 2.94 1.4213, 0.971 2.9318 1.4213, 1.0057 2.9196 1.4213, 0.9771 2.9162 1.4213, 1.0092 2.8902 1.4213, 0.9803 2.8894 1.4213, 1.0086 2.8766 1.4213, 0.9793 2.8739 1.4213, 1.0034 2.8516 1.4213, 0.9749 2.8548 1.4213, 0.9929 2.8295 1.4213, 0.9673 2.8392 1.4213, 0.9574 2.8273 1.4213, 0.8941 2.7807 1.4173, 0.8354 2.7807 1.4173, 0.9304 2.7851 1.4173, 0.9548 2.7946 1.4173, 0.977 2.8106 1.4173, 0.9775 2.8112 1.4173, 0.9929 2.8295 1.4173, 1.0034 2.8516 1.4173, 1.0086 2.8766 1.4173, 1.0092 2.8902 1.4173, 0.9775 2.9655 1.4173, 0.977 2.9659 1.4173, 1.0057 2.9196 1.4173, 0.9978 2.94 1.4173, 0.9845 2.9586 1.4173, 0.9775 2.9655 1.4173, 0.9547 2.9812 1.4173, 0.9289 2.9906 1.4173, 0.8963 2.9942 1.4173, 0.8354 2.9942 1.4173, 0.8354 2.9655 1.4173, 0.8952 2.9697 1.4173, 0.863 2.9697 1.4173, 0.863 2.805 1.4173, 0.894 2.805 1.4173, 0.9574 2.8273 1.4173, 0.955 2.825 1.4173, 0.9412 2.8154 1.4173, 0.9236 2.8086 1.4173, 0.9803 2.8894 1.4173, 0.9793 2.8739 1.4173, 0.9749 2.8548 1.4173, 0.9673 2.8392 1.4173, 0.9568 2.9496 1.4173, 0.9628 2.9437 1.4173, 0.971 2.9318 1.4173, 0.9771 2.9162 1.4173, 0.903 2.9694 1.4173, 0.9254 2.9659 1.4173, 0.9435 2.9588 1.4173
            ]
        }
        coordIndex [
            0,1,2,-1,0,2,3,-1,3,2,4,-1,3,4,5,-1,5,4,6,-1,5,6,7,-1,8,7,9,-1,9,7,6,-1,10,11,12,-1,12,11,13,-1,12,13,14,-1,14,13,8,-1,14,8,9,-1,11,10,15,-1,15,10,16,-1,16,17,15,-1,15,17,18,-1,15,18,19,-1,19,18,20,-1,19,20,21,-1,21,20,22,-1,21,22,23,-1,23,22,24,-1,23,24,25,-1,25,24,26,-1,25,26,27,-1,27,26,28,-1,27,28,29,-1,29,28,30,-1,29,30,31,-1,31,30,32,-1,31,32,33,-1,33,32,34,-1,33,34,35,-1,35,34,36,-1,35,36,37,-1,37,36,38,-1,37,38,39,-1,39,38,40,-1,39,40,41,-1,41,40,42,-1,41,42,43,-1,43,42,44,-1,43,44,45,-1,45,44,46,-1,45,46,47,-1,47,46,48,-1,47,48,49,-1,49,48,50,-1,49,50,51,-1,51,50,52,-1,51,52,53,-1,53,52,54,-1,53,54,55,-1,55,54,56,-1,55,56,57,-1,57,56,58,-1,57,58,59,-1,59,58,60,-1,59,60,61,-1,61,60,62,-1,61,62,63,-1,63,62,64,-1,63,64,65,-1,65,64,66,-1,65,66,67,-1,67,66,68,-1,67,68,69,-1,69,68,70,-1,69,70,71,-1,71,70,72,-1,71,72,73,-1,74,73,75,-1,75,73,72,-1,74,75,76,-1,74,76,77,-1,77,76,78,-1,77,78,79,-1,79,78,80,-1,79,80,81,-1,81,80,82,-1,81,82,83,-1,83,82,84,-1,83,84,85,-1,85,84,86,-1,85,86,87,-1,87,86,88,-1,87,88,89,-1,89,88,90,-1,89,90,91,-1,91,90,92,-1,91,92,93,-1,93,92,94,-1,93,94,95,-1,95,94,96,-1,95,96,97,-1,97,96,98,-1,97,98,99,-1,99,98,100,-1,99,100,101,-1,101,100,102,-1,101,102,103,-1,103,102,104,-1,103,104,105,-1,105,104,106,-1,105,106,107,-1,107,106,108,-1,107,108,109,-1,109,108,110,-1,109,110,111,-1,111,110,112,-1,111,112,113,-1,113,112,114,-1,113,114,115,-1,115,114,116,-1,115,116,117,-1,117,116,118,-1,117,118,119,-1,119,118,120,-1,119,120,121,-1,121,120,122,-1,121,122,123,-1,123,122,124,-1,123,124,125,-1,125,124,126,-1,125,126,127,-1,127,126,128,-1,127,128,129,-1,129,128,130,-1,129,130,131,-1,131,130,1,-1,131,1,0,-1,59,61,83,-1,83,61,81,-1,107,41,105,-1,105,41,43,-1,19,21,123,-1,123,21,23,-1,123,23,121,-1,121,23,25,-1,121,25,119,-1,119,25,27,-1,119,27,117,-1,117,27,29,-1,117,29,115,-1,115,29,31,-1,115,31,113,-1,113,31,33,-1,113,33,111,-1,111,33,35,-1,111,35,109,-1,109,35,37,-1,109,37,107,-1,107,37,39,-1,107,39,41,-1,11,0,13,-1,13,0,3,-1,13,3,8,-1,8,3,5,-1,8,5,7,-1,61,63,81,-1,81,63,65,-1,81,65,79,-1,79,65,67,-1,79,67,77,-1,77,67,69,-1,77,69,74,-1,74,69,71,-1,74,71,73,-1,123,125,19,-1,19,125,127,-1,19,127,15,-1,15,127,129,-1,15,129,11,-1,11,129,131,-1,11,131,0,-1,83,85,59,-1,59,85,87,-1,59,87,57,-1,57,87,89,-1,57,89,55,-1,55,89,91,-1,55,91,53,-1,53,91,93,-1,53,93,51,-1,51,93,95,-1,51,95,49,-1,49,95,97,-1,49,97,47,-1,47,97,99,-1,47,99,45,-1,45,99,101,-1,45,101,43,-1,43,101,103,-1,43,103,105,-1,132,133,134,-1,134,133,135,-1,136,132,137,-1,137,132,134,-1,136,137,138,-1,136,138,139,-1,139,138,140,-1,139,140,141,-1,142,141,143,-1,143,141,140,-1,144,142,145,-1,145,142,143,-1,146,147,148,-1,148,147,144,-1,148,144,145,-1,149,147,150,-1,150,147,146,-1,151,152,153,-1,153,152,149,-1,153,149,150,-1,154,155,156,-1,156,155,152,-1,156,152,151,-1,154,157,155,-1,155,157,158,-1,157,159,158,-1,158,159,160,-1,158,160,161,-1,161,160,162,-1,161,162,163,-1,163,162,164,-1,163,164,165,-1,165,164,166,-1,165,166,167,-1,167,166,168,-1,167,168,169,-1,169,168,170,-1,169,170,171,-1,172,171,173,-1,173,171,170,-1,172,173,174,-1,172,174,175,-1,175,174,176,-1,175,176,177,-1,177,176,178,-1,177,178,179,-1,179,178,180,-1,179,180,181,-1,180,182,181,-1,181,182,183,-1,181,183,184,-1,184,183,185,-1,184,185,186,-1,186,185,187,-1,186,187,188,-1,188,187,189,-1,188,189,190,-1,135,133,191,-1,191,133,190,-1,191,190,189,-1,139,141,190,-1,133,132,190,-1,190,132,136,-1,190,136,139,-1,147,149,144,-1,144,149,152,-1,144,152,142,-1,171,172,169,-1,169,172,175,-1,169,175,167,-1,167,175,177,-1,167,177,165,-1,165,177,179,-1,165,179,163,-1,163,179,181,-1,163,181,161,-1,141,142,190,-1,190,142,152,-1,190,152,188,-1,152,155,188,-1,188,155,158,-1,188,158,186,-1,186,158,161,-1,186,161,184,-1,184,161,181,-1,192,193,194,-1,194,193,195,-1,196,197,198,-1,198,197,192,-1,198,192,194,-1,199,197,200,-1,200,197,196,-1,201,202,203,-1,203,202,199,-1,203,199,200,-1,204,202,205,-1,205,202,201,-1,206,207,208,-1,208,207,204,-1,208,204,205,-1,207,206,209,-1,209,206,210,-1,209,210,211,-1,212,213,214,-1,214,213,209,-1,214,209,211,-1,215,213,216,-1,216,213,212,-1,217,218,219,-1,219,218,215,-1,219,215,216,-1,220,221,222,-1,222,221,218,-1,222,218,217,-1,195,193,223,-1,223,193,221,-1,223,221,220,-1,221,193,192,-1,192,197,221,-1,221,197,199,-1,221,199,218,-1,213,215,209,-1,209,215,218,-1,209,218,207,-1,207,218,199,-1,207,199,204,-1,204,199,202,-1,224,225,226,-1,226,225,227,-1,226,227,228,-1,228,227,229,-1,228,229,230,-1,230,229,231,-1,230,231,232,-1,232,231,233,-1,232,233,234,-1,234,233,235,-1,234,235,236,-1,235,237,236,-1,236,237,238,-1,236,238,239,-1,239,238,240,-1,239,240,241,-1,241,240,242,-1,241,242,243,-1,243,242,244,-1,243,244,245,-1,245,244,246,-1,245,246,247,-1,247,246,248,-1,247,248,249,-1,249,248,250,-1,249,250,251,-1,251,250,252,-1,251,252,253,-1,253,252,254,-1,253,254,255,-1,255,254,256,-1,255,256,257,-1,257,256,258,-1,257,258,224,-1,224,258,259,-1,224,259,225,-1,230,232,260,-1,260,232,261,-1,230,260,262,-1,230,262,228,-1,228,262,263,-1,228,263,226,-1,226,263,264,-1,226,264,224,-1,224,264,265,-1,224,265,257,-1,265,266,257,-1,257,266,267,-1,257,267,255,-1,255,267,268,-1,255,268,253,-1,253,268,269,-1,253,269,251,-1,270,271,243,-1,251,269,272,-1,251,272,249,-1,249,272,273,-1,249,273,247,-1,247,273,274,-1,247,274,245,-1,245,274,243,-1,243,274,275,-1,243,275,270,-1,243,271,276,-1,243,276,241,-1,241,276,277,-1,241,277,239,-1,239,277,278,-1,239,278,236,-1,234,236,279,-1,279,236,278,-1,261,232,280,-1,280,232,234,-1,280,234,279,-1,237,235,281,-1,281,235,282,-1,235,233,282,-1,282,233,283,-1,233,231,283,-1,283,231,284,-1,259,285,286,-1,259,286,225,-1,225,286,287,-1,225,287,227,-1,227,287,288,-1,227,288,229,-1,229,288,284,-1,229,284,231,-1,252,289,290,-1,252,290,254,-1,254,290,291,-1,254,291,256,-1,256,291,292,-1,256,292,258,-1,258,292,285,-1,258,285,259,-1,244,293,294,-1,244,294,246,-1,246,294,295,-1,246,295,248,-1,248,295,296,-1,248,296,250,-1,250,296,289,-1,250,289,252,-1,237,281,297,-1,237,297,238,-1,238,297,298,-1,238,298,240,-1,240,298,299,-1,240,299,242,-1,242,299,293,-1,242,293,244,-1,
        ]
    }
}
Shape{
    appearance Appearance {
        material  Material 	{
            diffuseColor 0.7529411764705882 0.7529411764705882 0.7529411764705882
            specularColor 0.3764705882352941 0.3764705882352941 0.3764705882352941
            ambientIntensity 0.7529
            transparency 0.0
            shininess 0.5
        }
    }
    geometry IndexedFaceSet {
        ccw TRUE
        solid FALSE
        coord DEF co Coordinate {
            point [
                0.955 2.825 1.4173, 0.9574 2.8273 1.4173, 0.903 2.9694 1.4173, 0.9412 2.8154 1.4173, 0.863 2.9697 1.4173, 0.863 2.805 1.4173, 0.8952 2.9697 1.4173, 0.894 2.805 1.4173, 0.9236 2.8086 1.4173, 0.9673 2.8392 1.4173, 0.9749 2.8548 1.4173, 0.9793 2.8739 1.4173, 0.9568 2.9496 1.4173, 0.9803 2.8894 1.4173, 0.9435 2.9588 1.4173, 0.9254 2.9659 1.4173, 0.9771 2.9162 1.4173, 0.971 2.9318 1.4173, 0.9628 2.9437 1.4173
            ]
        }
        coordIndex [
            0,1,2,-1,0,2,3,-1,4,5,6,-1,6,5,7,-1,6,7,2,-1,2,7,8,-1,2,8,3,-1,1,9,2,-1,2,9,10,-1,2,10,11,-1,12,11,13,-1,12,14,11,-1,11,14,15,-1,11,15,2,-1,16,17,13,-1,13,17,18,-1,13,18,12,-1,
        ]
    }
}
Shape{
    appearance Appearance {
        material  Material 	{
            diffuseColor 0.0 0.0 0.0
            specularColor 0.0 0.0 0.0
            ambientIntensity 0.0
            transparency 0.0
            shininess 0.5
        }
    }
    geometry IndexedFaceSet {
        ccw TRUE
        solid FALSE
        coord DEF co Coordinate {
            point [
                1.0808 2.8632 1.4213, 1.0721 2.8391 1.4213, 1.1525 2.8632 1.4213, 1.161 2.8391 1.4213, 1.1127 2.952 1.4213, 1.1024 2.9942 1.4213, 1.0211 2.7807 1.4213, 1.0515 2.7807 1.4213, 1.1146 2.9583 1.4213, 1.1162 2.9669 1.4213, 1.1319 2.9942 1.4213, 1.1169 2.9669 1.4213, 1.1186 2.9579 1.4213, 1.1202 2.952 1.4213, 1.2132 2.7807 1.4213, 1.1828 2.7807 1.4213, 1.1319 2.9942 1.4173, 1.1428 2.9655 1.4173, 1.2132 2.7807 1.4173, 1.1024 2.9942 1.4173, 1.0211 2.7807 1.4173, 1.0915 2.9655 1.4173, 1.0515 2.7807 1.4173, 1.0721 2.8391 1.4173, 1.161 2.8391 1.4173, 1.1828 2.7807 1.4173, 1.0808 2.8632 1.4173, 1.1525 2.8632 1.4173, 1.1202 2.952 1.4173, 1.1169 2.9669 1.4173, 1.1186 2.9579 1.4173, 1.1162 2.9669 1.4173, 1.1127 2.952 1.4173, 1.1146 2.9583 1.4173
            ]
        }
        coordIndex [
            0,1,2,-1,2,1,3,-1,4,5,0,-1,0,5,6,-1,0,6,1,-1,1,6,7,-1,4,8,5,-1,5,8,9,-1,5,9,10,-1,10,9,11,-1,10,11,12,-1,12,13,10,-1,10,13,2,-1,10,2,14,-1,14,2,3,-1,14,3,15,-1,16,10,17,-1,17,10,14,-1,17,14,18,-1,5,10,19,-1,19,10,16,-1,20,6,21,-1,21,6,5,-1,21,5,19,-1,7,6,22,-1,22,6,20,-1,1,7,23,-1,23,7,22,-1,3,1,24,-1,24,1,23,-1,15,3,25,-1,25,3,24,-1,14,15,18,-1,18,15,25,-1,0,2,26,-1,26,2,27,-1,2,13,27,-1,27,13,28,-1,11,29,30,-1,11,30,12,-1,12,30,28,-1,12,28,13,-1,11,9,29,-1,29,9,31,-1,4,32,33,-1,4,33,8,-1,8,33,31,-1,8,31,9,-1,4,0,32,-1,32,0,26,-1,
        ]
    }
}
Shape{
    appearance Appearance {
        material  Material 	{
            diffuseColor 0.7529411764705882 0.7529411764705882 0.7529411764705882
            specularColor 0.3764705882352941 0.3764705882352941 0.3764705882352941
            ambientIntensity 0.7529
            transparency 0.0
            shininess 0.5
        }
    }
    geometry IndexedFaceSet {
        ccw TRUE
        solid FALSE
        coord DEF co Coordinate {
            point [
                1.1169 2.9669 1.4173, 1.1162 2.9669 1.4173, 1.1186 2.9579 1.4173, 1.1146 2.9583 1.4173, 1.1202 2.952 1.4173, 1.1127 2.952 1.4173, 1.1525 2.8632 1.4173, 1.0808 2.8632 1.4173
            ]
        }
        coordIndex [
            0,1,2,-1,2,1,3,-1,2,3,4,-1,4,3,5,-1,4,5,6,-1,6,5,7,-1,
        ]
    }
}
Shape{
    appearance Appearance {
        material  Material 	{
            diffuseColor 0.0 0.0 0.0
            specularColor 0.0 0.0 0.0
            ambientIntensity 0.0
            transparency 0.0
            shininess 0.5
        }
    }
    geometry IndexedFaceSet {
        ccw TRUE
        solid FALSE
        coord DEF co Coordinate {
            point [
                -0.8541 2.7504 1.4213, -0.8315 2.7226 1.4213, -0.8678 2.8847 1.4213, -0.8941 3.1486 1.4213, -0.8602 3.1665 1.4213, -0.8671 3.2602 1.4213, -0.7737 3.2642 1.4213, -0.7266 3.1534 1.4213, -0.7034 3.2014 1.4213, -0.5733 2.8316 1.4213, -0.5733 2.8468 1.4213, -0.7015 2.8837 1.4213, -0.7158 2.8883 1.4213, -0.9008 2.9051 1.4213, -0.8905 2.7894 1.4213, -0.8693 2.783 1.4213, -0.8086 3.2673 1.4213, -0.6789 2.8652 1.4213, -0.6719 2.8529 1.4213, -0.5741 2.8159 1.4213, -0.3607 2.9591 1.4213, -0.4078 3.0396 1.4213, -0.6112 2.9333 1.4213, -0.7266 2.8893 1.4213, -0.7405 2.8876 1.4213, -0.7613 2.9804 1.4213, -0.7538 2.8826 1.4213, -0.7948 2.9676 1.4213, -0.7658 2.8744 1.4213, -0.8259 2.9461 1.4213, -0.7745 2.8648 1.4213, -0.851 2.9174 1.4213, -0.7817 2.8517 1.4213, -0.7854 2.8372 1.4213, -0.6699 2.9747 1.4213, -0.7066 2.9838 1.4213, -0.7251 2.9849 1.4213, -0.689 2.8758 1.4213, -0.7656 2.7856 1.4213, -0.7534 2.7773 1.4213, -0.8018 2.7002 1.4213, -0.7393 2.7722 1.4213, -0.3106 3.1094 1.4213, -0.2985 3.1094 1.4213, -0.2363 3.1914 1.4213, -0.2696 3.1058 1.4213, -0.2287 3.1888 1.4213, -0.2431 3.0956 1.4213, -0.1836 3.1664 1.4213, -0.1424 3.1316 1.4213, -0.7425 3.3005 1.4213, -0.6694 3.2421 1.4213, -0.7069 3.331 1.4213, -0.6286 3.2719 1.4213, -0.661 3.3585 1.4213, -0.8228 3.1754 1.4213, -0.8071 3.1762 1.4213, -0.7911 3.2663 1.4213, -0.7716 3.1718 1.4213, -0.7375 3.1594 1.4213, -0.6377 2.9574 1.4213, -0.1421 2.8483 1.4213, -0.2129 2.9085 1.4213, -0.1835 2.8133 1.4213, -0.2354 2.8902 1.4213, -0.2298 2.7906 1.4213, -0.2622 2.8778 1.4213, -0.2803 2.78 1.4213, -0.2894 2.8726 1.4213, -0.3698 2.78 1.4213, -0.3577 2.8726 1.4213, -0.3784 2.7813 1.4213, -0.7754 2.7965 1.4213, -0.7819 2.809 1.4213, -0.7854 2.8229 1.4213, -0.2196 3.0792 1.4213, -0.202 3.0596 1.4213, -0.1114 3.0884 1.4213, -0.1879 3.0334 1.4213, -0.0929 3.042 1.4213, -0.1808 3.0042 1.4213, -0.086 2.9925 1.4213, -0.1801 2.991 1.4213, -0.0929 2.9383 1.4213, -0.1837 2.9614 1.4213, -0.112 2.8902 1.4213, -0.1942 2.9344 1.4213, -0.2109 2.9107 1.4213, -0.3182 3.3113 1.4213, -0.3775 3.2414 1.4213, -0.2642 3.2474 1.4213, -0.3433 3.2005 1.4213, -0.3199 3.1516 1.4213, -0.9543 3.0611 1.4213, -1.054 3.0369 1.4213, -0.9589 3.0244 1.4213, -1.0545 3.0213 1.4213, -0.9571 3.0011 1.4213, -1.0475 2.9631 1.4213, -0.9462 2.9639 1.4213, -1.026 2.9065 1.4213, -0.9281 2.933 1.4213, -0.9907 2.8559 1.4213, -0.9451 2.8166 1.4213, -0.5904 3.3832 1.4213, -0.579 3.292 1.4213, -0.5247 3.3902 1.4213, -0.5232 3.2991 1.4213, -0.4499 3.3808 1.4213, -0.4717 3.2928 1.4213, -0.3748 3.3509 1.4213, -0.4241 3.2746 1.4213, -0.3815 3.245 1.4213, -0.9234 3.2387 1.4213, -0.9719 3.205 1.4213, -0.9203 3.1252 1.4213, -0.9832 3.1944 1.4213, -0.9413 3.095 1.4213, -1.0192 3.1484 1.4213, -1.0436 3.0939 1.4213, -0.6681 2.839 1.4213, -0.6677 2.8243 1.4213, -0.5829 2.7784 1.4213, -0.671 2.8097 1.4213, -0.6009 2.7445 1.4213, -0.6779 2.7965 1.4213, -0.6243 2.7183 1.4213, -0.6877 2.7855 1.4213, -0.6545 2.6973 1.4213, -0.6994 2.7775 1.4213, -0.6884 2.6843 1.4213, -0.7126 2.7725 1.4213, -0.7251 2.6798 1.4213, -0.7266 2.7709 1.4213, -0.731 2.6799 1.4213, -0.7668 2.6855 1.4213, -0.3653 2.874 1.4213, -0.4018 2.7959 1.4213, -0.3983 2.7923 1.4213, -0.3608 2.873 1.4213, -0.3884 2.7853 1.4213, -0.4139 2.827 1.4213, -0.4124 2.8157 1.4213, -0.4084 2.8054 1.4213, -0.3786 2.8726 1.4213, -0.389 2.8685 1.4213, -0.4135 2.833 1.4213, -0.3983 2.8618 1.4213, -0.4046 2.8549 1.4213, -0.4104 2.8446 1.4213, -0.3668 2.8741 1.4213, -0.086 2.9925 1.4173, -0.0929 3.042 1.4173, -0.1114 3.0884 1.4173, -0.1324 3.1176 1.4173, -0.1424 3.1316 1.4173, -0.1836 3.1664 1.4173, -0.2287 3.1888 1.4173, -0.2363 3.1914 1.4173, -0.2642 3.2474 1.4173, -0.3182 3.3113 1.4173, -0.3517 3.3347 1.4173, -0.3748 3.3509 1.4173, -0.4499 3.3808 1.4173, -0.5247 3.3902 1.4173, -0.5904 3.3832 1.4173, -0.661 3.3585 1.4173, -0.7007 3.3347 1.4173, -0.7069 3.331 1.4173, -0.7425 3.3005 1.4173, -0.7737 3.2642 1.4173, -0.7911 3.2663 1.4173, -0.8086 3.2673 1.4173, -0.8671 3.2602 1.4173, -0.9234 3.2387 1.4173, -0.9719 3.205 1.4173, -0.9832 3.1944 1.4173, -1.0192 3.1484 1.4173, -1.033 3.1176 1.4173, -1.0436 3.0939 1.4173, -1.054 3.0369 1.4173, -1.0545 3.0213 1.4173, -1.0477 2.9655 1.4173, -1.0475 2.9631 1.4173, -1.026 2.9065 1.4173, -0.9907 2.8559 1.4173, -0.9451 2.8166 1.4173, -0.8905 2.7894 1.4173, -0.8693 2.783 1.4173, -0.8674 2.7789 1.4173, -0.8541 2.7504 1.4173, -0.8315 2.7226 1.4173, -0.8018 2.7002 1.4173, -0.7878 2.6943 1.4173, -0.7668 2.6855 1.4173, -0.731 2.6799 1.4173, -0.7251 2.6798 1.4173, -0.5733 2.8316 1.4173, -0.6884 2.6843 1.4173, -0.6622 2.6943 1.4173, -0.6545 2.6973 1.4173, -0.6243 2.7183 1.4173, -0.6009 2.7445 1.4173, -0.5829 2.7784 1.4173, -0.5828 2.7789 1.4173, -0.5741 2.8159 1.4173, -0.5733 2.8468 1.4173, -0.3607 2.9591 1.4173, -0.4078 3.0396 1.4173, -0.3645 2.9655 1.4173, -0.6112 2.9333 1.4173, -0.5496 2.9655 1.4173, -0.6377 2.9574 1.4173, -0.6527 2.9655 1.4173, -0.6699 2.9747 1.4173, -0.7066 2.9838 1.4173, -0.7251 2.9849 1.4173, -0.7613 2.9804 1.4173, -0.7948 2.9676 1.4173, -0.798 2.9655 1.4173, -0.8259 2.9461 1.4173, -0.851 2.9174 1.4173, -0.8678 2.8847 1.4173, -0.9589 3.0244 1.4173, -0.9008 2.9051 1.4173, -0.9281 2.933 1.4173, -0.9462 2.9639 1.4173, -0.9467 2.9655 1.4173, -0.9571 3.0011 1.4173, -0.9413 3.095 1.4173, -0.9543 3.0611 1.4173, -0.9256 3.1176 1.4173, -0.9203 3.1252 1.4173, -0.8941 3.1486 1.4173, -0.8602 3.1665 1.4173, -0.8228 3.1754 1.4173, -0.8071 3.1762 1.4173, -0.7716 3.1718 1.4173, -0.7375 3.1594 1.4173, -0.7266 3.1534 1.4173, -0.7034 3.2014 1.4173, -0.6694 3.2421 1.4173, -0.6286 3.2719 1.4173, -0.579 3.292 1.4173, -0.5232 3.2991 1.4173, -0.4717 3.2928 1.4173, -0.4241 3.2746 1.4173, -0.3815 3.245 1.4173, -0.3775 3.2414 1.4173, -0.3433 3.2005 1.4173, -0.3199 3.1516 1.4173, -0.3124 3.1176 1.4173, -0.3106 3.1094 1.4173, -0.2985 3.1094 1.4173, -0.2696 3.1058 1.4173, -0.2431 3.0956 1.4173, -0.2196 3.0792 1.4173, -0.202 3.0596 1.4173, -0.1879 3.0334 1.4173, -0.1808 3.0042 1.4173, -0.1801 2.991 1.4173, -0.1832 2.9655 1.4173, -0.1837 2.9614 1.4173, -0.1942 2.9344 1.4173, -0.2109 2.9107 1.4173, -0.2129 2.9085 1.4173, -0.2354 2.8902 1.4173, -0.2622 2.8778 1.4173, -0.2894 2.8726 1.4173, -0.3577 2.8726 1.4173, -0.3608 2.873 1.4173, -0.3653 2.874 1.4173, -0.3668 2.8741 1.4173, -0.3786 2.8726 1.4173, -0.389 2.8685 1.4173, -0.3983 2.8618 1.4173, -0.4046 2.8549 1.4173, -0.4104 2.8446 1.4173, -0.4135 2.833 1.4173, -0.4139 2.827 1.4173, -0.4124 2.8157 1.4173, -0.4084 2.8054 1.4173, -0.4018 2.7959 1.4173, -0.3983 2.7923 1.4173, -0.3884 2.7853 1.4173, -0.3784 2.7813 1.4173, -0.3698 2.78 1.4173, -0.2803 2.78 1.4173, -0.2298 2.7906 1.4173, -0.1835 2.8133 1.4173, -0.1421 2.8483 1.4173, -0.0894 2.9655 1.4173, -0.0929 2.9383 1.4173, -0.112 2.8902 1.4173, -0.7266 2.8893 1.4173, -0.7158 2.8883 1.4173, -0.7015 2.8837 1.4173, -0.689 2.8758 1.4173, -0.6789 2.8652 1.4173, -0.6719 2.8529 1.4173, -0.6681 2.839 1.4173, -0.6677 2.8243 1.4173, -0.671 2.8097 1.4173, -0.6779 2.7965 1.4173, -0.6877 2.7855 1.4173, -0.6994 2.7775 1.4173, -0.7126 2.7725 1.4173, -0.7266 2.7709 1.4173, -0.7393 2.7722 1.4173, -0.7534 2.7773 1.4173, -0.7656 2.7856 1.4173, -0.7754 2.7965 1.4173, -0.7819 2.809 1.4173, -0.7854 2.8229 1.4173, -0.7854 2.8372 1.4173, -0.7817 2.8517 1.4173, -0.7745 2.8648 1.4173, -0.7658 2.8744 1.4173, -0.7538 2.8826 1.4173, -0.7405 2.8876 1.4173
            ]
        }
        coordIndex [
            0,1,2,-1,3,4,5,-1,6,7,8,-1,9,10,11,-1,11,10,12,-1,13,14,2,-1,2,14,15,-1,2,15,0,-1,5,4,16,-1,17,18,19,-1,20,21,10,-1,10,21,22,-1,10,22,12,-1,12,22,23,-1,24,25,26,-1,26,25,27,-1,26,27,28,-1,28,27,29,-1,28,29,30,-1,30,29,31,-1,30,31,32,-1,32,31,2,-1,32,2,33,-1,34,35,24,-1,24,35,36,-1,24,36,25,-1,9,11,19,-1,19,11,37,-1,19,37,17,-1,38,1,39,-1,39,1,40,-1,39,40,41,-1,42,43,44,-1,44,43,45,-1,44,45,46,-1,46,45,47,-1,46,47,48,-1,48,47,49,-1,6,8,50,-1,50,8,51,-1,50,51,52,-1,52,51,53,-1,52,53,54,-1,4,55,16,-1,16,55,56,-1,16,56,57,-1,57,56,58,-1,57,58,6,-1,6,58,59,-1,6,59,7,-1,23,22,24,-1,24,22,60,-1,24,60,34,-1,61,62,63,-1,63,62,64,-1,63,64,65,-1,65,64,66,-1,65,66,67,-1,67,66,68,-1,67,68,69,-1,69,68,70,-1,69,70,71,-1,38,72,1,-1,1,72,73,-1,1,73,2,-1,2,73,74,-1,2,74,33,-1,47,75,49,-1,49,75,76,-1,49,76,77,-1,77,76,78,-1,77,78,79,-1,79,78,80,-1,79,80,81,-1,81,80,82,-1,81,82,83,-1,83,82,84,-1,83,84,85,-1,85,84,86,-1,85,86,61,-1,61,86,87,-1,61,87,62,-1,88,89,90,-1,90,89,91,-1,90,91,44,-1,44,91,92,-1,44,92,42,-1,93,94,95,-1,95,94,96,-1,95,96,97,-1,97,96,98,-1,97,98,99,-1,99,98,100,-1,99,100,101,-1,101,100,102,-1,101,102,13,-1,13,102,103,-1,13,103,14,-1,54,53,104,-1,104,53,105,-1,104,105,106,-1,106,105,107,-1,106,107,108,-1,108,107,109,-1,108,109,110,-1,110,109,111,-1,110,111,88,-1,88,111,112,-1,88,112,89,-1,5,113,3,-1,3,113,114,-1,3,114,115,-1,115,114,116,-1,115,116,117,-1,117,116,118,-1,117,118,93,-1,93,118,119,-1,93,119,94,-1,18,120,19,-1,19,120,121,-1,19,121,122,-1,122,121,123,-1,122,123,124,-1,124,123,125,-1,124,125,126,-1,126,125,127,-1,126,127,128,-1,128,127,129,-1,128,129,130,-1,130,129,131,-1,130,131,132,-1,132,131,133,-1,132,133,134,-1,134,133,41,-1,134,41,135,-1,135,41,40,-1,136,137,138,-1,70,139,71,-1,71,139,136,-1,71,136,140,-1,140,136,138,-1,141,142,136,-1,136,142,143,-1,136,143,137,-1,144,145,146,-1,145,147,146,-1,146,147,148,-1,146,148,149,-1,141,136,146,-1,146,136,150,-1,146,150,144,-1,81,151,152,-1,81,152,79,-1,79,152,153,-1,79,153,77,-1,77,153,154,-1,77,154,49,-1,154,155,49,-1,49,155,156,-1,49,156,48,-1,48,156,157,-1,48,157,46,-1,46,157,158,-1,46,158,44,-1,44,158,159,-1,44,159,90,-1,90,159,160,-1,90,160,88,-1,110,88,161,-1,161,88,160,-1,161,162,110,-1,110,162,163,-1,110,163,108,-1,108,163,164,-1,108,164,106,-1,106,164,165,-1,106,165,104,-1,104,165,166,-1,104,166,54,-1,54,166,52,-1,52,166,167,-1,52,167,168,-1,52,168,169,-1,52,169,50,-1,50,169,170,-1,50,170,6,-1,6,170,171,-1,6,171,57,-1,57,171,172,-1,57,172,16,-1,16,172,173,-1,16,173,5,-1,5,173,174,-1,5,174,113,-1,113,174,175,-1,113,175,114,-1,114,175,176,-1,114,176,116,-1,116,176,177,-1,116,177,118,-1,118,177,178,-1,118,178,119,-1,178,179,119,-1,119,179,180,-1,119,180,94,-1,94,180,181,-1,94,181,96,-1,96,181,98,-1,98,181,182,-1,182,183,98,-1,98,183,184,-1,98,184,100,-1,100,184,185,-1,100,185,102,-1,102,185,186,-1,102,186,103,-1,103,186,187,-1,103,187,14,-1,14,187,188,-1,14,188,15,-1,15,188,189,-1,15,189,0,-1,189,190,0,-1,0,190,191,-1,0,191,1,-1,1,191,192,-1,1,192,40,-1,40,192,193,-1,40,193,135,-1,193,194,135,-1,135,194,195,-1,135,195,134,-1,134,195,196,-1,134,196,132,-1,197,9,19,-1,132,196,198,-1,199,128,198,-1,198,128,130,-1,198,130,132,-1,199,200,128,-1,128,200,201,-1,128,201,126,-1,126,201,202,-1,126,202,124,-1,124,202,203,-1,124,203,122,-1,122,203,204,-1,122,204,19,-1,19,204,205,-1,19,205,197,-1,10,9,206,-1,206,9,197,-1,20,10,207,-1,207,10,206,-1,208,21,209,-1,209,21,20,-1,209,20,207,-1,210,22,211,-1,211,22,21,-1,211,21,208,-1,22,210,212,-1,22,212,60,-1,60,212,213,-1,60,213,34,-1,213,214,34,-1,34,214,215,-1,34,215,35,-1,35,215,216,-1,35,216,36,-1,36,216,217,-1,36,217,25,-1,25,217,218,-1,25,218,27,-1,27,218,219,-1,27,219,29,-1,219,220,29,-1,29,220,221,-1,29,221,31,-1,31,221,222,-1,31,222,2,-1,223,95,97,-1,2,222,224,-1,2,224,13,-1,13,224,225,-1,13,225,101,-1,101,225,226,-1,101,226,99,-1,99,226,227,-1,99,227,97,-1,97,227,228,-1,97,228,223,-1,229,93,230,-1,230,93,95,-1,230,95,223,-1,231,115,229,-1,229,115,117,-1,229,117,93,-1,231,232,115,-1,115,232,233,-1,115,233,3,-1,3,233,234,-1,3,234,4,-1,4,234,235,-1,4,235,55,-1,55,235,236,-1,55,236,56,-1,56,236,237,-1,56,237,58,-1,58,237,238,-1,58,238,59,-1,59,238,239,-1,59,239,7,-1,7,239,240,-1,7,240,8,-1,8,240,241,-1,8,241,51,-1,51,241,242,-1,51,242,53,-1,53,242,243,-1,53,243,105,-1,105,243,244,-1,105,244,107,-1,107,244,245,-1,107,245,109,-1,109,245,246,-1,109,246,111,-1,111,246,247,-1,111,247,112,-1,112,247,248,-1,112,248,89,-1,89,248,249,-1,89,249,91,-1,91,249,250,-1,91,250,92,-1,92,250,42,-1,42,250,251,-1,42,251,252,-1,43,42,253,-1,253,42,252,-1,43,253,254,-1,43,254,45,-1,45,254,255,-1,45,255,47,-1,47,255,256,-1,47,256,75,-1,75,256,257,-1,75,257,76,-1,76,257,258,-1,76,258,78,-1,78,258,259,-1,78,259,80,-1,80,259,260,-1,80,260,82,-1,82,260,84,-1,84,260,261,-1,261,262,84,-1,84,262,263,-1,84,263,86,-1,86,263,264,-1,86,264,87,-1,87,264,265,-1,87,265,62,-1,62,265,266,-1,62,266,64,-1,64,266,267,-1,64,267,66,-1,66,267,268,-1,66,268,68,-1,70,68,269,-1,269,68,268,-1,70,269,270,-1,70,270,139,-1,139,270,271,-1,139,271,136,-1,136,271,272,-1,136,272,150,-1,150,272,273,-1,150,273,144,-1,144,273,274,-1,144,274,145,-1,145,274,275,-1,145,275,147,-1,147,275,276,-1,147,276,148,-1,148,276,277,-1,148,277,149,-1,149,277,278,-1,149,278,146,-1,146,278,279,-1,146,279,141,-1,141,279,280,-1,141,280,142,-1,142,280,281,-1,142,281,143,-1,143,281,282,-1,143,282,137,-1,137,282,283,-1,137,283,138,-1,138,283,284,-1,138,284,140,-1,140,284,285,-1,140,285,71,-1,71,285,286,-1,71,286,69,-1,67,69,287,-1,287,69,286,-1,67,287,288,-1,67,288,65,-1,65,288,289,-1,65,289,63,-1,63,289,290,-1,63,290,61,-1,151,81,291,-1,291,81,83,-1,291,83,292,-1,292,83,85,-1,292,85,293,-1,293,85,61,-1,293,61,290,-1,23,294,295,-1,23,295,12,-1,12,295,296,-1,12,296,11,-1,11,296,297,-1,11,297,37,-1,37,297,298,-1,37,298,17,-1,17,298,299,-1,17,299,18,-1,18,299,300,-1,18,300,120,-1,120,300,301,-1,120,301,121,-1,121,301,302,-1,121,302,123,-1,123,302,303,-1,123,303,125,-1,125,303,304,-1,125,304,127,-1,127,304,305,-1,127,305,129,-1,129,305,306,-1,129,306,131,-1,131,306,307,-1,131,307,133,-1,133,307,308,-1,133,308,41,-1,41,308,309,-1,41,309,39,-1,39,309,310,-1,39,310,38,-1,38,310,311,-1,38,311,72,-1,72,311,312,-1,72,312,73,-1,73,312,313,-1,73,313,74,-1,74,313,314,-1,74,314,33,-1,33,314,315,-1,33,315,32,-1,32,315,316,-1,32,316,30,-1,30,316,317,-1,30,317,28,-1,28,317,318,-1,28,318,26,-1,26,318,319,-1,26,319,24,-1,24,319,294,-1,24,294,23,-1,
        ]
    }
}
Shape{
    appearance Appearance {
        material  Material 	{
            diffuseColor 0.7529411764705882 0.7529411764705882 0.7529411764705882
            specularColor 0.3764705882352941 0.3764705882352941 0.3764705882352941
            ambientIntensity 0.7529
            transparency 0.0
            shininess 0.5
        }
    }
    geometry IndexedFaceSet {
        ccw TRUE
        solid FALSE
        coord DEF co Coordinate {
            point [
                -0.7126 2.7725 1.4173, -0.7158 2.8883 1.4173, -0.7266 2.7709 1.4173, -0.7266 2.8893 1.4173, -0.7405 2.8876 1.4173, -0.6877 2.7855 1.4173, -0.6789 2.8652 1.4173, -0.689 2.8758 1.4173, -0.7538 2.8826 1.4173, -0.7658 2.8744 1.4173, -0.7393 2.7722 1.4173, -0.7745 2.8648 1.4173, -0.7817 2.8517 1.4173, -0.7854 2.8372 1.4173, -0.7854 2.8229 1.4173, -0.7819 2.809 1.4173, -0.7754 2.7965 1.4173, -0.7656 2.7856 1.4173, -0.7534 2.7773 1.4173, -0.6994 2.7775 1.4173, -0.7015 2.8837 1.4173, -0.671 2.8097 1.4173, -0.6677 2.8243 1.4173, -0.6779 2.7965 1.4173, -0.6681 2.839 1.4173, -0.6719 2.8529 1.4173, -4.0945 0.4491 -0.6693, -4.0157 0.4491 -0.6693, -4.0945 0.4209 -0.6727, -4.0157 0.4209 -0.6727, -4.0945 0.3942 -0.6828, -4.0157 0.3942 -0.6828, -4.0945 0.3708 -0.699, -4.0157 0.3708 -0.699, -4.0945 0.3519 -0.7203, -4.0157 0.3519 -0.7203, -4.0945 0.3387 -0.7455, -4.0157 0.3387 -0.7455, -4.0945 0.3319 -0.7732, -4.0157 0.3319 -0.7732, -4.0945 0.3319 -0.8016, -4.0157 0.3319 -0.8016, -4.0945 0.3387 -0.8293, -4.0157 0.3387 -0.8293, -4.0945 0.3519 -0.8545, -4.0157 0.3519 -0.8545, -4.0945 0.3708 -0.8758, -4.0157 0.3708 -0.8758, -4.0945 0.3942 -0.892, -4.0157 0.3942 -0.892, -4.0945 0.4209 -0.9021, -4.0157 0.4209 -0.9021, -4.0945 0.4491 -0.9055, -4.0157 0.4491 -0.9055, -4.0945 -0.417 -0.9055, -4.0157 -0.417 -0.9055, -4.0945 -0.3864 -0.9015, -4.0157 -0.3864 -0.9015, -4.0945 -0.358 -0.8897, -4.0157 -0.358 -0.8897, -4.0945 -0.3335 -0.8709, -4.0157 -0.3335 -0.8709, -4.0945 -0.3147 -0.8465, -4.0157 -0.3147 -0.8465, -4.0945 -0.3029 -0.818, -4.0157 -0.3029 -0.818, -4.0945 -0.2989 -0.7874, -4.0157 -0.2989 -0.7874, -4.0945 -0.3029 -0.7568, -4.0157 -0.3029 -0.7568, -4.0945 -0.3147 -0.7283, -4.0157 -0.3147 -0.7283, -4.0945 -0.3335 -0.7039, -4.0157 -0.3335 -0.7039, -4.0945 -0.358 -0.6851, -4.0157 -0.358 -0.6851, -4.0945 -0.3864 -0.6733, -4.0157 -0.3864 -0.6733, -4.0945 -0.417 -0.6693, -4.0157 -0.417 -0.6693, 4.0157 0.4491 -0.6693, 4.0945 0.4491 -0.6693, 4.0157 0.4209 -0.6727, 4.0945 0.4209 -0.6727, 4.0157 0.3942 -0.6828, 4.0945 0.3942 -0.6828, 4.0157 0.3708 -0.699, 4.0945 0.3708 -0.699, 4.0157 0.3519 -0.7203, 4.0945 0.3519 -0.7203, 4.0157 0.3387 -0.7455, 4.0945 0.3387 -0.7455, 4.0157 0.3319 -0.7732, 4.0945 0.3319 -0.7732, 4.0157 0.3319 -0.8016, 4.0945 0.3319 -0.8016, 4.0157 0.3387 -0.8293, 4.0945 0.3387 -0.8293, 4.0157 0.3519 -0.8545, 4.0945 0.3519 -0.8545, 4.0157 0.3708 -0.8758, 4.0945 0.3708 -0.8758, 4.0157 0.3942 -0.892, 4.0945 0.3942 -0.892, 4.0157 0.4209 -0.9021, 4.0945 0.4209 -0.9021, 4.0157 0.4491 -0.9055, 4.0945 0.4491 -0.9055, 4.0157 -0.417 -0.9055, 4.0945 -0.417 -0.9055, 4.0157 -0.3864 -0.9015, 4.0945 -0.3864 -0.9015, 4.0157 -0.358 -0.8897, 4.0945 -0.358 -0.8897, 4.0157 -0.3335 -0.8709, 4.0945 -0.3335 -0.8709, 4.0157 -0.3147 -0.8465, 4.0945 -0.3147 -0.8465, 4.0157 -0.3029 -0.818, 4.0945 -0.3029 -0.818, 4.0157 -0.2989 -0.7874, 4.0945 -0.2989 -0.7874, 4.0157 -0.3029 -0.7568, 4.0945 -0.3029 -0.7568, 4.0157 -0.3147 -0.7283, 4.0945 -0.3147 -0.7283, 4.0157 -0.3335 -0.7039, 4.0945 -0.3335 -0.7039, 4.0157 -0.358 -0.6851, 4.0945 -0.358 -0.6851, 4.0157 -0.3864 -0.6733, 4.0945 -0.3864 -0.6733, 4.0157 -0.417 -0.6693, 4.0945 -0.417 -0.6693, 0.8858 4.2287 0.5232, 0.8858 4.1499 0.5232, 0.836 4.2287 0.5166, 0.836 4.1499 0.5166, 0.7895 4.2287 0.4974, 0.7895 4.1499 0.4974, 0.7496 4.2287 0.4668, 0.7496 4.1499 0.4668, 0.719 4.2287 0.4269, 0.719 4.1499 0.4269, 0.6998 4.2287 0.3804, 0.6998 4.1499 0.3804, 0.6932 4.2287 0.3306, 0.6932 4.1499 0.3306, 0.6998 4.2287 0.2807, 0.6998 4.1499 0.2807, 0.719 4.2287 0.2343, 0.719 4.1499 0.2343, 0.7496 4.2287 0.1944, 0.7496 4.1499 0.1944, 0.7895 4.2287 0.1638, 0.7895 4.1499 0.1638, 0.836 4.2287 0.1446, 0.836 4.1499 0.1446, 0.8858 4.2287 0.138, 0.8858 4.1499 0.138, -0.8858 4.2287 0.138, -0.8858 4.1499 0.138, -0.836 4.2287 0.1446, -0.836 4.1499 0.1446, -0.7895 4.2287 0.1638, -0.7895 4.1499 0.1638, -0.7496 4.2287 0.1944, -0.7496 4.1499 0.1944, -0.719 4.2287 0.2343, -0.719 4.1499 0.2343, -0.6998 4.2287 0.2807, -0.6998 4.1499 0.2807, -0.6932 4.2287 0.3306, -0.6932 4.1499 0.3306, -0.6998 4.2287 0.3804, -0.6998 4.1499 0.3804, -0.719 4.2287 0.4269, -0.719 4.1499 0.4269, -0.7496 4.2287 0.4668, -0.7496 4.1499 0.4668, -0.7895 4.2287 0.4974, -0.7895 4.1499 0.4974, -0.836 4.2287 0.5166, -0.836 4.1499 0.5166, -0.8858 4.2287 0.5232, -0.8858 4.1499 0.5232, -0.8465 4.2287 -0.1181, -0.8465 4.1499 -0.1181, -0.8566 4.1499 -0.1168, -0.8566 4.2287 -0.1168, -0.8661 4.1499 -0.1128, -0.8661 4.2287 -0.1128, -0.8743 4.1499 -0.1066, -0.8743 4.2287 -0.1066, -0.8806 4.1499 -0.0984, -0.8806 4.2287 -0.0984, -0.8845 4.1499 -0.0889, -0.8845 4.2287 -0.0889, -0.8858 4.1499 -0.0787, -0.8858 4.2287 -0.0787, 0.8858 4.2287 -0.0787, 0.8858 4.1499 -0.0787, 0.8845 4.1499 -0.0889, 0.8845 4.2287 -0.0889, 0.8806 4.1499 -0.0984, 0.8806 4.2287 -0.0984, 0.8743 4.1499 -0.1066, 0.8743 4.2287 -0.1066, 0.8661 4.1499 -0.1128, 0.8661 4.2287 -0.1128, 0.8566 4.1499 -0.1168, 0.8566 4.2287 -0.1168, 0.8465 4.1499 -0.1181, 0.8465 4.2287 -0.1181
            ]
        }
        coordIndex [
            0,1,2,-1,2,1,3,-1,2,3,4,-1,5,6,7,-1,4,8,2,-1,2,8,9,-1,2,9,10,-1,10,9,11,-1,10,11,12,-1,12,13,10,-1,10,13,14,-1,10,14,15,-1,15,16,10,-1,10,16,17,-1,10,17,18,-1,0,19,1,-1,1,19,5,-1,1,5,20,-1,20,5,7,-1,21,22,23,-1,23,22,24,-1,23,24,5,-1,5,24,25,-1,5,25,6,-1,26,27,28,-1,28,27,29,-1,28,29,30,-1,30,29,31,-1,30,31,32,-1,32,31,33,-1,32,33,34,-1,34,33,35,-1,34,35,36,-1,36,35,37,-1,36,37,38,-1,38,37,39,-1,38,39,40,-1,40,39,41,-1,40,41,42,-1,42,41,43,-1,42,43,44,-1,44,43,45,-1,44,45,46,-1,46,45,47,-1,46,47,48,-1,48,47,49,-1,48,49,50,-1,50,49,51,-1,50,51,52,-1,52,51,53,-1,54,55,56,-1,56,55,57,-1,56,57,58,-1,58,57,59,-1,58,59,60,-1,60,59,61,-1,60,61,62,-1,62,61,63,-1,62,63,64,-1,64,63,65,-1,64,65,66,-1,66,65,67,-1,66,67,68,-1,68,67,69,-1,68,69,70,-1,70,69,71,-1,70,71,72,-1,72,71,73,-1,72,73,74,-1,74,73,75,-1,74,75,76,-1,76,75,77,-1,76,77,78,-1,78,77,79,-1,80,81,82,-1,82,81,83,-1,82,83,84,-1,84,83,85,-1,84,85,86,-1,86,85,87,-1,86,87,88,-1,88,87,89,-1,88,89,90,-1,90,89,91,-1,90,91,92,-1,92,91,93,-1,92,93,94,-1,94,93,95,-1,94,95,96,-1,96,95,97,-1,96,97,98,-1,98,97,99,-1,98,99,100,-1,100,99,101,-1,100,101,102,-1,102,101,103,-1,102,103,104,-1,104,103,105,-1,104,105,106,-1,106,105,107,-1,108,109,110,-1,110,109,111,-1,110,111,112,-1,112,111,113,-1,112,113,114,-1,114,113,115,-1,114,115,116,-1,116,115,117,-1,116,117,118,-1,118,117,119,-1,118,119,120,-1,120,119,121,-1,120,121,122,-1,122,121,123,-1,122,123,124,-1,124,123,125,-1,124,125,126,-1,126,125,127,-1,126,127,128,-1,128,127,129,-1,128,129,130,-1,130,129,131,-1,130,131,132,-1,132,131,133,-1,134,135,136,-1,136,135,137,-1,136,137,138,-1,138,137,139,-1,138,139,140,-1,140,139,141,-1,140,141,142,-1,142,141,143,-1,142,143,144,-1,144,143,145,-1,144,145,146,-1,146,145,147,-1,146,147,148,-1,148,147,149,-1,148,149,150,-1,150,149,151,-1,150,151,152,-1,152,151,153,-1,152,153,154,-1,154,153,155,-1,154,155,156,-1,156,155,157,-1,156,157,158,-1,158,157,159,-1,160,161,162,-1,162,161,163,-1,162,163,164,-1,164,163,165,-1,164,165,166,-1,166,165,167,-1,166,167,168,-1,168,167,169,-1,168,169,170,-1,170,169,171,-1,170,171,172,-1,172,171,173,-1,172,173,174,-1,174,173,175,-1,174,175,176,-1,176,175,177,-1,176,177,178,-1,178,177,179,-1,178,179,180,-1,180,179,181,-1,180,181,182,-1,182,181,183,-1,182,183,184,-1,184,183,185,-1,186,187,188,-1,186,188,189,-1,189,188,190,-1,189,190,191,-1,191,190,192,-1,191,192,193,-1,193,192,194,-1,193,194,195,-1,195,194,196,-1,195,196,197,-1,197,196,198,-1,197,198,199,-1,200,201,202,-1,200,202,203,-1,203,202,204,-1,203,204,205,-1,205,204,206,-1,205,206,207,-1,207,206,208,-1,207,208,209,-1,209,208,210,-1,209,210,211,-1,211,210,212,-1,211,212,213,-1,
        ]
    }
}