ISO-10303-21;
HEADER;
FILE_DESCRIPTION(('KiCad electronic assembly'),'2;1');
FILE_NAME('PTT_PCB_v4_radio_module.step','2026-04-20T14:03:23',('Pcbnew'
    ),('Kicad'),'Open CASCADE STEP processor 7.5',
  'KiCad to STEP converter','Unknown');
FILE_SCHEMA(('AUTOMOTIVE_DESIGN { 1 0 10303 214 1 1 1 1 }'));
ENDSEC;
DATA;
#1 = APPLICATION_PROTOCOL_DEFINITION('international standard',
  'automotive_design',2000,#2);
#2 = APPLICATION_CONTEXT(
  'core data for automotive mechanical design processes');
#3 = SHAPE_DEFINITION_REPRESENTATION(#4,#10);
#4 = PRODUCT_DEFINITION_SHAPE('','',#5);
#5 = PRODUCT_DEFINITION('design','',#6,#9);
#6 = PRODUCT_DEFINITION_FORMATION('','',#7);
#7 = PRODUCT('PTT_PCB_v4_radio_module 1','PTT_PCB_v4_radio_module 1','',
  (#8));
#8 = PRODUCT_CONTEXT('',#2,'mechanical');
#9 = PRODUCT_DEFINITION_CONTEXT('part definition',#2,'design');
#10 = SHAPE_REPRESENTATION('',(#11,#15,#19,#23,#27,#31,#35,#39),#43);
#11 = AXIS2_PLACEMENT_3D('',#12,#13,#14);
#12 = CARTESIAN_POINT('',(0.,0.,0.));
#13 = DIRECTION('',(0.,0.,1.));
#14 = DIRECTION('',(1.,0.,-0.));
#15 = AXIS2_PLACEMENT_3D('',#16,#17,#18);
#16 = CARTESIAN_POINT('',(110.,-103.5,1.595));
#17 = DIRECTION('',(0.,0.,1.));
#18 = DIRECTION('',(1.,0.,0.));
#19 = AXIS2_PLACEMENT_3D('',#20,#21,#22);
#20 = CARTESIAN_POINT('',(110.,-96.5,1.595));
#21 = DIRECTION('',(0.,0.,1.));
#22 = DIRECTION('',(1.,0.,0.));
#23 = AXIS2_PLACEMENT_3D('',#24,#25,#26);
#24 = CARTESIAN_POINT('',(90.,-96.5,1.595));
#25 = DIRECTION('',(0.,0.,1.));
#26 = DIRECTION('',(1.,0.,0.));
#27 = AXIS2_PLACEMENT_3D('',#28,#29,#30);
#28 = CARTESIAN_POINT('',(90.,-103.5,1.595));
#29 = DIRECTION('',(0.,0.,1.));
#30 = DIRECTION('',(1.,0.,0.));
#31 = AXIS2_PLACEMENT_3D('',#32,#33,#34);
#32 = CARTESIAN_POINT('',(100.,-99.75,-8.5E-02));
#33 = DIRECTION('',(0.,-1.224646799147E-16,-1.));
#34 = DIRECTION('',(1.,0.,0.));
#35 = AXIS2_PLACEMENT_3D('',#36,#37,#38);
#36 = CARTESIAN_POINT('',(0.,0.,0.));
#37 = DIRECTION('',(0.,0.,1.));
#38 = DIRECTION('',(1.,0.,-0.));
#39 = AXIS2_PLACEMENT_3D('',#40,#41,#42);
#40 = CARTESIAN_POINT('',(0.,0.,0.));
#41 = DIRECTION('',(0.,0.,1.));
#42 = DIRECTION('',(1.,0.,-0.));
#43 = ( GEOMETRIC_REPRESENTATION_CONTEXT(3) 
GLOBAL_UNCERTAINTY_ASSIGNED_CONTEXT((#47)) GLOBAL_UNIT_ASSIGNED_CONTEXT(
(#44,#45,#46)) REPRESENTATION_CONTEXT('Context #1',
  '3D Context with UNIT and UNCERTAINTY') );
#44 = ( LENGTH_UNIT() NAMED_UNIT(*) SI_UNIT(.MILLI.,.METRE.) );
#45 = ( NAMED_UNIT(*) PLANE_ANGLE_UNIT() SI_UNIT($,.RADIAN.) );
#46 = ( NAMED_UNIT(*) SI_UNIT($,.STERADIAN.) SOLID_ANGLE_UNIT() );
#47 = UNCERTAINTY_MEASURE_WITH_UNIT(LENGTH_MEASURE(5.E-07),#44,
  'distance_accuracy_value','confusion accuracy');
#48 = PRODUCT_RELATED_PRODUCT_CATEGORY('part',$,(#7));
#49 = ADVANCED_BREP_SHAPE_REPRESENTATION('',(#11,#50),#808);
#50 = MANIFOLD_SOLID_BREP('',#51);
#51 = CLOSED_SHELL('',(#52,#92,#123,#154,#237,#320,#337,#354,#371,#388,
    #400,#431,#455,#479,#496,#527,#551,#575,#592,#623,#647,#671,#688,
    #719,#743,#767,#784,#796));
#52 = ADVANCED_FACE('',(#53),#87,.F.);
#53 = FACE_BOUND('',#54,.F.);
#54 = EDGE_LOOP('',(#55,#65,#73,#81));
#55 = ORIENTED_EDGE('',*,*,#56,.T.);
#56 = EDGE_CURVE('',#57,#59,#61,.T.);
#57 = VERTEX_POINT('',#58);
#58 = CARTESIAN_POINT('',(-1.016,1.27,0.));
#59 = VERTEX_POINT('',#60);
#60 = CARTESIAN_POINT('',(-1.016,1.27,2.54));
#61 = LINE('',#62,#63);
#62 = CARTESIAN_POINT('',(-1.016,1.27,0.));
#63 = VECTOR('',#64,1.);
#64 = DIRECTION('',(0.,0.,1.));
#65 = ORIENTED_EDGE('',*,*,#66,.T.);
#66 = EDGE_CURVE('',#59,#67,#69,.T.);
#67 = VERTEX_POINT('',#68);
#68 = CARTESIAN_POINT('',(-1.27,1.016,2.54));
#69 = LINE('',#70,#71);
#70 = CARTESIAN_POINT('',(-1.016,1.27,2.54));
#71 = VECTOR('',#72,1.);
#72 = DIRECTION('',(-0.707106781187,-0.707106781187,0.));
#73 = ORIENTED_EDGE('',*,*,#74,.F.);
#74 = EDGE_CURVE('',#75,#67,#77,.T.);
#75 = VERTEX_POINT('',#76);
#76 = CARTESIAN_POINT('',(-1.27,1.016,0.));
#77 = LINE('',#78,#79);
#78 = CARTESIAN_POINT('',(-1.27,1.016,0.));
#79 = VECTOR('',#80,1.);
#80 = DIRECTION('',(0.,0.,1.));
#81 = ORIENTED_EDGE('',*,*,#82,.F.);
#82 = EDGE_CURVE('',#57,#75,#83,.T.);
#83 = LINE('',#84,#85);
#84 = CARTESIAN_POINT('',(-1.016,1.27,0.));
#85 = VECTOR('',#86,1.);
#86 = DIRECTION('',(-0.707106781187,-0.707106781187,0.));
#87 = PLANE('',#88);
#88 = AXIS2_PLACEMENT_3D('',#89,#90,#91);
#89 = CARTESIAN_POINT('',(-1.016,1.27,0.));
#90 = DIRECTION('',(0.707106781187,-0.707106781187,0.));
#91 = DIRECTION('',(-0.707106781187,-0.707106781187,0.));
#92 = ADVANCED_FACE('',(#93),#118,.F.);
#93 = FACE_BOUND('',#94,.F.);
#94 = EDGE_LOOP('',(#95,#105,#111,#112));
#95 = ORIENTED_EDGE('',*,*,#96,.T.);
#96 = EDGE_CURVE('',#97,#99,#101,.T.);
#97 = VERTEX_POINT('',#98);
#98 = CARTESIAN_POINT('',(1.016,1.27,0.));
#99 = VERTEX_POINT('',#100);
#100 = CARTESIAN_POINT('',(1.016,1.27,2.54));
#101 = LINE('',#102,#103);
#102 = CARTESIAN_POINT('',(1.016,1.27,0.));
#103 = VECTOR('',#104,1.);
#104 = DIRECTION('',(0.,0.,1.));
#105 = ORIENTED_EDGE('',*,*,#106,.T.);
#106 = EDGE_CURVE('',#99,#59,#107,.T.);
#107 = LINE('',#108,#109);
#108 = CARTESIAN_POINT('',(1.016,1.27,2.54));
#109 = VECTOR('',#110,1.);
#110 = DIRECTION('',(-1.,0.,0.));
#111 = ORIENTED_EDGE('',*,*,#56,.F.);
#112 = ORIENTED_EDGE('',*,*,#113,.F.);
#113 = EDGE_CURVE('',#97,#57,#114,.T.);
#114 = LINE('',#115,#116);
#115 = CARTESIAN_POINT('',(1.016,1.27,0.));
#116 = VECTOR('',#117,1.);
#117 = DIRECTION('',(-1.,0.,0.));
#118 = PLANE('',#119);
#119 = AXIS2_PLACEMENT_3D('',#120,#121,#122);
#120 = CARTESIAN_POINT('',(1.016,1.27,0.));
#121 = DIRECTION('',(0.,-1.,0.));
#122 = DIRECTION('',(-1.,0.,0.));
#123 = ADVANCED_FACE('',(#124),#149,.F.);
#124 = FACE_BOUND('',#125,.F.);
#125 = EDGE_LOOP('',(#126,#127,#135,#143));
#126 = ORIENTED_EDGE('',*,*,#74,.T.);
#127 = ORIENTED_EDGE('',*,*,#128,.T.);
#128 = EDGE_CURVE('',#67,#129,#131,.T.);
#129 = VERTEX_POINT('',#130);
#130 = CARTESIAN_POINT('',(-1.27,-1.016,2.54));
#131 = LINE('',#132,#133);
#132 = CARTESIAN_POINT('',(-1.27,1.016,2.54));
#133 = VECTOR('',#134,1.);
#134 = DIRECTION('',(0.,-1.,0.));
#135 = ORIENTED_EDGE('',*,*,#136,.F.);
#136 = EDGE_CURVE('',#137,#129,#139,.T.);
#137 = VERTEX_POINT('',#138);
#138 = CARTESIAN_POINT('',(-1.27,-1.016,0.));
#139 = LINE('',#140,#141);
#140 = CARTESIAN_POINT('',(-1.27,-1.016,0.));
#141 = VECTOR('',#142,1.);
#142 = DIRECTION('',(0.,0.,1.));
#143 = ORIENTED_EDGE('',*,*,#144,.F.);
#144 = EDGE_CURVE('',#75,#137,#145,.T.);
#145 = LINE('',#146,#147);
#146 = CARTESIAN_POINT('',(-1.27,1.016,0.));
#147 = VECTOR('',#148,1.);
#148 = DIRECTION('',(0.,-1.,0.));
#149 = PLANE('',#150);
#150 = AXIS2_PLACEMENT_3D('',#151,#152,#153);
#151 = CARTESIAN_POINT('',(-1.27,1.016,0.));
#152 = DIRECTION('',(1.,0.,0.));
#153 = DIRECTION('',(0.,-1.,0.));
#154 = ADVANCED_FACE('',(#155,#198),#232,.F.);
#155 = FACE_BOUND('',#156,.F.);
#156 = EDGE_LOOP('',(#157,#158,#159,#167,#175,#183,#191,#197));
#157 = ORIENTED_EDGE('',*,*,#82,.T.);
#158 = ORIENTED_EDGE('',*,*,#144,.T.);
#159 = ORIENTED_EDGE('',*,*,#160,.T.);
#160 = EDGE_CURVE('',#137,#161,#163,.T.);
#161 = VERTEX_POINT('',#162);
#162 = CARTESIAN_POINT('',(-1.016,-1.27,0.));
#163 = LINE('',#164,#165);
#164 = CARTESIAN_POINT('',(-1.27,-1.016,0.));
#165 = VECTOR('',#166,1.);
#166 = DIRECTION('',(0.707106781187,-0.707106781187,0.));
#167 = ORIENTED_EDGE('',*,*,#168,.T.);
#168 = EDGE_CURVE('',#161,#169,#171,.T.);
#169 = VERTEX_POINT('',#170);
#170 = CARTESIAN_POINT('',(1.016,-1.27,0.));
#171 = LINE('',#172,#173);
#172 = CARTESIAN_POINT('',(-1.016,-1.27,0.));
#173 = VECTOR('',#174,1.);
#174 = DIRECTION('',(1.,0.,0.));
#175 = ORIENTED_EDGE('',*,*,#176,.T.);
#176 = EDGE_CURVE('',#169,#177,#179,.T.);
#177 = VERTEX_POINT('',#178);
#178 = CARTESIAN_POINT('',(1.27,-1.016,0.));
#179 = LINE('',#180,#181);
#180 = CARTESIAN_POINT('',(1.016,-1.27,0.));
#181 = VECTOR('',#182,1.);
#182 = DIRECTION('',(0.707106781187,0.707106781187,0.));
#183 = ORIENTED_EDGE('',*,*,#184,.T.);
#184 = EDGE_CURVE('',#177,#185,#187,.T.);
#185 = VERTEX_POINT('',#186);
#186 = CARTESIAN_POINT('',(1.27,1.016,0.));
#187 = LINE('',#188,#189);
#188 = CARTESIAN_POINT('',(1.27,-1.016,0.));
#189 = VECTOR('',#190,1.);
#190 = DIRECTION('',(0.,1.,0.));
#191 = ORIENTED_EDGE('',*,*,#192,.T.);
#192 = EDGE_CURVE('',#185,#97,#193,.T.);
#193 = LINE('',#194,#195);
#194 = CARTESIAN_POINT('',(1.27,1.016,0.));
#195 = VECTOR('',#196,1.);
#196 = DIRECTION('',(-0.707106781187,0.707106781187,0.));
#197 = ORIENTED_EDGE('',*,*,#113,.T.);
#198 = FACE_BOUND('',#199,.F.);
#199 = EDGE_LOOP('',(#200,#210,#218,#226));
#200 = ORIENTED_EDGE('',*,*,#201,.T.);
#201 = EDGE_CURVE('',#202,#204,#206,.T.);
#202 = VERTEX_POINT('',#203);
#203 = CARTESIAN_POINT('',(0.32,-0.32,0.));
#204 = VERTEX_POINT('',#205);
#205 = CARTESIAN_POINT('',(-0.32,-0.32,0.));
#206 = LINE('',#207,#208);
#207 = CARTESIAN_POINT('',(-0.16,-0.32,0.));
#208 = VECTOR('',#209,1.);
#209 = DIRECTION('',(-1.,0.,0.));
#210 = ORIENTED_EDGE('',*,*,#211,.T.);
#211 = EDGE_CURVE('',#204,#212,#214,.T.);
#212 = VERTEX_POINT('',#213);
#213 = CARTESIAN_POINT('',(-0.32,0.32,0.));
#214 = LINE('',#215,#216);
#215 = CARTESIAN_POINT('',(-0.32,-0.16,0.));
#216 = VECTOR('',#217,1.);
#217 = DIRECTION('',(0.,1.,0.));
#218 = ORIENTED_EDGE('',*,*,#219,.F.);
#219 = EDGE_CURVE('',#220,#212,#222,.T.);
#220 = VERTEX_POINT('',#221);
#221 = CARTESIAN_POINT('',(0.32,0.32,0.));
#222 = LINE('',#223,#224);
#223 = CARTESIAN_POINT('',(-0.16,0.32,0.));
#224 = VECTOR('',#225,1.);
#225 = DIRECTION('',(-1.,0.,0.));
#226 = ORIENTED_EDGE('',*,*,#227,.F.);
#227 = EDGE_CURVE('',#202,#220,#228,.T.);
#228 = LINE('',#229,#230);
#229 = CARTESIAN_POINT('',(0.32,-0.16,0.));
#230 = VECTOR('',#231,1.);
#231 = DIRECTION('',(0.,1.,0.));
#232 = PLANE('',#233);
#233 = AXIS2_PLACEMENT_3D('',#234,#235,#236);
#234 = CARTESIAN_POINT('',(2.321466769849E-17,4.642933539699E-17,0.));
#235 = DIRECTION('',(0.,0.,1.));
#236 = DIRECTION('',(1.,0.,-0.));
#237 = ADVANCED_FACE('',(#238,#281),#315,.T.);
#238 = FACE_BOUND('',#239,.T.);
#239 = EDGE_LOOP('',(#240,#241,#242,#250,#258,#266,#274,#280));
#240 = ORIENTED_EDGE('',*,*,#66,.T.);
#241 = ORIENTED_EDGE('',*,*,#128,.T.);
#242 = ORIENTED_EDGE('',*,*,#243,.T.);
#243 = EDGE_CURVE('',#129,#244,#246,.T.);
#244 = VERTEX_POINT('',#245);
#245 = CARTESIAN_POINT('',(-1.016,-1.27,2.54));
#246 = LINE('',#247,#248);
#247 = CARTESIAN_POINT('',(-1.27,-1.016,2.54));
#248 = VECTOR('',#249,1.);
#249 = DIRECTION('',(0.707106781187,-0.707106781187,0.));
#250 = ORIENTED_EDGE('',*,*,#251,.T.);
#251 = EDGE_CURVE('',#244,#252,#254,.T.);
#252 = VERTEX_POINT('',#253);
#253 = CARTESIAN_POINT('',(1.016,-1.27,2.54));
#254 = LINE('',#255,#256);
#255 = CARTESIAN_POINT('',(-1.016,-1.27,2.54));
#256 = VECTOR('',#257,1.);
#257 = DIRECTION('',(1.,0.,0.));
#258 = ORIENTED_EDGE('',*,*,#259,.T.);
#259 = EDGE_CURVE('',#252,#260,#262,.T.);
#260 = VERTEX_POINT('',#261);
#261 = CARTESIAN_POINT('',(1.27,-1.016,2.54));
#262 = LINE('',#263,#264);
#263 = CARTESIAN_POINT('',(1.016,-1.27,2.54));
#264 = VECTOR('',#265,1.);
#265 = DIRECTION('',(0.707106781187,0.707106781187,0.));
#266 = ORIENTED_EDGE('',*,*,#267,.T.);
#267 = EDGE_CURVE('',#260,#268,#270,.T.);
#268 = VERTEX_POINT('',#269);
#269 = CARTESIAN_POINT('',(1.27,1.016,2.54));
#270 = LINE('',#271,#272);
#271 = CARTESIAN_POINT('',(1.27,-1.016,2.54));
#272 = VECTOR('',#273,1.);
#273 = DIRECTION('',(0.,1.,0.));
#274 = ORIENTED_EDGE('',*,*,#275,.T.);
#275 = EDGE_CURVE('',#268,#99,#276,.T.);
#276 = LINE('',#277,#278);
#277 = CARTESIAN_POINT('',(1.27,1.016,2.54));
#278 = VECTOR('',#279,1.);
#279 = DIRECTION('',(-0.707106781187,0.707106781187,0.));
#280 = ORIENTED_EDGE('',*,*,#106,.T.);
#281 = FACE_BOUND('',#282,.T.);
#282 = EDGE_LOOP('',(#283,#293,#301,#309));
#283 = ORIENTED_EDGE('',*,*,#284,.T.);
#284 = EDGE_CURVE('',#285,#287,#289,.T.);
#285 = VERTEX_POINT('',#286);
#286 = CARTESIAN_POINT('',(0.32,-0.32,2.54));
#287 = VERTEX_POINT('',#288);
#288 = CARTESIAN_POINT('',(-0.32,-0.32,2.54));
#289 = LINE('',#290,#291);
#290 = CARTESIAN_POINT('',(-0.16,-0.32,2.54));
#291 = VECTOR('',#292,1.);
#292 = DIRECTION('',(-1.,0.,0.));
#293 = ORIENTED_EDGE('',*,*,#294,.T.);
#294 = EDGE_CURVE('',#287,#295,#297,.T.);
#295 = VERTEX_POINT('',#296);
#296 = CARTESIAN_POINT('',(-0.32,0.32,2.54));
#297 = LINE('',#298,#299);
#298 = CARTESIAN_POINT('',(-0.32,-0.16,2.54));
#299 = VECTOR('',#300,1.);
#300 = DIRECTION('',(0.,1.,0.));
#301 = ORIENTED_EDGE('',*,*,#302,.F.);
#302 = EDGE_CURVE('',#303,#295,#305,.T.);
#303 = VERTEX_POINT('',#304);
#304 = CARTESIAN_POINT('',(0.32,0.32,2.54));
#305 = LINE('',#306,#307);
#306 = CARTESIAN_POINT('',(-0.16,0.32,2.54));
#307 = VECTOR('',#308,1.);
#308 = DIRECTION('',(-1.,0.,0.));
#309 = ORIENTED_EDGE('',*,*,#310,.F.);
#310 = EDGE_CURVE('',#285,#303,#311,.T.);
#311 = LINE('',#312,#313);
#312 = CARTESIAN_POINT('',(0.32,-0.16,2.54));
#313 = VECTOR('',#314,1.);
#314 = DIRECTION('',(0.,1.,0.));
#315 = PLANE('',#316);
#316 = AXIS2_PLACEMENT_3D('',#317,#318,#319);
#317 = CARTESIAN_POINT('',(2.321466769849E-17,4.642933539699E-17,2.54));
#318 = DIRECTION('',(0.,0.,1.));
#319 = DIRECTION('',(1.,0.,-0.));
#320 = ADVANCED_FACE('',(#321),#332,.F.);
#321 = FACE_BOUND('',#322,.F.);
#322 = EDGE_LOOP('',(#323,#329,#330,#331));
#323 = ORIENTED_EDGE('',*,*,#324,.T.);
#324 = EDGE_CURVE('',#185,#268,#325,.T.);
#325 = LINE('',#326,#327);
#326 = CARTESIAN_POINT('',(1.27,1.016,0.));
#327 = VECTOR('',#328,1.);
#328 = DIRECTION('',(0.,0.,1.));
#329 = ORIENTED_EDGE('',*,*,#275,.T.);
#330 = ORIENTED_EDGE('',*,*,#96,.F.);
#331 = ORIENTED_EDGE('',*,*,#192,.F.);
#332 = PLANE('',#333);
#333 = AXIS2_PLACEMENT_3D('',#334,#335,#336);
#334 = CARTESIAN_POINT('',(1.27,1.016,0.));
#335 = DIRECTION('',(-0.707106781187,-0.707106781187,0.));
#336 = DIRECTION('',(-0.707106781187,0.707106781187,0.));
#337 = ADVANCED_FACE('',(#338),#349,.F.);
#338 = FACE_BOUND('',#339,.F.);
#339 = EDGE_LOOP('',(#340,#341,#342,#348));
#340 = ORIENTED_EDGE('',*,*,#136,.T.);
#341 = ORIENTED_EDGE('',*,*,#243,.T.);
#342 = ORIENTED_EDGE('',*,*,#343,.F.);
#343 = EDGE_CURVE('',#161,#244,#344,.T.);
#344 = LINE('',#345,#346);
#345 = CARTESIAN_POINT('',(-1.016,-1.27,0.));
#346 = VECTOR('',#347,1.);
#347 = DIRECTION('',(0.,0.,1.));
#348 = ORIENTED_EDGE('',*,*,#160,.F.);
#349 = PLANE('',#350);
#350 = AXIS2_PLACEMENT_3D('',#351,#352,#353);
#351 = CARTESIAN_POINT('',(-1.27,-1.016,0.));
#352 = DIRECTION('',(0.707106781187,0.707106781187,0.));
#353 = DIRECTION('',(0.707106781187,-0.707106781187,0.));
#354 = ADVANCED_FACE('',(#355),#366,.F.);
#355 = FACE_BOUND('',#356,.F.);
#356 = EDGE_LOOP('',(#357,#363,#364,#365));
#357 = ORIENTED_EDGE('',*,*,#358,.T.);
#358 = EDGE_CURVE('',#177,#260,#359,.T.);
#359 = LINE('',#360,#361);
#360 = CARTESIAN_POINT('',(1.27,-1.016,0.));
#361 = VECTOR('',#362,1.);
#362 = DIRECTION('',(0.,0.,1.));
#363 = ORIENTED_EDGE('',*,*,#267,.T.);
#364 = ORIENTED_EDGE('',*,*,#324,.F.);
#365 = ORIENTED_EDGE('',*,*,#184,.F.);
#366 = PLANE('',#367);
#367 = AXIS2_PLACEMENT_3D('',#368,#369,#370);
#368 = CARTESIAN_POINT('',(1.27,-1.016,0.));
#369 = DIRECTION('',(-1.,0.,0.));
#370 = DIRECTION('',(0.,1.,0.));
#371 = ADVANCED_FACE('',(#372),#383,.F.);
#372 = FACE_BOUND('',#373,.F.);
#373 = EDGE_LOOP('',(#374,#375,#376,#382));
#374 = ORIENTED_EDGE('',*,*,#343,.T.);
#375 = ORIENTED_EDGE('',*,*,#251,.T.);
#376 = ORIENTED_EDGE('',*,*,#377,.F.);
#377 = EDGE_CURVE('',#169,#252,#378,.T.);
#378 = LINE('',#379,#380);
#379 = CARTESIAN_POINT('',(1.016,-1.27,0.));
#380 = VECTOR('',#381,1.);
#381 = DIRECTION('',(0.,0.,1.));
#382 = ORIENTED_EDGE('',*,*,#168,.F.);
#383 = PLANE('',#384);
#384 = AXIS2_PLACEMENT_3D('',#385,#386,#387);
#385 = CARTESIAN_POINT('',(-1.016,-1.27,0.));
#386 = DIRECTION('',(0.,1.,0.));
#387 = DIRECTION('',(1.,0.,0.));
#388 = ADVANCED_FACE('',(#389),#395,.F.);
#389 = FACE_BOUND('',#390,.F.);
#390 = EDGE_LOOP('',(#391,#392,#393,#394));
#391 = ORIENTED_EDGE('',*,*,#377,.T.);
#392 = ORIENTED_EDGE('',*,*,#259,.T.);
#393 = ORIENTED_EDGE('',*,*,#358,.F.);
#394 = ORIENTED_EDGE('',*,*,#176,.F.);
#395 = PLANE('',#396);
#396 = AXIS2_PLACEMENT_3D('',#397,#398,#399);
#397 = CARTESIAN_POINT('',(1.016,-1.27,0.));
#398 = DIRECTION('',(-0.707106781187,0.707106781187,0.));
#399 = DIRECTION('',(0.707106781187,0.707106781187,0.));
#400 = ADVANCED_FACE('',(#401),#426,.F.);
#401 = FACE_BOUND('',#402,.F.);
#402 = EDGE_LOOP('',(#403,#411,#419,#425));
#403 = ORIENTED_EDGE('',*,*,#404,.F.);
#404 = EDGE_CURVE('',#405,#202,#407,.T.);
#405 = VERTEX_POINT('',#406);
#406 = CARTESIAN_POINT('',(0.32,-0.32,-2.84));
#407 = LINE('',#408,#409);
#408 = CARTESIAN_POINT('',(0.32,-0.32,-3.));
#409 = VECTOR('',#410,1.);
#410 = DIRECTION('',(0.,0.,1.));
#411 = ORIENTED_EDGE('',*,*,#412,.F.);
#412 = EDGE_CURVE('',#413,#405,#415,.T.);
#413 = VERTEX_POINT('',#414);
#414 = CARTESIAN_POINT('',(-0.32,-0.32,-2.84));
#415 = LINE('',#416,#417);
#416 = CARTESIAN_POINT('',(-0.32,-0.32,-2.84));
#417 = VECTOR('',#418,1.);
#418 = DIRECTION('',(1.,0.,0.));
#419 = ORIENTED_EDGE('',*,*,#420,.T.);
#420 = EDGE_CURVE('',#413,#204,#421,.T.);
#421 = LINE('',#422,#423);
#422 = CARTESIAN_POINT('',(-0.32,-0.32,-3.));
#423 = VECTOR('',#424,1.);
#424 = DIRECTION('',(0.,0.,1.));
#425 = ORIENTED_EDGE('',*,*,#201,.F.);
#426 = PLANE('',#427);
#427 = AXIS2_PLACEMENT_3D('',#428,#429,#430);
#428 = CARTESIAN_POINT('',(-0.32,-0.32,-3.));
#429 = DIRECTION('',(0.,1.,0.));
#430 = DIRECTION('',(0.,-0.,1.));
#431 = ADVANCED_FACE('',(#432),#450,.T.);
#432 = FACE_BOUND('',#433,.T.);
#433 = EDGE_LOOP('',(#434,#435,#443,#449));
#434 = ORIENTED_EDGE('',*,*,#404,.F.);
#435 = ORIENTED_EDGE('',*,*,#436,.T.);
#436 = EDGE_CURVE('',#405,#437,#439,.T.);
#437 = VERTEX_POINT('',#438);
#438 = CARTESIAN_POINT('',(0.32,0.32,-2.84));
#439 = LINE('',#440,#441);
#440 = CARTESIAN_POINT('',(0.32,-0.32,-2.84));
#441 = VECTOR('',#442,1.);
#442 = DIRECTION('',(0.,1.,0.));
#443 = ORIENTED_EDGE('',*,*,#444,.T.);
#444 = EDGE_CURVE('',#437,#220,#445,.T.);
#445 = LINE('',#446,#447);
#446 = CARTESIAN_POINT('',(0.32,0.32,-3.));
#447 = VECTOR('',#448,1.);
#448 = DIRECTION('',(0.,0.,1.));
#449 = ORIENTED_EDGE('',*,*,#227,.F.);
#450 = PLANE('',#451);
#451 = AXIS2_PLACEMENT_3D('',#452,#453,#454);
#452 = CARTESIAN_POINT('',(0.32,-0.32,-3.));
#453 = DIRECTION('',(1.,0.,0.));
#454 = DIRECTION('',(0.,0.,1.));
#455 = ADVANCED_FACE('',(#456),#474,.T.);
#456 = FACE_BOUND('',#457,.T.);
#457 = EDGE_LOOP('',(#458,#459,#467,#473));
#458 = ORIENTED_EDGE('',*,*,#444,.F.);
#459 = ORIENTED_EDGE('',*,*,#460,.F.);
#460 = EDGE_CURVE('',#461,#437,#463,.T.);
#461 = VERTEX_POINT('',#462);
#462 = CARTESIAN_POINT('',(-0.32,0.32,-2.84));
#463 = LINE('',#464,#465);
#464 = CARTESIAN_POINT('',(-0.32,0.32,-2.84));
#465 = VECTOR('',#466,1.);
#466 = DIRECTION('',(1.,0.,0.));
#467 = ORIENTED_EDGE('',*,*,#468,.T.);
#468 = EDGE_CURVE('',#461,#212,#469,.T.);
#469 = LINE('',#470,#471);
#470 = CARTESIAN_POINT('',(-0.32,0.32,-3.));
#471 = VECTOR('',#472,1.);
#472 = DIRECTION('',(0.,0.,1.));
#473 = ORIENTED_EDGE('',*,*,#219,.F.);
#474 = PLANE('',#475);
#475 = AXIS2_PLACEMENT_3D('',#476,#477,#478);
#476 = CARTESIAN_POINT('',(-0.32,0.32,-3.));
#477 = DIRECTION('',(0.,1.,0.));
#478 = DIRECTION('',(0.,-0.,1.));
#479 = ADVANCED_FACE('',(#480),#491,.F.);
#480 = FACE_BOUND('',#481,.F.);
#481 = EDGE_LOOP('',(#482,#483,#489,#490));
#482 = ORIENTED_EDGE('',*,*,#420,.F.);
#483 = ORIENTED_EDGE('',*,*,#484,.T.);
#484 = EDGE_CURVE('',#413,#461,#485,.T.);
#485 = LINE('',#486,#487);
#486 = CARTESIAN_POINT('',(-0.32,-0.32,-2.84));
#487 = VECTOR('',#488,1.);
#488 = DIRECTION('',(0.,1.,0.));
#489 = ORIENTED_EDGE('',*,*,#468,.T.);
#490 = ORIENTED_EDGE('',*,*,#211,.F.);
#491 = PLANE('',#492);
#492 = AXIS2_PLACEMENT_3D('',#493,#494,#495);
#493 = CARTESIAN_POINT('',(-0.32,-0.32,-3.));
#494 = DIRECTION('',(1.,0.,0.));
#495 = DIRECTION('',(0.,0.,1.));
#496 = ADVANCED_FACE('',(#497),#522,.F.);
#497 = FACE_BOUND('',#498,.F.);
#498 = EDGE_LOOP('',(#499,#507,#508,#516));
#499 = ORIENTED_EDGE('',*,*,#500,.F.);
#500 = EDGE_CURVE('',#285,#501,#503,.T.);
#501 = VERTEX_POINT('',#502);
#502 = CARTESIAN_POINT('',(0.32,-0.32,8.38));
#503 = LINE('',#504,#505);
#504 = CARTESIAN_POINT('',(0.32,-0.32,-3.));
#505 = VECTOR('',#506,1.);
#506 = DIRECTION('',(0.,0.,1.));
#507 = ORIENTED_EDGE('',*,*,#284,.T.);
#508 = ORIENTED_EDGE('',*,*,#509,.T.);
#509 = EDGE_CURVE('',#287,#510,#512,.T.);
#510 = VERTEX_POINT('',#511);
#511 = CARTESIAN_POINT('',(-0.32,-0.32,8.38));
#512 = LINE('',#513,#514);
#513 = CARTESIAN_POINT('',(-0.32,-0.32,-3.));
#514 = VECTOR('',#515,1.);
#515 = DIRECTION('',(0.,0.,1.));
#516 = ORIENTED_EDGE('',*,*,#517,.T.);
#517 = EDGE_CURVE('',#510,#501,#518,.T.);
#518 = LINE('',#519,#520);
#519 = CARTESIAN_POINT('',(-0.32,-0.32,8.38));
#520 = VECTOR('',#521,1.);
#521 = DIRECTION('',(1.,0.,0.));
#522 = PLANE('',#523);
#523 = AXIS2_PLACEMENT_3D('',#524,#525,#526);
#524 = CARTESIAN_POINT('',(-0.32,-0.32,-3.));
#525 = DIRECTION('',(0.,1.,0.));
#526 = DIRECTION('',(0.,-0.,1.));
#527 = ADVANCED_FACE('',(#528),#546,.T.);
#528 = FACE_BOUND('',#529,.T.);
#529 = EDGE_LOOP('',(#530,#531,#532,#540));
#530 = ORIENTED_EDGE('',*,*,#500,.F.);
#531 = ORIENTED_EDGE('',*,*,#310,.T.);
#532 = ORIENTED_EDGE('',*,*,#533,.T.);
#533 = EDGE_CURVE('',#303,#534,#536,.T.);
#534 = VERTEX_POINT('',#535);
#535 = CARTESIAN_POINT('',(0.32,0.32,8.38));
#536 = LINE('',#537,#538);
#537 = CARTESIAN_POINT('',(0.32,0.32,-3.));
#538 = VECTOR('',#539,1.);
#539 = DIRECTION('',(0.,0.,1.));
#540 = ORIENTED_EDGE('',*,*,#541,.F.);
#541 = EDGE_CURVE('',#501,#534,#542,.T.);
#542 = LINE('',#543,#544);
#543 = CARTESIAN_POINT('',(0.32,-0.32,8.38));
#544 = VECTOR('',#545,1.);
#545 = DIRECTION('',(0.,1.,0.));
#546 = PLANE('',#547);
#547 = AXIS2_PLACEMENT_3D('',#548,#549,#550);
#548 = CARTESIAN_POINT('',(0.32,-0.32,-3.));
#549 = DIRECTION('',(1.,0.,0.));
#550 = DIRECTION('',(0.,0.,1.));
#551 = ADVANCED_FACE('',(#552),#570,.T.);
#552 = FACE_BOUND('',#553,.T.);
#553 = EDGE_LOOP('',(#554,#555,#556,#564));
#554 = ORIENTED_EDGE('',*,*,#533,.F.);
#555 = ORIENTED_EDGE('',*,*,#302,.T.);
#556 = ORIENTED_EDGE('',*,*,#557,.T.);
#557 = EDGE_CURVE('',#295,#558,#560,.T.);
#558 = VERTEX_POINT('',#559);
#559 = CARTESIAN_POINT('',(-0.32,0.32,8.38));
#560 = LINE('',#561,#562);
#561 = CARTESIAN_POINT('',(-0.32,0.32,-3.));
#562 = VECTOR('',#563,1.);
#563 = DIRECTION('',(0.,0.,1.));
#564 = ORIENTED_EDGE('',*,*,#565,.T.);
#565 = EDGE_CURVE('',#558,#534,#566,.T.);
#566 = LINE('',#567,#568);
#567 = CARTESIAN_POINT('',(-0.32,0.32,8.38));
#568 = VECTOR('',#569,1.);
#569 = DIRECTION('',(1.,0.,0.));
#570 = PLANE('',#571);
#571 = AXIS2_PLACEMENT_3D('',#572,#573,#574);
#572 = CARTESIAN_POINT('',(-0.32,0.32,-3.));
#573 = DIRECTION('',(0.,1.,0.));
#574 = DIRECTION('',(0.,-0.,1.));
#575 = ADVANCED_FACE('',(#576),#587,.F.);
#576 = FACE_BOUND('',#577,.F.);
#577 = EDGE_LOOP('',(#578,#579,#580,#581));
#578 = ORIENTED_EDGE('',*,*,#509,.F.);
#579 = ORIENTED_EDGE('',*,*,#294,.T.);
#580 = ORIENTED_EDGE('',*,*,#557,.T.);
#581 = ORIENTED_EDGE('',*,*,#582,.F.);
#582 = EDGE_CURVE('',#510,#558,#583,.T.);
#583 = LINE('',#584,#585);
#584 = CARTESIAN_POINT('',(-0.32,-0.32,8.38));
#585 = VECTOR('',#586,1.);
#586 = DIRECTION('',(0.,1.,0.));
#587 = PLANE('',#588);
#588 = AXIS2_PLACEMENT_3D('',#589,#590,#591);
#589 = CARTESIAN_POINT('',(-0.32,-0.32,-3.));
#590 = DIRECTION('',(1.,0.,0.));
#591 = DIRECTION('',(0.,0.,1.));
#592 = ADVANCED_FACE('',(#593),#618,.T.);
#593 = FACE_BOUND('',#594,.F.);
#594 = EDGE_LOOP('',(#595,#603,#604,#612));
#595 = ORIENTED_EDGE('',*,*,#596,.F.);
#596 = EDGE_CURVE('',#413,#597,#599,.T.);
#597 = VERTEX_POINT('',#598);
#598 = CARTESIAN_POINT('',(-0.16,-0.16,-3.));
#599 = LINE('',#600,#601);
#600 = CARTESIAN_POINT('',(-0.266666666667,-0.266666666667,
    -2.893333333333));
#601 = VECTOR('',#602,1.);
#602 = DIRECTION('',(0.57735026919,0.57735026919,-0.57735026919));
#603 = ORIENTED_EDGE('',*,*,#412,.T.);
#604 = ORIENTED_EDGE('',*,*,#605,.T.);
#605 = EDGE_CURVE('',#405,#606,#608,.T.);
#606 = VERTEX_POINT('',#607);
#607 = CARTESIAN_POINT('',(0.16,-0.16,-3.));
#608 = LINE('',#609,#610);
#609 = CARTESIAN_POINT('',(0.16,-0.16,-3.));
#610 = VECTOR('',#611,1.);
#611 = DIRECTION('',(-0.57735026919,0.57735026919,-0.57735026919));
#612 = ORIENTED_EDGE('',*,*,#613,.F.);
#613 = EDGE_CURVE('',#597,#606,#614,.T.);
#614 = LINE('',#615,#616);
#615 = CARTESIAN_POINT('',(-0.32,-0.16,-3.));
#616 = VECTOR('',#617,1.);
#617 = DIRECTION('',(1.,0.,0.));
#618 = PLANE('',#619);
#619 = AXIS2_PLACEMENT_3D('',#620,#621,#622);
#620 = CARTESIAN_POINT('',(-0.32,-0.24,-2.92));
#621 = DIRECTION('',(1.735167508357E-18,-0.707106781187,-0.707106781187)
  );
#622 = DIRECTION('',(-1.,-1.226948711654E-18,-1.226948711654E-18));
#623 = ADVANCED_FACE('',(#624),#642,.F.);
#624 = FACE_BOUND('',#625,.F.);
#625 = EDGE_LOOP('',(#626,#627,#628,#636));
#626 = ORIENTED_EDGE('',*,*,#605,.F.);
#627 = ORIENTED_EDGE('',*,*,#436,.T.);
#628 = ORIENTED_EDGE('',*,*,#629,.T.);
#629 = EDGE_CURVE('',#437,#630,#632,.T.);
#630 = VERTEX_POINT('',#631);
#631 = CARTESIAN_POINT('',(0.16,0.16,-3.));
#632 = LINE('',#633,#634);
#633 = CARTESIAN_POINT('',(5.333333333333E-02,5.333333333333E-02,
    -3.106666666667));
#634 = VECTOR('',#635,1.);
#635 = DIRECTION('',(-0.57735026919,-0.57735026919,-0.57735026919));
#636 = ORIENTED_EDGE('',*,*,#637,.F.);
#637 = EDGE_CURVE('',#606,#630,#638,.T.);
#638 = LINE('',#639,#640);
#639 = CARTESIAN_POINT('',(0.16,-0.32,-3.));
#640 = VECTOR('',#641,1.);
#641 = DIRECTION('',(0.,1.,0.));
#642 = PLANE('',#643);
#643 = AXIS2_PLACEMENT_3D('',#644,#645,#646);
#644 = CARTESIAN_POINT('',(0.24,-0.32,-2.92));
#645 = DIRECTION('',(-0.707106781187,1.735167508357E-18,0.707106781187)
  );
#646 = DIRECTION('',(1.226948711654E-18,1.,-1.226948711654E-18));
#647 = ADVANCED_FACE('',(#648),#666,.F.);
#648 = FACE_BOUND('',#649,.T.);
#649 = EDGE_LOOP('',(#650,#658,#659,#660));
#650 = ORIENTED_EDGE('',*,*,#651,.F.);
#651 = EDGE_CURVE('',#461,#652,#654,.T.);
#652 = VERTEX_POINT('',#653);
#653 = CARTESIAN_POINT('',(-0.16,0.16,-3.));
#654 = LINE('',#655,#656);
#655 = CARTESIAN_POINT('',(-0.16,0.16,-3.));
#656 = VECTOR('',#657,1.);
#657 = DIRECTION('',(0.57735026919,-0.57735026919,-0.57735026919));
#658 = ORIENTED_EDGE('',*,*,#460,.T.);
#659 = ORIENTED_EDGE('',*,*,#629,.T.);
#660 = ORIENTED_EDGE('',*,*,#661,.F.);
#661 = EDGE_CURVE('',#652,#630,#662,.T.);
#662 = LINE('',#663,#664);
#663 = CARTESIAN_POINT('',(-0.32,0.16,-3.));
#664 = VECTOR('',#665,1.);
#665 = DIRECTION('',(1.,0.,0.));
#666 = PLANE('',#667);
#667 = AXIS2_PLACEMENT_3D('',#668,#669,#670);
#668 = CARTESIAN_POINT('',(-0.32,0.24,-2.92));
#669 = DIRECTION('',(-1.735167508357E-18,-0.707106781187,0.707106781187)
  );
#670 = DIRECTION('',(-1.,1.226948711654E-18,-1.226948711654E-18));
#671 = ADVANCED_FACE('',(#672),#683,.T.);
#672 = FACE_BOUND('',#673,.T.);
#673 = EDGE_LOOP('',(#674,#675,#676,#677));
#674 = ORIENTED_EDGE('',*,*,#596,.F.);
#675 = ORIENTED_EDGE('',*,*,#484,.T.);
#676 = ORIENTED_EDGE('',*,*,#651,.T.);
#677 = ORIENTED_EDGE('',*,*,#678,.F.);
#678 = EDGE_CURVE('',#597,#652,#679,.T.);
#679 = LINE('',#680,#681);
#680 = CARTESIAN_POINT('',(-0.16,-0.32,-3.));
#681 = VECTOR('',#682,1.);
#682 = DIRECTION('',(0.,1.,0.));
#683 = PLANE('',#684);
#684 = AXIS2_PLACEMENT_3D('',#685,#686,#687);
#685 = CARTESIAN_POINT('',(-0.24,-0.32,-2.92));
#686 = DIRECTION('',(-0.707106781187,-1.735167508357E-18,-0.707106781187
    ));
#687 = DIRECTION('',(-1.226948711654E-18,1.,-1.226948711654E-18));
#688 = ADVANCED_FACE('',(#689),#714,.F.);
#689 = FACE_BOUND('',#690,.T.);
#690 = EDGE_LOOP('',(#691,#699,#700,#708));
#691 = ORIENTED_EDGE('',*,*,#692,.F.);
#692 = EDGE_CURVE('',#510,#693,#695,.T.);
#693 = VERTEX_POINT('',#694);
#694 = CARTESIAN_POINT('',(-0.16,-0.16,8.54));
#695 = LINE('',#696,#697);
#696 = CARTESIAN_POINT('',(-0.266666666667,-0.266666666667,
    8.433333333333));
#697 = VECTOR('',#698,1.);
#698 = DIRECTION('',(0.57735026919,0.57735026919,0.57735026919));
#699 = ORIENTED_EDGE('',*,*,#517,.T.);
#700 = ORIENTED_EDGE('',*,*,#701,.T.);
#701 = EDGE_CURVE('',#501,#702,#704,.T.);
#702 = VERTEX_POINT('',#703);
#703 = CARTESIAN_POINT('',(0.16,-0.16,8.54));
#704 = LINE('',#705,#706);
#705 = CARTESIAN_POINT('',(0.16,-0.16,8.54));
#706 = VECTOR('',#707,1.);
#707 = DIRECTION('',(-0.57735026919,0.57735026919,0.57735026919));
#708 = ORIENTED_EDGE('',*,*,#709,.F.);
#709 = EDGE_CURVE('',#693,#702,#710,.T.);
#710 = LINE('',#711,#712);
#711 = CARTESIAN_POINT('',(-0.32,-0.16,8.54));
#712 = VECTOR('',#713,1.);
#713 = DIRECTION('',(1.,0.,0.));
#714 = PLANE('',#715);
#715 = AXIS2_PLACEMENT_3D('',#716,#717,#718);
#716 = CARTESIAN_POINT('',(-0.32,-0.24,8.46));
#717 = DIRECTION('',(-1.735167508357E-18,0.707106781187,-0.707106781187)
  );
#718 = DIRECTION('',(-1.,-1.226948711654E-18,1.226948711654E-18));
#719 = ADVANCED_FACE('',(#720),#738,.T.);
#720 = FACE_BOUND('',#721,.T.);
#721 = EDGE_LOOP('',(#722,#723,#724,#732));
#722 = ORIENTED_EDGE('',*,*,#701,.F.);
#723 = ORIENTED_EDGE('',*,*,#541,.T.);
#724 = ORIENTED_EDGE('',*,*,#725,.T.);
#725 = EDGE_CURVE('',#534,#726,#728,.T.);
#726 = VERTEX_POINT('',#727);
#727 = CARTESIAN_POINT('',(0.16,0.16,8.54));
#728 = LINE('',#729,#730);
#729 = CARTESIAN_POINT('',(5.333333333333E-02,5.333333333333E-02,
    8.646666666667));
#730 = VECTOR('',#731,1.);
#731 = DIRECTION('',(-0.57735026919,-0.57735026919,0.57735026919));
#732 = ORIENTED_EDGE('',*,*,#733,.F.);
#733 = EDGE_CURVE('',#702,#726,#734,.T.);
#734 = LINE('',#735,#736);
#735 = CARTESIAN_POINT('',(0.16,-0.32,8.54));
#736 = VECTOR('',#737,1.);
#737 = DIRECTION('',(0.,1.,0.));
#738 = PLANE('',#739);
#739 = AXIS2_PLACEMENT_3D('',#740,#741,#742);
#740 = CARTESIAN_POINT('',(0.24,-0.32,8.46));
#741 = DIRECTION('',(0.707106781187,-1.735167508357E-18,0.707106781187)
  );
#742 = DIRECTION('',(1.226948711654E-18,1.,1.226948711654E-18));
#743 = ADVANCED_FACE('',(#744),#762,.T.);
#744 = FACE_BOUND('',#745,.F.);
#745 = EDGE_LOOP('',(#746,#754,#755,#756));
#746 = ORIENTED_EDGE('',*,*,#747,.F.);
#747 = EDGE_CURVE('',#558,#748,#750,.T.);
#748 = VERTEX_POINT('',#749);
#749 = CARTESIAN_POINT('',(-0.16,0.16,8.54));
#750 = LINE('',#751,#752);
#751 = CARTESIAN_POINT('',(-0.16,0.16,8.54));
#752 = VECTOR('',#753,1.);
#753 = DIRECTION('',(0.57735026919,-0.57735026919,0.57735026919));
#754 = ORIENTED_EDGE('',*,*,#565,.T.);
#755 = ORIENTED_EDGE('',*,*,#725,.T.);
#756 = ORIENTED_EDGE('',*,*,#757,.F.);
#757 = EDGE_CURVE('',#748,#726,#758,.T.);
#758 = LINE('',#759,#760);
#759 = CARTESIAN_POINT('',(-0.32,0.16,8.54));
#760 = VECTOR('',#761,1.);
#761 = DIRECTION('',(1.,0.,0.));
#762 = PLANE('',#763);
#763 = AXIS2_PLACEMENT_3D('',#764,#765,#766);
#764 = CARTESIAN_POINT('',(-0.32,0.24,8.46));
#765 = DIRECTION('',(1.735167508357E-18,0.707106781187,0.707106781187));
#766 = DIRECTION('',(-1.,1.226948711654E-18,1.226948711654E-18));
#767 = ADVANCED_FACE('',(#768),#779,.F.);
#768 = FACE_BOUND('',#769,.F.);
#769 = EDGE_LOOP('',(#770,#771,#772,#773));
#770 = ORIENTED_EDGE('',*,*,#692,.F.);
#771 = ORIENTED_EDGE('',*,*,#582,.T.);
#772 = ORIENTED_EDGE('',*,*,#747,.T.);
#773 = ORIENTED_EDGE('',*,*,#774,.F.);
#774 = EDGE_CURVE('',#693,#748,#775,.T.);
#775 = LINE('',#776,#777);
#776 = CARTESIAN_POINT('',(-0.16,-0.32,8.54));
#777 = VECTOR('',#778,1.);
#778 = DIRECTION('',(0.,1.,0.));
#779 = PLANE('',#780);
#780 = AXIS2_PLACEMENT_3D('',#781,#782,#783);
#781 = CARTESIAN_POINT('',(-0.24,-0.32,8.46));
#782 = DIRECTION('',(0.707106781187,1.735167508357E-18,-0.707106781187)
  );
#783 = DIRECTION('',(-1.226948711654E-18,1.,1.226948711654E-18));
#784 = ADVANCED_FACE('',(#785),#791,.F.);
#785 = FACE_BOUND('',#786,.F.);
#786 = EDGE_LOOP('',(#787,#788,#789,#790));
#787 = ORIENTED_EDGE('',*,*,#661,.F.);
#788 = ORIENTED_EDGE('',*,*,#678,.F.);
#789 = ORIENTED_EDGE('',*,*,#613,.T.);
#790 = ORIENTED_EDGE('',*,*,#637,.T.);
#791 = PLANE('',#792);
#792 = AXIS2_PLACEMENT_3D('',#793,#794,#795);
#793 = CARTESIAN_POINT('',(-0.32,-0.32,-3.));
#794 = DIRECTION('',(0.,0.,1.));
#795 = DIRECTION('',(1.,0.,-0.));
#796 = ADVANCED_FACE('',(#797),#803,.T.);
#797 = FACE_BOUND('',#798,.T.);
#798 = EDGE_LOOP('',(#799,#800,#801,#802));
#799 = ORIENTED_EDGE('',*,*,#733,.T.);
#800 = ORIENTED_EDGE('',*,*,#757,.F.);
#801 = ORIENTED_EDGE('',*,*,#774,.F.);
#802 = ORIENTED_EDGE('',*,*,#709,.T.);
#803 = PLANE('',#804);
#804 = AXIS2_PLACEMENT_3D('',#805,#806,#807);
#805 = CARTESIAN_POINT('',(-0.32,-0.32,8.54));
#806 = DIRECTION('',(0.,0.,1.));
#807 = DIRECTION('',(1.,0.,-0.));
#808 = ( GEOMETRIC_REPRESENTATION_CONTEXT(3) 
GLOBAL_UNCERTAINTY_ASSIGNED_CONTEXT((#812)) GLOBAL_UNIT_ASSIGNED_CONTEXT
((#809,#810,#811)) REPRESENTATION_CONTEXT('Context #1',
  '3D Context with UNIT and UNCERTAINTY') );
#809 = ( LENGTH_UNIT() NAMED_UNIT(*) SI_UNIT(.MILLI.,.METRE.) );
#810 = ( NAMED_UNIT(*) PLANE_ANGLE_UNIT() SI_UNIT($,.RADIAN.) );
#811 = ( NAMED_UNIT(*) SI_UNIT($,.STERADIAN.) SOLID_ANGLE_UNIT() );
#812 = UNCERTAINTY_MEASURE_WITH_UNIT(LENGTH_MEASURE(1.E-07),#809,
  'distance_accuracy_value','confusion accuracy');
#813 = SHAPE_DEFINITION_REPRESENTATION(#814,#49);
#814 = PRODUCT_DEFINITION_SHAPE('','',#815);
#815 = PRODUCT_DEFINITION('design','',#816,#819);
#816 = PRODUCT_DEFINITION_FORMATION('','',#817);
#817 = PRODUCT('PinHeader_1x01_P2.54mm_Vertical',
  'PinHeader_1x01_P2.54mm_Vertical','',(#818));
#818 = PRODUCT_CONTEXT('',#2,'mechanical');
#819 = PRODUCT_DEFINITION_CONTEXT('part definition',#2,'design');
#820 = CONTEXT_DEPENDENT_SHAPE_REPRESENTATION(#821,#823);
#821 = ( REPRESENTATION_RELATIONSHIP('','',#49,#10) 
REPRESENTATION_RELATIONSHIP_WITH_TRANSFORMATION(#822) 
SHAPE_REPRESENTATION_RELATIONSHIP() );
#822 = ITEM_DEFINED_TRANSFORMATION('','',#11,#15);
#823 = PRODUCT_DEFINITION_SHAPE('Placement','Placement of an item',#824
  );
#824 = NEXT_ASSEMBLY_USAGE_OCCURRENCE('1','','',#5,#815,$);
#825 = PRODUCT_RELATED_PRODUCT_CATEGORY('part',$,(#817));
#826 = CONTEXT_DEPENDENT_SHAPE_REPRESENTATION(#827,#829);
#827 = ( REPRESENTATION_RELATIONSHIP('','',#49,#10) 
REPRESENTATION_RELATIONSHIP_WITH_TRANSFORMATION(#828) 
SHAPE_REPRESENTATION_RELATIONSHIP() );
#828 = ITEM_DEFINED_TRANSFORMATION('','',#11,#19);
#829 = PRODUCT_DEFINITION_SHAPE('Placement','Placement of an item',#830
  );
#830 = NEXT_ASSEMBLY_USAGE_OCCURRENCE('2','','',#5,#815,$);
#831 = CONTEXT_DEPENDENT_SHAPE_REPRESENTATION(#832,#834);
#832 = ( REPRESENTATION_RELATIONSHIP('','',#49,#10) 
REPRESENTATION_RELATIONSHIP_WITH_TRANSFORMATION(#833) 
SHAPE_REPRESENTATION_RELATIONSHIP() );
#833 = ITEM_DEFINED_TRANSFORMATION('','',#11,#23);
#834 = PRODUCT_DEFINITION_SHAPE('Placement','Placement of an item',#835
  );
#835 = NEXT_ASSEMBLY_USAGE_OCCURRENCE('3','','',#5,#815,$);
#836 = CONTEXT_DEPENDENT_SHAPE_REPRESENTATION(#837,#839);
#837 = ( REPRESENTATION_RELATIONSHIP('','',#49,#10) 
REPRESENTATION_RELATIONSHIP_WITH_TRANSFORMATION(#838) 
SHAPE_REPRESENTATION_RELATIONSHIP() );
#838 = ITEM_DEFINED_TRANSFORMATION('','',#11,#27);
#839 = PRODUCT_DEFINITION_SHAPE('Placement','Placement of an item',#840
  );
#840 = NEXT_ASSEMBLY_USAGE_OCCURRENCE('4','','',#5,#815,$);
#841 = ADVANCED_BREP_SHAPE_REPRESENTATION('',(#11,#842),#11363);
#842 = MANIFOLD_SOLID_BREP('',#843);
#843 = CLOSED_SHELL('',(#844,#886,#928,#970,#1003,#1045,#1078,#1118,
    #1158,#2689,#2720,#2760,#2791,#2831,#3090,#3114,#3138,#3327,#3349,
    #3371,#3393,#3415,#3432,#3449,#3461,#3473,#3485,#3518,#3551,#3570,
    #3587,#3618,#3640,#3692,#3744,#3761,#3792,#3823,#3837,#3854,#3878,
    #3895,#3947,#3964,#3997,#4030,#4049,#4066,#4097,#4128,#4145,#4162,
    #4174,#4205,#4229,#4253,#4277,#4301,#4325,#4349,#4373,#4397,#4421,
    #4445,#4462,#4482,#4547,#4612,#4652,#4683,#4714,#4731,#4745,#4762,
    #4774,#4786,#4798,#4863,#4928,#4968,#4985,#4997,#5016,#5033,#5068,
    #5090,#5102,#5114,#5126,#5138,#5169,#5193,#5217,#5241,#5265,#5282,
    #5296,#5332,#5356,#5385,#5414,#5443,#5472,#5501,#5530,#5554,#5583,
    #5612,#5641,#5670,#5692,#5714,#5745,#5769,#5793,#5817,#5841,#5865,
    #5889,#5913,#5937,#5961,#5985,#6002,#6022,#6152,#6174,#6195,#6216,
    #6237,#6258,#6275,#6287,#6318,#6342,#6366,#6395,#6424,#6453,#6475,
    #6490,#6614,#6636,#6653,#6670,#6687,#6704,#6721,#6738,#6750,#6781,
    #6805,#6834,#6858,#6887,#6904,#6918,#6949,#6973,#6997,#7021,#7045,
    #7069,#7093,#7117,#7141,#7165,#7189,#7206,#7226,#7426,#7452,#7469,
    #7490,#7511,#7528,#7549,#7570,#7591,#7612,#7629,#7646,#7663,#7680,
    #7696,#7732,#7761,#7790,#7819,#7848,#7877,#7901,#7918,#7934,#7970,
    #7994,#8023,#8052,#8081,#8110,#8139,#8168,#8197,#8226,#8255,#8284,
    #8308,#8337,#8366,#8395,#8424,#8453,#8482,#8511,#8533,#8562,#8593,
    #8617,#8646,#8670,#8694,#8718,#8742,#8766,#8790,#8819,#8848,#8872,
    #8901,#8930,#8947,#8970,#9001,#9025,#9049,#9073,#9097,#9121,#9145,
    #9169,#9193,#9217,#9241,#9258,#9278,#9408,#9430,#9451,#9472,#9493,
    #9514,#9531,#9543,#9574,#9598,#9622,#9651,#9680,#9709,#9731,#9746,
    #9870,#9892,#9909,#9926,#9943,#9960,#9977,#9994,#10006,#10037,#10061
    ,#10090,#10114,#10143,#10160,#10174,#10499,#10525,#10546,#10567,
    #10588,#10609,#10630,#10651,#10672,#10693,#10714,#10735,#10756,
    #10773,#10790,#10807,#10824,#10845,#10866,#10887,#10908,#10929,
    #10950,#10971,#10988,#11009,#11030,#11047,#11068,#11089,#11110,
    #11127,#11148,#11164,#11209,#11237,#11247,#11264,#11281,#11293,
    #11310,#11327,#11339,#11351));
#844 = ADVANCED_FACE('',(#845),#881,.F.);
#845 = FACE_BOUND('',#846,.F.);
#846 = EDGE_LOOP('',(#847,#857,#866,#874));
#847 = ORIENTED_EDGE('',*,*,#848,.T.);
#848 = EDGE_CURVE('',#849,#851,#853,.T.);
#849 = VERTEX_POINT('',#850);
#850 = CARTESIAN_POINT('',(-10.65,0.95,-3.389596126149));
#851 = VERTEX_POINT('',#852);
#852 = CARTESIAN_POINT('',(-10.9,0.95,-3.389596126149));
#853 = LINE('',#854,#855);
#854 = CARTESIAN_POINT('',(10.910384757729,0.95,-3.389596126149));
#855 = VECTOR('',#856,1.);
#856 = DIRECTION('',(-1.,1.734723475977E-16,3.519728791837E-15));
#857 = ORIENTED_EDGE('',*,*,#858,.F.);
#858 = EDGE_CURVE('',#859,#851,#861,.T.);
#859 = VERTEX_POINT('',#860);
#860 = CARTESIAN_POINT('',(-10.9,0.95,-3.913848877494));
#861 = CIRCLE('',#862,0.262126375673);
#862 = AXIS2_PLACEMENT_3D('',#863,#864,#865);
#863 = CARTESIAN_POINT('',(-10.9,0.95,-3.651722501822));
#864 = DIRECTION('',(-1.,1.734723475977E-16,3.519728791837E-15));
#865 = DIRECTION('',(3.519728791837E-15,5.374452686822E-31,1.));
#866 = ORIENTED_EDGE('',*,*,#867,.F.);
#867 = EDGE_CURVE('',#868,#859,#870,.T.);
#868 = VERTEX_POINT('',#869);
#869 = CARTESIAN_POINT('',(-10.65,0.95,-3.913848877494));
#870 = LINE('',#871,#872);
#871 = CARTESIAN_POINT('',(10.910384757729,0.95,-3.913848877494));
#872 = VECTOR('',#873,1.);
#873 = DIRECTION('',(-1.,1.734723475977E-16,3.519728791837E-15));
#874 = ORIENTED_EDGE('',*,*,#875,.F.);
#875 = EDGE_CURVE('',#849,#868,#876,.T.);
#876 = CIRCLE('',#877,0.262126375673);
#877 = AXIS2_PLACEMENT_3D('',#878,#879,#880);
#878 = CARTESIAN_POINT('',(-10.65,0.95,-3.651722501822));
#879 = DIRECTION('',(1.,-1.734723475977E-16,-3.519728791837E-15));
#880 = DIRECTION('',(-3.519728791837E-15,-5.374452686822E-31,-1.));
#881 = CYLINDRICAL_SURFACE('',#882,0.262126375673);
#882 = AXIS2_PLACEMENT_3D('',#883,#884,#885);
#883 = CARTESIAN_POINT('',(10.910384757729,0.95,-3.651722501822));
#884 = DIRECTION('',(-1.,1.734723475977E-16,3.519728791837E-15));
#885 = DIRECTION('',(3.519728791837E-15,5.374452686822E-31,1.));
#886 = ADVANCED_FACE('',(#887),#923,.F.);
#887 = FACE_BOUND('',#888,.F.);
#888 = EDGE_LOOP('',(#889,#899,#908,#916));
#889 = ORIENTED_EDGE('',*,*,#890,.T.);
#890 = EDGE_CURVE('',#891,#893,#895,.T.);
#891 = VERTEX_POINT('',#892);
#892 = CARTESIAN_POINT('',(10.9,0.95,-3.389596126149));
#893 = VERTEX_POINT('',#894);
#894 = CARTESIAN_POINT('',(10.65,0.95,-3.389596126149));
#895 = LINE('',#896,#897);
#896 = CARTESIAN_POINT('',(10.910384757729,0.95,-3.389596126149));
#897 = VECTOR('',#898,1.);
#898 = DIRECTION('',(-1.,1.734723475977E-16,3.519728791837E-15));
#899 = ORIENTED_EDGE('',*,*,#900,.F.);
#900 = EDGE_CURVE('',#901,#893,#903,.T.);
#901 = VERTEX_POINT('',#902);
#902 = CARTESIAN_POINT('',(10.65,0.95,-3.913848877494));
#903 = CIRCLE('',#904,0.262126375673);
#904 = AXIS2_PLACEMENT_3D('',#905,#906,#907);
#905 = CARTESIAN_POINT('',(10.65,0.95,-3.651722501822));
#906 = DIRECTION('',(-1.,1.734723475977E-16,-3.519728791837E-15));
#907 = DIRECTION('',(-3.519728791837E-15,-5.374452686822E-31,1.));
#908 = ORIENTED_EDGE('',*,*,#909,.F.);
#909 = EDGE_CURVE('',#910,#901,#912,.T.);
#910 = VERTEX_POINT('',#911);
#911 = CARTESIAN_POINT('',(10.9,0.95,-3.913848877494));
#912 = LINE('',#913,#914);
#913 = CARTESIAN_POINT('',(10.910384757729,0.95,-3.913848877494));
#914 = VECTOR('',#915,1.);
#915 = DIRECTION('',(-1.,1.734723475977E-16,3.519728791837E-15));
#916 = ORIENTED_EDGE('',*,*,#917,.T.);
#917 = EDGE_CURVE('',#910,#891,#918,.T.);
#918 = CIRCLE('',#919,0.262126375673);
#919 = AXIS2_PLACEMENT_3D('',#920,#921,#922);
#920 = CARTESIAN_POINT('',(10.9,0.95,-3.651722501822));
#921 = DIRECTION('',(-1.,1.734723475977E-16,-3.519728791837E-15));
#922 = DIRECTION('',(-3.519728791837E-15,-5.374452686822E-31,1.));
#923 = CYLINDRICAL_SURFACE('',#924,0.262126375673);
#924 = AXIS2_PLACEMENT_3D('',#925,#926,#927);
#925 = CARTESIAN_POINT('',(10.910384757729,0.95,-3.651722501822));
#926 = DIRECTION('',(-1.,1.734723475977E-16,3.519728791837E-15));
#927 = DIRECTION('',(3.519728791837E-15,5.374452686822E-31,1.));
#928 = ADVANCED_FACE('',(#929),#965,.F.);
#929 = FACE_BOUND('',#930,.F.);
#930 = EDGE_LOOP('',(#931,#941,#950,#958));
#931 = ORIENTED_EDGE('',*,*,#932,.T.);
#932 = EDGE_CURVE('',#933,#935,#937,.T.);
#933 = VERTEX_POINT('',#934);
#934 = CARTESIAN_POINT('',(9.496464180618,-2.915189293603,-0.25));
#935 = VERTEX_POINT('',#936);
#936 = CARTESIAN_POINT('',(9.496464180618,-2.915189293603,0.));
#937 = LINE('',#938,#939);
#938 = CARTESIAN_POINT('',(9.496464180618,-2.915189293603,-0.25));
#939 = VECTOR('',#940,1.);
#940 = DIRECTION('',(-0.,-0.,1.));
#941 = ORIENTED_EDGE('',*,*,#942,.T.);
#942 = EDGE_CURVE('',#935,#943,#945,.T.);
#943 = VERTEX_POINT('',#944);
#944 = CARTESIAN_POINT('',(3.496464180618,-2.915189293603,0.));
#945 = CIRCLE('',#946,3.);
#946 = AXIS2_PLACEMENT_3D('',#947,#948,#949);
#947 = CARTESIAN_POINT('',(6.496464180618,-2.915189293603,0.));
#948 = DIRECTION('',(-0.,0.,-1.));
#949 = DIRECTION('',(-1.,0.,0.));
#950 = ORIENTED_EDGE('',*,*,#951,.F.);
#951 = EDGE_CURVE('',#952,#943,#954,.T.);
#952 = VERTEX_POINT('',#953);
#953 = CARTESIAN_POINT('',(3.496464180618,-2.915189293603,-0.25));
#954 = LINE('',#955,#956);
#955 = CARTESIAN_POINT('',(3.496464180618,-2.915189293603,-0.25));
#956 = VECTOR('',#957,1.);
#957 = DIRECTION('',(-0.,-0.,1.));
#958 = ORIENTED_EDGE('',*,*,#959,.F.);
#959 = EDGE_CURVE('',#933,#952,#960,.T.);
#960 = CIRCLE('',#961,3.);
#961 = AXIS2_PLACEMENT_3D('',#962,#963,#964);
#962 = CARTESIAN_POINT('',(6.496464180618,-2.915189293603,-0.25));
#963 = DIRECTION('',(-0.,0.,-1.));
#964 = DIRECTION('',(-1.,0.,0.));
#965 = CYLINDRICAL_SURFACE('',#966,3.);
#966 = AXIS2_PLACEMENT_3D('',#967,#968,#969);
#967 = CARTESIAN_POINT('',(6.496464180618,-2.915189293603,-0.25));
#968 = DIRECTION('',(-0.,-0.,1.));
#969 = DIRECTION('',(1.,0.,0.));
#970 = ADVANCED_FACE('',(#971),#998,.F.);
#971 = FACE_BOUND('',#972,.F.);
#972 = EDGE_LOOP('',(#973,#983,#990,#991));
#973 = ORIENTED_EDGE('',*,*,#974,.F.);
#974 = EDGE_CURVE('',#975,#977,#979,.T.);
#975 = VERTEX_POINT('',#976);
#976 = CARTESIAN_POINT('',(7.996464180618,-0.317113082249,0.));
#977 = VERTEX_POINT('',#978);
#978 = CARTESIAN_POINT('',(7.996464180618,-0.317113082249,-0.25));
#979 = LINE('',#980,#981);
#980 = CARTESIAN_POINT('',(7.996464180618,-0.317113082249,-0.25));
#981 = VECTOR('',#982,1.);
#982 = DIRECTION('',(0.,0.,-1.));
#983 = ORIENTED_EDGE('',*,*,#984,.T.);
#984 = EDGE_CURVE('',#975,#935,#985,.T.);
#985 = CIRCLE('',#986,3.);
#986 = AXIS2_PLACEMENT_3D('',#987,#988,#989);
#987 = CARTESIAN_POINT('',(6.496464180618,-2.915189293603,0.));
#988 = DIRECTION('',(-0.,0.,-1.));
#989 = DIRECTION('',(-1.,0.,0.));
#990 = ORIENTED_EDGE('',*,*,#932,.F.);
#991 = ORIENTED_EDGE('',*,*,#992,.F.);
#992 = EDGE_CURVE('',#977,#933,#993,.T.);
#993 = CIRCLE('',#994,3.);
#994 = AXIS2_PLACEMENT_3D('',#995,#996,#997);
#995 = CARTESIAN_POINT('',(6.496464180618,-2.915189293603,-0.25));
#996 = DIRECTION('',(-0.,0.,-1.));
#997 = DIRECTION('',(-1.,0.,0.));
#998 = CYLINDRICAL_SURFACE('',#999,3.);
#999 = AXIS2_PLACEMENT_3D('',#1000,#1001,#1002);
#1000 = CARTESIAN_POINT('',(6.496464180618,-2.915189293603,-0.25));
#1001 = DIRECTION('',(-0.,-0.,1.));
#1002 = DIRECTION('',(1.,0.,0.));
#1003 = ADVANCED_FACE('',(#1004),#1040,.F.);
#1004 = FACE_BOUND('',#1005,.F.);
#1005 = EDGE_LOOP('',(#1006,#1016,#1025,#1033));
#1006 = ORIENTED_EDGE('',*,*,#1007,.T.);
#1007 = EDGE_CURVE('',#1008,#1010,#1012,.T.);
#1008 = VERTEX_POINT('',#1009);
#1009 = CARTESIAN_POINT('',(-3.496464180618,-2.915189293603,-0.25));
#1010 = VERTEX_POINT('',#1011);
#1011 = CARTESIAN_POINT('',(-3.496464180618,-2.915189293603,0.));
#1012 = LINE('',#1013,#1014);
#1013 = CARTESIAN_POINT('',(-3.496464180618,-2.915189293603,-0.25));
#1014 = VECTOR('',#1015,1.);
#1015 = DIRECTION('',(-0.,-0.,1.));
#1016 = ORIENTED_EDGE('',*,*,#1017,.F.);
#1017 = EDGE_CURVE('',#1018,#1010,#1020,.T.);
#1018 = VERTEX_POINT('',#1019);
#1019 = CARTESIAN_POINT('',(-9.496464180618,-2.915189293603,0.));
#1020 = CIRCLE('',#1021,3.);
#1021 = AXIS2_PLACEMENT_3D('',#1022,#1023,#1024);
#1022 = CARTESIAN_POINT('',(-6.496464180618,-2.915189293603,0.));
#1023 = DIRECTION('',(0.,0.,1.));
#1024 = DIRECTION('',(1.,0.,-0.));
#1025 = ORIENTED_EDGE('',*,*,#1026,.F.);
#1026 = EDGE_CURVE('',#1027,#1018,#1029,.T.);
#1027 = VERTEX_POINT('',#1028);
#1028 = CARTESIAN_POINT('',(-9.496464180618,-2.915189293603,-0.25));
#1029 = LINE('',#1030,#1031);
#1030 = CARTESIAN_POINT('',(-9.496464180618,-2.915189293603,-0.25));
#1031 = VECTOR('',#1032,1.);
#1032 = DIRECTION('',(-0.,-0.,1.));
#1033 = ORIENTED_EDGE('',*,*,#1034,.T.);
#1034 = EDGE_CURVE('',#1027,#1008,#1035,.T.);
#1035 = CIRCLE('',#1036,3.);
#1036 = AXIS2_PLACEMENT_3D('',#1037,#1038,#1039);
#1037 = CARTESIAN_POINT('',(-6.496464180618,-2.915189293603,-0.25));
#1038 = DIRECTION('',(0.,0.,1.));
#1039 = DIRECTION('',(1.,0.,-0.));
#1040 = CYLINDRICAL_SURFACE('',#1041,3.);
#1041 = AXIS2_PLACEMENT_3D('',#1042,#1043,#1044);
#1042 = CARTESIAN_POINT('',(-6.496464180618,-2.915189293603,-0.25));
#1043 = DIRECTION('',(-0.,-0.,1.));
#1044 = DIRECTION('',(1.,0.,0.));
#1045 = ADVANCED_FACE('',(#1046),#1073,.F.);
#1046 = FACE_BOUND('',#1047,.F.);
#1047 = EDGE_LOOP('',(#1048,#1058,#1065,#1066));
#1048 = ORIENTED_EDGE('',*,*,#1049,.T.);
#1049 = EDGE_CURVE('',#1050,#1052,#1054,.T.);
#1050 = VERTEX_POINT('',#1051);
#1051 = CARTESIAN_POINT('',(-4.996464180618,-0.317113082249,-0.25));
#1052 = VERTEX_POINT('',#1053);
#1053 = CARTESIAN_POINT('',(-4.996464180618,-0.317113082249,0.));
#1054 = LINE('',#1055,#1056);
#1055 = CARTESIAN_POINT('',(-4.996464180618,-0.317113082249,-0.25));
#1056 = VECTOR('',#1057,1.);
#1057 = DIRECTION('',(-0.,-0.,1.));
#1058 = ORIENTED_EDGE('',*,*,#1059,.F.);
#1059 = EDGE_CURVE('',#1010,#1052,#1060,.T.);
#1060 = CIRCLE('',#1061,3.);
#1061 = AXIS2_PLACEMENT_3D('',#1062,#1063,#1064);
#1062 = CARTESIAN_POINT('',(-6.496464180618,-2.915189293603,0.));
#1063 = DIRECTION('',(0.,0.,1.));
#1064 = DIRECTION('',(1.,0.,-0.));
#1065 = ORIENTED_EDGE('',*,*,#1007,.F.);
#1066 = ORIENTED_EDGE('',*,*,#1067,.T.);
#1067 = EDGE_CURVE('',#1008,#1050,#1068,.T.);
#1068 = CIRCLE('',#1069,3.);
#1069 = AXIS2_PLACEMENT_3D('',#1070,#1071,#1072);
#1070 = CARTESIAN_POINT('',(-6.496464180618,-2.915189293603,-0.25));
#1071 = DIRECTION('',(0.,0.,1.));
#1072 = DIRECTION('',(1.,0.,-0.));
#1073 = CYLINDRICAL_SURFACE('',#1074,3.);
#1074 = AXIS2_PLACEMENT_3D('',#1075,#1076,#1077);
#1075 = CARTESIAN_POINT('',(-6.496464180618,-2.915189293603,-0.25));
#1076 = DIRECTION('',(-0.,-0.,1.));
#1077 = DIRECTION('',(1.,0.,0.));
#1078 = ADVANCED_FACE('',(#1079),#1113,.F.);
#1079 = FACE_BOUND('',#1080,.T.);
#1080 = EDGE_LOOP('',(#1081,#1091,#1099,#1107));
#1081 = ORIENTED_EDGE('',*,*,#1082,.F.);
#1082 = EDGE_CURVE('',#1083,#1085,#1087,.T.);
#1083 = VERTEX_POINT('',#1084);
#1084 = CARTESIAN_POINT('',(10.65,2.7,-3.7));
#1085 = VERTEX_POINT('',#1086);
#1086 = CARTESIAN_POINT('',(10.9,2.7,-3.7));
#1087 = LINE('',#1088,#1089);
#1088 = CARTESIAN_POINT('',(10.65,2.7,-3.7));
#1089 = VECTOR('',#1090,1.);
#1090 = DIRECTION('',(1.,1.734723475977E-16,3.519728791837E-15));
#1091 = ORIENTED_EDGE('',*,*,#1092,.T.);
#1092 = EDGE_CURVE('',#1083,#1093,#1095,.T.);
#1093 = VERTEX_POINT('',#1094);
#1094 = CARTESIAN_POINT('',(10.65,5.75,-3.7));
#1095 = LINE('',#1096,#1097);
#1096 = CARTESIAN_POINT('',(10.65,5.75,-3.7));
#1097 = VECTOR('',#1098,1.);
#1098 = DIRECTION('',(1.734723475977E-16,1.,-8.75811540203E-47));
#1099 = ORIENTED_EDGE('',*,*,#1100,.F.);
#1100 = EDGE_CURVE('',#1101,#1093,#1103,.T.);
#1101 = VERTEX_POINT('',#1102);
#1102 = CARTESIAN_POINT('',(10.9,5.75,-3.7));
#1103 = LINE('',#1104,#1105);
#1104 = CARTESIAN_POINT('',(10.9,5.75,-3.7));
#1105 = VECTOR('',#1106,1.);
#1106 = DIRECTION('',(-1.,1.734723475977E-16,-3.491481338843E-15));
#1107 = ORIENTED_EDGE('',*,*,#1108,.F.);
#1108 = EDGE_CURVE('',#1085,#1101,#1109,.T.);
#1109 = LINE('',#1110,#1111);
#1110 = CARTESIAN_POINT('',(10.9,-1.890848588815E-15,-3.7));
#1111 = VECTOR('',#1112,1.);
#1112 = DIRECTION('',(1.734723475977E-16,1.,-8.75811540203E-47));
#1113 = PLANE('',#1114);
#1114 = AXIS2_PLACEMENT_3D('',#1115,#1116,#1117);
#1115 = CARTESIAN_POINT('',(10.9,5.75,-3.7));
#1116 = DIRECTION('',(-3.491481338843E-15,6.056754644426E-31,1.));
#1117 = DIRECTION('',(1.,0.,3.491481338843E-15));
#1118 = ADVANCED_FACE('',(#1119),#1153,.F.);
#1119 = FACE_BOUND('',#1120,.T.);
#1120 = EDGE_LOOP('',(#1121,#1131,#1139,#1147));
#1121 = ORIENTED_EDGE('',*,*,#1122,.F.);
#1122 = EDGE_CURVE('',#1123,#1125,#1127,.T.);
#1123 = VERTEX_POINT('',#1124);
#1124 = CARTESIAN_POINT('',(-10.65,-0.8,-3.7));
#1125 = VERTEX_POINT('',#1126);
#1126 = CARTESIAN_POINT('',(-10.9,-0.8,-3.7));
#1127 = LINE('',#1128,#1129);
#1128 = CARTESIAN_POINT('',(-10.65,-0.8,-3.7));
#1129 = VECTOR('',#1130,1.);
#1130 = DIRECTION('',(-1.,1.734723475977E-16,3.519728791837E-15));
#1131 = ORIENTED_EDGE('',*,*,#1132,.T.);
#1132 = EDGE_CURVE('',#1123,#1133,#1135,.T.);
#1133 = VERTEX_POINT('',#1134);
#1134 = CARTESIAN_POINT('',(-10.65,-4.25,-3.7));
#1135 = LINE('',#1136,#1137);
#1136 = CARTESIAN_POINT('',(-10.65,-4.25,-3.7));
#1137 = VECTOR('',#1138,1.);
#1138 = DIRECTION('',(-1.734723475977E-16,-1.,-8.75811540203E-47));
#1139 = ORIENTED_EDGE('',*,*,#1140,.F.);
#1140 = EDGE_CURVE('',#1141,#1133,#1143,.T.);
#1141 = VERTEX_POINT('',#1142);
#1142 = CARTESIAN_POINT('',(-10.9,-4.25,-3.7));
#1143 = LINE('',#1144,#1145);
#1144 = CARTESIAN_POINT('',(-10.9,-4.25,-3.7));
#1145 = VECTOR('',#1146,1.);
#1146 = DIRECTION('',(1.,-1.734723475977E-16,-3.491481338843E-15));
#1147 = ORIENTED_EDGE('',*,*,#1148,.F.);
#1148 = EDGE_CURVE('',#1125,#1141,#1149,.T.);
#1149 = LINE('',#1150,#1151);
#1150 = CARTESIAN_POINT('',(-10.9,1.890848588815E-15,-3.7));
#1151 = VECTOR('',#1152,1.);
#1152 = DIRECTION('',(-1.734723475977E-16,-1.,-8.75811540203E-47));
#1153 = PLANE('',#1154);
#1154 = AXIS2_PLACEMENT_3D('',#1155,#1156,#1157);
#1155 = CARTESIAN_POINT('',(-10.9,-4.25,-3.7));
#1156 = DIRECTION('',(3.491481338843E-15,-6.056754644426E-31,1.));
#1157 = DIRECTION('',(1.,0.,-3.491481338843E-15));
#1158 = ADVANCED_FACE('',(#1159,#1169,#1296,#1418,#1516,#1642,#1699,
    #1749,#1847,#1909,#1975,#2164,#2262,#2324,#2390),#2684,.F.);
#1159 = FACE_BOUND('',#1160,.T.);
#1160 = EDGE_LOOP('',(#1161,#1168));
#1161 = ORIENTED_EDGE('',*,*,#1162,.T.);
#1162 = EDGE_CURVE('',#891,#910,#1163,.T.);
#1163 = CIRCLE('',#1164,0.262126375673);
#1164 = AXIS2_PLACEMENT_3D('',#1165,#1166,#1167);
#1165 = CARTESIAN_POINT('',(10.9,0.95,-3.651722501822));
#1166 = DIRECTION('',(-1.,1.734723475977E-16,-3.519728791837E-15));
#1167 = DIRECTION('',(-3.519728791837E-15,-5.374452686822E-31,1.));
#1168 = ORIENTED_EDGE('',*,*,#917,.T.);
#1169 = FACE_BOUND('',#1170,.T.);
#1170 = EDGE_LOOP('',(#1171,#1181,#1189,#1198,#1207,#1215,#1224,#1233,
    #1241,#1249,#1257,#1265,#1273,#1281,#1290));
#1171 = ORIENTED_EDGE('',*,*,#1172,.F.);
#1172 = EDGE_CURVE('',#1173,#1175,#1177,.T.);
#1173 = VERTEX_POINT('',#1174);
#1174 = CARTESIAN_POINT('',(10.9,1.068878282003,-2.483715343144));
#1175 = VERTEX_POINT('',#1176);
#1176 = CARTESIAN_POINT('',(10.9,1.007255296165,-2.483715343144));
#1177 = LINE('',#1178,#1179);
#1178 = CARTESIAN_POINT('',(10.9,1.007255296165,-2.483715343144));
#1179 = VECTOR('',#1180,1.);
#1180 = DIRECTION('',(-0.,-1.,-7.037647772109E-15));
#1181 = ORIENTED_EDGE('',*,*,#1182,.F.);
#1182 = EDGE_CURVE('',#1183,#1173,#1185,.T.);
#1183 = VERTEX_POINT('',#1184);
#1184 = CARTESIAN_POINT('',(10.9,0.915063427583,-2.873832513345));
#1185 = LINE('',#1186,#1187);
#1186 = CARTESIAN_POINT('',(10.9,1.068878282003,-2.483715343144));
#1187 = VECTOR('',#1188,1.);
#1188 = DIRECTION('',(-0.,0.366797678951,0.930300737781));
#1189 = ORIENTED_EDGE('',*,*,#1190,.F.);
#1190 = EDGE_CURVE('',#1191,#1183,#1193,.T.);
#1191 = VERTEX_POINT('',#1192);
#1192 = CARTESIAN_POINT('',(10.9,0.794122252617,-2.98227926402));
#1193 = B_SPLINE_CURVE_WITH_KNOTS('',3,(#1194,#1195,#1196,#1197),
  .UNSPECIFIED.,.F.,.F.,(4,4),(1.,2.),.PIECEWISE_BEZIER_KNOTS.);
#1194 = CARTESIAN_POINT('',(10.9,0.794122252617,-2.98227926402));
#1195 = CARTESIAN_POINT('',(10.9,0.846162136328,-2.98227926402));
#1196 = CARTESIAN_POINT('',(10.9,0.886435426287,-2.946130347128));
#1197 = CARTESIAN_POINT('',(10.9,0.915063427583,-2.873832513345));
#1198 = ORIENTED_EDGE('',*,*,#1199,.F.);
#1199 = EDGE_CURVE('',#1200,#1191,#1202,.T.);
#1200 = VERTEX_POINT('',#1201);
#1201 = CARTESIAN_POINT('',(10.9,0.755789844102,-2.977427060409));
#1202 = B_SPLINE_CURVE_WITH_KNOTS('',3,(#1203,#1204,#1205,#1206),
  .UNSPECIFIED.,.F.,.F.,(4,4),(2.,3.),.PIECEWISE_BEZIER_KNOTS.);
#1203 = CARTESIAN_POINT('',(10.9,0.755789844102,-2.977427060409));
#1204 = CARTESIAN_POINT('',(10.9,0.766343386952,-2.980580992755));
#1205 = CARTESIAN_POINT('',(10.9,0.779201726517,-2.98227926402));
#1206 = CARTESIAN_POINT('',(10.9,0.794122252617,-2.98227926402));
#1207 = ORIENTED_EDGE('',*,*,#1208,.F.);
#1208 = EDGE_CURVE('',#1209,#1200,#1211,.T.);
#1209 = VERTEX_POINT('',#1210);
#1210 = CARTESIAN_POINT('',(10.9,0.755789844102,-2.924538041065));
#1211 = LINE('',#1212,#1213);
#1212 = CARTESIAN_POINT('',(10.9,0.755789844102,-2.977427060409));
#1213 = VECTOR('',#1214,1.);
#1214 = DIRECTION('',(-0.,1.639965627531E-14,-1.));
#1215 = ORIENTED_EDGE('',*,*,#1216,.F.);
#1216 = EDGE_CURVE('',#1217,#1209,#1219,.T.);
#1217 = VERTEX_POINT('',#1218);
#1218 = CARTESIAN_POINT('',(10.9,0.789512659187,-2.93133112612));
#1219 = B_SPLINE_CURVE_WITH_KNOTS('',3,(#1220,#1221,#1222,#1223),
  .UNSPECIFIED.,.F.,.F.,(4,4),(4.,5.),.PIECEWISE_BEZIER_KNOTS.);
#1220 = CARTESIAN_POINT('',(10.9,0.789512659187,-2.93133112612));
#1221 = CARTESIAN_POINT('',(10.9,0.778595201067,-2.93133112612));
#1222 = CARTESIAN_POINT('',(10.9,0.767435132764,-2.929147634495));
#1223 = CARTESIAN_POINT('',(10.9,0.755789844102,-2.924538041065));
#1224 = ORIENTED_EDGE('',*,*,#1225,.F.);
#1225 = EDGE_CURVE('',#1226,#1217,#1228,.T.);
#1226 = VERTEX_POINT('',#1227);
#1227 = CARTESIAN_POINT('',(10.9,0.850407814486,-2.883536920566));
#1228 = B_SPLINE_CURVE_WITH_KNOTS('',3,(#1229,#1230,#1231,#1232),
  .UNSPECIFIED.,.F.,.F.,(4,4),(5.,6.),.PIECEWISE_BEZIER_KNOTS.);
#1229 = CARTESIAN_POINT('',(10.9,0.850407814486,-2.883536920566));
#1230 = CARTESIAN_POINT('',(10.9,0.83694294947,-2.915561464388));
#1231 = CARTESIAN_POINT('',(10.9,0.816684999401,-2.93133112612));
#1232 = CARTESIAN_POINT('',(10.9,0.789512659187,-2.93133112612));
#1233 = ORIENTED_EDGE('',*,*,#1234,.F.);
#1234 = EDGE_CURVE('',#1235,#1226,#1237,.T.);
#1235 = VERTEX_POINT('',#1236);
#1236 = CARTESIAN_POINT('',(10.9,0.876488408888,-2.821913934725));
#1237 = LINE('',#1238,#1239);
#1238 = CARTESIAN_POINT('',(10.9,0.850407814486,-2.883536920566));
#1239 = VECTOR('',#1240,1.);
#1240 = DIRECTION('',(-0.,-0.389758265065,-0.920917203017));
#1241 = ORIENTED_EDGE('',*,*,#1242,.F.);
#1242 = EDGE_CURVE('',#1243,#1235,#1245,.T.);
#1243 = VERTEX_POINT('',#1244);
#1244 = CARTESIAN_POINT('',(10.9,0.743538029988,-2.483715343144));
#1245 = LINE('',#1246,#1247);
#1246 = CARTESIAN_POINT('',(10.9,0.876488408888,-2.821913934725));
#1247 = VECTOR('',#1248,1.);
#1248 = DIRECTION('',(-0.,0.365858921669,-0.930670322636));
#1249 = ORIENTED_EDGE('',*,*,#1250,.F.);
#1250 = EDGE_CURVE('',#1251,#1243,#1253,.T.);
#1251 = VERTEX_POINT('',#1252);
#1252 = CARTESIAN_POINT('',(10.9,0.810013219438,-2.483715343144));
#1253 = LINE('',#1254,#1255);
#1254 = CARTESIAN_POINT('',(10.9,0.743538029988,-2.483715343144));
#1255 = VECTOR('',#1256,1.);
#1256 = DIRECTION('',(-0.,-1.,-6.523950854169E-15));
#1257 = ORIENTED_EDGE('',*,*,#1258,.F.);
#1258 = EDGE_CURVE('',#1259,#1251,#1261,.T.);
#1259 = VERTEX_POINT('',#1260);
#1260 = CARTESIAN_POINT('',(10.9,0.89856593531,-2.738456032643));
#1261 = LINE('',#1262,#1263);
#1262 = CARTESIAN_POINT('',(10.9,0.810013219438,-2.483715343144));
#1263 = VECTOR('',#1264,1.);
#1264 = DIRECTION('',(-0.,-0.328346164813,0.944557460429));
#1265 = ORIENTED_EDGE('',*,*,#1266,.F.);
#1266 = EDGE_CURVE('',#1267,#1259,#1269,.T.);
#1267 = VERTEX_POINT('',#1268);
#1268 = CARTESIAN_POINT('',(10.9,0.905844240726,-2.766356203398));
#1269 = LINE('',#1270,#1271);
#1270 = CARTESIAN_POINT('',(10.9,0.89856593531,-2.738456032643));
#1271 = VECTOR('',#1272,1.);
#1272 = DIRECTION('',(-0.,-0.252421897188,0.967617272386));
#1273 = ORIENTED_EDGE('',*,*,#1274,.F.);
#1274 = EDGE_CURVE('',#1275,#1267,#1277,.T.);
#1275 = VERTEX_POINT('',#1276);
#1276 = CARTESIAN_POINT('',(10.9,0.907421206897,-2.766356203398));
#1277 = LINE('',#1278,#1279);
#1278 = CARTESIAN_POINT('',(10.9,0.905844240726,-2.766356203398));
#1279 = VECTOR('',#1280,1.);
#1280 = DIRECTION('',(-0.,-1.,-0.));
#1281 = ORIENTED_EDGE('',*,*,#1282,.F.);
#1282 = EDGE_CURVE('',#1283,#1275,#1285,.T.);
#1283 = VERTEX_POINT('',#1284);
#1284 = CARTESIAN_POINT('',(10.9,0.914699512313,-2.738941253003));
#1285 = B_SPLINE_CURVE_WITH_KNOTS('',3,(#1286,#1287,#1288,#1289),
  .UNSPECIFIED.,.F.,.F.,(4,4),(12.,13.),.PIECEWISE_BEZIER_KNOTS.);
#1286 = CARTESIAN_POINT('',(10.9,0.914699512313,-2.738941253003));
#1287 = CARTESIAN_POINT('',(10.9,0.911060359606,-2.750829151846));
#1288 = CARTESIAN_POINT('',(10.9,0.908634257798,-2.760048338703));
#1289 = CARTESIAN_POINT('',(10.9,0.907421206897,-2.766356203398));
#1290 = ORIENTED_EDGE('',*,*,#1291,.F.);
#1291 = EDGE_CURVE('',#1175,#1283,#1292,.T.);
#1292 = LINE('',#1293,#1294);
#1293 = CARTESIAN_POINT('',(10.9,0.914699512313,-2.738941253003));
#1294 = VECTOR('',#1295,1.);
#1295 = DIRECTION('',(-0.,-0.340917796219,-0.9400931104));
#1296 = FACE_BOUND('',#1297,.T.);
#1297 = EDGE_LOOP('',(#1298,#1309,#1318,#1326,#1334,#1342,#1350,#1359,
    #1368,#1377,#1386,#1394,#1403,#1412));
#1298 = ORIENTED_EDGE('',*,*,#1299,.F.);
#1299 = EDGE_CURVE('',#1300,#1302,#1304,.T.);
#1300 = VERTEX_POINT('',#1301);
#1301 = CARTESIAN_POINT('',(10.9,0.280637805644,-2.475951817368));
#1302 = VERTEX_POINT('',#1303);
#1303 = CARTESIAN_POINT('',(10.9,0.163942308834,-2.50749114083));
#1304 = B_SPLINE_CURVE_WITH_KNOTS('',3,(#1305,#1306,#1307,#1308),
  .UNSPECIFIED.,.F.,.F.,(4,4),(0.,1.),.PIECEWISE_BEZIER_KNOTS.);
#1305 = CARTESIAN_POINT('',(10.9,0.280637805644,-2.475951817368));
#1306 = CARTESIAN_POINT('',(10.9,0.236482752797,-2.475951817368));
#1307 = CARTESIAN_POINT('',(10.9,0.19754381883,-2.48638405513));
#1308 = CARTESIAN_POINT('',(10.9,0.163942308834,-2.50749114083));
#1309 = ORIENTED_EDGE('',*,*,#1310,.F.);
#1310 = EDGE_CURVE('',#1311,#1300,#1313,.T.);
#1311 = VERTEX_POINT('',#1312);
#1312 = CARTESIAN_POINT('',(10.9,0.403155946782,-2.604535213022));
#1313 = B_SPLINE_CURVE_WITH_KNOTS('',3,(#1314,#1315,#1316,#1317),
  .UNSPECIFIED.,.F.,.F.,(4,4),(1.,2.),.PIECEWISE_BEZIER_KNOTS.);
#1314 = CARTESIAN_POINT('',(10.9,0.403155946782,-2.604535213022));
#1315 = CARTESIAN_POINT('',(10.9,0.403155946782,-2.518651209132));
#1316 = CARTESIAN_POINT('',(10.9,0.362276131372,-2.475951817368));
#1317 = CARTESIAN_POINT('',(10.9,0.280637805644,-2.475951817368));
#1318 = ORIENTED_EDGE('',*,*,#1319,.F.);
#1319 = EDGE_CURVE('',#1320,#1311,#1322,.T.);
#1320 = VERTEX_POINT('',#1321);
#1321 = CARTESIAN_POINT('',(10.9,0.403155946782,-2.822641765265));
#1322 = LINE('',#1323,#1324);
#1323 = CARTESIAN_POINT('',(10.9,0.403155946782,-2.604535213022));
#1324 = VECTOR('',#1325,1.);
#1325 = DIRECTION('',(-0.,-1.988389915541E-15,1.));
#1326 = ORIENTED_EDGE('',*,*,#1327,.F.);
#1327 = EDGE_CURVE('',#1328,#1320,#1330,.T.);
#1328 = VERTEX_POINT('',#1329);
#1329 = CARTESIAN_POINT('',(10.9,0.343716452566,-2.822641765265));
#1330 = LINE('',#1331,#1332);
#1331 = CARTESIAN_POINT('',(10.9,0.403155946782,-2.822641765265));
#1332 = VECTOR('',#1333,1.);
#1333 = DIRECTION('',(-0.,1.,-0.));
#1334 = ORIENTED_EDGE('',*,*,#1335,.F.);
#1335 = EDGE_CURVE('',#1336,#1328,#1338,.T.);
#1336 = VERTEX_POINT('',#1337);
#1337 = CARTESIAN_POINT('',(10.9,0.343716452566,-2.770237966284));
#1338 = LINE('',#1339,#1340);
#1339 = CARTESIAN_POINT('',(10.9,0.343716452566,-2.822641765265));
#1340 = VECTOR('',#1341,1.);
#1341 = DIRECTION('',(-0.,-0.,-1.));
#1342 = ORIENTED_EDGE('',*,*,#1343,.F.);
#1343 = EDGE_CURVE('',#1344,#1336,#1346,.T.);
#1344 = VERTEX_POINT('',#1345);
#1345 = CARTESIAN_POINT('',(10.9,0.342139486393,-2.770237966284));
#1346 = LINE('',#1347,#1348);
#1347 = CARTESIAN_POINT('',(10.9,0.343716452566,-2.770237966284));
#1348 = VECTOR('',#1349,1.);
#1349 = DIRECTION('',(-0.,1.,-0.));
#1350 = ORIENTED_EDGE('',*,*,#1351,.F.);
#1351 = EDGE_CURVE('',#1352,#1344,#1354,.T.);
#1352 = VERTEX_POINT('',#1353);
#1353 = CARTESIAN_POINT('',(10.9,0.238302329151,-2.830647901221));
#1354 = B_SPLINE_CURVE_WITH_KNOTS('',3,(#1355,#1356,#1357,#1358),
  .UNSPECIFIED.,.F.,.F.,(4,4),(6.,7.),.PIECEWISE_BEZIER_KNOTS.);
#1355 = CARTESIAN_POINT('',(10.9,0.238302329151,-2.830647901221));
#1356 = CARTESIAN_POINT('',(10.9,0.28403434817,-2.830647901221));
#1357 = CARTESIAN_POINT('',(10.9,0.318727603978,-2.810511256242));
#1358 = CARTESIAN_POINT('',(10.9,0.342139486393,-2.770237966284));
#1359 = ORIENTED_EDGE('',*,*,#1360,.F.);
#1360 = EDGE_CURVE('',#1361,#1352,#1363,.T.);
#1361 = VERTEX_POINT('',#1362);
#1362 = CARTESIAN_POINT('',(10.9,0.159939240858,-2.803960781371));
#1363 = B_SPLINE_CURVE_WITH_KNOTS('',3,(#1364,#1365,#1366,#1367),
  .UNSPECIFIED.,.F.,.F.,(4,4),(7.,8.),.PIECEWISE_BEZIER_KNOTS.);
#1364 = CARTESIAN_POINT('',(10.9,0.159939240858,-2.803960781371));
#1365 = CARTESIAN_POINT('',(10.9,0.179348055295,-2.821671324544));
#1366 = CARTESIAN_POINT('',(10.9,0.205428649697,-2.830647901221));
#1367 = CARTESIAN_POINT('',(10.9,0.238302329151,-2.830647901221));
#1368 = ORIENTED_EDGE('',*,*,#1369,.F.);
#1369 = EDGE_CURVE('',#1370,#1361,#1372,.T.);
#1370 = VERTEX_POINT('',#1371);
#1371 = CARTESIAN_POINT('',(10.9,0.1308260192,-2.731905557768));
#1372 = B_SPLINE_CURVE_WITH_KNOTS('',3,(#1373,#1374,#1375,#1376),
  .UNSPECIFIED.,.F.,.F.,(4,4),(8.,9.),.PIECEWISE_BEZIER_KNOTS.);
#1373 = CARTESIAN_POINT('',(10.9,0.1308260192,-2.731905557768));
#1374 = CARTESIAN_POINT('',(10.9,0.1308260192,-2.762231830328));
#1375 = CARTESIAN_POINT('',(10.9,0.140530426419,-2.786250238197));
#1376 = CARTESIAN_POINT('',(10.9,0.159939240858,-2.803960781371));
#1377 = ORIENTED_EDGE('',*,*,#1378,.F.);
#1378 = EDGE_CURVE('',#1379,#1370,#1381,.T.);
#1379 = VERTEX_POINT('',#1380);
#1380 = CARTESIAN_POINT('',(10.9,0.243275837849,-2.621275315472));
#1381 = B_SPLINE_CURVE_WITH_KNOTS('',3,(#1382,#1383,#1384,#1385),
  .UNSPECIFIED.,.F.,.F.,(4,4),(9.,10.),.PIECEWISE_BEZIER_KNOTS.);
#1382 = CARTESIAN_POINT('',(10.9,0.243275837849,-2.621275315472));
#1383 = CARTESIAN_POINT('',(10.9,0.168309292084,-2.631707553233));
#1384 = CARTESIAN_POINT('',(10.9,0.1308260192,-2.668584300665));
#1385 = CARTESIAN_POINT('',(10.9,0.1308260192,-2.731905557768));
#1386 = ORIENTED_EDGE('',*,*,#1387,.F.);
#1387 = EDGE_CURVE('',#1388,#1379,#1390,.T.);
#1388 = VERTEX_POINT('',#1389);
#1389 = CARTESIAN_POINT('',(10.9,0.343716452566,-2.607203925004));
#1390 = LINE('',#1391,#1392);
#1391 = CARTESIAN_POINT('',(10.9,0.243275837849,-2.621275315472));
#1392 = VECTOR('',#1393,1.);
#1393 = DIRECTION('',(-0.,-0.990328603988,-0.138741688482));
#1394 = ORIENTED_EDGE('',*,*,#1395,.F.);
#1395 = EDGE_CURVE('',#1396,#1388,#1398,.T.);
#1396 = VERTEX_POINT('',#1397);
#1397 = CARTESIAN_POINT('',(10.9,0.275057771493,-2.524231243283));
#1398 = B_SPLINE_CURVE_WITH_KNOTS('',3,(#1399,#1400,#1401,#1402),
  .UNSPECIFIED.,.F.,.F.,(4,4),(11.,12.),.PIECEWISE_BEZIER_KNOTS.);
#1399 = CARTESIAN_POINT('',(10.9,0.275057771493,-2.524231243283));
#1400 = CARTESIAN_POINT('',(10.9,0.320789790511,-2.524231243283));
#1401 = CARTESIAN_POINT('',(10.9,0.343716452566,-2.551888803858));
#1402 = CARTESIAN_POINT('',(10.9,0.343716452566,-2.607203925004));
#1403 = ORIENTED_EDGE('',*,*,#1404,.F.);
#1404 = EDGE_CURVE('',#1405,#1396,#1407,.T.);
#1405 = VERTEX_POINT('',#1406);
#1406 = CARTESIAN_POINT('',(10.9,0.163942308834,-2.565232363785));
#1407 = B_SPLINE_CURVE_WITH_KNOTS('',3,(#1408,#1409,#1410,#1411),
  .UNSPECIFIED.,.F.,.F.,(4,4),(12.,13.),.PIECEWISE_BEZIER_KNOTS.);
#1408 = CARTESIAN_POINT('',(10.9,0.163942308834,-2.565232363785));
#1409 = CARTESIAN_POINT('',(10.9,0.19742251374,-2.53806002357));
#1410 = CARTESIAN_POINT('',(10.9,0.234420566263,-2.524231243283));
#1411 = CARTESIAN_POINT('',(10.9,0.275057771493,-2.524231243283));
#1412 = ORIENTED_EDGE('',*,*,#1413,.F.);
#1413 = EDGE_CURVE('',#1302,#1405,#1414,.T.);
#1414 = LINE('',#1415,#1416);
#1415 = CARTESIAN_POINT('',(10.9,0.163942308834,-2.565232363785));
#1416 = VECTOR('',#1417,1.);
#1417 = DIRECTION('',(-0.,7.51076694951E-15,-1.));
#1418 = FACE_BOUND('',#1419,.T.);
#1419 = EDGE_LOOP('',(#1420,#1430,#1438,#1446,#1454,#1462,#1470,#1478,
    #1486,#1494,#1502,#1510));
#1420 = ORIENTED_EDGE('',*,*,#1421,.F.);
#1421 = EDGE_CURVE('',#1422,#1424,#1426,.T.);
#1422 = VERTEX_POINT('',#1423);
#1423 = CARTESIAN_POINT('',(10.9,7.393393187914E-02,-2.822641765265));
#1424 = VERTEX_POINT('',#1425);
#1425 = CARTESIAN_POINT('',(10.9,7.393393187914E-02,-2.76853969502));
#1426 = LINE('',#1427,#1428);
#1427 = CARTESIAN_POINT('',(10.9,7.393393187914E-02,-2.76853969502));
#1428 = VECTOR('',#1429,1.);
#1429 = DIRECTION('',(-0.,-0.,1.));
#1430 = ORIENTED_EDGE('',*,*,#1431,.F.);
#1431 = EDGE_CURVE('',#1432,#1422,#1434,.T.);
#1432 = VERTEX_POINT('',#1433);
#1433 = CARTESIAN_POINT('',(10.9,-0.18129197798,-2.822641765265));
#1434 = LINE('',#1435,#1436);
#1435 = CARTESIAN_POINT('',(10.9,7.393393187914E-02,-2.822641765265));
#1436 = VECTOR('',#1437,1.);
#1437 = DIRECTION('',(-0.,1.,5.097611789109E-15));
#1438 = ORIENTED_EDGE('',*,*,#1439,.F.);
#1439 = EDGE_CURVE('',#1440,#1432,#1442,.T.);
#1440 = VERTEX_POINT('',#1441);
#1441 = CARTESIAN_POINT('',(10.9,-0.18129197798,-2.348096252259));
#1442 = LINE('',#1443,#1444);
#1443 = CARTESIAN_POINT('',(10.9,-0.18129197798,-2.822641765265));
#1444 = VECTOR('',#1445,1.);
#1445 = DIRECTION('',(-0.,2.7416603283E-15,-1.));
#1446 = ORIENTED_EDGE('',*,*,#1447,.F.);
#1447 = EDGE_CURVE('',#1448,#1440,#1450,.T.);
#1448 = VERTEX_POINT('',#1449);
#1449 = CARTESIAN_POINT('',(10.9,6.313777884741E-02,-2.348096252259));
#1450 = LINE('',#1451,#1452);
#1451 = CARTESIAN_POINT('',(10.9,-0.18129197798,-2.348096252259));
#1452 = VECTOR('',#1453,1.);
#1453 = DIRECTION('',(-0.,-1.,-3.54851123385E-15));
#1454 = ORIENTED_EDGE('',*,*,#1455,.F.);
#1455 = EDGE_CURVE('',#1456,#1448,#1458,.T.);
#1456 = VERTEX_POINT('',#1457);
#1457 = CARTESIAN_POINT('',(10.9,6.313777884741E-02,-2.402683542865));
#1458 = LINE('',#1459,#1460);
#1459 = CARTESIAN_POINT('',(10.9,6.313777884741E-02,-2.348096252259));
#1460 = VECTOR('',#1461,1.);
#1461 = DIRECTION('',(-0.,-0.,1.));
#1462 = ORIENTED_EDGE('',*,*,#1463,.F.);
#1463 = EDGE_CURVE('',#1464,#1456,#1466,.T.);
#1464 = VERTEX_POINT('',#1465);
#1465 = CARTESIAN_POINT('',(10.9,-0.12003290741,-2.402683542865));
#1466 = LINE('',#1467,#1468);
#1467 = CARTESIAN_POINT('',(10.9,6.313777884741E-02,-2.402683542865));
#1468 = VECTOR('',#1469,1.);
#1469 = DIRECTION('',(-0.,1.,2.367632495431E-15));
#1470 = ORIENTED_EDGE('',*,*,#1471,.F.);
#1471 = EDGE_CURVE('',#1472,#1464,#1474,.T.);
#1472 = VERTEX_POINT('',#1473);
#1473 = CARTESIAN_POINT('',(10.9,-0.12003290741,-2.554557515843));
#1474 = LINE('',#1475,#1476);
#1475 = CARTESIAN_POINT('',(10.9,-0.12003290741,-2.402683542865));
#1476 = VECTOR('',#1477,1.);
#1477 = DIRECTION('',(-0.,-2.855531204522E-15,1.));
#1478 = ORIENTED_EDGE('',*,*,#1479,.F.);
#1479 = EDGE_CURVE('',#1480,#1472,#1482,.T.);
#1480 = VERTEX_POINT('',#1481);
#1481 = CARTESIAN_POINT('',(10.9,4.967291383189E-02,-2.554557515843));
#1482 = LINE('',#1483,#1484);
#1483 = CARTESIAN_POINT('',(10.9,-0.12003290741,-2.554557515843));
#1484 = VECTOR('',#1485,1.);
#1485 = DIRECTION('',(-0.,-1.,-2.555486110139E-15));
#1486 = ORIENTED_EDGE('',*,*,#1487,.F.);
#1487 = EDGE_CURVE('',#1488,#1480,#1490,.T.);
#1488 = VERTEX_POINT('',#1489);
#1489 = CARTESIAN_POINT('',(10.9,4.967291383189E-02,-2.608902196269));
#1490 = LINE('',#1491,#1492);
#1491 = CARTESIAN_POINT('',(10.9,4.967291383189E-02,-2.554557515843));
#1492 = VECTOR('',#1493,1.);
#1493 = DIRECTION('',(-0.,-7.980189884219E-15,1.));
#1494 = ORIENTED_EDGE('',*,*,#1495,.F.);
#1495 = EDGE_CURVE('',#1496,#1488,#1498,.T.);
#1496 = VERTEX_POINT('',#1497);
#1497 = CARTESIAN_POINT('',(10.9,-0.12003290741,-2.608902196269));
#1498 = LINE('',#1499,#1500);
#1499 = CARTESIAN_POINT('',(10.9,4.967291383189E-02,-2.608902196269));
#1500 = VECTOR('',#1501,1.);
#1501 = DIRECTION('',(-0.,1.,2.555486110139E-15));
#1502 = ORIENTED_EDGE('',*,*,#1503,.F.);
#1503 = EDGE_CURVE('',#1504,#1496,#1506,.T.);
#1504 = VERTEX_POINT('',#1505);
#1505 = CARTESIAN_POINT('',(10.9,-0.12003290741,-2.76853969502));
#1506 = LINE('',#1507,#1508);
#1507 = CARTESIAN_POINT('',(10.9,-0.12003290741,-2.608902196269));
#1508 = VECTOR('',#1509,1.);
#1509 = DIRECTION('',(-0.,-2.716660386107E-15,1.));
#1510 = ORIENTED_EDGE('',*,*,#1511,.F.);
#1511 = EDGE_CURVE('',#1424,#1504,#1512,.T.);
#1512 = LINE('',#1513,#1514);
#1513 = CARTESIAN_POINT('',(10.9,-0.12003290741,-2.76853969502));
#1514 = VECTOR('',#1515,1.);
#1515 = DIRECTION('',(-0.,-1.,-4.471701148329E-15));
#1516 = FACE_BOUND('',#1517,.T.);
#1517 = EDGE_LOOP('',(#1518,#1529,#1538,#1547,#1556,#1565,#1574,#1582,
    #1591,#1600,#1609,#1618,#1627,#1636));
#1518 = ORIENTED_EDGE('',*,*,#1519,.F.);
#1519 = EDGE_CURVE('',#1520,#1522,#1524,.T.);
#1520 = VERTEX_POINT('',#1521);
#1521 = CARTESIAN_POINT('',(10.9,0.312298434195,-2.077828511211));
#1522 = VERTEX_POINT('',#1523);
#1523 = CARTESIAN_POINT('',(10.9,0.443671846922,-2.050170950637));
#1524 = B_SPLINE_CURVE_WITH_KNOTS('',3,(#1525,#1526,#1527,#1528),
  .UNSPECIFIED.,.F.,.F.,(4,4),(0.,1.),.PIECEWISE_BEZIER_KNOTS.);
#1525 = CARTESIAN_POINT('',(10.9,0.312298434195,-2.077828511211));
#1526 = CARTESIAN_POINT('',(10.9,0.364944843358,-2.077828511211));
#1527 = CARTESIAN_POINT('',(10.9,0.408735980933,-2.068609324354));
#1528 = CARTESIAN_POINT('',(10.9,0.443671846922,-2.050170950637));
#1529 = ORIENTED_EDGE('',*,*,#1530,.F.);
#1530 = EDGE_CURVE('',#1531,#1520,#1533,.T.);
#1531 = VERTEX_POINT('',#1532);
#1532 = CARTESIAN_POINT('',(10.9,0.149264392916,-2.013051593024));
#1533 = B_SPLINE_CURVE_WITH_KNOTS('',3,(#1534,#1535,#1536,#1537),
  .UNSPECIFIED.,.F.,.F.,(4,4),(1.,2.),.PIECEWISE_BEZIER_KNOTS.);
#1534 = CARTESIAN_POINT('',(10.9,0.149264392916,-2.013051593024));
#1535 = CARTESIAN_POINT('',(10.9,0.189901598146,-2.056236205148));
#1536 = CARTESIAN_POINT('',(10.9,0.244246278572,-2.077828511211));
#1537 = CARTESIAN_POINT('',(10.9,0.312298434195,-2.077828511211));
#1538 = ORIENTED_EDGE('',*,*,#1539,.F.);
#1539 = EDGE_CURVE('',#1540,#1531,#1542,.T.);
#1540 = VERTEX_POINT('',#1541);
#1541 = CARTESIAN_POINT('',(10.9,8.836923761707E-02,-1.841526195431));
#1542 = B_SPLINE_CURVE_WITH_KNOTS('',3,(#1543,#1544,#1545,#1546),
  .UNSPECIFIED.,.F.,.F.,(4,4),(2.,3.),.PIECEWISE_BEZIER_KNOTS.);
#1543 = CARTESIAN_POINT('',(10.9,8.836923761707E-02,-1.841526195431));
#1544 = CARTESIAN_POINT('',(10.9,8.836923761707E-02,-1.912610978309));
#1545 = CARTESIAN_POINT('',(10.9,0.108627187686,-1.969866980901));
#1546 = CARTESIAN_POINT('',(10.9,0.149264392916,-2.013051593024));
#1547 = ORIENTED_EDGE('',*,*,#1548,.F.);
#1548 = EDGE_CURVE('',#1549,#1540,#1551,.T.);
#1549 = VERTEX_POINT('',#1550);
#1550 = CARTESIAN_POINT('',(10.9,0.1569066136,-1.65714245827));
#1551 = B_SPLINE_CURVE_WITH_KNOTS('',3,(#1552,#1553,#1554,#1555),
  .UNSPECIFIED.,.F.,.F.,(4,4),(3.,4.),.PIECEWISE_BEZIER_KNOTS.);
#1552 = CARTESIAN_POINT('',(10.9,0.1569066136,-1.65714245827));
#1553 = CARTESIAN_POINT('',(10.9,0.111174594581,-1.70372361292));
#1554 = CARTESIAN_POINT('',(10.9,8.836923761707E-02,-1.765103988581));
#1555 = CARTESIAN_POINT('',(10.9,8.836923761707E-02,-1.841526195431));
#1556 = ORIENTED_EDGE('',*,*,#1557,.F.);
#1557 = EDGE_CURVE('',#1558,#1549,#1560,.T.);
#1558 = VERTEX_POINT('',#1559);
#1559 = CARTESIAN_POINT('',(10.9,0.331222028271,-1.587270726293));
#1560 = B_SPLINE_CURVE_WITH_KNOTS('',3,(#1561,#1562,#1563,#1564),
  .UNSPECIFIED.,.F.,.F.,(4,4),(4.,5.),.PIECEWISE_BEZIER_KNOTS.);
#1561 = CARTESIAN_POINT('',(10.9,0.331222028271,-1.587270726293));
#1562 = CARTESIAN_POINT('',(10.9,0.260743770845,-1.587270726293));
#1563 = CARTESIAN_POINT('',(10.9,0.202638632621,-1.610561303617));
#1564 = CARTESIAN_POINT('',(10.9,0.1569066136,-1.65714245827));
#1565 = ORIENTED_EDGE('',*,*,#1566,.F.);
#1566 = EDGE_CURVE('',#1567,#1558,#1569,.T.);
#1567 = VERTEX_POINT('',#1568);
#1568 = CARTESIAN_POINT('',(10.9,0.443671846922,-1.606679540731));
#1569 = B_SPLINE_CURVE_WITH_KNOTS('',3,(#1570,#1571,#1572,#1573),
  .UNSPECIFIED.,.F.,.F.,(4,4),(5.,6.),.PIECEWISE_BEZIER_KNOTS.);
#1570 = CARTESIAN_POINT('',(10.9,0.443671846922,-1.606679540731));
#1571 = CARTESIAN_POINT('',(10.9,0.414073404904,-1.593821201164));
#1572 = CARTESIAN_POINT('',(10.9,0.37659013202,-1.587270726293));
#1573 = CARTESIAN_POINT('',(10.9,0.331222028271,-1.587270726293));
#1574 = ORIENTED_EDGE('',*,*,#1575,.F.);
#1575 = EDGE_CURVE('',#1576,#1567,#1578,.T.);
#1576 = VERTEX_POINT('',#1577);
#1577 = CARTESIAN_POINT('',(10.9,0.443671846922,-1.670728628374));
#1578 = LINE('',#1579,#1580);
#1579 = CARTESIAN_POINT('',(10.9,0.443671846922,-1.606679540731));
#1580 = VECTOR('',#1581,1.);
#1581 = DIRECTION('',(-0.,-0.,1.));
#1582 = ORIENTED_EDGE('',*,*,#1583,.F.);
#1583 = EDGE_CURVE('',#1584,#1576,#1586,.T.);
#1584 = VERTEX_POINT('',#1585);
#1585 = CARTESIAN_POINT('',(10.9,0.331828553723,-1.642585847442));
#1586 = B_SPLINE_CURVE_WITH_KNOTS('',3,(#1587,#1588,#1589,#1590),
  .UNSPECIFIED.,.F.,.F.,(4,4),(7.,8.),.PIECEWISE_BEZIER_KNOTS.);
#1587 = CARTESIAN_POINT('',(10.9,0.331828553723,-1.642585847442));
#1588 = CARTESIAN_POINT('',(10.9,0.372465758952,-1.642585847442));
#1589 = CARTESIAN_POINT('',(10.9,0.409706421656,-1.6518050343));
#1590 = CARTESIAN_POINT('',(10.9,0.443671846922,-1.670728628374));
#1591 = ORIENTED_EDGE('',*,*,#1592,.F.);
#1592 = EDGE_CURVE('',#1593,#1584,#1595,.T.);
#1593 = VERTEX_POINT('',#1594);
#1594 = CARTESIAN_POINT('',(10.9,0.202517327531,-1.695232256603));
#1595 = B_SPLINE_CURVE_WITH_KNOTS('',3,(#1596,#1597,#1598,#1599),
  .UNSPECIFIED.,.F.,.F.,(4,4),(8.,9.),.PIECEWISE_BEZIER_KNOTS.);
#1596 = CARTESIAN_POINT('',(10.9,0.202517327531,-1.695232256603));
#1597 = CARTESIAN_POINT('',(10.9,0.235876227345,-1.660053780436));
#1598 = CARTESIAN_POINT('',(10.9,0.278939534381,-1.642585847442));
#1599 = CARTESIAN_POINT('',(10.9,0.331828553723,-1.642585847442));
#1600 = ORIENTED_EDGE('',*,*,#1601,.F.);
#1601 = EDGE_CURVE('',#1602,#1593,#1604,.T.);
#1602 = VERTEX_POINT('',#1603);
#1603 = CARTESIAN_POINT('',(10.9,0.152660935444,-1.837887042721));
#1604 = B_SPLINE_CURVE_WITH_KNOTS('',3,(#1605,#1606,#1607,#1608),
  .UNSPECIFIED.,.F.,.F.,(4,4),(9.,10.),.PIECEWISE_BEZIER_KNOTS.);
#1605 = CARTESIAN_POINT('',(10.9,0.152660935444,-1.837887042721));
#1606 = CARTESIAN_POINT('',(10.9,0.152660935444,-1.778204938325));
#1607 = CARTESIAN_POINT('',(10.9,0.169279732805,-1.730653342954));
#1608 = CARTESIAN_POINT('',(10.9,0.202517327531,-1.695232256603));
#1609 = ORIENTED_EDGE('',*,*,#1610,.F.);
#1610 = EDGE_CURVE('',#1611,#1602,#1613,.T.);
#1611 = VERTEX_POINT('',#1612);
#1612 = CARTESIAN_POINT('',(10.9,0.199242090093,-1.973263523427));
#1613 = B_SPLINE_CURVE_WITH_KNOTS('',3,(#1614,#1615,#1616,#1617),
  .UNSPECIFIED.,.F.,.F.,(4,4),(10.,11.),.PIECEWISE_BEZIER_KNOTS.);
#1614 = CARTESIAN_POINT('',(10.9,0.199242090093,-1.973263523427));
#1615 = CARTESIAN_POINT('',(10.9,0.168187986993,-1.939783318521));
#1616 = CARTESIAN_POINT('',(10.9,0.152660935444,-1.894657824952));
#1617 = CARTESIAN_POINT('',(10.9,0.152660935444,-1.837887042721));
#1618 = ORIENTED_EDGE('',*,*,#1619,.F.);
#1619 = EDGE_CURVE('',#1620,#1611,#1622,.T.);
#1620 = VERTEX_POINT('',#1621);
#1621 = CARTESIAN_POINT('',(10.9,0.321153705782,-2.023241220606));
#1622 = B_SPLINE_CURVE_WITH_KNOTS('',3,(#1623,#1624,#1625,#1626),
  .UNSPECIFIED.,.F.,.F.,(4,4),(11.,12.),.PIECEWISE_BEZIER_KNOTS.);
#1623 = CARTESIAN_POINT('',(10.9,0.321153705782,-2.023241220606));
#1624 = CARTESIAN_POINT('',(10.9,0.270933398424,-2.023241220606));
#1625 = CARTESIAN_POINT('',(10.9,0.230296193194,-2.006501118153));
#1626 = CARTESIAN_POINT('',(10.9,0.199242090093,-1.973263523427));
#1627 = ORIENTED_EDGE('',*,*,#1628,.F.);
#1628 = EDGE_CURVE('',#1629,#1620,#1631,.T.);
#1629 = VERTEX_POINT('',#1630);
#1630 = CARTESIAN_POINT('',(10.9,0.443671846922,-1.991459286961));
#1631 = B_SPLINE_CURVE_WITH_KNOTS('',3,(#1632,#1633,#1634,#1635),
  .UNSPECIFIED.,.F.,.F.,(4,4),(12.,13.),.PIECEWISE_BEZIER_KNOTS.);
#1632 = CARTESIAN_POINT('',(10.9,0.443671846922,-1.991459286961));
#1633 = CARTESIAN_POINT('',(10.9,0.408978591114,-2.012566372664));
#1634 = CARTESIAN_POINT('',(10.9,0.368098775703,-2.023241220606));
#1635 = CARTESIAN_POINT('',(10.9,0.321153705782,-2.023241220606));
#1636 = ORIENTED_EDGE('',*,*,#1637,.F.);
#1637 = EDGE_CURVE('',#1522,#1629,#1638,.T.);
#1638 = LINE('',#1639,#1640);
#1639 = CARTESIAN_POINT('',(10.9,0.443671846922,-1.991459286961));
#1640 = VECTOR('',#1641,1.);
#1641 = DIRECTION('',(-0.,-1.47732440828E-14,1.));
#1642 = FACE_BOUND('',#1643,.T.);
#1643 = EDGE_LOOP('',(#1644,#1654,#1662,#1670,#1678,#1686,#1692,#1693));
#1644 = ORIENTED_EDGE('',*,*,#1645,.F.);
#1645 = EDGE_CURVE('',#1646,#1648,#1650,.T.);
#1646 = VERTEX_POINT('',#1647);
#1647 = CARTESIAN_POINT('',(10.9,-4.25,-0.26));
#1648 = VERTEX_POINT('',#1649);
#1649 = CARTESIAN_POINT('',(10.9,5.75,-0.26));
#1650 = LINE('',#1651,#1652);
#1651 = CARTESIAN_POINT('',(10.9,5.75,-0.26));
#1652 = VECTOR('',#1653,1.);
#1653 = DIRECTION('',(1.734723475977E-16,1.,-8.75811540203E-47));
#1654 = ORIENTED_EDGE('',*,*,#1655,.T.);
#1655 = EDGE_CURVE('',#1646,#1656,#1658,.T.);
#1656 = VERTEX_POINT('',#1657);
#1657 = CARTESIAN_POINT('',(10.9,-4.25,-3.7));
#1658 = LINE('',#1659,#1660);
#1659 = CARTESIAN_POINT('',(10.9,-4.25,3.816942506821E-14));
#1660 = VECTOR('',#1661,1.);
#1661 = DIRECTION('',(3.519728791837E-15,2.514091994169E-16,-1.));
#1662 = ORIENTED_EDGE('',*,*,#1663,.T.);
#1663 = EDGE_CURVE('',#1656,#1664,#1666,.T.);
#1664 = VERTEX_POINT('',#1665);
#1665 = CARTESIAN_POINT('',(10.9,-0.8,-3.7));
#1666 = LINE('',#1667,#1668);
#1667 = CARTESIAN_POINT('',(10.9,-1.890848588815E-15,-3.7));
#1668 = VECTOR('',#1669,1.);
#1669 = DIRECTION('',(1.734723475977E-16,1.,-8.75811540203E-47));
#1670 = ORIENTED_EDGE('',*,*,#1671,.F.);
#1671 = EDGE_CURVE('',#1672,#1664,#1674,.T.);
#1672 = VERTEX_POINT('',#1673);
#1673 = CARTESIAN_POINT('',(10.9,-0.8,-4.7));
#1674 = LINE('',#1675,#1676);
#1675 = CARTESIAN_POINT('',(10.9,-0.8,-4.7));
#1676 = VECTOR('',#1677,1.);
#1677 = DIRECTION('',(-3.469446951954E-15,0.,1.));
#1678 = ORIENTED_EDGE('',*,*,#1679,.F.);
#1679 = EDGE_CURVE('',#1680,#1672,#1682,.T.);
#1680 = VERTEX_POINT('',#1681);
#1681 = CARTESIAN_POINT('',(10.9,2.7,-4.7));
#1682 = LINE('',#1683,#1684);
#1683 = CARTESIAN_POINT('',(10.9,2.7,-4.7));
#1684 = VECTOR('',#1685,1.);
#1685 = DIRECTION('',(4.956352788505E-16,-1.,0.));
#1686 = ORIENTED_EDGE('',*,*,#1687,.F.);
#1687 = EDGE_CURVE('',#1085,#1680,#1688,.T.);
#1688 = LINE('',#1689,#1690);
#1689 = CARTESIAN_POINT('',(10.9,2.7,-4.7));
#1690 = VECTOR('',#1691,1.);
#1691 = DIRECTION('',(3.469446951954E-15,-0.,-1.));
#1692 = ORIENTED_EDGE('',*,*,#1108,.T.);
#1693 = ORIENTED_EDGE('',*,*,#1694,.T.);
#1694 = EDGE_CURVE('',#1101,#1648,#1695,.T.);
#1695 = LINE('',#1696,#1697);
#1696 = CARTESIAN_POINT('',(10.9,5.75,3.923791416573E-14));
#1697 = VECTOR('',#1698,1.);
#1698 = DIRECTION('',(-3.519728791837E-15,0.,1.));
#1699 = FACE_BOUND('',#1700,.T.);
#1700 = EDGE_LOOP('',(#1701,#1711,#1719,#1727,#1735,#1743));
#1701 = ORIENTED_EDGE('',*,*,#1702,.F.);
#1702 = EDGE_CURVE('',#1703,#1705,#1707,.T.);
#1703 = VERTEX_POINT('',#1704);
#1704 = CARTESIAN_POINT('',(10.9,6.896042318023E-02,-2.069822375255));
#1705 = VERTEX_POINT('',#1706);
#1706 = CARTESIAN_POINT('',(10.9,6.896042318023E-02,-2.01572030501));
#1707 = LINE('',#1708,#1709);
#1708 = CARTESIAN_POINT('',(10.9,6.896042318023E-02,-2.01572030501));
#1709 = VECTOR('',#1710,1.);
#1710 = DIRECTION('',(-0.,-0.,1.));
#1711 = ORIENTED_EDGE('',*,*,#1712,.F.);
#1712 = EDGE_CURVE('',#1713,#1703,#1715,.T.);
#1713 = VERTEX_POINT('',#1714);
#1714 = CARTESIAN_POINT('',(10.9,-0.18129197798,-2.069822375255));
#1715 = LINE('',#1716,#1717);
#1716 = CARTESIAN_POINT('',(10.9,6.896042318023E-02,-2.069822375255));
#1717 = VECTOR('',#1718,1.);
#1718 = DIRECTION('',(-0.,1.,3.465947715059E-15));
#1719 = ORIENTED_EDGE('',*,*,#1720,.F.);
#1720 = EDGE_CURVE('',#1721,#1713,#1723,.T.);
#1721 = VERTEX_POINT('',#1722);
#1722 = CARTESIAN_POINT('',(10.9,-0.18129197798,-1.595276862249));
#1723 = LINE('',#1724,#1725);
#1724 = CARTESIAN_POINT('',(10.9,-0.18129197798,-2.069822375255));
#1725 = VECTOR('',#1726,1.);
#1726 = DIRECTION('',(3.6555471044E-15,3.6555471044E-15,-1.));
#1727 = ORIENTED_EDGE('',*,*,#1728,.F.);
#1728 = EDGE_CURVE('',#1729,#1721,#1731,.T.);
#1729 = VERTEX_POINT('',#1730);
#1730 = CARTESIAN_POINT('',(10.9,-0.12003290741,-1.595276862249));
#1731 = LINE('',#1732,#1733);
#1732 = CARTESIAN_POINT('',(10.9,-0.18129197798,-1.595276862249));
#1733 = VECTOR('',#1734,1.);
#1734 = DIRECTION('',(-0.,-1.,-0.));
#1735 = ORIENTED_EDGE('',*,*,#1736,.F.);
#1736 = EDGE_CURVE('',#1737,#1729,#1739,.T.);
#1737 = VERTEX_POINT('',#1738);
#1738 = CARTESIAN_POINT('',(10.9,-0.12003290741,-2.01572030501));
#1739 = LINE('',#1740,#1741);
#1740 = CARTESIAN_POINT('',(10.9,-0.12003290741,-1.595276862249));
#1741 = VECTOR('',#1742,1.);
#1742 = DIRECTION('',(-4.125937758918E-15,-3.094453319188E-15,1.));
#1743 = ORIENTED_EDGE('',*,*,#1744,.F.);
#1744 = EDGE_CURVE('',#1705,#1737,#1745,.T.);
#1745 = LINE('',#1746,#1747);
#1746 = CARTESIAN_POINT('',(10.9,-0.12003290741,-2.01572030501));
#1747 = VECTOR('',#1748,1.);
#1748 = DIRECTION('',(-0.,-1.,-4.589377494318E-15));
#1749 = FACE_BOUND('',#1750,.T.);
#1750 = EDGE_LOOP('',(#1751,#1761,#1769,#1777,#1785,#1793,#1801,#1809,
    #1817,#1825,#1833,#1841));
#1751 = ORIENTED_EDGE('',*,*,#1752,.F.);
#1752 = EDGE_CURVE('',#1753,#1755,#1757,.T.);
#1753 = VERTEX_POINT('',#1754);
#1754 = CARTESIAN_POINT('',(10.9,0.793879642435,-2.069822375255));
#1755 = VERTEX_POINT('',#1756);
#1756 = CARTESIAN_POINT('',(10.9,0.793879642435,-2.01572030501));
#1757 = LINE('',#1758,#1759);
#1758 = CARTESIAN_POINT('',(10.9,0.793879642435,-2.01572030501));
#1759 = VECTOR('',#1760,1.);
#1760 = DIRECTION('',(-0.,-0.,1.));
#1761 = ORIENTED_EDGE('',*,*,#1762,.F.);
#1762 = EDGE_CURVE('',#1763,#1753,#1765,.T.);
#1763 = VERTEX_POINT('',#1764);
#1764 = CARTESIAN_POINT('',(10.9,0.538653732578,-2.069822375255));
#1765 = LINE('',#1766,#1767);
#1766 = CARTESIAN_POINT('',(10.9,0.793879642435,-2.069822375255));
#1767 = VECTOR('',#1768,1.);
#1768 = DIRECTION('',(-0.,1.,3.398407859428E-15));
#1769 = ORIENTED_EDGE('',*,*,#1770,.F.);
#1770 = EDGE_CURVE('',#1771,#1763,#1773,.T.);
#1771 = VERTEX_POINT('',#1772);
#1772 = CARTESIAN_POINT('',(10.9,0.538653732578,-1.595276862249));
#1773 = LINE('',#1774,#1775);
#1774 = CARTESIAN_POINT('',(10.9,0.538653732578,-2.069822375255));
#1775 = VECTOR('',#1776,1.);
#1776 = DIRECTION('',(3.6555471044E-15,2.7416603283E-15,-1.));
#1777 = ORIENTED_EDGE('',*,*,#1778,.F.);
#1778 = EDGE_CURVE('',#1779,#1771,#1781,.T.);
#1779 = VERTEX_POINT('',#1780);
#1780 = CARTESIAN_POINT('',(10.9,0.783083489405,-1.595276862249));
#1781 = LINE('',#1782,#1783);
#1782 = CARTESIAN_POINT('',(10.9,0.538653732578,-1.595276862249));
#1783 = VECTOR('',#1784,1.);
#1784 = DIRECTION('',(-0.,-1.,-2.661383425388E-15));
#1785 = ORIENTED_EDGE('',*,*,#1786,.F.);
#1786 = EDGE_CURVE('',#1787,#1779,#1789,.T.);
#1787 = VERTEX_POINT('',#1788);
#1788 = CARTESIAN_POINT('',(10.9,0.783083489405,-1.649864152855));
#1789 = LINE('',#1790,#1791);
#1790 = CARTESIAN_POINT('',(10.9,0.783083489405,-1.595276862249));
#1791 = VECTOR('',#1792,1.);
#1792 = DIRECTION('',(-0.,-0.,1.));
#1793 = ORIENTED_EDGE('',*,*,#1794,.F.);
#1794 = EDGE_CURVE('',#1795,#1787,#1797,.T.);
#1795 = VERTEX_POINT('',#1796);
#1796 = CARTESIAN_POINT('',(10.9,0.599912803147,-1.649864152855));
#1797 = LINE('',#1798,#1799);
#1798 = CARTESIAN_POINT('',(10.9,0.783083489405,-1.649864152855));
#1799 = VECTOR('',#1800,1.);
#1800 = DIRECTION('',(-0.,1.,2.367632495431E-15));
#1801 = ORIENTED_EDGE('',*,*,#1802,.F.);
#1802 = EDGE_CURVE('',#1803,#1795,#1805,.T.);
#1803 = VERTEX_POINT('',#1804);
#1804 = CARTESIAN_POINT('',(10.9,0.599912803147,-1.801738125833));
#1805 = LINE('',#1806,#1807);
#1806 = CARTESIAN_POINT('',(10.9,0.599912803147,-1.649864152855));
#1807 = VECTOR('',#1808,1.);
#1808 = DIRECTION('',(-1.142212481809E-14,-2.855531204522E-15,1.));
#1809 = ORIENTED_EDGE('',*,*,#1810,.F.);
#1810 = EDGE_CURVE('',#1811,#1803,#1813,.T.);
#1811 = VERTEX_POINT('',#1812);
#1812 = CARTESIAN_POINT('',(10.9,0.769618624388,-1.801738125833));
#1813 = LINE('',#1814,#1815);
#1814 = CARTESIAN_POINT('',(10.9,0.599912803147,-1.801738125833));
#1815 = VECTOR('',#1816,1.);
#1816 = DIRECTION('',(-0.,-1.,-2.555486110163E-15));
#1817 = ORIENTED_EDGE('',*,*,#1818,.F.);
#1818 = EDGE_CURVE('',#1819,#1811,#1821,.T.);
#1819 = VERTEX_POINT('',#1820);
#1820 = CARTESIAN_POINT('',(10.9,0.769618624388,-1.856082806259));
#1821 = LINE('',#1822,#1823);
#1822 = CARTESIAN_POINT('',(10.9,0.769618624388,-1.801738125833));
#1823 = VECTOR('',#1824,1.);
#1824 = DIRECTION('',(-0.,-0.,1.));
#1825 = ORIENTED_EDGE('',*,*,#1826,.F.);
#1826 = EDGE_CURVE('',#1827,#1819,#1829,.T.);
#1827 = VERTEX_POINT('',#1828);
#1828 = CARTESIAN_POINT('',(10.9,0.599912803147,-1.856082806259));
#1829 = LINE('',#1830,#1831);
#1830 = CARTESIAN_POINT('',(10.9,0.769618624388,-1.856082806259));
#1831 = VECTOR('',#1832,1.);
#1832 = DIRECTION('',(-0.,1.,2.555486110163E-15));
#1833 = ORIENTED_EDGE('',*,*,#1834,.F.);
#1834 = EDGE_CURVE('',#1835,#1827,#1837,.T.);
#1835 = VERTEX_POINT('',#1836);
#1836 = CARTESIAN_POINT('',(10.9,0.599912803147,-2.01572030501));
#1837 = LINE('',#1838,#1839);
#1838 = CARTESIAN_POINT('',(10.9,0.599912803147,-1.856082806259));
#1839 = VECTOR('',#1840,1.);
#1840 = DIRECTION('',(-0.,-5.433320772213E-15,1.));
#1841 = ORIENTED_EDGE('',*,*,#1842,.F.);
#1842 = EDGE_CURVE('',#1755,#1835,#1843,.T.);
#1843 = LINE('',#1844,#1845);
#1844 = CARTESIAN_POINT('',(10.9,0.599912803147,-2.01572030501));
#1845 = VECTOR('',#1846,1.);
#1846 = DIRECTION('',(-0.,-1.,-4.471701148366E-15));
#1847 = FACE_BOUND('',#1848,.T.);
#1848 = EDGE_LOOP('',(#1849,#1859,#1867,#1875,#1884,#1893,#1902));
#1849 = ORIENTED_EDGE('',*,*,#1850,.F.);
#1850 = EDGE_CURVE('',#1851,#1853,#1855,.T.);
#1851 = VERTEX_POINT('',#1852);
#1852 = CARTESIAN_POINT('',(10.9,0.883524104122,-2.069822375255));
#1853 = VERTEX_POINT('',#1854);
#1854 = CARTESIAN_POINT('',(10.9,1.014048381217,-2.069822375255));
#1855 = LINE('',#1856,#1857);
#1856 = CARTESIAN_POINT('',(10.9,1.014048381217,-2.069822375255));
#1857 = VECTOR('',#1858,1.);
#1858 = DIRECTION('',(-0.,1.,3.322606940611E-15));
#1859 = ORIENTED_EDGE('',*,*,#1860,.F.);
#1860 = EDGE_CURVE('',#1861,#1851,#1863,.T.);
#1861 = VERTEX_POINT('',#1862);
#1862 = CARTESIAN_POINT('',(10.9,0.883524104122,-1.595276862249));
#1863 = LINE('',#1864,#1865);
#1864 = CARTESIAN_POINT('',(10.9,0.883524104122,-2.069822375255));
#1865 = VECTOR('',#1866,1.);
#1866 = DIRECTION('',(3.6555471044E-15,3.6555471044E-15,-1.));
#1867 = ORIENTED_EDGE('',*,*,#1868,.F.);
#1868 = EDGE_CURVE('',#1869,#1861,#1871,.T.);
#1869 = VERTEX_POINT('',#1870);
#1870 = CARTESIAN_POINT('',(10.9,1.018900584827,-1.595276862249));
#1871 = LINE('',#1872,#1873);
#1872 = CARTESIAN_POINT('',(10.9,0.883524104122,-1.595276862249));
#1873 = VECTOR('',#1874,1.);
#1874 = DIRECTION('',(-0.,-1.,-3.203517086087E-15));
#1875 = ORIENTED_EDGE('',*,*,#1876,.F.);
#1876 = EDGE_CURVE('',#1877,#1869,#1879,.T.);
#1877 = VERTEX_POINT('',#1878);
#1878 = CARTESIAN_POINT('',(10.9,1.198310813287,-1.658112898991));
#1879 = B_SPLINE_CURVE_WITH_KNOTS('',3,(#1880,#1881,#1882,#1883),
  .UNSPECIFIED.,.F.,.F.,(4,4),(2.,3.),.PIECEWISE_BEZIER_KNOTS.);
#1880 = CARTESIAN_POINT('',(10.9,1.198310813287,-1.658112898991));
#1881 = CARTESIAN_POINT('',(10.9,1.150637912823,-1.616141337768));
#1882 = CARTESIAN_POINT('',(10.9,1.090834503336,-1.595276862249));
#1883 = CARTESIAN_POINT('',(10.9,1.018900584827,-1.595276862249));
#1884 = ORIENTED_EDGE('',*,*,#1885,.F.);
#1885 = EDGE_CURVE('',#1886,#1877,#1888,.T.);
#1886 = VERTEX_POINT('',#1887);
#1887 = CARTESIAN_POINT('',(10.9,1.269880816526,-1.826484364239));
#1888 = B_SPLINE_CURVE_WITH_KNOTS('',3,(#1889,#1890,#1891,#1892),
  .UNSPECIFIED.,.F.,.F.,(4,4),(3.,4.),.PIECEWISE_BEZIER_KNOTS.);
#1889 = CARTESIAN_POINT('',(10.9,1.269880816526,-1.826484364239));
#1890 = CARTESIAN_POINT('',(10.9,1.269880816526,-1.756127411904));
#1891 = CARTESIAN_POINT('',(10.9,1.245983713751,-1.700084460214));
#1892 = CARTESIAN_POINT('',(10.9,1.198310813287,-1.658112898991));
#1893 = ORIENTED_EDGE('',*,*,#1894,.F.);
#1894 = EDGE_CURVE('',#1895,#1886,#1897,.T.);
#1895 = VERTEX_POINT('',#1896);
#1896 = CARTESIAN_POINT('',(10.9,1.198310813287,-2.003347185807));
#1897 = B_SPLINE_CURVE_WITH_KNOTS('',3,(#1898,#1899,#1900,#1901),
  .UNSPECIFIED.,.F.,.F.,(4,4),(4.,5.),.PIECEWISE_BEZIER_KNOTS.);
#1898 = CARTESIAN_POINT('',(10.9,1.198310813287,-2.003347185807));
#1899 = CARTESIAN_POINT('',(10.9,1.245983713751,-1.958949522779));
#1900 = CARTESIAN_POINT('',(10.9,1.269880816526,-1.899995248923));
#1901 = CARTESIAN_POINT('',(10.9,1.269880816526,-1.826484364239));
#1902 = ORIENTED_EDGE('',*,*,#1903,.F.);
#1903 = EDGE_CURVE('',#1853,#1895,#1904,.T.);
#1904 = B_SPLINE_CURVE_WITH_KNOTS('',3,(#1905,#1906,#1907,#1908),
  .UNSPECIFIED.,.F.,.F.,(4,4),(5.,6.),.PIECEWISE_BEZIER_KNOTS.);
#1905 = CARTESIAN_POINT('',(10.9,1.014048381217,-2.069822375255));
#1906 = CARTESIAN_POINT('',(10.9,1.089136232072,-2.069822375255));
#1907 = CARTESIAN_POINT('',(10.9,1.150637912823,-2.047744848831));
#1908 = CARTESIAN_POINT('',(10.9,1.198310813287,-2.003347185807));
#1909 = FACE_BOUND('',#1910,.T.);
#1910 = EDGE_LOOP('',(#1911,#1921,#1929,#1937,#1945,#1953,#1961,#1969));
#1911 = ORIENTED_EDGE('',*,*,#1912,.F.);
#1912 = EDGE_CURVE('',#1913,#1915,#1917,.T.);
#1913 = VERTEX_POINT('',#1914);
#1914 = CARTESIAN_POINT('',(10.9,1.723197938743,-2.069822375255));
#1915 = VERTEX_POINT('',#1916);
#1916 = CARTESIAN_POINT('',(10.9,1.542453354288,-1.595276862249));
#1917 = LINE('',#1918,#1919);
#1918 = CARTESIAN_POINT('',(10.9,1.542453354288,-1.595276862249));
#1919 = VECTOR('',#1920,1.);
#1920 = DIRECTION('',(-3.416146928374E-15,-0.35593572437,0.934510438742)
  );
#1921 = ORIENTED_EDGE('',*,*,#1922,.F.);
#1922 = EDGE_CURVE('',#1923,#1913,#1925,.T.);
#1923 = VERTEX_POINT('',#1924);
#1924 = CARTESIAN_POINT('',(10.9,1.65550969839,-2.069822375255));
#1925 = LINE('',#1926,#1927);
#1926 = CARTESIAN_POINT('',(10.9,1.723197938743,-2.069822375255));
#1927 = VECTOR('',#1928,1.);
#1928 = DIRECTION('',(-0.,1.,-0.));
#1929 = ORIENTED_EDGE('',*,*,#1930,.F.);
#1930 = EDGE_CURVE('',#1931,#1923,#1933,.T.);
#1931 = VERTEX_POINT('',#1932);
#1932 = CARTESIAN_POINT('',(10.9,1.607108967385,-1.940025928701));
#1933 = LINE('',#1934,#1935);
#1934 = CARTESIAN_POINT('',(10.9,1.65550969839,-2.069822375255));
#1935 = VECTOR('',#1936,1.);
#1936 = DIRECTION('',(-0.,0.349395479469,-0.936975345954));
#1937 = ORIENTED_EDGE('',*,*,#1938,.F.);
#1938 = EDGE_CURVE('',#1939,#1931,#1941,.T.);
#1939 = VERTEX_POINT('',#1940);
#1940 = CARTESIAN_POINT('',(10.9,1.409502975388,-1.940025928701));
#1941 = LINE('',#1942,#1943);
#1942 = CARTESIAN_POINT('',(10.9,1.607108967385,-1.940025928701));
#1943 = VECTOR('',#1944,1.);
#1944 = DIRECTION('',(-0.,1.,3.29201203322E-15));
#1945 = ORIENTED_EDGE('',*,*,#1946,.F.);
#1946 = EDGE_CURVE('',#1947,#1939,#1949,.T.);
#1947 = VERTEX_POINT('',#1948);
#1948 = CARTESIAN_POINT('',(10.9,1.363892261459,-2.069822375255));
#1949 = LINE('',#1950,#1951);
#1950 = CARTESIAN_POINT('',(10.9,1.409502975388,-1.940025928701));
#1951 = VECTOR('',#1952,1.);
#1952 = DIRECTION('',(-0.,0.33152841835,0.943445233082));
#1953 = ORIENTED_EDGE('',*,*,#1954,.F.);
#1954 = EDGE_CURVE('',#1955,#1947,#1957,.T.);
#1955 = VERTEX_POINT('',#1956);
#1956 = CARTESIAN_POINT('',(10.9,1.29620402111,-2.069822375255));
#1957 = LINE('',#1958,#1959);
#1958 = CARTESIAN_POINT('',(10.9,1.363892261459,-2.069822375255));
#1959 = VECTOR('',#1960,1.);
#1960 = DIRECTION('',(-0.,1.,6.40703417248E-15));
#1961 = ORIENTED_EDGE('',*,*,#1962,.F.);
#1962 = EDGE_CURVE('',#1963,#1955,#1965,.T.);
#1963 = VERTEX_POINT('',#1964);
#1964 = CARTESIAN_POINT('',(10.9,1.476948605561,-1.595276862249));
#1965 = LINE('',#1966,#1967);
#1966 = CARTESIAN_POINT('',(10.9,1.29620402111,-2.069822375255));
#1967 = VECTOR('',#1968,1.);
#1968 = DIRECTION('',(3.416146928382E-15,-0.355935724364,-0.934510438744
    ));
#1969 = ORIENTED_EDGE('',*,*,#1970,.F.);
#1970 = EDGE_CURVE('',#1915,#1963,#1971,.T.);
#1971 = LINE('',#1972,#1973);
#1972 = CARTESIAN_POINT('',(10.9,1.476948605561,-1.595276862249));
#1973 = VECTOR('',#1974,1.);
#1974 = DIRECTION('',(-0.,-1.,-3.310300988993E-15));
#1975 = FACE_BOUND('',#1976,.T.);
#1976 = EDGE_LOOP('',(#1977,#1988,#1997,#2006,#2015,#2024,#2033,#2042,
    #2051,#2060,#2068,#2077,#2086,#2095,#2104,#2113,#2122,#2131,#2140,
    #2149,#2158));
#1977 = ORIENTED_EDGE('',*,*,#1978,.F.);
#1978 = EDGE_CURVE('',#1979,#1981,#1983,.T.);
#1979 = VERTEX_POINT('',#1980);
#1980 = CARTESIAN_POINT('',(10.9,0.581474429431,-2.782125865127));
#1981 = VERTEX_POINT('',#1982);
#1982 = CARTESIAN_POINT('',(10.9,0.4837025267,-2.749373490765));
#1983 = B_SPLINE_CURVE_WITH_KNOTS('',3,(#1984,#1985,#1986,#1987),
  .UNSPECIFIED.,.F.,.F.,(4,4),(0.,1.),.PIECEWISE_BEZIER_KNOTS.);
#1984 = CARTESIAN_POINT('',(10.9,0.581474429431,-2.782125865127));
#1985 = CARTESIAN_POINT('',(10.9,0.546538563442,-2.782125865127));
#1986 = CARTESIAN_POINT('',(10.9,0.514028799259,-2.771208407005));
#1987 = CARTESIAN_POINT('',(10.9,0.4837025267,-2.749373490765));
#1988 = ORIENTED_EDGE('',*,*,#1989,.F.);
#1989 = EDGE_CURVE('',#1990,#1979,#1992,.T.);
#1990 = VERTEX_POINT('',#1991);
#1991 = CARTESIAN_POINT('',(10.9,0.651588771588,-2.736272541018));
#1992 = B_SPLINE_CURVE_WITH_KNOTS('',3,(#1993,#1994,#1995,#1996),
  .UNSPECIFIED.,.F.,.F.,(4,4),(1.,2.),.PIECEWISE_BEZIER_KNOTS.);
#1993 = CARTESIAN_POINT('',(10.9,0.651588771588,-2.736272541018));
#1994 = CARTESIAN_POINT('',(10.9,0.651588771588,-2.766841423758));
#1995 = CARTESIAN_POINT('',(10.9,0.628176889173,-2.782125865127));
#1996 = CARTESIAN_POINT('',(10.9,0.581474429431,-2.782125865127));
#1997 = ORIENTED_EDGE('',*,*,#1998,.F.);
#1998 = EDGE_CURVE('',#1999,#1990,#2001,.T.);
#1999 = VERTEX_POINT('',#2000);
#2000 = CARTESIAN_POINT('',(10.9,0.636304330217,-2.704005387016));
#2001 = B_SPLINE_CURVE_WITH_KNOTS('',3,(#2002,#2003,#2004,#2005),
  .UNSPECIFIED.,.F.,.F.,(4,4),(2.,3.),.PIECEWISE_BEZIER_KNOTS.);
#2002 = CARTESIAN_POINT('',(10.9,0.636304330217,-2.704005387016));
#2003 = CARTESIAN_POINT('',(10.9,0.646493957799,-2.712496743333));
#2004 = CARTESIAN_POINT('',(10.9,0.651588771588,-2.723171591271));
#2005 = CARTESIAN_POINT('',(10.9,0.651588771588,-2.736272541018));
#2006 = ORIENTED_EDGE('',*,*,#2007,.F.);
#2007 = EDGE_CURVE('',#2008,#1999,#2010,.T.);
#2008 = VERTEX_POINT('',#2009);
#2009 = CARTESIAN_POINT('',(10.9,0.574074818927,-2.673679114456));
#2010 = B_SPLINE_CURVE_WITH_KNOTS('',3,(#2011,#2012,#2013,#2014),
  .UNSPECIFIED.,.F.,.F.,(4,4),(3.,4.),.PIECEWISE_BEZIER_KNOTS.);
#2011 = CARTESIAN_POINT('',(10.9,0.574074818927,-2.673679114456));
#2012 = CARTESIAN_POINT('',(10.9,0.605371532208,-2.685324403118));
#2013 = CARTESIAN_POINT('',(10.9,0.626114702638,-2.695514030699));
#2014 = CARTESIAN_POINT('',(10.9,0.636304330217,-2.704005387016));
#2015 = ORIENTED_EDGE('',*,*,#2016,.F.);
#2016 = EDGE_CURVE('',#2017,#2008,#2019,.T.);
#2017 = VERTEX_POINT('',#2018);
#2018 = CARTESIAN_POINT('',(10.9,0.500927849514,-2.628796231067));
#2019 = B_SPLINE_CURVE_WITH_KNOTS('',3,(#2020,#2021,#2022,#2023),
  .UNSPECIFIED.,.F.,.F.,(4,4),(4.,5.),.PIECEWISE_BEZIER_KNOTS.);
#2020 = CARTESIAN_POINT('',(10.9,0.500927849514,-2.628796231067));
#2021 = CARTESIAN_POINT('',(10.9,0.512087917816,-2.643595452076));
#2022 = CARTESIAN_POINT('',(10.9,0.536591546043,-2.658637283267));
#2023 = CARTESIAN_POINT('',(10.9,0.574074818927,-2.673679114456));
#2024 = ORIENTED_EDGE('',*,*,#2025,.F.);
#2025 = EDGE_CURVE('',#2026,#2017,#2028,.T.);
#2026 = VERTEX_POINT('',#2027);
#2027 = CARTESIAN_POINT('',(10.9,0.48406644197,-2.575179381182));
#2028 = B_SPLINE_CURVE_WITH_KNOTS('',3,(#2029,#2030,#2031,#2032),
  .UNSPECIFIED.,.F.,.F.,(4,4),(5.,6.),.PIECEWISE_BEZIER_KNOTS.);
#2029 = CARTESIAN_POINT('',(10.9,0.48406644197,-2.575179381182));
#2030 = CARTESIAN_POINT('',(10.9,0.48406644197,-2.596043856705));
#2031 = CARTESIAN_POINT('',(10.9,0.489646476121,-2.613997010059));
#2032 = CARTESIAN_POINT('',(10.9,0.500927849514,-2.628796231067));
#2033 = ORIENTED_EDGE('',*,*,#2034,.F.);
#2034 = EDGE_CURVE('',#2035,#2026,#2037,.T.);
#2035 = VERTEX_POINT('',#2036);
#2036 = CARTESIAN_POINT('',(10.9,0.522156240305,-2.502881547403));
#2037 = B_SPLINE_CURVE_WITH_KNOTS('',3,(#2038,#2039,#2040,#2041),
  .UNSPECIFIED.,.F.,.F.,(4,4),(6.,7.),.PIECEWISE_BEZIER_KNOTS.);
#2038 = CARTESIAN_POINT('',(10.9,0.522156240305,-2.502881547403));
#2039 = CARTESIAN_POINT('',(10.9,0.496803476445,-2.521077310937));
#2040 = CARTESIAN_POINT('',(10.9,0.48406644197,-2.545095718806));
#2041 = CARTESIAN_POINT('',(10.9,0.48406644197,-2.575179381182));
#2042 = ORIENTED_EDGE('',*,*,#2043,.F.);
#2043 = EDGE_CURVE('',#2044,#2035,#2046,.T.);
#2044 = VERTEX_POINT('',#2045);
#2045 = CARTESIAN_POINT('',(10.9,0.616046380148,-2.475951817368));
#2046 = B_SPLINE_CURVE_WITH_KNOTS('',3,(#2047,#2048,#2049,#2050),
  .UNSPECIFIED.,.F.,.F.,(4,4),(7.,8.),.PIECEWISE_BEZIER_KNOTS.);
#2047 = CARTESIAN_POINT('',(10.9,0.616046380148,-2.475951817368));
#2048 = CARTESIAN_POINT('',(10.9,0.578927022536,-2.475951817368));
#2049 = CARTESIAN_POINT('',(10.9,0.547630309255,-2.484928394045));
#2050 = CARTESIAN_POINT('',(10.9,0.522156240305,-2.502881547403));
#2051 = ORIENTED_EDGE('',*,*,#2052,.F.);
#2052 = EDGE_CURVE('',#2053,#2044,#2055,.T.);
#2053 = VERTEX_POINT('',#2054);
#2054 = CARTESIAN_POINT('',(10.9,0.696350349886,-2.49099364856));
#2055 = B_SPLINE_CURVE_WITH_KNOTS('',3,(#2056,#2057,#2058,#2059),
  .UNSPECIFIED.,.F.,.F.,(4,4),(8.,9.),.PIECEWISE_BEZIER_KNOTS.);
#2056 = CARTESIAN_POINT('',(10.9,0.696350349886,-2.49099364856));
#2057 = CARTESIAN_POINT('',(10.9,0.671604111477,-2.480804020979));
#2058 = CARTESIAN_POINT('',(10.9,0.644916991624,-2.475951817368));
#2059 = CARTESIAN_POINT('',(10.9,0.616046380148,-2.475951817368));
#2060 = ORIENTED_EDGE('',*,*,#2061,.F.);
#2061 = EDGE_CURVE('',#2062,#2053,#2064,.T.);
#2062 = VERTEX_POINT('',#2063);
#2063 = CARTESIAN_POINT('',(10.9,0.696350349886,-2.548734871512));
#2064 = LINE('',#2065,#2066);
#2065 = CARTESIAN_POINT('',(10.9,0.696350349886,-2.49099364856));
#2066 = VECTOR('',#2067,1.);
#2067 = DIRECTION('',(-0.,-0.,1.));
#2068 = ORIENTED_EDGE('',*,*,#2069,.F.);
#2069 = EDGE_CURVE('',#2070,#2062,#2072,.T.);
#2070 = VERTEX_POINT('',#2071);
#2071 = CARTESIAN_POINT('',(10.9,0.610223735817,-2.524231243283));
#2072 = B_SPLINE_CURVE_WITH_KNOTS('',3,(#2073,#2074,#2075,#2076),
  .UNSPECIFIED.,.F.,.F.,(4,4),(10.,11.),.PIECEWISE_BEZIER_KNOTS.);
#2073 = CARTESIAN_POINT('',(10.9,0.610223735817,-2.524231243283));
#2074 = CARTESIAN_POINT('',(10.9,0.64236958473,-2.524231243283));
#2075 = CARTESIAN_POINT('',(10.9,0.670997586026,-2.532479989419));
#2076 = CARTESIAN_POINT('',(10.9,0.696350349886,-2.548734871512));
#2077 = ORIENTED_EDGE('',*,*,#2078,.F.);
#2078 = EDGE_CURVE('',#2079,#2070,#2081,.T.);
#2079 = VERTEX_POINT('',#2080);
#2080 = CARTESIAN_POINT('',(10.9,0.563399970986,-2.536846972669));
#2081 = B_SPLINE_CURVE_WITH_KNOTS('',3,(#2082,#2083,#2084,#2085),
  .UNSPECIFIED.,.F.,.F.,(4,4),(11.,12.),.PIECEWISE_BEZIER_KNOTS.);
#2082 = CARTESIAN_POINT('',(10.9,0.563399970986,-2.536846972669));
#2083 = CARTESIAN_POINT('',(10.9,0.575409174918,-2.528355616352));
#2084 = CARTESIAN_POINT('',(10.9,0.59105753156,-2.524231243283));
#2085 = CARTESIAN_POINT('',(10.9,0.610223735817,-2.524231243283));
#2086 = ORIENTED_EDGE('',*,*,#2087,.F.);
#2087 = EDGE_CURVE('',#2088,#2079,#2090,.T.);
#2088 = VERTEX_POINT('',#2089);
#2089 = CARTESIAN_POINT('',(10.9,0.54532551254,-2.569841957212));
#2090 = B_SPLINE_CURVE_WITH_KNOTS('',3,(#2091,#2092,#2093,#2094),
  .UNSPECIFIED.,.F.,.F.,(4,4),(12.,13.),.PIECEWISE_BEZIER_KNOTS.);
#2091 = CARTESIAN_POINT('',(10.9,0.54532551254,-2.569841957212));
#2092 = CARTESIAN_POINT('',(10.9,0.54532551254,-2.556255787108));
#2093 = CARTESIAN_POINT('',(10.9,0.551390767053,-2.545095718806));
#2094 = CARTESIAN_POINT('',(10.9,0.563399970986,-2.536846972669));
#2095 = ORIENTED_EDGE('',*,*,#2096,.F.);
#2096 = EDGE_CURVE('',#2097,#2088,#2099,.T.);
#2097 = VERTEX_POINT('',#2098);
#2098 = CARTESIAN_POINT('',(10.9,0.558305157195,-2.601381280673));
#2099 = B_SPLINE_CURVE_WITH_KNOTS('',3,(#2100,#2101,#2102,#2103),
  .UNSPECIFIED.,.F.,.F.,(4,4),(13.,14.),.PIECEWISE_BEZIER_KNOTS.);
#2100 = CARTESIAN_POINT('',(10.9,0.558305157195,-2.601381280673));
#2101 = CARTESIAN_POINT('',(10.9,0.549692495788,-2.59386036508));
#2102 = CARTESIAN_POINT('',(10.9,0.54532551254,-2.583428127319));
#2103 = CARTESIAN_POINT('',(10.9,0.54532551254,-2.569841957212));
#2104 = ORIENTED_EDGE('',*,*,#2105,.F.);
#2105 = EDGE_CURVE('',#2106,#2097,#2108,.T.);
#2106 = VERTEX_POINT('',#2107);
#2107 = CARTESIAN_POINT('',(10.9,0.616046380148,-2.630494502332));
#2108 = B_SPLINE_CURVE_WITH_KNOTS('',3,(#2109,#2110,#2111,#2112),
  .UNSPECIFIED.,.F.,.F.,(4,4),(14.,15.),.PIECEWISE_BEZIER_KNOTS.);
#2109 = CARTESIAN_POINT('',(10.9,0.616046380148,-2.630494502332));
#2110 = CARTESIAN_POINT('',(10.9,0.58620532795,-2.61884921367));
#2111 = CARTESIAN_POINT('',(10.9,0.567039123693,-2.609144806449));
#2112 = CARTESIAN_POINT('',(10.9,0.558305157195,-2.601381280673));
#2113 = ORIENTED_EDGE('',*,*,#2114,.F.);
#2114 = EDGE_CURVE('',#2115,#2106,#2117,.T.);
#2115 = VERTEX_POINT('',#2116);
#2116 = CARTESIAN_POINT('',(10.9,0.692711197178,-2.674406944996));
#2117 = B_SPLINE_CURVE_WITH_KNOTS('',3,(#2118,#2119,#2120,#2121),
  .UNSPECIFIED.,.F.,.F.,(4,4),(15.,16.),.PIECEWISE_BEZIER_KNOTS.);
#2118 = CARTESIAN_POINT('',(10.9,0.692711197178,-2.674406944996));
#2119 = CARTESIAN_POINT('',(10.9,0.679367637253,-2.659365113808));
#2120 = CARTESIAN_POINT('',(10.9,0.653893568303,-2.6445658928));
#2121 = CARTESIAN_POINT('',(10.9,0.616046380148,-2.630494502332));
#2122 = ORIENTED_EDGE('',*,*,#2123,.F.);
#2123 = EDGE_CURVE('',#2124,#2115,#2126,.T.);
#2124 = VERTEX_POINT('',#2125);
#2125 = CARTESIAN_POINT('',(10.9,0.712605231977,-2.730449896687));
#2126 = B_SPLINE_CURVE_WITH_KNOTS('',3,(#2127,#2128,#2129,#2130),
  .UNSPECIFIED.,.F.,.F.,(4,4),(16.,17.),.PIECEWISE_BEZIER_KNOTS.);
#2127 = CARTESIAN_POINT('',(10.9,0.712605231977,-2.730449896687));
#2128 = CARTESIAN_POINT('',(10.9,0.712605231977,-2.708129760083));
#2129 = CARTESIAN_POINT('',(10.9,0.705933452013,-2.689448776185));
#2130 = CARTESIAN_POINT('',(10.9,0.692711197178,-2.674406944996));
#2131 = ORIENTED_EDGE('',*,*,#2132,.F.);
#2132 = EDGE_CURVE('',#2133,#2124,#2135,.T.);
#2133 = VERTEX_POINT('',#2134);
#2134 = CARTESIAN_POINT('',(10.9,0.674394128552,-2.80371817119));
#2135 = B_SPLINE_CURVE_WITH_KNOTS('',3,(#2136,#2137,#2138,#2139),
  .UNSPECIFIED.,.F.,.F.,(4,4),(17.,18.),.PIECEWISE_BEZIER_KNOTS.);
#2136 = CARTESIAN_POINT('',(10.9,0.674394128552,-2.80371817119));
#2137 = CARTESIAN_POINT('',(10.9,0.699868197502,-2.786007628013));
#2138 = CARTESIAN_POINT('',(10.9,0.712605231977,-2.761503999788));
#2139 = CARTESIAN_POINT('',(10.9,0.712605231977,-2.730449896687));
#2140 = ORIENTED_EDGE('',*,*,#2141,.F.);
#2141 = EDGE_CURVE('',#2142,#2133,#2144,.T.);
#2142 = VERTEX_POINT('',#2143);
#2143 = CARTESIAN_POINT('',(10.9,0.5756517851,-2.830647901221));
#2144 = B_SPLINE_CURVE_WITH_KNOTS('',3,(#2145,#2146,#2147,#2148),
  .UNSPECIFIED.,.F.,.F.,(4,4),(18.,19.),.PIECEWISE_BEZIER_KNOTS.);
#2145 = CARTESIAN_POINT('',(10.9,0.5756517851,-2.830647901221));
#2146 = CARTESIAN_POINT('',(10.9,0.616046380148,-2.830647901221));
#2147 = CARTESIAN_POINT('',(10.9,0.649041364692,-2.821671324544));
#2148 = CARTESIAN_POINT('',(10.9,0.674394128552,-2.80371817119));
#2149 = ORIENTED_EDGE('',*,*,#2150,.F.);
#2150 = EDGE_CURVE('',#2151,#2142,#2153,.T.);
#2151 = VERTEX_POINT('',#2152);
#2152 = CARTESIAN_POINT('',(10.9,0.4837025267,-2.810753866423));
#2153 = B_SPLINE_CURVE_WITH_KNOTS('',3,(#2154,#2155,#2156,#2157),
  .UNSPECIFIED.,.F.,.F.,(4,4),(19.,20.),.PIECEWISE_BEZIER_KNOTS.);
#2154 = CARTESIAN_POINT('',(10.9,0.4837025267,-2.810753866423));
#2155 = CARTESIAN_POINT('',(10.9,0.509904426191,-2.823854816169));
#2156 = CARTESIAN_POINT('',(10.9,0.540473308931,-2.830647901221));
#2157 = CARTESIAN_POINT('',(10.9,0.5756517851,-2.830647901221));
#2158 = ORIENTED_EDGE('',*,*,#2159,.F.);
#2159 = EDGE_CURVE('',#1981,#2151,#2160,.T.);
#2160 = LINE('',#2161,#2162);
#2161 = CARTESIAN_POINT('',(10.9,0.4837025267,-2.810753866423));
#2162 = VECTOR('',#2163,1.);
#2163 = DIRECTION('',(-0.,-0.,-1.));
#2164 = FACE_BOUND('',#2165,.T.);
#2165 = EDGE_LOOP('',(#2166,#2176,#2184,#2192,#2200,#2208,#2216,#2224,
    #2232,#2240,#2248,#2256));
#2166 = ORIENTED_EDGE('',*,*,#2167,.F.);
#2167 = EDGE_CURVE('',#2168,#2170,#2172,.T.);
#2168 = VERTEX_POINT('',#2169);
#2169 = CARTESIAN_POINT('',(10.9,1.388153279508,-2.822641765265));
#2170 = VERTEX_POINT('',#2171);
#2171 = CARTESIAN_POINT('',(10.9,1.388153279508,-2.76853969502));
#2172 = LINE('',#2173,#2174);
#2173 = CARTESIAN_POINT('',(10.9,1.388153279508,-2.76853969502));
#2174 = VECTOR('',#2175,1.);
#2175 = DIRECTION('',(-0.,-0.,1.));
#2176 = ORIENTED_EDGE('',*,*,#2177,.F.);
#2177 = EDGE_CURVE('',#2178,#2168,#2180,.T.);
#2178 = VERTEX_POINT('',#2179);
#2179 = CARTESIAN_POINT('',(10.9,1.132927369649,-2.822641765265));
#2180 = LINE('',#2181,#2182);
#2181 = CARTESIAN_POINT('',(10.9,1.388153279508,-2.822641765265));
#2182 = VECTOR('',#2183,1.);
#2183 = DIRECTION('',(-0.,1.,3.398407859406E-15));
#2184 = ORIENTED_EDGE('',*,*,#2185,.F.);
#2185 = EDGE_CURVE('',#2186,#2178,#2188,.T.);
#2186 = VERTEX_POINT('',#2187);
#2187 = CARTESIAN_POINT('',(10.9,1.132927369649,-2.348096252259));
#2188 = LINE('',#2189,#2190);
#2189 = CARTESIAN_POINT('',(10.9,1.132927369649,-2.822641765265));
#2190 = VECTOR('',#2191,1.);
#2191 = DIRECTION('',(3.6555471044E-15,3.6555471044E-15,-1.));
#2192 = ORIENTED_EDGE('',*,*,#2193,.F.);
#2193 = EDGE_CURVE('',#2194,#2186,#2196,.T.);
#2194 = VERTEX_POINT('',#2195);
#2195 = CARTESIAN_POINT('',(10.9,1.377357126476,-2.348096252259));
#2196 = LINE('',#2197,#2198);
#2197 = CARTESIAN_POINT('',(10.9,1.132927369649,-2.348096252259));
#2198 = VECTOR('',#2199,1.);
#2199 = DIRECTION('',(-0.,-1.,-3.548511233851E-15));
#2200 = ORIENTED_EDGE('',*,*,#2201,.F.);
#2201 = EDGE_CURVE('',#2202,#2194,#2204,.T.);
#2202 = VERTEX_POINT('',#2203);
#2203 = CARTESIAN_POINT('',(10.9,1.377357126476,-2.402683542865));
#2204 = LINE('',#2205,#2206);
#2205 = CARTESIAN_POINT('',(10.9,1.377357126476,-2.348096252259));
#2206 = VECTOR('',#2207,1.);
#2207 = DIRECTION('',(-3.177888949465E-14,-0.,1.));
#2208 = ORIENTED_EDGE('',*,*,#2209,.F.);
#2209 = EDGE_CURVE('',#2210,#2202,#2212,.T.);
#2210 = VERTEX_POINT('',#2211);
#2211 = CARTESIAN_POINT('',(10.9,1.19418644022,-2.402683542865));
#2212 = LINE('',#2213,#2214);
#2213 = CARTESIAN_POINT('',(10.9,1.377357126476,-2.402683542865));
#2214 = VECTOR('',#2215,1.);
#2215 = DIRECTION('',(-0.,1.,4.735264990904E-15));
#2216 = ORIENTED_EDGE('',*,*,#2217,.F.);
#2217 = EDGE_CURVE('',#2218,#2210,#2220,.T.);
#2218 = VERTEX_POINT('',#2219);
#2219 = CARTESIAN_POINT('',(10.9,1.19418644022,-2.554557515843));
#2220 = LINE('',#2221,#2222);
#2221 = CARTESIAN_POINT('',(10.9,1.19418644022,-2.402683542865));
#2222 = VECTOR('',#2223,1.);
#2223 = DIRECTION('',(-0.,-5.711062409043E-15,1.));
#2224 = ORIENTED_EDGE('',*,*,#2225,.F.);
#2225 = EDGE_CURVE('',#2226,#2218,#2228,.T.);
#2226 = VERTEX_POINT('',#2227);
#2227 = CARTESIAN_POINT('',(10.9,1.363892261459,-2.554557515843));
#2228 = LINE('',#2229,#2230);
#2229 = CARTESIAN_POINT('',(10.9,1.19418644022,-2.554557515843));
#2230 = VECTOR('',#2231,1.);
#2231 = DIRECTION('',(-0.,-1.,-2.555486110188E-15));
#2232 = ORIENTED_EDGE('',*,*,#2233,.F.);
#2233 = EDGE_CURVE('',#2234,#2226,#2236,.T.);
#2234 = VERTEX_POINT('',#2235);
#2235 = CARTESIAN_POINT('',(10.9,1.363892261459,-2.608902196269));
#2236 = LINE('',#2237,#2238);
#2237 = CARTESIAN_POINT('',(10.9,1.363892261459,-2.554557515843));
#2238 = VECTOR('',#2239,1.);
#2239 = DIRECTION('',(-0.,-1.596037976844E-14,1.));
#2240 = ORIENTED_EDGE('',*,*,#2241,.F.);
#2241 = EDGE_CURVE('',#2242,#2234,#2244,.T.);
#2242 = VERTEX_POINT('',#2243);
#2243 = CARTESIAN_POINT('',(10.9,1.19418644022,-2.608902196269));
#2244 = LINE('',#2245,#2246);
#2245 = CARTESIAN_POINT('',(10.9,1.363892261459,-2.608902196269));
#2246 = VECTOR('',#2247,1.);
#2247 = DIRECTION('',(-0.,1.,2.555486110188E-15));
#2248 = ORIENTED_EDGE('',*,*,#2249,.F.);
#2249 = EDGE_CURVE('',#2250,#2242,#2252,.T.);
#2250 = VERTEX_POINT('',#2251);
#2251 = CARTESIAN_POINT('',(10.9,1.19418644022,-2.76853969502));
#2252 = LINE('',#2253,#2254);
#2253 = CARTESIAN_POINT('',(10.9,1.19418644022,-2.608902196269));
#2254 = VECTOR('',#2255,1.);
#2255 = DIRECTION('',(-0.,-5.433320772214E-15,1.));
#2256 = ORIENTED_EDGE('',*,*,#2257,.F.);
#2257 = EDGE_CURVE('',#2170,#2250,#2258,.T.);
#2258 = LINE('',#2259,#2260);
#2259 = CARTESIAN_POINT('',(10.9,1.19418644022,-2.76853969502));
#2260 = VECTOR('',#2261,1.);
#2261 = DIRECTION('',(-0.,-1.,-2.235850574183E-15));
#2262 = FACE_BOUND('',#2263,.T.);
#2263 = EDGE_LOOP('',(#2264,#2274,#2282,#2290,#2299,#2308,#2317));
#2264 = ORIENTED_EDGE('',*,*,#2265,.F.);
#2265 = EDGE_CURVE('',#2266,#2268,#2270,.T.);
#2266 = VERTEX_POINT('',#2267);
#2267 = CARTESIAN_POINT('',(10.9,1.477797741195,-2.822641765265));
#2268 = VERTEX_POINT('',#2269);
#2269 = CARTESIAN_POINT('',(10.9,1.60832201829,-2.822641765265));
#2270 = LINE('',#2271,#2272);
#2271 = CARTESIAN_POINT('',(10.9,1.60832201829,-2.822641765265));
#2272 = VECTOR('',#2273,1.);
#2273 = DIRECTION('',(-0.,1.,3.322606940611E-15));
#2274 = ORIENTED_EDGE('',*,*,#2275,.F.);
#2275 = EDGE_CURVE('',#2276,#2266,#2278,.T.);
#2276 = VERTEX_POINT('',#2277);
#2277 = CARTESIAN_POINT('',(10.9,1.477797741195,-2.348096252259));
#2278 = LINE('',#2279,#2280);
#2279 = CARTESIAN_POINT('',(10.9,1.477797741195,-2.822641765265));
#2280 = VECTOR('',#2281,1.);
#2281 = DIRECTION('',(3.6555471044E-15,3.6555471044E-15,-1.));
#2282 = ORIENTED_EDGE('',*,*,#2283,.F.);
#2283 = EDGE_CURVE('',#2284,#2276,#2286,.T.);
#2284 = VERTEX_POINT('',#2285);
#2285 = CARTESIAN_POINT('',(10.9,1.613174221897,-2.348096252259));
#2286 = LINE('',#2287,#2288);
#2287 = CARTESIAN_POINT('',(10.9,1.477797741195,-2.348096252259));
#2288 = VECTOR('',#2289,1.);
#2289 = DIRECTION('',(-0.,-1.,-3.203517086163E-15));
#2290 = ORIENTED_EDGE('',*,*,#2291,.F.);
#2291 = EDGE_CURVE('',#2292,#2284,#2294,.T.);
#2292 = VERTEX_POINT('',#2293);
#2293 = CARTESIAN_POINT('',(10.9,1.792584450357,-2.410932289001));
#2294 = B_SPLINE_CURVE_WITH_KNOTS('',3,(#2295,#2296,#2297,#2298),
  .UNSPECIFIED.,.F.,.F.,(4,4),(2.,3.),.PIECEWISE_BEZIER_KNOTS.);
#2295 = CARTESIAN_POINT('',(10.9,1.792584450357,-2.410932289001));
#2296 = CARTESIAN_POINT('',(10.9,1.744911549896,-2.368960727782));
#2297 = CARTESIAN_POINT('',(10.9,1.685108140406,-2.348096252259));
#2298 = CARTESIAN_POINT('',(10.9,1.613174221897,-2.348096252259));
#2299 = ORIENTED_EDGE('',*,*,#2300,.F.);
#2300 = EDGE_CURVE('',#2301,#2292,#2303,.T.);
#2301 = VERTEX_POINT('',#2302);
#2302 = CARTESIAN_POINT('',(10.9,1.864154453599,-2.579303754252));
#2303 = B_SPLINE_CURVE_WITH_KNOTS('',3,(#2304,#2305,#2306,#2307),
  .UNSPECIFIED.,.F.,.F.,(4,4),(3.,4.),.PIECEWISE_BEZIER_KNOTS.);
#2304 = CARTESIAN_POINT('',(10.9,1.864154453599,-2.579303754252));
#2305 = CARTESIAN_POINT('',(10.9,1.864154453599,-2.508946801914));
#2306 = CARTESIAN_POINT('',(10.9,1.84025735082,-2.452903850224));
#2307 = CARTESIAN_POINT('',(10.9,1.792584450357,-2.410932289001));
#2308 = ORIENTED_EDGE('',*,*,#2309,.F.);
#2309 = EDGE_CURVE('',#2310,#2301,#2312,.T.);
#2310 = VERTEX_POINT('',#2311);
#2311 = CARTESIAN_POINT('',(10.9,1.792584450357,-2.756166575817));
#2312 = B_SPLINE_CURVE_WITH_KNOTS('',3,(#2313,#2314,#2315,#2316),
  .UNSPECIFIED.,.F.,.F.,(4,4),(4.,5.),.PIECEWISE_BEZIER_KNOTS.);
#2313 = CARTESIAN_POINT('',(10.9,1.792584450357,-2.756166575817));
#2314 = CARTESIAN_POINT('',(10.9,1.84025735082,-2.711768912789));
#2315 = CARTESIAN_POINT('',(10.9,1.864154453599,-2.652814638936));
#2316 = CARTESIAN_POINT('',(10.9,1.864154453599,-2.579303754252));
#2317 = ORIENTED_EDGE('',*,*,#2318,.F.);
#2318 = EDGE_CURVE('',#2268,#2310,#2319,.T.);
#2319 = B_SPLINE_CURVE_WITH_KNOTS('',3,(#2320,#2321,#2322,#2323),
  .UNSPECIFIED.,.F.,.F.,(4,4),(5.,6.),.PIECEWISE_BEZIER_KNOTS.);
#2320 = CARTESIAN_POINT('',(10.9,1.60832201829,-2.822641765265));
#2321 = CARTESIAN_POINT('',(10.9,1.683409869145,-2.822641765265));
#2322 = CARTESIAN_POINT('',(10.9,1.744911549896,-2.800564238845));
#2323 = CARTESIAN_POINT('',(10.9,1.792584450357,-2.756166575817));
#2324 = FACE_BOUND('',#2325,.T.);
#2325 = EDGE_LOOP('',(#2326,#2336,#2344,#2352,#2360,#2368,#2376,#2384));
#2326 = ORIENTED_EDGE('',*,*,#2327,.F.);
#2327 = EDGE_CURVE('',#2328,#2330,#2332,.T.);
#2328 = VERTEX_POINT('',#2329);
#2329 = CARTESIAN_POINT('',(10.9,2.317471575812,-2.822641765265));
#2330 = VERTEX_POINT('',#2331);
#2331 = CARTESIAN_POINT('',(10.9,2.136726991361,-2.348096252259));
#2332 = LINE('',#2333,#2334);
#2333 = CARTESIAN_POINT('',(10.9,2.136726991361,-2.348096252259));
#2334 = VECTOR('',#2335,1.);
#2335 = DIRECTION('',(-3.416146928382E-15,-0.355935724364,0.934510438744
    ));
#2336 = ORIENTED_EDGE('',*,*,#2337,.F.);
#2337 = EDGE_CURVE('',#2338,#2328,#2340,.T.);
#2338 = VERTEX_POINT('',#2339);
#2339 = CARTESIAN_POINT('',(10.9,2.249783335463,-2.822641765265));
#2340 = LINE('',#2341,#2342);
#2341 = CARTESIAN_POINT('',(10.9,2.317471575812,-2.822641765265));
#2342 = VECTOR('',#2343,1.);
#2343 = DIRECTION('',(-0.,1.,6.40703417248E-15));
#2344 = ORIENTED_EDGE('',*,*,#2345,.F.);
#2345 = EDGE_CURVE('',#2346,#2338,#2348,.T.);
#2346 = VERTEX_POINT('',#2347);
#2347 = CARTESIAN_POINT('',(10.9,2.201382604455,-2.692845318714));
#2348 = LINE('',#2349,#2350);
#2349 = CARTESIAN_POINT('',(10.9,2.249783335463,-2.822641765265));
#2350 = VECTOR('',#2351,1.);
#2351 = DIRECTION('',(-0.,0.349395479497,-0.936975345944));
#2352 = ORIENTED_EDGE('',*,*,#2353,.F.);
#2353 = EDGE_CURVE('',#2354,#2346,#2356,.T.);
#2354 = VERTEX_POINT('',#2355);
#2355 = CARTESIAN_POINT('',(10.9,2.003776612458,-2.692845318714));
#2356 = LINE('',#2357,#2358);
#2357 = CARTESIAN_POINT('',(10.9,2.201382604455,-2.692845318714));
#2358 = VECTOR('',#2359,1.);
#2359 = DIRECTION('',(-0.,1.,2.194674688813E-15));
#2360 = ORIENTED_EDGE('',*,*,#2361,.F.);
#2361 = EDGE_CURVE('',#2362,#2354,#2364,.T.);
#2362 = VERTEX_POINT('',#2363);
#2363 = CARTESIAN_POINT('',(10.9,1.958165898529,-2.822641765265));
#2364 = LINE('',#2365,#2366);
#2365 = CARTESIAN_POINT('',(10.9,2.003776612458,-2.692845318714));
#2366 = VECTOR('',#2367,1.);
#2367 = DIRECTION('',(-0.,0.331528418358,0.94344523308));
#2368 = ORIENTED_EDGE('',*,*,#2369,.F.);
#2369 = EDGE_CURVE('',#2370,#2362,#2372,.T.);
#2370 = VERTEX_POINT('',#2371);
#2371 = CARTESIAN_POINT('',(10.9,1.890477658176,-2.822641765265));
#2372 = LINE('',#2373,#2374);
#2373 = CARTESIAN_POINT('',(10.9,1.958165898529,-2.822641765265));
#2374 = VECTOR('',#2375,1.);
#2375 = DIRECTION('',(-0.,1.,6.407034172173E-15));
#2376 = ORIENTED_EDGE('',*,*,#2377,.F.);
#2377 = EDGE_CURVE('',#2378,#2370,#2380,.T.);
#2378 = VERTEX_POINT('',#2379);
#2379 = CARTESIAN_POINT('',(10.9,2.07122224263,-2.348096252259));
#2380 = LINE('',#2381,#2382);
#2381 = CARTESIAN_POINT('',(10.9,1.890477658176,-2.822641765265));
#2382 = VECTOR('',#2383,1.);
#2383 = DIRECTION('',(3.416146928374E-15,-0.35593572437,-0.934510438742)
  );
#2384 = ORIENTED_EDGE('',*,*,#2385,.F.);
#2385 = EDGE_CURVE('',#2330,#2378,#2386,.T.);
#2386 = LINE('',#2387,#2388);
#2387 = CARTESIAN_POINT('',(10.9,2.07122224263,-2.348096252259));
#2388 = VECTOR('',#2389,1.);
#2389 = DIRECTION('',(-0.,-1.,-6.620601977659E-15));
#2390 = FACE_BOUND('',#2391,.T.);
#2391 = EDGE_LOOP('',(#2392,#2403,#2412,#2421,#2429,#2438,#2447,#2456,
    #2464,#2473,#2482,#2491,#2500,#2509,#2518,#2527,#2536,#2545,#2554,
    #2562,#2570,#2578,#2587,#2596,#2605,#2614,#2623,#2632,#2641,#2650,
    #2659,#2668,#2677));
#2392 = ORIENTED_EDGE('',*,*,#2393,.F.);
#2393 = EDGE_CURVE('',#2394,#2396,#2398,.T.);
#2394 = VERTEX_POINT('',#2395);
#2395 = CARTESIAN_POINT('',(10.9,-0.569935548668,-2.351931757576));
#2396 = VERTEX_POINT('',#2397);
#2397 = CARTESIAN_POINT('',(10.9,-0.903958507846,-1.909941794938));
#2398 = B_SPLINE_CURVE_WITH_KNOTS('',3,(#2399,#2400,#2401,#2402),
  .UNSPECIFIED.,.F.,.F.,(4,4),(35.,36.),.PIECEWISE_BEZIER_KNOTS.);
#2399 = CARTESIAN_POINT('',(10.9,-0.569935548668,-2.351931757576));
#2400 = CARTESIAN_POINT('',(10.9,-0.573309467251,-2.149493682402));
#2401 = CARTESIAN_POINT('',(10.9,-0.711642317126,-1.970673230364));
#2402 = CARTESIAN_POINT('',(10.9,-0.903958507846,-1.909941794938));
#2403 = ORIENTED_EDGE('',*,*,#2404,.F.);
#2404 = EDGE_CURVE('',#2405,#2394,#2407,.T.);
#2405 = VERTEX_POINT('',#2406);
#2406 = CARTESIAN_POINT('',(10.9,-0.694772466803,-2.672458913719));
#2407 = B_SPLINE_CURVE_WITH_KNOTS('',3,(#2408,#2409,#2410,#2411),
  .UNSPECIFIED.,.F.,.F.,(4,4),(34.,35.),.PIECEWISE_BEZIER_KNOTS.);
#2408 = CARTESIAN_POINT('',(10.9,-0.694772466803,-2.672458913719));
#2409 = CARTESIAN_POINT('',(10.9,-0.613797133767,-2.584735743521));
#2410 = CARTESIAN_POINT('',(10.9,-0.569935548668,-2.470020709839));
#2411 = CARTESIAN_POINT('',(10.9,-0.569935548668,-2.351931757576));
#2412 = ORIENTED_EDGE('',*,*,#2413,.F.);
#2413 = EDGE_CURVE('',#2414,#2405,#2416,.T.);
#2414 = VERTEX_POINT('',#2415);
#2415 = CARTESIAN_POINT('',(10.9,-1.001803691203,-2.824287566631));
#2416 = B_SPLINE_CURVE_WITH_KNOTS('',3,(#2417,#2418,#2419,#2420),
  .UNSPECIFIED.,.F.,.F.,(4,4),(33.,34.),.PIECEWISE_BEZIER_KNOTS.);
#2417 = CARTESIAN_POINT('',(10.9,-1.001803691203,-2.824287566631));
#2418 = CARTESIAN_POINT('',(10.9,-0.883714738942,-2.814165682177));
#2419 = CARTESIAN_POINT('',(10.9,-0.775747671129,-2.760182083918));
#2420 = CARTESIAN_POINT('',(10.9,-0.694772466803,-2.672458913719));
#2421 = ORIENTED_EDGE('',*,*,#2422,.F.);
#2422 = EDGE_CURVE('',#2423,#2414,#2425,.T.);
#2423 = VERTEX_POINT('',#2424);
#2424 = CARTESIAN_POINT('',(10.9,-1.200867847796,-2.824287566631));
#2425 = LINE('',#2426,#2427);
#2426 = CARTESIAN_POINT('',(10.9,-1.011925575657,-2.824287566631));
#2427 = VECTOR('',#2428,1.);
#2428 = DIRECTION('',(0.,1.,0.));
#2429 = ORIENTED_EDGE('',*,*,#2430,.F.);
#2430 = EDGE_CURVE('',#2431,#2423,#2433,.T.);
#2431 = VERTEX_POINT('',#2432);
#2432 = CARTESIAN_POINT('',(10.9,-1.298713031153,-2.719694546106));
#2433 = B_SPLINE_CURVE_WITH_KNOTS('',3,(#2434,#2435,#2436,#2437),
  .UNSPECIFIED.,.F.,.F.,(4,4),(28.,29.),.PIECEWISE_BEZIER_KNOTS.);
#2434 = CARTESIAN_POINT('',(10.9,-1.298713031153,-2.719694546106));
#2435 = CARTESIAN_POINT('',(10.9,-1.298713031153,-2.773678015659));
#2436 = CARTESIAN_POINT('',(10.9,-1.254851446055,-2.82091364805));
#2437 = CARTESIAN_POINT('',(10.9,-1.200867847796,-2.824287566631));
#2438 = ORIENTED_EDGE('',*,*,#2439,.F.);
#2439 = EDGE_CURVE('',#2440,#2431,#2442,.T.);
#2440 = VERTEX_POINT('',#2441);
#2441 = CARTESIAN_POINT('',(10.9,-1.194120010632,-2.615101525585));
#2442 = B_SPLINE_CURVE_WITH_KNOTS('',3,(#2443,#2444,#2445,#2446),
  .UNSPECIFIED.,.F.,.F.,(4,4),(27.,28.),.PIECEWISE_BEZIER_KNOTS.);
#2443 = CARTESIAN_POINT('',(10.9,-1.194120010632,-2.615101525585));
#2444 = CARTESIAN_POINT('',(10.9,-1.251477527473,-2.615101525585));
#2445 = CARTESIAN_POINT('',(10.9,-1.298713031153,-2.662337157972));
#2446 = CARTESIAN_POINT('',(10.9,-1.298713031153,-2.719694546106));
#2447 = ORIENTED_EDGE('',*,*,#2448,.F.);
#2448 = EDGE_CURVE('',#2449,#2440,#2451,.T.);
#2449 = VERTEX_POINT('',#2450);
#2450 = CARTESIAN_POINT('',(10.9,-1.173876241726,-2.618475444166));
#2451 = B_SPLINE_CURVE_WITH_KNOTS('',3,(#2452,#2453,#2454,#2455),
  .UNSPECIFIED.,.F.,.F.,(4,4),(26.,27.),.PIECEWISE_BEZIER_KNOTS.);
#2452 = CARTESIAN_POINT('',(10.9,-1.173876241726,-2.618475444166));
#2453 = CARTESIAN_POINT('',(10.9,-1.180624207597,-2.618475444166));
#2454 = CARTESIAN_POINT('',(10.9,-1.187372173468,-2.615101525585));
#2455 = CARTESIAN_POINT('',(10.9,-1.194120010632,-2.615101525585));
#2456 = ORIENTED_EDGE('',*,*,#2457,.F.);
#2457 = EDGE_CURVE('',#2458,#2449,#2460,.T.);
#2458 = VERTEX_POINT('',#2459);
#2459 = CARTESIAN_POINT('',(10.9,-1.022047588816,-2.618475444166));
#2460 = LINE('',#2461,#2462);
#2461 = CARTESIAN_POINT('',(10.9,-1.022047588816,-2.618475444166));
#2462 = VECTOR('',#2463,1.);
#2463 = DIRECTION('',(0.,-1.,-2.856383565824E-15));
#2464 = ORIENTED_EDGE('',*,*,#2465,.F.);
#2465 = EDGE_CURVE('',#2466,#2458,#2468,.T.);
#2466 = VERTEX_POINT('',#2467);
#2467 = CARTESIAN_POINT('',(10.9,-0.779121718419,-2.355305804864));
#2468 = B_SPLINE_CURVE_WITH_KNOTS('',3,(#2469,#2470,#2471,#2472),
  .UNSPECIFIED.,.F.,.F.,(4,4),(24.,25.),.PIECEWISE_BEZIER_KNOTS.);
#2469 = CARTESIAN_POINT('',(10.9,-0.779121718419,-2.355305804864));
#2470 = CARTESIAN_POINT('',(10.9,-0.779121718419,-2.493638590387));
#2471 = CARTESIAN_POINT('',(10.9,-0.883714738942,-2.608353559713));
#2472 = CARTESIAN_POINT('',(10.9,-1.022047588816,-2.618475444166));
#2473 = ORIENTED_EDGE('',*,*,#2474,.F.);
#2474 = EDGE_CURVE('',#2475,#2466,#2477,.T.);
#2475 = VERTEX_POINT('',#2476);
#2476 = CARTESIAN_POINT('',(10.9,-1.042291357721,-2.092136165561));
#2477 = B_SPLINE_CURVE_WITH_KNOTS('',3,(#2478,#2479,#2480,#2481),
  .UNSPECIFIED.,.F.,.F.,(4,4),(23.,24.),.PIECEWISE_BEZIER_KNOTS.);
#2478 = CARTESIAN_POINT('',(10.9,-1.042291357721,-2.092136165561));
#2479 = CARTESIAN_POINT('',(10.9,-0.897210670682,-2.092136165561));
#2480 = CARTESIAN_POINT('',(10.9,-0.779121718419,-2.210225117824));
#2481 = CARTESIAN_POINT('',(10.9,-0.779121718419,-2.355305804864));
#2482 = ORIENTED_EDGE('',*,*,#2483,.F.);
#2483 = EDGE_CURVE('',#2484,#2475,#2486,.T.);
#2484 = VERTEX_POINT('',#2485);
#2485 = CARTESIAN_POINT('',(10.9,-1.069283092498,-2.092136165561));
#2486 = B_SPLINE_CURVE_WITH_KNOTS('',3,(#2487,#2488,#2489,#2490),
  .UNSPECIFIED.,.F.,.F.,(4,4),(22.,23.),.PIECEWISE_BEZIER_KNOTS.);
#2487 = CARTESIAN_POINT('',(10.9,-1.069283092498,-2.092136165561));
#2488 = CARTESIAN_POINT('',(10.9,-1.059161208046,-2.092136165561));
#2489 = CARTESIAN_POINT('',(10.9,-1.052413242175,-2.092136165561));
#2490 = CARTESIAN_POINT('',(10.9,-1.042291357721,-2.092136165561));
#2491 = ORIENTED_EDGE('',*,*,#2492,.F.);
#2492 = EDGE_CURVE('',#2493,#2484,#2495,.T.);
#2493 = VERTEX_POINT('',#2494);
#2494 = CARTESIAN_POINT('',(10.9,-1.541638901552,-1.670389907478));
#2495 = B_SPLINE_CURVE_WITH_KNOTS('',3,(#2496,#2497,#2498,#2499),
  .UNSPECIFIED.,.F.,.F.,(4,4),(21.,22.),.PIECEWISE_BEZIER_KNOTS.);
#2496 = CARTESIAN_POINT('',(10.9,-1.541638901552,-1.670389907478));
#2497 = CARTESIAN_POINT('',(10.9,-1.298713031153,-1.670389907478));
#2498 = CARTESIAN_POINT('',(10.9,-1.096274827274,-1.855958261035));
#2499 = CARTESIAN_POINT('',(10.9,-1.069283092498,-2.092136165561));
#2500 = ORIENTED_EDGE('',*,*,#2501,.F.);
#2501 = EDGE_CURVE('',#2502,#2493,#2504,.T.);
#2502 = VERTEX_POINT('',#2503);
#2503 = CARTESIAN_POINT('',(10.9,-1.993750812994,-1.994290853499));
#2504 = B_SPLINE_CURVE_WITH_KNOTS('',3,(#2505,#2506,#2507,#2508),
  .UNSPECIFIED.,.F.,.F.,(4,4),(20.,21.),.PIECEWISE_BEZIER_KNOTS.);
#2505 = CARTESIAN_POINT('',(10.9,-1.993750812994,-1.994290853499));
#2506 = CARTESIAN_POINT('',(10.9,-1.929645458989,-1.805348710063));
#2507 = CARTESIAN_POINT('',(10.9,-1.754198989886,-1.670389907478));
#2508 = CARTESIAN_POINT('',(10.9,-1.541638901552,-1.670389907478));
#2509 = ORIENTED_EDGE('',*,*,#2510,.F.);
#2510 = EDGE_CURVE('',#2511,#2502,#2513,.T.);
#2511 = VERTEX_POINT('',#2512);
#2512 = CARTESIAN_POINT('',(10.9,-2.172571200681,-1.943681302527));
#2513 = B_SPLINE_CURVE_WITH_KNOTS('',3,(#2514,#2515,#2516,#2517),
  .UNSPECIFIED.,.F.,.F.,(4,4),(19.,20.),.PIECEWISE_BEZIER_KNOTS.);
#2514 = CARTESIAN_POINT('',(10.9,-2.172571200681,-1.943681302527));
#2515 = CARTESIAN_POINT('',(10.9,-2.108465782321,-1.943681302527));
#2516 = CARTESIAN_POINT('',(10.9,-2.044360363963,-1.963925135784));
#2517 = CARTESIAN_POINT('',(10.9,-1.993750812994,-1.994290853499));
#2518 = ORIENTED_EDGE('',*,*,#2519,.F.);
#2519 = EDGE_CURVE('',#2520,#2511,#2522,.T.);
#2520 = VERTEX_POINT('',#2521);
#2521 = CARTESIAN_POINT('',(10.9,-2.509968207147,-2.281078308993));
#2522 = B_SPLINE_CURVE_WITH_KNOTS('',3,(#2523,#2524,#2525,#2526),
  .UNSPECIFIED.,.F.,.F.,(4,4),(18.,19.),.PIECEWISE_BEZIER_KNOTS.);
#2523 = CARTESIAN_POINT('',(10.9,-2.509968207147,-2.281078308993));
#2524 = CARTESIAN_POINT('',(10.9,-2.509968207147,-2.095509955436));
#2525 = CARTESIAN_POINT('',(10.9,-2.358139554237,-1.943681302527));
#2526 = CARTESIAN_POINT('',(10.9,-2.172571200681,-1.943681302527));
#2527 = ORIENTED_EDGE('',*,*,#2528,.F.);
#2528 = EDGE_CURVE('',#2529,#2520,#2531,.T.);
#2529 = VERTEX_POINT('',#2530);
#2530 = CARTESIAN_POINT('',(10.9,-2.307530003267,-2.591483580683));
#2531 = B_SPLINE_CURVE_WITH_KNOTS('',3,(#2532,#2533,#2534,#2535),
  .UNSPECIFIED.,.F.,.F.,(4,4),(17.,18.),.PIECEWISE_BEZIER_KNOTS.);
#2532 = CARTESIAN_POINT('',(10.9,-2.307530003267,-2.591483580683));
#2533 = CARTESIAN_POINT('',(10.9,-2.42561895553,-2.53750004678));
#2534 = CARTESIAN_POINT('',(10.9,-2.509968207147,-2.419411094517));
#2535 = CARTESIAN_POINT('',(10.9,-2.509968207147,-2.281078308993));
#2536 = ORIENTED_EDGE('',*,*,#2537,.F.);
#2537 = EDGE_CURVE('',#2538,#2529,#2540,.T.);
#2538 = VERTEX_POINT('',#2539);
#2539 = CARTESIAN_POINT('',(10.9,-1.990376830058,-2.368801543545));
#2540 = B_SPLINE_CURVE_WITH_KNOTS('',3,(#2541,#2542,#2543,#2544),
  .UNSPECIFIED.,.F.,.F.,(4,4),(16.,17.),.PIECEWISE_BEZIER_KNOTS.);
#2541 = CARTESIAN_POINT('',(10.9,-1.990376830058,-2.368801543545));
#2542 = CARTESIAN_POINT('',(10.9,-2.135457581451,-2.368801543545));
#2543 = CARTESIAN_POINT('',(10.9,-2.260294435232,-2.463272679613));
#2544 = CARTESIAN_POINT('',(10.9,-2.307530003267,-2.591483580683));
#2545 = ORIENTED_EDGE('',*,*,#2546,.F.);
#2546 = EDGE_CURVE('',#2547,#2538,#2549,.T.);
#2547 = VERTEX_POINT('',#2548);
#2548 = CARTESIAN_POINT('',(10.9,-1.737329075208,-2.483516512874));
#2549 = B_SPLINE_CURVE_WITH_KNOTS('',3,(#2550,#2551,#2552,#2553),
  .UNSPECIFIED.,.F.,.F.,(4,4),(15.,16.),.PIECEWISE_BEZIER_KNOTS.);
#2550 = CARTESIAN_POINT('',(10.9,-1.737329075208,-2.483516512874));
#2551 = CARTESIAN_POINT('',(10.9,-1.798060510631,-2.412663128644));
#2552 = CARTESIAN_POINT('',(10.9,-1.889157728118,-2.368801543545));
#2553 = CARTESIAN_POINT('',(10.9,-1.990376830058,-2.368801543545));
#2554 = ORIENTED_EDGE('',*,*,#2555,.F.);
#2555 = EDGE_CURVE('',#2556,#2547,#2558,.T.);
#2556 = VERTEX_POINT('',#2557);
#2557 = CARTESIAN_POINT('',(10.9,-1.285217099413,-2.247338608348));
#2558 = LINE('',#2559,#2560);
#2559 = CARTESIAN_POINT('',(10.9,-1.285217099413,-2.247338608348));
#2560 = VECTOR('',#2561,1.);
#2561 = DIRECTION('',(3.400861352545E-15,-0.886348842796,-0.463018065387
    ));
#2562 = ORIENTED_EDGE('',*,*,#2563,.F.);
#2563 = EDGE_CURVE('',#2564,#2556,#2566,.T.);
#2564 = VERTEX_POINT('',#2565);
#2565 = CARTESIAN_POINT('',(10.9,-1.18062407889,-2.426159060386));
#2566 = LINE('',#2567,#2568);
#2567 = CARTESIAN_POINT('',(10.9,-1.18062407889,-2.426159060386));
#2568 = VECTOR('',#2569,1.);
#2569 = DIRECTION('',(-8.373718176759E-15,-0.50488304865,0.863187758941)
  );
#2570 = ORIENTED_EDGE('',*,*,#2571,.F.);
#2571 = EDGE_CURVE('',#2572,#2564,#2574,.T.);
#2572 = VERTEX_POINT('',#2573);
#2573 = CARTESIAN_POINT('',(10.9,-1.652979887944,-2.6758328323));
#2574 = LINE('',#2575,#2576);
#2575 = CARTESIAN_POINT('',(10.9,-1.652979887944,-2.6758328323));
#2576 = VECTOR('',#2577,1.);
#2577 = DIRECTION('',(0.,0.884094950248,0.467307306755));
#2578 = ORIENTED_EDGE('',*,*,#2579,.F.);
#2579 = EDGE_CURVE('',#2580,#2572,#2582,.T.);
#2580 = VERTEX_POINT('',#2581);
#2581 = CARTESIAN_POINT('',(10.9,-1.652979887944,-2.709572532949));
#2582 = B_SPLINE_CURVE_WITH_KNOTS('',3,(#2583,#2584,#2585,#2586),
  .UNSPECIFIED.,.F.,.F.,(4,4),(11.,12.),.PIECEWISE_BEZIER_KNOTS.);
#2583 = CARTESIAN_POINT('',(10.9,-1.652979887944,-2.709572532949));
#2584 = CARTESIAN_POINT('',(10.9,-1.652979887944,-2.699450648496));
#2585 = CARTESIAN_POINT('',(10.9,-1.652979887944,-2.689328764042));
#2586 = CARTESIAN_POINT('',(10.9,-1.652979887944,-2.6758328323));
#2587 = ORIENTED_EDGE('',*,*,#2588,.F.);
#2588 = EDGE_CURVE('',#2589,#2580,#2591,.T.);
#2589 = VERTEX_POINT('',#2590);
#2590 = CARTESIAN_POINT('',(10.9,-1.990376894412,-3.046969539415));
#2591 = B_SPLINE_CURVE_WITH_KNOTS('',3,(#2592,#2593,#2594,#2595),
  .UNSPECIFIED.,.F.,.F.,(4,4),(10.,11.),.PIECEWISE_BEZIER_KNOTS.);
#2592 = CARTESIAN_POINT('',(10.9,-1.990376894412,-3.046969539415));
#2593 = CARTESIAN_POINT('',(10.9,-1.804808540856,-3.046969539415));
#2594 = CARTESIAN_POINT('',(10.9,-1.652979887944,-2.895140886507));
#2595 = CARTESIAN_POINT('',(10.9,-1.652979887944,-2.709572532949));
#2596 = ORIENTED_EDGE('',*,*,#2597,.F.);
#2597 = EDGE_CURVE('',#2598,#2589,#2600,.T.);
#2598 = VERTEX_POINT('',#2599);
#2599 = CARTESIAN_POINT('',(10.9,-2.310904082733,-2.817539600759));
#2600 = B_SPLINE_CURVE_WITH_KNOTS('',3,(#2601,#2602,#2603,#2604),
  .UNSPECIFIED.,.F.,.F.,(4,4),(9.,10.),.PIECEWISE_BEZIER_KNOTS.);
#2601 = CARTESIAN_POINT('',(10.9,-2.310904082733,-2.817539600759));
#2602 = CARTESIAN_POINT('',(10.9,-2.267042465457,-2.952498403348));
#2603 = CARTESIAN_POINT('',(10.9,-2.138831628741,-3.046969539415));
#2604 = CARTESIAN_POINT('',(10.9,-1.990376894412,-3.046969539415));
#2605 = ORIENTED_EDGE('',*,*,#2606,.F.);
#2606 = EDGE_CURVE('',#2607,#2598,#2609,.T.);
#2607 = VERTEX_POINT('',#2608);
#2608 = CARTESIAN_POINT('',(10.9,-2.580821687905,-2.655589063396));
#2609 = B_SPLINE_CURVE_WITH_KNOTS('',3,(#2610,#2611,#2612,#2613),
  .UNSPECIFIED.,.F.,.F.,(4,4),(8.,9.),.PIECEWISE_BEZIER_KNOTS.);
#2610 = CARTESIAN_POINT('',(10.9,-2.580821687905,-2.655589063396));
#2611 = CARTESIAN_POINT('',(10.9,-2.50659435292,-2.736564396432));
#2612 = CARTESIAN_POINT('',(10.9,-2.415497135431,-2.790547865982));
#2613 = CARTESIAN_POINT('',(10.9,-2.310904082733,-2.817539600759));
#2614 = ORIENTED_EDGE('',*,*,#2615,.F.);
#2615 = EDGE_CURVE('',#2616,#2607,#2618,.T.);
#2616 = VERTEX_POINT('',#2617);
#2617 = CARTESIAN_POINT('',(10.9,-2.722528424187,-2.287826403569));
#2618 = B_SPLINE_CURVE_WITH_KNOTS('',3,(#2619,#2620,#2621,#2622),
  .UNSPECIFIED.,.F.,.F.,(4,4),(7.,8.),.PIECEWISE_BEZIER_KNOTS.);
#2619 = CARTESIAN_POINT('',(10.9,-2.722528424187,-2.287826403569));
#2620 = CARTESIAN_POINT('',(10.9,-2.722528424187,-2.422785206158));
#2621 = CARTESIAN_POINT('',(10.9,-2.671918873218,-2.554370090163));
#2622 = CARTESIAN_POINT('',(10.9,-2.580821687905,-2.655589063396));
#2623 = ORIENTED_EDGE('',*,*,#2624,.F.);
#2624 = EDGE_CURVE('',#2625,#2616,#2627,.T.);
#2625 = VERTEX_POINT('',#2626);
#2626 = CARTESIAN_POINT('',(10.9,-2.563951741052,-1.903193861246));
#2627 = B_SPLINE_CURVE_WITH_KNOTS('',3,(#2628,#2629,#2630,#2631),
  .UNSPECIFIED.,.F.,.F.,(4,4),(6.,7.),.PIECEWISE_BEZIER_KNOTS.);
#2628 = CARTESIAN_POINT('',(10.9,-2.563951741052,-1.903193861246));
#2629 = CARTESIAN_POINT('',(10.9,-2.665170931479,-2.004412931009));
#2630 = CARTESIAN_POINT('',(10.9,-2.722528424187,-2.142745716533));
#2631 = CARTESIAN_POINT('',(10.9,-2.722528424187,-2.287826403569));
#2632 = ORIENTED_EDGE('',*,*,#2633,.F.);
#2633 = EDGE_CURVE('',#2634,#2625,#2636,.T.);
#2634 = VERTEX_POINT('',#2635);
#2635 = CARTESIAN_POINT('',(10.9,-2.175945183616,-1.741243291707));
#2636 = B_SPLINE_CURVE_WITH_KNOTS('',3,(#2637,#2638,#2639,#2640),
  .UNSPECIFIED.,.F.,.F.,(4,4),(5.,6.),.PIECEWISE_BEZIER_KNOTS.);
#2637 = CARTESIAN_POINT('',(10.9,-2.175945183616,-1.741243291707));
#2638 = CARTESIAN_POINT('',(10.9,-2.321025902832,-1.741243291707));
#2639 = CARTESIAN_POINT('',(10.9,-2.459358656177,-1.798600776368));
#2640 = CARTESIAN_POINT('',(10.9,-2.563951741052,-1.903193861246));
#2641 = ORIENTED_EDGE('',*,*,#2642,.F.);
#2642 = EDGE_CURVE('',#2643,#2634,#2645,.T.);
#2643 = VERTEX_POINT('',#2644);
#2644 = CARTESIAN_POINT('',(10.9,-2.098343897869,-1.747991225399));
#2645 = B_SPLINE_CURVE_WITH_KNOTS('',3,(#2646,#2647,#2648,#2649),
  .UNSPECIFIED.,.F.,.F.,(4,4),(4.,5.),.PIECEWISE_BEZIER_KNOTS.);
#2646 = CARTESIAN_POINT('',(10.9,-2.098343897869,-1.747991225399));
#2647 = CARTESIAN_POINT('',(10.9,-2.125335632646,-1.744617242465));
#2648 = CARTESIAN_POINT('',(10.9,-2.148953448839,-1.741243291707));
#2649 = CARTESIAN_POINT('',(10.9,-2.175945183616,-1.741243291707));
#2650 = ORIENTED_EDGE('',*,*,#2651,.F.);
#2651 = EDGE_CURVE('',#2652,#2643,#2654,.T.);
#2652 = VERTEX_POINT('',#2653);
#2653 = CARTESIAN_POINT('',(10.9,-1.949889227895,-1.599536539338));
#2654 = B_SPLINE_CURVE_WITH_KNOTS('',3,(#2655,#2656,#2657,#2658),
  .UNSPECIFIED.,.F.,.F.,(4,4),(3.,4.),.PIECEWISE_BEZIER_KNOTS.);
#2655 = CARTESIAN_POINT('',(10.9,-1.949889227895,-1.599536539338));
#2656 = CARTESIAN_POINT('',(10.9,-2.007246744736,-1.640024189767));
#2657 = CARTESIAN_POINT('',(10.9,-2.05448231277,-1.690633740735));
#2658 = CARTESIAN_POINT('',(10.9,-2.098343897869,-1.747991225399));
#2659 = ORIENTED_EDGE('',*,*,#2660,.F.);
#2660 = EDGE_CURVE('',#2661,#2652,#2663,.T.);
#2661 = VERTEX_POINT('',#2662);
#2662 = CARTESIAN_POINT('',(10.9,-1.545012820134,-1.467951703597));
#2663 = B_SPLINE_CURVE_WITH_KNOTS('',3,(#2664,#2665,#2666,#2667),
  .UNSPECIFIED.,.F.,.F.,(4,4),(2.,3.),.PIECEWISE_BEZIER_KNOTS.);
#2664 = CARTESIAN_POINT('',(10.9,-1.545012820134,-1.467951703597));
#2665 = CARTESIAN_POINT('',(10.9,-1.693467490108,-1.467951703597));
#2666 = CARTESIAN_POINT('',(10.9,-1.831800275631,-1.515187283698));
#2667 = CARTESIAN_POINT('',(10.9,-1.949889227895,-1.599536539338));
#2668 = ORIENTED_EDGE('',*,*,#2669,.F.);
#2669 = EDGE_CURVE('',#2670,#2661,#2672,.T.);
#2670 = VERTEX_POINT('',#2671);
#2671 = CARTESIAN_POINT('',(10.9,-1.086152942821,-1.643398156614));
#2672 = B_SPLINE_CURVE_WITH_KNOTS('',3,(#2673,#2674,#2675,#2676),
  .UNSPECIFIED.,.F.,.F.,(4,4),(1.,2.),.PIECEWISE_BEZIER_KNOTS.);
#2673 = CARTESIAN_POINT('',(10.9,-1.086152942821,-1.643398156614));
#2674 = CARTESIAN_POINT('',(10.9,-1.214363779537,-1.532057134021));
#2675 = CARTESIAN_POINT('',(10.9,-1.376314316901,-1.467951703597));
#2676 = CARTESIAN_POINT('',(10.9,-1.545012820134,-1.467951703597));
#2677 = ORIENTED_EDGE('',*,*,#2678,.F.);
#2678 = EDGE_CURVE('',#2396,#2670,#2679,.T.);
#2679 = B_SPLINE_CURVE_WITH_KNOTS('',3,(#2680,#2681,#2682,#2683),
  .UNSPECIFIED.,.F.,.F.,(4,4),(0.,1.),.PIECEWISE_BEZIER_KNOTS.);
#2680 = CARTESIAN_POINT('',(10.9,-0.903958507846,-1.909941794938));
#2681 = CARTESIAN_POINT('',(10.9,-0.941072127074,-1.808722693001));
#2682 = CARTESIAN_POINT('',(10.9,-1.005177609786,-1.717625507688));
#2683 = CARTESIAN_POINT('',(10.9,-1.086152942821,-1.643398156614));
#2684 = PLANE('',#2685);
#2685 = AXIS2_PLACEMENT_3D('',#2686,#2687,#2688);
#2686 = CARTESIAN_POINT('',(10.9,-1.890848588815E-15,3.923791416573E-14)
  );
#2687 = DIRECTION('',(-1.,1.734723475977E-16,-3.519728791837E-15));
#2688 = DIRECTION('',(-3.519728791837E-15,0.,1.));
#2689 = ADVANCED_FACE('',(#2690),#2715,.F.);
#2690 = FACE_BOUND('',#2691,.T.);
#2691 = EDGE_LOOP('',(#2692,#2693,#2701,#2709));
#2692 = ORIENTED_EDGE('',*,*,#974,.F.);
#2693 = ORIENTED_EDGE('',*,*,#2694,.T.);
#2694 = EDGE_CURVE('',#975,#2695,#2697,.T.);
#2695 = VERTEX_POINT('',#2696);
#2696 = CARTESIAN_POINT('',(7.996464180618,2.760172442379,0.));
#2697 = LINE('',#2698,#2699);
#2698 = CARTESIAN_POINT('',(7.996464180618,5.75,0.));
#2699 = VECTOR('',#2700,1.);
#2700 = DIRECTION('',(-0.,1.,0.));
#2701 = ORIENTED_EDGE('',*,*,#2702,.T.);
#2702 = EDGE_CURVE('',#2695,#2703,#2705,.T.);
#2703 = VERTEX_POINT('',#2704);
#2704 = CARTESIAN_POINT('',(7.996464180618,1.678231809242,-0.25));
#2705 = LINE('',#2706,#2707);
#2706 = CARTESIAN_POINT('',(7.996464180618,2.760172442379,0.));
#2707 = VECTOR('',#2708,1.);
#2708 = DIRECTION('',(0.,-0.974327743439,-0.225134289627));
#2709 = ORIENTED_EDGE('',*,*,#2710,.T.);
#2710 = EDGE_CURVE('',#2703,#977,#2711,.T.);
#2711 = LINE('',#2712,#2713);
#2712 = CARTESIAN_POINT('',(7.996464180618,3.008093526219,-0.25));
#2713 = VECTOR('',#2714,1.);
#2714 = DIRECTION('',(0.,-1.,0.));
#2715 = PLANE('',#2716);
#2716 = AXIS2_PLACEMENT_3D('',#2717,#2718,#2719);
#2717 = CARTESIAN_POINT('',(7.996464180618,3.008093526219,
    2.500000000001E-05));
#2718 = DIRECTION('',(1.,0.,-0.));
#2719 = DIRECTION('',(-0.,0.,-1.));
#2720 = ADVANCED_FACE('',(#2721),#2755,.F.);
#2721 = FACE_BOUND('',#2722,.T.);
#2722 = EDGE_LOOP('',(#2723,#2733,#2741,#2749));
#2723 = ORIENTED_EDGE('',*,*,#2724,.F.);
#2724 = EDGE_CURVE('',#2725,#2727,#2729,.T.);
#2725 = VERTEX_POINT('',#2726);
#2726 = CARTESIAN_POINT('',(4.996464180618,-0.317113082249,-0.25));
#2727 = VERTEX_POINT('',#2728);
#2728 = CARTESIAN_POINT('',(4.996464180618,-0.317113082249,0.));
#2729 = LINE('',#2730,#2731);
#2730 = CARTESIAN_POINT('',(4.996464180618,-0.317113082249,-0.25));
#2731 = VECTOR('',#2732,1.);
#2732 = DIRECTION('',(-0.,-0.,1.));
#2733 = ORIENTED_EDGE('',*,*,#2734,.T.);
#2734 = EDGE_CURVE('',#2725,#2735,#2737,.T.);
#2735 = VERTEX_POINT('',#2736);
#2736 = CARTESIAN_POINT('',(4.996464180618,1.678231809242,-0.25));
#2737 = LINE('',#2738,#2739);
#2738 = CARTESIAN_POINT('',(4.996464180618,3.008093526219,-0.25));
#2739 = VECTOR('',#2740,1.);
#2740 = DIRECTION('',(2.928652115296E-16,1.,-0.));
#2741 = ORIENTED_EDGE('',*,*,#2742,.F.);
#2742 = EDGE_CURVE('',#2743,#2735,#2745,.T.);
#2743 = VERTEX_POINT('',#2744);
#2744 = CARTESIAN_POINT('',(4.996464180618,2.760172442379,0.));
#2745 = LINE('',#2746,#2747);
#2746 = CARTESIAN_POINT('',(4.996464180618,2.760172442379,0.));
#2747 = VECTOR('',#2748,1.);
#2748 = DIRECTION('',(0.,-0.974327743439,-0.225134289627));
#2749 = ORIENTED_EDGE('',*,*,#2750,.T.);
#2750 = EDGE_CURVE('',#2743,#2727,#2751,.T.);
#2751 = LINE('',#2752,#2753);
#2752 = CARTESIAN_POINT('',(4.996464180618,5.75,0.));
#2753 = VECTOR('',#2754,1.);
#2754 = DIRECTION('',(-2.928652115296E-16,-1.,0.));
#2755 = PLANE('',#2756);
#2756 = AXIS2_PLACEMENT_3D('',#2757,#2758,#2759);
#2757 = CARTESIAN_POINT('',(4.996464180618,3.008093526219,
    2.500000000001E-05));
#2758 = DIRECTION('',(-1.,2.928652115296E-16,0.));
#2759 = DIRECTION('',(-2.928652115296E-16,-1.,0.));
#2760 = ADVANCED_FACE('',(#2761),#2786,.F.);
#2761 = FACE_BOUND('',#2762,.T.);
#2762 = EDGE_LOOP('',(#2763,#2771,#2772,#2780));
#2763 = ORIENTED_EDGE('',*,*,#2764,.T.);
#2764 = EDGE_CURVE('',#2765,#1050,#2767,.T.);
#2765 = VERTEX_POINT('',#2766);
#2766 = CARTESIAN_POINT('',(-4.996464180618,1.678231809242,-0.25));
#2767 = LINE('',#2768,#2769);
#2768 = CARTESIAN_POINT('',(-4.996464180618,3.008093526219,-0.25));
#2769 = VECTOR('',#2770,1.);
#2770 = DIRECTION('',(2.928652115296E-16,-1.,0.));
#2771 = ORIENTED_EDGE('',*,*,#1049,.T.);
#2772 = ORIENTED_EDGE('',*,*,#2773,.T.);
#2773 = EDGE_CURVE('',#1052,#2774,#2776,.T.);
#2774 = VERTEX_POINT('',#2775);
#2775 = CARTESIAN_POINT('',(-4.996464180618,2.760172442379,
    9.690056916589E-16));
#2776 = LINE('',#2777,#2778);
#2777 = CARTESIAN_POINT('',(-4.996464180618,5.75,0.));
#2778 = VECTOR('',#2779,1.);
#2779 = DIRECTION('',(-2.928652115296E-16,1.,0.));
#2780 = ORIENTED_EDGE('',*,*,#2781,.T.);
#2781 = EDGE_CURVE('',#2774,#2765,#2782,.T.);
#2782 = LINE('',#2783,#2784);
#2783 = CARTESIAN_POINT('',(-4.996464180618,2.760172442379,0.));
#2784 = VECTOR('',#2785,1.);
#2785 = DIRECTION('',(-0.,-0.974327743439,-0.225134289627));
#2786 = PLANE('',#2787);
#2787 = AXIS2_PLACEMENT_3D('',#2788,#2789,#2790);
#2788 = CARTESIAN_POINT('',(-4.996464180618,3.008093526219,
    2.500000000001E-05));
#2789 = DIRECTION('',(1.,2.928652115296E-16,-0.));
#2790 = DIRECTION('',(-2.928652115296E-16,1.,0.));
#2791 = ADVANCED_FACE('',(#2792),#2826,.F.);
#2792 = FACE_BOUND('',#2793,.T.);
#2793 = EDGE_LOOP('',(#2794,#2804,#2812,#2820));
#2794 = ORIENTED_EDGE('',*,*,#2795,.T.);
#2795 = EDGE_CURVE('',#2796,#2798,#2800,.T.);
#2796 = VERTEX_POINT('',#2797);
#2797 = CARTESIAN_POINT('',(-7.996464180618,2.760172442379,
    4.472333961503E-16));
#2798 = VERTEX_POINT('',#2799);
#2799 = CARTESIAN_POINT('',(-7.996464180618,-0.317113082249,0.));
#2800 = LINE('',#2801,#2802);
#2801 = CARTESIAN_POINT('',(-7.996464180618,5.75,0.));
#2802 = VECTOR('',#2803,1.);
#2803 = DIRECTION('',(0.,-1.,0.));
#2804 = ORIENTED_EDGE('',*,*,#2805,.T.);
#2805 = EDGE_CURVE('',#2798,#2806,#2808,.T.);
#2806 = VERTEX_POINT('',#2807);
#2807 = CARTESIAN_POINT('',(-7.996464180618,-0.317113082249,-0.25));
#2808 = LINE('',#2809,#2810);
#2809 = CARTESIAN_POINT('',(-7.996464180618,-0.317113082249,-0.25));
#2810 = VECTOR('',#2811,1.);
#2811 = DIRECTION('',(0.,0.,-1.));
#2812 = ORIENTED_EDGE('',*,*,#2813,.T.);
#2813 = EDGE_CURVE('',#2806,#2814,#2816,.T.);
#2814 = VERTEX_POINT('',#2815);
#2815 = CARTESIAN_POINT('',(-7.996464180618,1.678231809242,-0.25));
#2816 = LINE('',#2817,#2818);
#2817 = CARTESIAN_POINT('',(-7.996464180618,3.008093526219,-0.25));
#2818 = VECTOR('',#2819,1.);
#2819 = DIRECTION('',(-0.,1.,-0.));
#2820 = ORIENTED_EDGE('',*,*,#2821,.F.);
#2821 = EDGE_CURVE('',#2796,#2814,#2822,.T.);
#2822 = LINE('',#2823,#2824);
#2823 = CARTESIAN_POINT('',(-7.996464180618,2.760172442379,0.));
#2824 = VECTOR('',#2825,1.);
#2825 = DIRECTION('',(-0.,-0.974327743439,-0.225134289627));
#2826 = PLANE('',#2827);
#2827 = AXIS2_PLACEMENT_3D('',#2828,#2829,#2830);
#2828 = CARTESIAN_POINT('',(-7.996464180618,3.008093526219,
    2.500000000001E-05));
#2829 = DIRECTION('',(-1.,0.,0.));
#2830 = DIRECTION('',(0.,0.,1.));
#2831 = ADVANCED_FACE('',(#2832,#2851,#2870,#2987),#3085,.T.);
#2832 = FACE_BOUND('',#2833,.T.);
#2833 = EDGE_LOOP('',(#2834,#2841,#2842,#2848,#2849,#2850));
#2834 = ORIENTED_EDGE('',*,*,#2835,.F.);
#2835 = EDGE_CURVE('',#2798,#1018,#2836,.T.);
#2836 = CIRCLE('',#2837,3.);
#2837 = AXIS2_PLACEMENT_3D('',#2838,#2839,#2840);
#2838 = CARTESIAN_POINT('',(-6.496464180618,-2.915189293603,0.));
#2839 = DIRECTION('',(0.,0.,1.));
#2840 = DIRECTION('',(1.,0.,-0.));
#2841 = ORIENTED_EDGE('',*,*,#2795,.F.);
#2842 = ORIENTED_EDGE('',*,*,#2843,.F.);
#2843 = EDGE_CURVE('',#2774,#2796,#2844,.T.);
#2844 = LINE('',#2845,#2846);
#2845 = CARTESIAN_POINT('',(-4.996464180618,2.760172442379,0.));
#2846 = VECTOR('',#2847,1.);
#2847 = DIRECTION('',(-1.,-0.,-0.));
#2848 = ORIENTED_EDGE('',*,*,#2773,.F.);
#2849 = ORIENTED_EDGE('',*,*,#1059,.F.);
#2850 = ORIENTED_EDGE('',*,*,#1017,.F.);
#2851 = FACE_BOUND('',#2852,.T.);
#2852 = EDGE_LOOP('',(#2853,#2854,#2855,#2856,#2863,#2864));
#2853 = ORIENTED_EDGE('',*,*,#2694,.F.);
#2854 = ORIENTED_EDGE('',*,*,#984,.T.);
#2855 = ORIENTED_EDGE('',*,*,#942,.T.);
#2856 = ORIENTED_EDGE('',*,*,#2857,.T.);
#2857 = EDGE_CURVE('',#943,#2727,#2858,.T.);
#2858 = CIRCLE('',#2859,3.);
#2859 = AXIS2_PLACEMENT_3D('',#2860,#2861,#2862);
#2860 = CARTESIAN_POINT('',(6.496464180618,-2.915189293603,0.));
#2861 = DIRECTION('',(-0.,0.,-1.));
#2862 = DIRECTION('',(-1.,0.,0.));
#2863 = ORIENTED_EDGE('',*,*,#2750,.F.);
#2864 = ORIENTED_EDGE('',*,*,#2865,.T.);
#2865 = EDGE_CURVE('',#2743,#2695,#2866,.T.);
#2866 = LINE('',#2867,#2868);
#2867 = CARTESIAN_POINT('',(4.996464180618,2.760172442379,0.));
#2868 = VECTOR('',#2869,1.);
#2869 = DIRECTION('',(1.,-0.,-0.));
#2870 = FACE_BOUND('',#2871,.T.);
#2871 = EDGE_LOOP('',(#2872,#2882,#2890,#2898,#2906,#2914,#2922,#2930,
    #2938,#2947,#2956,#2965,#2973,#2981));
#2872 = ORIENTED_EDGE('',*,*,#2873,.T.);
#2873 = EDGE_CURVE('',#2874,#2876,#2878,.T.);
#2874 = VERTEX_POINT('',#2875);
#2875 = CARTESIAN_POINT('',(-10.9,-4.25,0.));
#2876 = VERTEX_POINT('',#2877);
#2877 = CARTESIAN_POINT('',(-3.75,-9.75,0.));
#2878 = LINE('',#2879,#2880);
#2879 = CARTESIAN_POINT('',(-10.9,-4.25,0.));
#2880 = VECTOR('',#2881,1.);
#2881 = DIRECTION('',(0.792623989105,-0.60971076085,0.));
#2882 = ORIENTED_EDGE('',*,*,#2883,.T.);
#2883 = EDGE_CURVE('',#2876,#2884,#2886,.T.);
#2884 = VERTEX_POINT('',#2885);
#2885 = CARTESIAN_POINT('',(-3.75,-9.49,0.));
#2886 = LINE('',#2887,#2888);
#2887 = CARTESIAN_POINT('',(-3.75,5.75,0.));
#2888 = VECTOR('',#2889,1.);
#2889 = DIRECTION('',(0.,1.,-0.));
#2890 = ORIENTED_EDGE('',*,*,#2891,.T.);
#2891 = EDGE_CURVE('',#2884,#2892,#2894,.T.);
#2892 = VERTEX_POINT('',#2893);
#2893 = CARTESIAN_POINT('',(3.75,-9.49,0.));
#2894 = LINE('',#2895,#2896);
#2895 = CARTESIAN_POINT('',(-3.75,-9.49,-2.710505431214E-16));
#2896 = VECTOR('',#2897,1.);
#2897 = DIRECTION('',(1.,-0.,-0.));
#2898 = ORIENTED_EDGE('',*,*,#2899,.T.);
#2899 = EDGE_CURVE('',#2892,#2900,#2902,.T.);
#2900 = VERTEX_POINT('',#2901);
#2901 = CARTESIAN_POINT('',(3.75,-9.75,0.));
#2902 = LINE('',#2903,#2904);
#2903 = CARTESIAN_POINT('',(3.75,5.75,0.));
#2904 = VECTOR('',#2905,1.);
#2905 = DIRECTION('',(0.,-1.,0.));
#2906 = ORIENTED_EDGE('',*,*,#2907,.T.);
#2907 = EDGE_CURVE('',#2900,#2908,#2910,.T.);
#2908 = VERTEX_POINT('',#2909);
#2909 = CARTESIAN_POINT('',(10.9,-4.25,0.));
#2910 = LINE('',#2911,#2912);
#2911 = CARTESIAN_POINT('',(10.9,-4.25,0.));
#2912 = VECTOR('',#2913,1.);
#2913 = DIRECTION('',(0.792623989105,0.60971076085,-0.));
#2914 = ORIENTED_EDGE('',*,*,#2915,.T.);
#2915 = EDGE_CURVE('',#2908,#2916,#2918,.T.);
#2916 = VERTEX_POINT('',#2917);
#2917 = CARTESIAN_POINT('',(10.64,-4.25,0.));
#2918 = LINE('',#2919,#2920);
#2919 = CARTESIAN_POINT('',(6.9,-4.25,0.));
#2920 = VECTOR('',#2921,1.);
#2921 = DIRECTION('',(-1.,3.336006684571E-15,0.));
#2922 = ORIENTED_EDGE('',*,*,#2923,.T.);
#2923 = EDGE_CURVE('',#2916,#2924,#2926,.T.);
#2924 = VERTEX_POINT('',#2925);
#2925 = CARTESIAN_POINT('',(10.64,5.75,0.));
#2926 = LINE('',#2927,#2928);
#2927 = CARTESIAN_POINT('',(10.64,-4.25,-2.710505431214E-16));
#2928 = VECTOR('',#2929,1.);
#2929 = DIRECTION('',(0.,1.,0.));
#2930 = ORIENTED_EDGE('',*,*,#2931,.T.);
#2931 = EDGE_CURVE('',#2924,#2932,#2934,.T.);
#2932 = VERTEX_POINT('',#2933);
#2933 = CARTESIAN_POINT('',(10.9,5.75,0.));
#2934 = LINE('',#2935,#2936);
#2935 = CARTESIAN_POINT('',(6.9,5.75,0.));
#2936 = VECTOR('',#2937,1.);
#2937 = DIRECTION('',(1.,0.,-0.));
#2938 = ORIENTED_EDGE('',*,*,#2939,.T.);
#2939 = EDGE_CURVE('',#2932,#2940,#2942,.T.);
#2940 = VERTEX_POINT('',#2941);
#2941 = CARTESIAN_POINT('',(4.271428571429,8.765064219034,0.));
#2942 = CIRCLE('',#2943,4.);
#2943 = AXIS2_PLACEMENT_3D('',#2944,#2945,#2946);
#2944 = CARTESIAN_POINT('',(6.9,5.75,0.));
#2945 = DIRECTION('',(0.,0.,1.));
#2946 = DIRECTION('',(1.,0.,-0.));
#2947 = ORIENTED_EDGE('',*,*,#2948,.T.);
#2948 = EDGE_CURVE('',#2940,#2949,#2951,.T.);
#2949 = VERTEX_POINT('',#2950);
#2950 = CARTESIAN_POINT('',(-4.271428571429,8.765064219034,0.));
#2951 = CIRCLE('',#2952,6.5);
#2952 = AXIS2_PLACEMENT_3D('',#2953,#2954,#2955);
#2953 = CARTESIAN_POINT('',(-3.596979745931E-15,13.664543574964,0.));
#2954 = DIRECTION('',(0.,0.,-1.));
#2955 = DIRECTION('',(1.,0.,0.));
#2956 = ORIENTED_EDGE('',*,*,#2957,.T.);
#2957 = EDGE_CURVE('',#2949,#2958,#2960,.T.);
#2958 = VERTEX_POINT('',#2959);
#2959 = CARTESIAN_POINT('',(-10.9,5.75,0.));
#2960 = CIRCLE('',#2961,4.);
#2961 = AXIS2_PLACEMENT_3D('',#2962,#2963,#2964);
#2962 = CARTESIAN_POINT('',(-6.9,5.75,0.));
#2963 = DIRECTION('',(0.,0.,1.));
#2964 = DIRECTION('',(-1.,0.,0.));
#2965 = ORIENTED_EDGE('',*,*,#2966,.T.);
#2966 = EDGE_CURVE('',#2958,#2967,#2969,.T.);
#2967 = VERTEX_POINT('',#2968);
#2968 = CARTESIAN_POINT('',(-10.64,5.75,0.));
#2969 = LINE('',#2970,#2971);
#2970 = CARTESIAN_POINT('',(6.9,5.75,0.));
#2971 = VECTOR('',#2972,1.);
#2972 = DIRECTION('',(1.,-3.336006684571E-15,0.));
#2973 = ORIENTED_EDGE('',*,*,#2974,.T.);
#2974 = EDGE_CURVE('',#2967,#2975,#2977,.T.);
#2975 = VERTEX_POINT('',#2976);
#2976 = CARTESIAN_POINT('',(-10.64,-4.25,0.));
#2977 = LINE('',#2978,#2979);
#2978 = CARTESIAN_POINT('',(-10.64,5.75,-2.710505431214E-16));
#2979 = VECTOR('',#2980,1.);
#2980 = DIRECTION('',(0.,-1.,0.));
#2981 = ORIENTED_EDGE('',*,*,#2982,.T.);
#2982 = EDGE_CURVE('',#2975,#2874,#2983,.T.);
#2983 = LINE('',#2984,#2985);
#2984 = CARTESIAN_POINT('',(6.9,-4.25,0.));
#2985 = VECTOR('',#2986,1.);
#2986 = DIRECTION('',(-1.,0.,0.));
#2987 = FACE_BOUND('',#2988,.T.);
#2988 = EDGE_LOOP('',(#2989,#2999,#3007,#3015,#3023,#3031,#3039,#3047,
    #3055,#3063,#3071,#3079));
#2989 = ORIENTED_EDGE('',*,*,#2990,.T.);
#2990 = EDGE_CURVE('',#2991,#2993,#2995,.T.);
#2991 = VERTEX_POINT('',#2992);
#2992 = CARTESIAN_POINT('',(-0.178306495725,-8.502622979534,0.));
#2993 = VERTEX_POINT('',#2994);
#2994 = CARTESIAN_POINT('',(-0.178306495725,-7.482222807495,0.));
#2995 = LINE('',#2996,#2997);
#2996 = CARTESIAN_POINT('',(-0.178306495725,-7.482222807495,0.));
#2997 = VECTOR('',#2998,1.);
#2998 = DIRECTION('',(-2.125052900214E-16,1.,-0.));
#2999 = ORIENTED_EDGE('',*,*,#3000,.T.);
#3000 = EDGE_CURVE('',#2993,#3001,#3003,.T.);
#3001 = VERTEX_POINT('',#3002);
#3002 = CARTESIAN_POINT('',(-1.270151888022,-7.482222807495,0.));
#3003 = LINE('',#3004,#3005);
#3004 = CARTESIAN_POINT('',(-0.178306495725,-7.482222807495,0.));
#3005 = VECTOR('',#3006,1.);
#3006 = DIRECTION('',(-1.,0.,0.));
#3007 = ORIENTED_EDGE('',*,*,#3008,.T.);
#3008 = EDGE_CURVE('',#3001,#3009,#3011,.T.);
#3009 = VERTEX_POINT('',#3010);
#3010 = CARTESIAN_POINT('',(-1.270151888022,-7.107229902347,0.));
#3011 = LINE('',#3012,#3013);
#3012 = CARTESIAN_POINT('',(-1.270151888022,-7.107229902347,0.));
#3013 = VECTOR('',#3014,1.);
#3014 = DIRECTION('',(-0.,1.,-0.));
#3015 = ORIENTED_EDGE('',*,*,#3016,.T.);
#3016 = EDGE_CURVE('',#3009,#3017,#3019,.T.);
#3017 = VERTEX_POINT('',#3018);
#3018 = CARTESIAN_POINT('',(-0.178306495725,-7.107229902347,0.));
#3019 = LINE('',#3020,#3021);
#3020 = CARTESIAN_POINT('',(-0.178306495725,-7.107229902347,0.));
#3021 = VECTOR('',#3022,1.);
#3022 = DIRECTION('',(1.,-0.,-0.));
#3023 = ORIENTED_EDGE('',*,*,#3024,.T.);
#3024 = EDGE_CURVE('',#3017,#3025,#3027,.T.);
#3025 = VERTEX_POINT('',#3026);
#3026 = CARTESIAN_POINT('',(-0.178306495725,-6.086829730308,0.));
#3027 = LINE('',#3028,#3029);
#3028 = CARTESIAN_POINT('',(-0.178306495725,-6.086829730308,0.));
#3029 = VECTOR('',#3030,1.);
#3030 = DIRECTION('',(-4.436047929197E-15,1.,-0.));
#3031 = ORIENTED_EDGE('',*,*,#3032,.T.);
#3032 = EDGE_CURVE('',#3025,#3033,#3035,.T.);
#3033 = VERTEX_POINT('',#3034);
#3034 = CARTESIAN_POINT('',(0.178306495725,-6.086829730308,0.));
#3035 = LINE('',#3036,#3037);
#3036 = CARTESIAN_POINT('',(0.178306495725,-6.086829730308,0.));
#3037 = VECTOR('',#3038,1.);
#3038 = DIRECTION('',(1.,2.432221368222E-15,-0.));
#3039 = ORIENTED_EDGE('',*,*,#3040,.T.);
#3040 = EDGE_CURVE('',#3033,#3041,#3043,.T.);
#3041 = VERTEX_POINT('',#3042);
#3042 = CARTESIAN_POINT('',(0.178306495725,-7.107229902347,0.));
#3043 = LINE('',#3044,#3045);
#3044 = CARTESIAN_POINT('',(0.178306495725,-6.086829730308,0.));
#3045 = VECTOR('',#3046,1.);
#3046 = DIRECTION('',(0.,-1.,0.));
#3047 = ORIENTED_EDGE('',*,*,#3048,.T.);
#3048 = EDGE_CURVE('',#3041,#3049,#3051,.T.);
#3049 = VERTEX_POINT('',#3050);
#3050 = CARTESIAN_POINT('',(1.270151888022,-7.107229902347,0.));
#3051 = LINE('',#3052,#3053);
#3052 = CARTESIAN_POINT('',(1.270151888022,-7.107229902347,0.));
#3053 = VECTOR('',#3054,1.);
#3054 = DIRECTION('',(1.,-0.,-0.));
#3055 = ORIENTED_EDGE('',*,*,#3056,.T.);
#3056 = EDGE_CURVE('',#3049,#3057,#3059,.T.);
#3057 = VERTEX_POINT('',#3058);
#3058 = CARTESIAN_POINT('',(1.270151888022,-7.482222807495,0.));
#3059 = LINE('',#3060,#3061);
#3060 = CARTESIAN_POINT('',(1.270151888022,-7.107229902347,0.));
#3061 = VECTOR('',#3062,1.);
#3062 = DIRECTION('',(0.,-1.,0.));
#3063 = ORIENTED_EDGE('',*,*,#3064,.T.);
#3064 = EDGE_CURVE('',#3057,#3065,#3067,.T.);
#3065 = VERTEX_POINT('',#3066);
#3066 = CARTESIAN_POINT('',(0.178306495725,-7.482222807495,0.));
#3067 = LINE('',#3068,#3069);
#3068 = CARTESIAN_POINT('',(1.270151888022,-7.482222807495,0.));
#3069 = VECTOR('',#3070,1.);
#3070 = DIRECTION('',(-1.,0.,0.));
#3071 = ORIENTED_EDGE('',*,*,#3072,.T.);
#3072 = EDGE_CURVE('',#3065,#3073,#3075,.T.);
#3073 = VERTEX_POINT('',#3074);
#3074 = CARTESIAN_POINT('',(0.178306495725,-8.502622979534,0.));
#3075 = LINE('',#3076,#3077);
#3076 = CARTESIAN_POINT('',(0.178306495725,-7.482222807495,0.));
#3077 = VECTOR('',#3078,1.);
#3078 = DIRECTION('',(0.,-1.,0.));
#3079 = ORIENTED_EDGE('',*,*,#3080,.T.);
#3080 = EDGE_CURVE('',#3073,#2991,#3081,.T.);
#3081 = LINE('',#3082,#3083);
#3082 = CARTESIAN_POINT('',(0.178306495725,-8.502622979534,0.));
#3083 = VECTOR('',#3084,1.);
#3084 = DIRECTION('',(-1.,0.,0.));
#3085 = PLANE('',#3086);
#3086 = AXIS2_PLACEMENT_3D('',#3087,#3088,#3089);
#3087 = CARTESIAN_POINT('',(6.9,5.75,0.));
#3088 = DIRECTION('',(0.,0.,1.));
#3089 = DIRECTION('',(1.,0.,-0.));
#3090 = ADVANCED_FACE('',(#3091),#3109,.T.);
#3091 = FACE_BOUND('',#3092,.T.);
#3092 = EDGE_LOOP('',(#3093,#3101,#3108));
#3093 = ORIENTED_EDGE('',*,*,#3094,.F.);
#3094 = EDGE_CURVE('',#3095,#2876,#3097,.T.);
#3095 = VERTEX_POINT('',#3096);
#3096 = CARTESIAN_POINT('',(-3.75,-9.749903810568,-0.25));
#3097 = LINE('',#3098,#3099);
#3098 = CARTESIAN_POINT('',(-3.75,-9.75,-0.25));
#3099 = VECTOR('',#3100,1.);
#3100 = DIRECTION('',(0.,0.,1.));
#3101 = ORIENTED_EDGE('',*,*,#3102,.T.);
#3102 = EDGE_CURVE('',#3095,#2884,#3103,.T.);
#3103 = CIRCLE('',#3104,0.26);
#3104 = AXIS2_PLACEMENT_3D('',#3105,#3106,#3107);
#3105 = CARTESIAN_POINT('',(-3.75,-9.49,-0.26));
#3106 = DIRECTION('',(-1.,0.,0.));
#3107 = DIRECTION('',(0.,0.,1.));
#3108 = ORIENTED_EDGE('',*,*,#2883,.F.);
#3109 = PLANE('',#3110);
#3110 = AXIS2_PLACEMENT_3D('',#3111,#3112,#3113);
#3111 = CARTESIAN_POINT('',(-3.75,-9.75,-0.25));
#3112 = DIRECTION('',(1.,-0.,0.));
#3113 = DIRECTION('',(0.,0.,-1.));
#3114 = ADVANCED_FACE('',(#3115),#3133,.T.);
#3115 = FACE_BOUND('',#3116,.T.);
#3116 = EDGE_LOOP('',(#3117,#3118,#3127));
#3117 = ORIENTED_EDGE('',*,*,#2899,.F.);
#3118 = ORIENTED_EDGE('',*,*,#3119,.T.);
#3119 = EDGE_CURVE('',#2892,#3120,#3122,.T.);
#3120 = VERTEX_POINT('',#3121);
#3121 = CARTESIAN_POINT('',(3.75,-9.749903952702,-0.250003694127));
#3122 = CIRCLE('',#3123,0.26);
#3123 = AXIS2_PLACEMENT_3D('',#3124,#3125,#3126);
#3124 = CARTESIAN_POINT('',(3.75,-9.49,-0.26));
#3125 = DIRECTION('',(1.,0.,-0.));
#3126 = DIRECTION('',(0.,0.,1.));
#3127 = ORIENTED_EDGE('',*,*,#3128,.T.);
#3128 = EDGE_CURVE('',#3120,#2900,#3129,.T.);
#3129 = LINE('',#3130,#3131);
#3130 = CARTESIAN_POINT('',(3.75,-9.75,-0.25));
#3131 = VECTOR('',#3132,1.);
#3132 = DIRECTION('',(0.,0.,1.));
#3133 = PLANE('',#3134);
#3134 = AXIS2_PLACEMENT_3D('',#3135,#3136,#3137);
#3135 = CARTESIAN_POINT('',(3.75,-9.49,-0.25));
#3136 = DIRECTION('',(-1.,0.,0.));
#3137 = DIRECTION('',(0.,0.,1.));
#3138 = ADVANCED_FACE('',(#3139,#3174,#3209),#3322,.F.);
#3139 = FACE_BOUND('',#3140,.T.);
#3140 = EDGE_LOOP('',(#3141,#3142,#3143,#3151,#3159,#3165,#3166,#3173));
#3141 = ORIENTED_EDGE('',*,*,#992,.F.);
#3142 = ORIENTED_EDGE('',*,*,#2710,.F.);
#3143 = ORIENTED_EDGE('',*,*,#3144,.F.);
#3144 = EDGE_CURVE('',#3145,#2703,#3147,.T.);
#3145 = VERTEX_POINT('',#3146);
#3146 = CARTESIAN_POINT('',(7.996464180618,2.788680157268,-0.25));
#3147 = LINE('',#3148,#3149);
#3148 = CARTESIAN_POINT('',(7.996464180618,5.75,-0.25));
#3149 = VECTOR('',#3150,1.);
#3150 = DIRECTION('',(0.,-1.,0.));
#3151 = ORIENTED_EDGE('',*,*,#3152,.F.);
#3152 = EDGE_CURVE('',#3153,#3145,#3155,.T.);
#3153 = VERTEX_POINT('',#3154);
#3154 = CARTESIAN_POINT('',(4.996464180618,2.788680157268,-0.25));
#3155 = LINE('',#3156,#3157);
#3156 = CARTESIAN_POINT('',(4.996464180618,2.788680157268,-0.25));
#3157 = VECTOR('',#3158,1.);
#3158 = DIRECTION('',(1.,-0.,-0.));
#3159 = ORIENTED_EDGE('',*,*,#3160,.F.);
#3160 = EDGE_CURVE('',#2735,#3153,#3161,.T.);
#3161 = LINE('',#3162,#3163);
#3162 = CARTESIAN_POINT('',(4.996464180618,3.008093526219,-0.25));
#3163 = VECTOR('',#3164,1.);
#3164 = DIRECTION('',(2.928652115296E-16,1.,-0.));
#3165 = ORIENTED_EDGE('',*,*,#2734,.F.);
#3166 = ORIENTED_EDGE('',*,*,#3167,.F.);
#3167 = EDGE_CURVE('',#952,#2725,#3168,.T.);
#3168 = CIRCLE('',#3169,3.);
#3169 = AXIS2_PLACEMENT_3D('',#3170,#3171,#3172);
#3170 = CARTESIAN_POINT('',(6.496464180618,-2.915189293603,-0.25));
#3171 = DIRECTION('',(-0.,0.,-1.));
#3172 = DIRECTION('',(-1.,0.,0.));
#3173 = ORIENTED_EDGE('',*,*,#959,.F.);
#3174 = FACE_BOUND('',#3175,.T.);
#3175 = EDGE_LOOP('',(#3176,#3177,#3184,#3185,#3186,#3187,#3195,#3203));
#3176 = ORIENTED_EDGE('',*,*,#2813,.F.);
#3177 = ORIENTED_EDGE('',*,*,#3178,.T.);
#3178 = EDGE_CURVE('',#2806,#1027,#3179,.T.);
#3179 = CIRCLE('',#3180,3.);
#3180 = AXIS2_PLACEMENT_3D('',#3181,#3182,#3183);
#3181 = CARTESIAN_POINT('',(-6.496464180618,-2.915189293603,-0.25));
#3182 = DIRECTION('',(0.,0.,1.));
#3183 = DIRECTION('',(1.,0.,-0.));
#3184 = ORIENTED_EDGE('',*,*,#1034,.T.);
#3185 = ORIENTED_EDGE('',*,*,#1067,.T.);
#3186 = ORIENTED_EDGE('',*,*,#2764,.F.);
#3187 = ORIENTED_EDGE('',*,*,#3188,.T.);
#3188 = EDGE_CURVE('',#2765,#3189,#3191,.T.);
#3189 = VERTEX_POINT('',#3190);
#3190 = CARTESIAN_POINT('',(-4.996464180618,2.788680157268,-0.25));
#3191 = LINE('',#3192,#3193);
#3192 = CARTESIAN_POINT('',(-4.996464180618,5.75,-0.25));
#3193 = VECTOR('',#3194,1.);
#3194 = DIRECTION('',(0.,1.,0.));
#3195 = ORIENTED_EDGE('',*,*,#3196,.T.);
#3196 = EDGE_CURVE('',#3189,#3197,#3199,.T.);
#3197 = VERTEX_POINT('',#3198);
#3198 = CARTESIAN_POINT('',(-7.996464180618,2.788680157268,-0.25));
#3199 = LINE('',#3200,#3201);
#3200 = CARTESIAN_POINT('',(-4.996464180618,2.788680157268,-0.25));
#3201 = VECTOR('',#3202,1.);
#3202 = DIRECTION('',(-1.,-0.,-0.));
#3203 = ORIENTED_EDGE('',*,*,#3204,.F.);
#3204 = EDGE_CURVE('',#2814,#3197,#3205,.T.);
#3205 = LINE('',#3206,#3207);
#3206 = CARTESIAN_POINT('',(-7.996464180618,3.008093526219,-0.25));
#3207 = VECTOR('',#3208,1.);
#3208 = DIRECTION('',(-0.,1.,-0.));
#3209 = FACE_BOUND('',#3210,.T.);
#3210 = EDGE_LOOP('',(#3211,#3219,#3227,#3235,#3243,#3251,#3260,#3269,
    #3278,#3286,#3294,#3302,#3308,#3316));
#3211 = ORIENTED_EDGE('',*,*,#3212,.F.);
#3212 = EDGE_CURVE('',#3095,#3213,#3215,.T.);
#3213 = VERTEX_POINT('',#3214);
#3214 = CARTESIAN_POINT('',(-3.75,-9.49,-0.25));
#3215 = LINE('',#3216,#3217);
#3216 = CARTESIAN_POINT('',(-3.75,-9.75,-0.25));
#3217 = VECTOR('',#3218,1.);
#3218 = DIRECTION('',(0.,1.,-1.042502088928E-15));
#3219 = ORIENTED_EDGE('',*,*,#3220,.F.);
#3220 = EDGE_CURVE('',#3221,#3095,#3223,.T.);
#3221 = VERTEX_POINT('',#3222);
#3222 = CARTESIAN_POINT('',(-10.8999039527,-4.25,-0.250003694127));
#3223 = LINE('',#3224,#3225);
#3224 = CARTESIAN_POINT('',(-10.9,-4.25,-0.25));
#3225 = VECTOR('',#3226,1.);
#3226 = DIRECTION('',(0.792623989105,-0.60971076085,0.));
#3227 = ORIENTED_EDGE('',*,*,#3228,.F.);
#3228 = EDGE_CURVE('',#3229,#3221,#3231,.T.);
#3229 = VERTEX_POINT('',#3230);
#3230 = CARTESIAN_POINT('',(-10.64,-4.25,-0.25));
#3231 = LINE('',#3232,#3233);
#3232 = CARTESIAN_POINT('',(-10.64,-4.25,-0.25));
#3233 = VECTOR('',#3234,1.);
#3234 = DIRECTION('',(-1.,0.,1.042502088928E-15));
#3235 = ORIENTED_EDGE('',*,*,#3236,.F.);
#3236 = EDGE_CURVE('',#3237,#3229,#3239,.T.);
#3237 = VERTEX_POINT('',#3238);
#3238 = CARTESIAN_POINT('',(-10.64,5.75,-0.25));
#3239 = LINE('',#3240,#3241);
#3240 = CARTESIAN_POINT('',(-10.64,5.75,-0.25));
#3241 = VECTOR('',#3242,1.);
#3242 = DIRECTION('',(0.,-1.,0.));
#3243 = ORIENTED_EDGE('',*,*,#3244,.F.);
#3244 = EDGE_CURVE('',#3245,#3237,#3247,.T.);
#3245 = VERTEX_POINT('',#3246);
#3246 = CARTESIAN_POINT('',(-10.89990381056,5.75,-0.25));
#3247 = LINE('',#3248,#3249);
#3248 = CARTESIAN_POINT('',(-10.9,5.75,-0.25));
#3249 = VECTOR('',#3250,1.);
#3250 = DIRECTION('',(1.,-3.336006684571E-15,-1.042502088928E-15));
#3251 = ORIENTED_EDGE('',*,*,#3252,.F.);
#3252 = EDGE_CURVE('',#3253,#3245,#3255,.T.);
#3253 = VERTEX_POINT('',#3254);
#3254 = CARTESIAN_POINT('',(-4.271428571429,8.765064219034,-0.25));
#3255 = CIRCLE('',#3256,4.);
#3256 = AXIS2_PLACEMENT_3D('',#3257,#3258,#3259);
#3257 = CARTESIAN_POINT('',(-6.9,5.75,-0.25));
#3258 = DIRECTION('',(0.,0.,1.));
#3259 = DIRECTION('',(-1.,0.,0.));
#3260 = ORIENTED_EDGE('',*,*,#3261,.F.);
#3261 = EDGE_CURVE('',#3262,#3253,#3264,.T.);
#3262 = VERTEX_POINT('',#3263);
#3263 = CARTESIAN_POINT('',(4.271428571429,8.765064219034,-0.25));
#3264 = CIRCLE('',#3265,6.5);
#3265 = AXIS2_PLACEMENT_3D('',#3266,#3267,#3268);
#3266 = CARTESIAN_POINT('',(-3.596979745931E-15,13.664543574964,-0.25));
#3267 = DIRECTION('',(0.,0.,-1.));
#3268 = DIRECTION('',(1.,0.,0.));
#3269 = ORIENTED_EDGE('',*,*,#3270,.F.);
#3270 = EDGE_CURVE('',#3271,#3262,#3273,.T.);
#3271 = VERTEX_POINT('',#3272);
#3272 = CARTESIAN_POINT('',(10.899903952702,5.75,-0.250003694127));
#3273 = CIRCLE('',#3274,4.);
#3274 = AXIS2_PLACEMENT_3D('',#3275,#3276,#3277);
#3275 = CARTESIAN_POINT('',(6.9,5.75,-0.25));
#3276 = DIRECTION('',(0.,0.,1.));
#3277 = DIRECTION('',(1.,0.,-0.));
#3278 = ORIENTED_EDGE('',*,*,#3279,.F.);
#3279 = EDGE_CURVE('',#3280,#3271,#3282,.T.);
#3280 = VERTEX_POINT('',#3281);
#3281 = CARTESIAN_POINT('',(10.64,5.75,-0.25));
#3282 = LINE('',#3283,#3284);
#3283 = CARTESIAN_POINT('',(10.64,5.75,-0.25));
#3284 = VECTOR('',#3285,1.);
#3285 = DIRECTION('',(1.,0.,1.042502088928E-15));
#3286 = ORIENTED_EDGE('',*,*,#3287,.F.);
#3287 = EDGE_CURVE('',#3288,#3280,#3290,.T.);
#3288 = VERTEX_POINT('',#3289);
#3289 = CARTESIAN_POINT('',(10.64,-4.25,-0.25));
#3290 = LINE('',#3291,#3292);
#3291 = CARTESIAN_POINT('',(10.64,-4.25,-0.25));
#3292 = VECTOR('',#3293,1.);
#3293 = DIRECTION('',(0.,1.,0.));
#3294 = ORIENTED_EDGE('',*,*,#3295,.F.);
#3295 = EDGE_CURVE('',#3296,#3288,#3298,.T.);
#3296 = VERTEX_POINT('',#3297);
#3297 = CARTESIAN_POINT('',(10.899903810568,-4.25,-0.25));
#3298 = LINE('',#3299,#3300);
#3299 = CARTESIAN_POINT('',(10.9,-4.25,-0.25));
#3300 = VECTOR('',#3301,1.);
#3301 = DIRECTION('',(-1.,3.336006684571E-15,-1.042502088928E-15));
#3302 = ORIENTED_EDGE('',*,*,#3303,.F.);
#3303 = EDGE_CURVE('',#3120,#3296,#3304,.T.);
#3304 = LINE('',#3305,#3306);
#3305 = CARTESIAN_POINT('',(10.9,-4.25,-0.25));
#3306 = VECTOR('',#3307,1.);
#3307 = DIRECTION('',(0.792623989105,0.60971076085,-0.));
#3308 = ORIENTED_EDGE('',*,*,#3309,.F.);
#3309 = EDGE_CURVE('',#3310,#3120,#3312,.T.);
#3310 = VERTEX_POINT('',#3311);
#3311 = CARTESIAN_POINT('',(3.75,-9.49,-0.25));
#3312 = LINE('',#3313,#3314);
#3313 = CARTESIAN_POINT('',(3.75,-9.49,-0.25));
#3314 = VECTOR('',#3315,1.);
#3315 = DIRECTION('',(0.,-1.,1.042502088928E-15));
#3316 = ORIENTED_EDGE('',*,*,#3317,.F.);
#3317 = EDGE_CURVE('',#3213,#3310,#3318,.T.);
#3318 = LINE('',#3319,#3320);
#3319 = CARTESIAN_POINT('',(-3.75,-9.49,-0.25));
#3320 = VECTOR('',#3321,1.);
#3321 = DIRECTION('',(1.,-0.,-0.));
#3322 = PLANE('',#3323);
#3323 = AXIS2_PLACEMENT_3D('',#3324,#3325,#3326);
#3324 = CARTESIAN_POINT('',(6.9,5.75,-0.25));
#3325 = DIRECTION('',(0.,0.,1.));
#3326 = DIRECTION('',(1.,0.,-0.));
#3327 = ADVANCED_FACE('',(#3328),#3344,.T.);
#3328 = FACE_BOUND('',#3329,.T.);
#3329 = EDGE_LOOP('',(#3330,#3336,#3343));
#3330 = ORIENTED_EDGE('',*,*,#3331,.F.);
#3331 = EDGE_CURVE('',#3296,#2908,#3332,.T.);
#3332 = LINE('',#3333,#3334);
#3333 = CARTESIAN_POINT('',(10.9,-4.25,-0.25));
#3334 = VECTOR('',#3335,1.);
#3335 = DIRECTION('',(0.,0.,1.));
#3336 = ORIENTED_EDGE('',*,*,#3337,.T.);
#3337 = EDGE_CURVE('',#3296,#2916,#3338,.T.);
#3338 = CIRCLE('',#3339,0.26);
#3339 = AXIS2_PLACEMENT_3D('',#3340,#3341,#3342);
#3340 = CARTESIAN_POINT('',(10.64,-4.25,-0.26));
#3341 = DIRECTION('',(0.,-1.,-0.));
#3342 = DIRECTION('',(0.,0.,-1.));
#3343 = ORIENTED_EDGE('',*,*,#2915,.F.);
#3344 = PLANE('',#3345);
#3345 = AXIS2_PLACEMENT_3D('',#3346,#3347,#3348);
#3346 = CARTESIAN_POINT('',(10.9,-4.25,-0.25));
#3347 = DIRECTION('',(3.336006684571E-15,1.,-0.));
#3348 = DIRECTION('',(-1.,3.336006684571E-15,0.));
#3349 = ADVANCED_FACE('',(#3350),#3366,.T.);
#3350 = FACE_BOUND('',#3351,.T.);
#3351 = EDGE_LOOP('',(#3352,#3353,#3360));
#3352 = ORIENTED_EDGE('',*,*,#2931,.F.);
#3353 = ORIENTED_EDGE('',*,*,#3354,.T.);
#3354 = EDGE_CURVE('',#2924,#3271,#3355,.T.);
#3355 = CIRCLE('',#3356,0.26);
#3356 = AXIS2_PLACEMENT_3D('',#3357,#3358,#3359);
#3357 = CARTESIAN_POINT('',(10.64,5.75,-0.26));
#3358 = DIRECTION('',(0.,1.,0.));
#3359 = DIRECTION('',(0.,0.,-1.));
#3360 = ORIENTED_EDGE('',*,*,#3361,.T.);
#3361 = EDGE_CURVE('',#3271,#2932,#3362,.T.);
#3362 = LINE('',#3363,#3364);
#3363 = CARTESIAN_POINT('',(10.9,5.75,-0.25));
#3364 = VECTOR('',#3365,1.);
#3365 = DIRECTION('',(0.,0.,1.));
#3366 = PLANE('',#3367);
#3367 = AXIS2_PLACEMENT_3D('',#3368,#3369,#3370);
#3368 = CARTESIAN_POINT('',(10.64,5.75,-0.25));
#3369 = DIRECTION('',(0.,-1.,0.));
#3370 = DIRECTION('',(0.,-0.,-1.));
#3371 = ADVANCED_FACE('',(#3372),#3388,.T.);
#3372 = FACE_BOUND('',#3373,.T.);
#3373 = EDGE_LOOP('',(#3374,#3380,#3387));
#3374 = ORIENTED_EDGE('',*,*,#3375,.F.);
#3375 = EDGE_CURVE('',#3245,#2958,#3376,.T.);
#3376 = LINE('',#3377,#3378);
#3377 = CARTESIAN_POINT('',(-10.9,5.75,-0.25));
#3378 = VECTOR('',#3379,1.);
#3379 = DIRECTION('',(0.,0.,1.));
#3380 = ORIENTED_EDGE('',*,*,#3381,.T.);
#3381 = EDGE_CURVE('',#3245,#2967,#3382,.T.);
#3382 = CIRCLE('',#3383,0.26);
#3383 = AXIS2_PLACEMENT_3D('',#3384,#3385,#3386);
#3384 = CARTESIAN_POINT('',(-10.64,5.75,-0.26));
#3385 = DIRECTION('',(-0.,1.,0.));
#3386 = DIRECTION('',(0.,0.,1.));
#3387 = ORIENTED_EDGE('',*,*,#2966,.F.);
#3388 = PLANE('',#3389);
#3389 = AXIS2_PLACEMENT_3D('',#3390,#3391,#3392);
#3390 = CARTESIAN_POINT('',(-10.9,5.75,-0.25));
#3391 = DIRECTION('',(-3.336006684571E-15,-1.,0.));
#3392 = DIRECTION('',(1.,-3.336006684571E-15,0.));
#3393 = ADVANCED_FACE('',(#3394),#3410,.T.);
#3394 = FACE_BOUND('',#3395,.T.);
#3395 = EDGE_LOOP('',(#3396,#3397,#3404));
#3396 = ORIENTED_EDGE('',*,*,#2982,.F.);
#3397 = ORIENTED_EDGE('',*,*,#3398,.T.);
#3398 = EDGE_CURVE('',#2975,#3221,#3399,.T.);
#3399 = CIRCLE('',#3400,0.26);
#3400 = AXIS2_PLACEMENT_3D('',#3401,#3402,#3403);
#3401 = CARTESIAN_POINT('',(-10.64,-4.25,-0.26));
#3402 = DIRECTION('',(0.,-1.,0.));
#3403 = DIRECTION('',(0.,0.,1.));
#3404 = ORIENTED_EDGE('',*,*,#3405,.T.);
#3405 = EDGE_CURVE('',#3221,#2874,#3406,.T.);
#3406 = LINE('',#3407,#3408);
#3407 = CARTESIAN_POINT('',(-10.9,-4.25,-0.25));
#3408 = VECTOR('',#3409,1.);
#3409 = DIRECTION('',(0.,0.,1.));
#3410 = PLANE('',#3411);
#3411 = AXIS2_PLACEMENT_3D('',#3412,#3413,#3414);
#3412 = CARTESIAN_POINT('',(-10.64,-4.25,-0.25));
#3413 = DIRECTION('',(0.,1.,-0.));
#3414 = DIRECTION('',(0.,0.,1.));
#3415 = ADVANCED_FACE('',(#3416),#3427,.T.);
#3416 = FACE_BOUND('',#3417,.T.);
#3417 = EDGE_LOOP('',(#3418,#3419,#3425,#3426));
#3418 = ORIENTED_EDGE('',*,*,#2957,.F.);
#3419 = ORIENTED_EDGE('',*,*,#3420,.F.);
#3420 = EDGE_CURVE('',#3253,#2949,#3421,.T.);
#3421 = LINE('',#3422,#3423);
#3422 = CARTESIAN_POINT('',(-4.271428571429,8.765064219034,-0.25));
#3423 = VECTOR('',#3424,1.);
#3424 = DIRECTION('',(0.,0.,1.));
#3425 = ORIENTED_EDGE('',*,*,#3252,.T.);
#3426 = ORIENTED_EDGE('',*,*,#3375,.T.);
#3427 = CYLINDRICAL_SURFACE('',#3428,4.);
#3428 = AXIS2_PLACEMENT_3D('',#3429,#3430,#3431);
#3429 = CARTESIAN_POINT('',(-6.9,5.75,-0.25));
#3430 = DIRECTION('',(0.,0.,1.));
#3431 = DIRECTION('',(1.,0.,-0.));
#3432 = ADVANCED_FACE('',(#3433),#3444,.F.);
#3433 = FACE_BOUND('',#3434,.F.);
#3434 = EDGE_LOOP('',(#3435,#3436,#3437,#3443));
#3435 = ORIENTED_EDGE('',*,*,#3420,.F.);
#3436 = ORIENTED_EDGE('',*,*,#3261,.F.);
#3437 = ORIENTED_EDGE('',*,*,#3438,.T.);
#3438 = EDGE_CURVE('',#3262,#2940,#3439,.T.);
#3439 = LINE('',#3440,#3441);
#3440 = CARTESIAN_POINT('',(4.271428571429,8.765064219034,-0.25));
#3441 = VECTOR('',#3442,1.);
#3442 = DIRECTION('',(0.,0.,1.));
#3443 = ORIENTED_EDGE('',*,*,#2948,.T.);
#3444 = CYLINDRICAL_SURFACE('',#3445,6.5);
#3445 = AXIS2_PLACEMENT_3D('',#3446,#3447,#3448);
#3446 = CARTESIAN_POINT('',(-3.596979745931E-15,13.664543574964,-0.25));
#3447 = DIRECTION('',(0.,0.,1.));
#3448 = DIRECTION('',(1.,0.,-0.));
#3449 = ADVANCED_FACE('',(#3450),#3456,.T.);
#3450 = FACE_BOUND('',#3451,.T.);
#3451 = EDGE_LOOP('',(#3452,#3453,#3454,#3455));
#3452 = ORIENTED_EDGE('',*,*,#2939,.F.);
#3453 = ORIENTED_EDGE('',*,*,#3361,.F.);
#3454 = ORIENTED_EDGE('',*,*,#3270,.T.);
#3455 = ORIENTED_EDGE('',*,*,#3438,.T.);
#3456 = CYLINDRICAL_SURFACE('',#3457,4.);
#3457 = AXIS2_PLACEMENT_3D('',#3458,#3459,#3460);
#3458 = CARTESIAN_POINT('',(6.9,5.75,-0.25));
#3459 = DIRECTION('',(0.,0.,1.));
#3460 = DIRECTION('',(1.,0.,-0.));
#3461 = ADVANCED_FACE('',(#3462),#3468,.T.);
#3462 = FACE_BOUND('',#3463,.T.);
#3463 = EDGE_LOOP('',(#3464,#3465,#3466,#3467));
#3464 = ORIENTED_EDGE('',*,*,#2907,.F.);
#3465 = ORIENTED_EDGE('',*,*,#3128,.F.);
#3466 = ORIENTED_EDGE('',*,*,#3303,.T.);
#3467 = ORIENTED_EDGE('',*,*,#3331,.T.);
#3468 = PLANE('',#3469);
#3469 = AXIS2_PLACEMENT_3D('',#3470,#3471,#3472);
#3470 = CARTESIAN_POINT('',(10.9,-4.25,-0.25));
#3471 = DIRECTION('',(0.60971076085,-0.792623989105,0.));
#3472 = DIRECTION('',(0.792623989105,0.60971076085,0.));
#3473 = ADVANCED_FACE('',(#3474),#3480,.T.);
#3474 = FACE_BOUND('',#3475,.T.);
#3475 = EDGE_LOOP('',(#3476,#3477,#3478,#3479));
#3476 = ORIENTED_EDGE('',*,*,#2873,.F.);
#3477 = ORIENTED_EDGE('',*,*,#3405,.F.);
#3478 = ORIENTED_EDGE('',*,*,#3220,.T.);
#3479 = ORIENTED_EDGE('',*,*,#3094,.T.);
#3480 = PLANE('',#3481);
#3481 = AXIS2_PLACEMENT_3D('',#3482,#3483,#3484);
#3482 = CARTESIAN_POINT('',(-10.9,-4.25,-0.25));
#3483 = DIRECTION('',(-0.60971076085,-0.792623989105,0.));
#3484 = DIRECTION('',(0.792623989105,-0.60971076085,0.));
#3485 = ADVANCED_FACE('',(#3486),#3513,.T.);
#3486 = FACE_BOUND('',#3487,.T.);
#3487 = EDGE_LOOP('',(#3488,#3497,#3498,#3507));
#3488 = ORIENTED_EDGE('',*,*,#3489,.F.);
#3489 = EDGE_CURVE('',#3229,#3490,#3492,.T.);
#3490 = VERTEX_POINT('',#3491);
#3491 = CARTESIAN_POINT('',(-10.65,-4.25,-0.26));
#3492 = CIRCLE('',#3493,1.E-02);
#3493 = AXIS2_PLACEMENT_3D('',#3494,#3495,#3496);
#3494 = CARTESIAN_POINT('',(-10.64,-4.25,-0.26));
#3495 = DIRECTION('',(0.,-1.,0.));
#3496 = DIRECTION('',(-1.734723475977E-13,0.,1.));
#3497 = ORIENTED_EDGE('',*,*,#3228,.T.);
#3498 = ORIENTED_EDGE('',*,*,#3499,.T.);
#3499 = EDGE_CURVE('',#3221,#3500,#3502,.T.);
#3500 = VERTEX_POINT('',#3501);
#3501 = CARTESIAN_POINT('',(-10.9,-4.25,-0.26));
#3502 = CIRCLE('',#3503,0.26);
#3503 = AXIS2_PLACEMENT_3D('',#3504,#3505,#3506);
#3504 = CARTESIAN_POINT('',(-10.64,-4.25,-0.26));
#3505 = DIRECTION('',(0.,-1.,0.));
#3506 = DIRECTION('',(0.,0.,1.));
#3507 = ORIENTED_EDGE('',*,*,#3508,.F.);
#3508 = EDGE_CURVE('',#3490,#3500,#3509,.T.);
#3509 = LINE('',#3510,#3511);
#3510 = CARTESIAN_POINT('',(-10.9,-4.25,-0.26));
#3511 = VECTOR('',#3512,1.);
#3512 = DIRECTION('',(-1.,1.734723475977E-16,3.613946018758E-15));
#3513 = PLANE('',#3514);
#3514 = AXIS2_PLACEMENT_3D('',#3515,#3516,#3517);
#3515 = CARTESIAN_POINT('',(-10.64,-4.25,-0.26));
#3516 = DIRECTION('',(0.,-1.,0.));
#3517 = DIRECTION('',(0.,-0.,-1.));
#3518 = ADVANCED_FACE('',(#3519),#3546,.F.);
#3519 = FACE_BOUND('',#3520,.T.);
#3520 = EDGE_LOOP('',(#3521,#3530,#3531,#3540));
#3521 = ORIENTED_EDGE('',*,*,#3522,.T.);
#3522 = EDGE_CURVE('',#3523,#3245,#3525,.T.);
#3523 = VERTEX_POINT('',#3524);
#3524 = CARTESIAN_POINT('',(-10.9,5.75,-0.26));
#3525 = CIRCLE('',#3526,0.26);
#3526 = AXIS2_PLACEMENT_3D('',#3527,#3528,#3529);
#3527 = CARTESIAN_POINT('',(-10.64,5.75,-0.26));
#3528 = DIRECTION('',(-0.,1.,0.));
#3529 = DIRECTION('',(0.,0.,1.));
#3530 = ORIENTED_EDGE('',*,*,#3244,.T.);
#3531 = ORIENTED_EDGE('',*,*,#3532,.F.);
#3532 = EDGE_CURVE('',#3533,#3237,#3535,.T.);
#3533 = VERTEX_POINT('',#3534);
#3534 = CARTESIAN_POINT('',(-10.65,5.75,-0.26));
#3535 = CIRCLE('',#3536,1.E-02);
#3536 = AXIS2_PLACEMENT_3D('',#3537,#3538,#3539);
#3537 = CARTESIAN_POINT('',(-10.64,5.75,-0.26));
#3538 = DIRECTION('',(-0.,1.,0.));
#3539 = DIRECTION('',(0.,0.,1.));
#3540 = ORIENTED_EDGE('',*,*,#3541,.T.);
#3541 = EDGE_CURVE('',#3533,#3523,#3542,.T.);
#3542 = LINE('',#3543,#3544);
#3543 = CARTESIAN_POINT('',(-10.65,5.75,-0.26));
#3544 = VECTOR('',#3545,1.);
#3545 = DIRECTION('',(-1.,1.734723475977E-16,3.613946018758E-15));
#3546 = PLANE('',#3547);
#3547 = AXIS2_PLACEMENT_3D('',#3548,#3549,#3550);
#3548 = CARTESIAN_POINT('',(-10.64,5.75,-0.26));
#3549 = DIRECTION('',(0.,-1.,0.));
#3550 = DIRECTION('',(0.,-0.,-1.));
#3551 = ADVANCED_FACE('',(#3552),#3565,.T.);
#3552 = FACE_BOUND('',#3553,.T.);
#3553 = EDGE_LOOP('',(#3554,#3555,#3556,#3557,#3563,#3564));
#3554 = ORIENTED_EDGE('',*,*,#2974,.F.);
#3555 = ORIENTED_EDGE('',*,*,#3381,.F.);
#3556 = ORIENTED_EDGE('',*,*,#3522,.F.);
#3557 = ORIENTED_EDGE('',*,*,#3558,.T.);
#3558 = EDGE_CURVE('',#3523,#3500,#3559,.T.);
#3559 = LINE('',#3560,#3561);
#3560 = CARTESIAN_POINT('',(-10.9,-4.25,-0.26));
#3561 = VECTOR('',#3562,1.);
#3562 = DIRECTION('',(-1.734723475977E-16,-1.,-1.751623080406E-46));
#3563 = ORIENTED_EDGE('',*,*,#3499,.F.);
#3564 = ORIENTED_EDGE('',*,*,#3398,.F.);
#3565 = CYLINDRICAL_SURFACE('',#3566,0.26);
#3566 = AXIS2_PLACEMENT_3D('',#3567,#3568,#3569);
#3567 = CARTESIAN_POINT('',(-10.64,5.75,-0.26));
#3568 = DIRECTION('',(-0.,1.,-0.));
#3569 = DIRECTION('',(-1.,0.,3.544507102356E-15));
#3570 = ADVANCED_FACE('',(#3571),#3582,.F.);
#3571 = FACE_BOUND('',#3572,.F.);
#3572 = EDGE_LOOP('',(#3573,#3574,#3580,#3581));
#3573 = ORIENTED_EDGE('',*,*,#3532,.F.);
#3574 = ORIENTED_EDGE('',*,*,#3575,.F.);
#3575 = EDGE_CURVE('',#3490,#3533,#3576,.T.);
#3576 = LINE('',#3577,#3578);
#3577 = CARTESIAN_POINT('',(-10.65,-4.25,-0.26));
#3578 = VECTOR('',#3579,1.);
#3579 = DIRECTION('',(1.734723475977E-16,1.,1.751623080406E-46));
#3580 = ORIENTED_EDGE('',*,*,#3489,.F.);
#3581 = ORIENTED_EDGE('',*,*,#3236,.F.);
#3582 = CYLINDRICAL_SURFACE('',#3583,1.E-02);
#3583 = AXIS2_PLACEMENT_3D('',#3584,#3585,#3586);
#3584 = CARTESIAN_POINT('',(-10.64,5.75,-0.26));
#3585 = DIRECTION('',(-0.,1.,-0.));
#3586 = DIRECTION('',(-1.,0.,5.421010862428E-15));
#3587 = ADVANCED_FACE('',(#3588),#3613,.F.);
#3588 = FACE_BOUND('',#3589,.T.);
#3589 = EDGE_LOOP('',(#3590,#3591,#3599,#3607));
#3590 = ORIENTED_EDGE('',*,*,#3541,.F.);
#3591 = ORIENTED_EDGE('',*,*,#3592,.T.);
#3592 = EDGE_CURVE('',#3533,#3593,#3595,.T.);
#3593 = VERTEX_POINT('',#3594);
#3594 = CARTESIAN_POINT('',(-10.65,5.75,-3.7));
#3595 = LINE('',#3596,#3597);
#3596 = CARTESIAN_POINT('',(-10.65,5.75,-3.7));
#3597 = VECTOR('',#3598,1.);
#3598 = DIRECTION('',(-3.519728791837E-15,-2.514091994169E-16,-1.));
#3599 = ORIENTED_EDGE('',*,*,#3600,.F.);
#3600 = EDGE_CURVE('',#3601,#3593,#3603,.T.);
#3601 = VERTEX_POINT('',#3602);
#3602 = CARTESIAN_POINT('',(-10.9,5.75,-3.7));
#3603 = LINE('',#3604,#3605);
#3604 = CARTESIAN_POINT('',(-10.9,5.75,-3.7));
#3605 = VECTOR('',#3606,1.);
#3606 = DIRECTION('',(1.,-1.734723475977E-16,-3.491481338843E-15));
#3607 = ORIENTED_EDGE('',*,*,#3608,.F.);
#3608 = EDGE_CURVE('',#3523,#3601,#3609,.T.);
#3609 = LINE('',#3610,#3611);
#3610 = CARTESIAN_POINT('',(-10.9,5.75,3.779231126909E-14));
#3611 = VECTOR('',#3612,1.);
#3612 = DIRECTION('',(-3.519728791837E-15,-2.514091994169E-16,-1.));
#3613 = PLANE('',#3614);
#3614 = AXIS2_PLACEMENT_3D('',#3615,#3616,#3617);
#3615 = CARTESIAN_POINT('',(-10.9,5.75,-3.7));
#3616 = DIRECTION('',(-1.734723475977E-16,-1.,2.514091994169E-16));
#3617 = DIRECTION('',(0.,-2.514091994169E-16,-1.));
#3618 = ADVANCED_FACE('',(#3619),#3635,.F.);
#3619 = FACE_BOUND('',#3620,.T.);
#3620 = EDGE_LOOP('',(#3621,#3622,#3628,#3629));
#3621 = ORIENTED_EDGE('',*,*,#3508,.T.);
#3622 = ORIENTED_EDGE('',*,*,#3623,.F.);
#3623 = EDGE_CURVE('',#1141,#3500,#3624,.T.);
#3624 = LINE('',#3625,#3626);
#3625 = CARTESIAN_POINT('',(-10.9,-4.25,3.923791416573E-14));
#3626 = VECTOR('',#3627,1.);
#3627 = DIRECTION('',(3.519728791837E-15,0.,1.));
#3628 = ORIENTED_EDGE('',*,*,#1140,.T.);
#3629 = ORIENTED_EDGE('',*,*,#3630,.T.);
#3630 = EDGE_CURVE('',#1133,#3490,#3631,.T.);
#3631 = LINE('',#3632,#3633);
#3632 = CARTESIAN_POINT('',(-10.65,-4.25,-0.25));
#3633 = VECTOR('',#3634,1.);
#3634 = DIRECTION('',(3.519728791837E-15,-0.,1.));
#3635 = PLANE('',#3636);
#3636 = AXIS2_PLACEMENT_3D('',#3637,#3638,#3639);
#3637 = CARTESIAN_POINT('',(-10.9,-4.25,-0.25));
#3638 = DIRECTION('',(1.734723475977E-16,1.,-6.105756164271E-31));
#3639 = DIRECTION('',(-1.,1.734723475977E-16,0.));
#3640 = ADVANCED_FACE('',(#3641,#3651),#3687,.F.);
#3641 = FACE_BOUND('',#3642,.T.);
#3642 = EDGE_LOOP('',(#3643,#3650));
#3643 = ORIENTED_EDGE('',*,*,#3644,.F.);
#3644 = EDGE_CURVE('',#851,#859,#3645,.T.);
#3645 = CIRCLE('',#3646,0.262126375673);
#3646 = AXIS2_PLACEMENT_3D('',#3647,#3648,#3649);
#3647 = CARTESIAN_POINT('',(-10.9,0.95,-3.651722501822));
#3648 = DIRECTION('',(-1.,1.734723475977E-16,3.519728791837E-15));
#3649 = DIRECTION('',(3.519728791837E-15,5.374452686822E-31,1.));
#3650 = ORIENTED_EDGE('',*,*,#858,.F.);
#3651 = FACE_BOUND('',#3652,.T.);
#3652 = EDGE_LOOP('',(#3653,#3654,#3655,#3663,#3671,#3679,#3685,#3686));
#3653 = ORIENTED_EDGE('',*,*,#3558,.F.);
#3654 = ORIENTED_EDGE('',*,*,#3608,.T.);
#3655 = ORIENTED_EDGE('',*,*,#3656,.T.);
#3656 = EDGE_CURVE('',#3601,#3657,#3659,.T.);
#3657 = VERTEX_POINT('',#3658);
#3658 = CARTESIAN_POINT('',(-10.9,2.7,-3.7));
#3659 = LINE('',#3660,#3661);
#3660 = CARTESIAN_POINT('',(-10.9,1.890848588815E-15,-3.7));
#3661 = VECTOR('',#3662,1.);
#3662 = DIRECTION('',(-1.734723475977E-16,-1.,-8.75811540203E-47));
#3663 = ORIENTED_EDGE('',*,*,#3664,.T.);
#3664 = EDGE_CURVE('',#3657,#3665,#3667,.T.);
#3665 = VERTEX_POINT('',#3666);
#3666 = CARTESIAN_POINT('',(-10.9,2.7,-4.7));
#3667 = LINE('',#3668,#3669);
#3668 = CARTESIAN_POINT('',(-10.9,2.7,-4.7));
#3669 = VECTOR('',#3670,1.);
#3670 = DIRECTION('',(-3.469446951954E-15,-0.,-1.));
#3671 = ORIENTED_EDGE('',*,*,#3672,.T.);
#3672 = EDGE_CURVE('',#3665,#3673,#3675,.T.);
#3673 = VERTEX_POINT('',#3674);
#3674 = CARTESIAN_POINT('',(-10.9,-0.8,-4.7));
#3675 = LINE('',#3676,#3677);
#3676 = CARTESIAN_POINT('',(-10.9,2.7,-4.7));
#3677 = VECTOR('',#3678,1.);
#3678 = DIRECTION('',(-4.956352788505E-16,-1.,0.));
#3679 = ORIENTED_EDGE('',*,*,#3680,.T.);
#3680 = EDGE_CURVE('',#3673,#1125,#3681,.T.);
#3681 = LINE('',#3682,#3683);
#3682 = CARTESIAN_POINT('',(-10.9,-0.8,-4.7));
#3683 = VECTOR('',#3684,1.);
#3684 = DIRECTION('',(3.469446951954E-15,0.,1.));
#3685 = ORIENTED_EDGE('',*,*,#1148,.T.);
#3686 = ORIENTED_EDGE('',*,*,#3623,.T.);
#3687 = PLANE('',#3688);
#3688 = AXIS2_PLACEMENT_3D('',#3689,#3690,#3691);
#3689 = CARTESIAN_POINT('',(-10.9,1.890848588815E-15,3.923791416573E-14)
  );
#3690 = DIRECTION('',(1.,-1.734723475977E-16,-3.519728791837E-15));
#3691 = DIRECTION('',(-3.519728791837E-15,0.,-1.));
#3692 = ADVANCED_FACE('',(#3693,#3703),#3739,.T.);
#3693 = FACE_BOUND('',#3694,.T.);
#3694 = EDGE_LOOP('',(#3695,#3696));
#3695 = ORIENTED_EDGE('',*,*,#875,.F.);
#3696 = ORIENTED_EDGE('',*,*,#3697,.F.);
#3697 = EDGE_CURVE('',#868,#849,#3698,.T.);
#3698 = CIRCLE('',#3699,0.262126375673);
#3699 = AXIS2_PLACEMENT_3D('',#3700,#3701,#3702);
#3700 = CARTESIAN_POINT('',(-10.65,0.95,-3.651722501822));
#3701 = DIRECTION('',(1.,-1.734723475977E-16,-3.519728791837E-15));
#3702 = DIRECTION('',(-3.519728791837E-15,-5.374452686822E-31,-1.));
#3703 = FACE_BOUND('',#3704,.T.);
#3704 = EDGE_LOOP('',(#3705,#3706,#3707,#3708,#3709,#3717,#3725,#3733));
#3705 = ORIENTED_EDGE('',*,*,#3592,.F.);
#3706 = ORIENTED_EDGE('',*,*,#3575,.F.);
#3707 = ORIENTED_EDGE('',*,*,#3630,.F.);
#3708 = ORIENTED_EDGE('',*,*,#1132,.F.);
#3709 = ORIENTED_EDGE('',*,*,#3710,.F.);
#3710 = EDGE_CURVE('',#3711,#1123,#3713,.T.);
#3711 = VERTEX_POINT('',#3712);
#3712 = CARTESIAN_POINT('',(-10.65,-0.8,-4.7));
#3713 = LINE('',#3714,#3715);
#3714 = CARTESIAN_POINT('',(-10.65,-0.8,-4.7));
#3715 = VECTOR('',#3716,1.);
#3716 = DIRECTION('',(3.469446951954E-15,0.,1.));
#3717 = ORIENTED_EDGE('',*,*,#3718,.F.);
#3718 = EDGE_CURVE('',#3719,#3711,#3721,.T.);
#3719 = VERTEX_POINT('',#3720);
#3720 = CARTESIAN_POINT('',(-10.65,2.7,-4.7));
#3721 = LINE('',#3722,#3723);
#3722 = CARTESIAN_POINT('',(-10.65,2.7,-4.7));
#3723 = VECTOR('',#3724,1.);
#3724 = DIRECTION('',(-4.956352788505E-16,-1.,0.));
#3725 = ORIENTED_EDGE('',*,*,#3726,.F.);
#3726 = EDGE_CURVE('',#3727,#3719,#3729,.T.);
#3727 = VERTEX_POINT('',#3728);
#3728 = CARTESIAN_POINT('',(-10.65,2.7,-3.7));
#3729 = LINE('',#3730,#3731);
#3730 = CARTESIAN_POINT('',(-10.65,2.7,-4.7));
#3731 = VECTOR('',#3732,1.);
#3732 = DIRECTION('',(-3.469446951954E-15,-0.,-1.));
#3733 = ORIENTED_EDGE('',*,*,#3734,.F.);
#3734 = EDGE_CURVE('',#3593,#3727,#3735,.T.);
#3735 = LINE('',#3736,#3737);
#3736 = CARTESIAN_POINT('',(-10.65,-4.25,-3.7));
#3737 = VECTOR('',#3738,1.);
#3738 = DIRECTION('',(-1.734723475977E-16,-1.,-8.75811540203E-47));
#3739 = PLANE('',#3740);
#3740 = AXIS2_PLACEMENT_3D('',#3741,#3742,#3743);
#3741 = CARTESIAN_POINT('',(-10.65,1.847480501915E-15,3.836504383102E-14
    ));
#3742 = DIRECTION('',(1.,-1.734723475977E-16,-3.519728791837E-15));
#3743 = DIRECTION('',(-3.519728791837E-15,0.,-1.));
#3744 = ADVANCED_FACE('',(#3745),#3756,.F.);
#3745 = FACE_BOUND('',#3746,.T.);
#3746 = EDGE_LOOP('',(#3747,#3748,#3754,#3755));
#3747 = ORIENTED_EDGE('',*,*,#3734,.T.);
#3748 = ORIENTED_EDGE('',*,*,#3749,.T.);
#3749 = EDGE_CURVE('',#3727,#3657,#3750,.T.);
#3750 = LINE('',#3751,#3752);
#3751 = CARTESIAN_POINT('',(-10.65,2.7,-3.7));
#3752 = VECTOR('',#3753,1.);
#3753 = DIRECTION('',(-1.,1.734723475977E-16,3.519728791837E-15));
#3754 = ORIENTED_EDGE('',*,*,#3656,.F.);
#3755 = ORIENTED_EDGE('',*,*,#3600,.T.);
#3756 = PLANE('',#3757);
#3757 = AXIS2_PLACEMENT_3D('',#3758,#3759,#3760);
#3758 = CARTESIAN_POINT('',(-10.9,-4.25,-3.7));
#3759 = DIRECTION('',(3.491481338843E-15,-6.056754644426E-31,1.));
#3760 = DIRECTION('',(1.,0.,-3.491481338843E-15));
#3761 = ADVANCED_FACE('',(#3762),#3787,.T.);
#3762 = FACE_BOUND('',#3763,.T.);
#3763 = EDGE_LOOP('',(#3764,#3773,#3774,#3781));
#3764 = ORIENTED_EDGE('',*,*,#3765,.F.);
#3765 = EDGE_CURVE('',#3280,#3766,#3768,.T.);
#3766 = VERTEX_POINT('',#3767);
#3767 = CARTESIAN_POINT('',(10.65,5.75,-0.26));
#3768 = CIRCLE('',#3769,1.E-02);
#3769 = AXIS2_PLACEMENT_3D('',#3770,#3771,#3772);
#3770 = CARTESIAN_POINT('',(10.64,5.75,-0.26));
#3771 = DIRECTION('',(0.,1.,0.));
#3772 = DIRECTION('',(0.,0.,-1.));
#3773 = ORIENTED_EDGE('',*,*,#3279,.T.);
#3774 = ORIENTED_EDGE('',*,*,#3775,.T.);
#3775 = EDGE_CURVE('',#3271,#1648,#3776,.T.);
#3776 = CIRCLE('',#3777,0.26);
#3777 = AXIS2_PLACEMENT_3D('',#3778,#3779,#3780);
#3778 = CARTESIAN_POINT('',(10.64,5.75,-0.26));
#3779 = DIRECTION('',(0.,1.,0.));
#3780 = DIRECTION('',(-2.668805347657E-14,0.,-1.));
#3781 = ORIENTED_EDGE('',*,*,#3782,.F.);
#3782 = EDGE_CURVE('',#3766,#1648,#3783,.T.);
#3783 = LINE('',#3784,#3785);
#3784 = CARTESIAN_POINT('',(10.9,5.75,-0.26));
#3785 = VECTOR('',#3786,1.);
#3786 = DIRECTION('',(1.,-1.734723475977E-16,3.613946018758E-15));
#3787 = PLANE('',#3788);
#3788 = AXIS2_PLACEMENT_3D('',#3789,#3790,#3791);
#3789 = CARTESIAN_POINT('',(10.64,5.75,-0.26));
#3790 = DIRECTION('',(0.,1.,0.));
#3791 = DIRECTION('',(0.,-0.,1.));
#3792 = ADVANCED_FACE('',(#3793),#3818,.F.);
#3793 = FACE_BOUND('',#3794,.T.);
#3794 = EDGE_LOOP('',(#3795,#3802,#3803,#3812));
#3795 = ORIENTED_EDGE('',*,*,#3796,.T.);
#3796 = EDGE_CURVE('',#1646,#3296,#3797,.T.);
#3797 = CIRCLE('',#3798,0.26);
#3798 = AXIS2_PLACEMENT_3D('',#3799,#3800,#3801);
#3799 = CARTESIAN_POINT('',(10.64,-4.25,-0.26));
#3800 = DIRECTION('',(0.,-1.,-0.));
#3801 = DIRECTION('',(0.,0.,-1.));
#3802 = ORIENTED_EDGE('',*,*,#3295,.T.);
#3803 = ORIENTED_EDGE('',*,*,#3804,.F.);
#3804 = EDGE_CURVE('',#3805,#3288,#3807,.T.);
#3805 = VERTEX_POINT('',#3806);
#3806 = CARTESIAN_POINT('',(10.65,-4.25,-0.26));
#3807 = CIRCLE('',#3808,1.E-02);
#3808 = AXIS2_PLACEMENT_3D('',#3809,#3810,#3811);
#3809 = CARTESIAN_POINT('',(10.64,-4.25,-0.26));
#3810 = DIRECTION('',(0.,-1.,-0.));
#3811 = DIRECTION('',(0.,0.,-1.));
#3812 = ORIENTED_EDGE('',*,*,#3813,.T.);
#3813 = EDGE_CURVE('',#3805,#1646,#3814,.T.);
#3814 = LINE('',#3815,#3816);
#3815 = CARTESIAN_POINT('',(10.65,-4.25,-0.26));
#3816 = VECTOR('',#3817,1.);
#3817 = DIRECTION('',(1.,-1.734723475977E-16,3.613946018758E-15));
#3818 = PLANE('',#3819);
#3819 = AXIS2_PLACEMENT_3D('',#3820,#3821,#3822);
#3820 = CARTESIAN_POINT('',(10.64,-4.25,-0.26));
#3821 = DIRECTION('',(0.,1.,0.));
#3822 = DIRECTION('',(0.,-0.,1.));
#3823 = ADVANCED_FACE('',(#3824),#3832,.T.);
#3824 = FACE_BOUND('',#3825,.T.);
#3825 = EDGE_LOOP('',(#3826,#3827,#3828,#3829,#3830,#3831));
#3826 = ORIENTED_EDGE('',*,*,#2923,.F.);
#3827 = ORIENTED_EDGE('',*,*,#3337,.F.);
#3828 = ORIENTED_EDGE('',*,*,#3796,.F.);
#3829 = ORIENTED_EDGE('',*,*,#1645,.T.);
#3830 = ORIENTED_EDGE('',*,*,#3775,.F.);
#3831 = ORIENTED_EDGE('',*,*,#3354,.F.);
#3832 = CYLINDRICAL_SURFACE('',#3833,0.26);
#3833 = AXIS2_PLACEMENT_3D('',#3834,#3835,#3836);
#3834 = CARTESIAN_POINT('',(10.64,-4.25,-0.26));
#3835 = DIRECTION('',(-0.,-1.,-0.));
#3836 = DIRECTION('',(1.,-0.,3.544507102356E-15));
#3837 = ADVANCED_FACE('',(#3838),#3849,.F.);
#3838 = FACE_BOUND('',#3839,.F.);
#3839 = EDGE_LOOP('',(#3840,#3841,#3847,#3848));
#3840 = ORIENTED_EDGE('',*,*,#3804,.F.);
#3841 = ORIENTED_EDGE('',*,*,#3842,.F.);
#3842 = EDGE_CURVE('',#3766,#3805,#3843,.T.);
#3843 = LINE('',#3844,#3845);
#3844 = CARTESIAN_POINT('',(10.65,5.75,-0.26));
#3845 = VECTOR('',#3846,1.);
#3846 = DIRECTION('',(-1.734723475977E-16,-1.,8.75811540203E-47));
#3847 = ORIENTED_EDGE('',*,*,#3765,.F.);
#3848 = ORIENTED_EDGE('',*,*,#3287,.F.);
#3849 = CYLINDRICAL_SURFACE('',#3850,1.E-02);
#3850 = AXIS2_PLACEMENT_3D('',#3851,#3852,#3853);
#3851 = CARTESIAN_POINT('',(10.64,-4.25,-0.26));
#3852 = DIRECTION('',(-0.,-1.,-0.));
#3853 = DIRECTION('',(1.,-0.,5.421010862428E-15));
#3854 = ADVANCED_FACE('',(#3855),#3873,.F.);
#3855 = FACE_BOUND('',#3856,.T.);
#3856 = EDGE_LOOP('',(#3857,#3858,#3866,#3872));
#3857 = ORIENTED_EDGE('',*,*,#3813,.F.);
#3858 = ORIENTED_EDGE('',*,*,#3859,.T.);
#3859 = EDGE_CURVE('',#3805,#3860,#3862,.T.);
#3860 = VERTEX_POINT('',#3861);
#3861 = CARTESIAN_POINT('',(10.65,-4.25,-3.7));
#3862 = LINE('',#3863,#3864);
#3863 = CARTESIAN_POINT('',(10.65,-4.25,-3.7));
#3864 = VECTOR('',#3865,1.);
#3865 = DIRECTION('',(3.519728791837E-15,2.514091994169E-16,-1.));
#3866 = ORIENTED_EDGE('',*,*,#3867,.F.);
#3867 = EDGE_CURVE('',#1656,#3860,#3868,.T.);
#3868 = LINE('',#3869,#3870);
#3869 = CARTESIAN_POINT('',(10.9,-4.25,-3.7));
#3870 = VECTOR('',#3871,1.);
#3871 = DIRECTION('',(-1.,1.734723475977E-16,-3.491481338843E-15));
#3872 = ORIENTED_EDGE('',*,*,#1655,.F.);
#3873 = PLANE('',#3874);
#3874 = AXIS2_PLACEMENT_3D('',#3875,#3876,#3877);
#3875 = CARTESIAN_POINT('',(10.9,-4.25,-3.7));
#3876 = DIRECTION('',(1.734723475977E-16,1.,2.514091994169E-16));
#3877 = DIRECTION('',(0.,-2.514091994169E-16,1.));
#3878 = ADVANCED_FACE('',(#3879),#3890,.F.);
#3879 = FACE_BOUND('',#3880,.T.);
#3880 = EDGE_LOOP('',(#3881,#3882,#3883,#3884));
#3881 = ORIENTED_EDGE('',*,*,#3782,.T.);
#3882 = ORIENTED_EDGE('',*,*,#1694,.F.);
#3883 = ORIENTED_EDGE('',*,*,#1100,.T.);
#3884 = ORIENTED_EDGE('',*,*,#3885,.T.);
#3885 = EDGE_CURVE('',#1093,#3766,#3886,.T.);
#3886 = LINE('',#3887,#3888);
#3887 = CARTESIAN_POINT('',(10.65,5.75,-0.25));
#3888 = VECTOR('',#3889,1.);
#3889 = DIRECTION('',(-3.519728791837E-15,-0.,1.));
#3890 = PLANE('',#3891);
#3891 = AXIS2_PLACEMENT_3D('',#3892,#3893,#3894);
#3892 = CARTESIAN_POINT('',(10.9,5.75,-0.25));
#3893 = DIRECTION('',(-1.734723475977E-16,-1.,-6.105756164271E-31));
#3894 = DIRECTION('',(1.,-1.734723475977E-16,0.));
#3895 = ADVANCED_FACE('',(#3896,#3906),#3942,.T.);
#3896 = FACE_BOUND('',#3897,.T.);
#3897 = EDGE_LOOP('',(#3898,#3905));
#3898 = ORIENTED_EDGE('',*,*,#3899,.F.);
#3899 = EDGE_CURVE('',#893,#901,#3900,.T.);
#3900 = CIRCLE('',#3901,0.262126375673);
#3901 = AXIS2_PLACEMENT_3D('',#3902,#3903,#3904);
#3902 = CARTESIAN_POINT('',(10.65,0.95,-3.651722501822));
#3903 = DIRECTION('',(-1.,1.734723475977E-16,-3.519728791837E-15));
#3904 = DIRECTION('',(-3.519728791837E-15,-5.374452686822E-31,1.));
#3905 = ORIENTED_EDGE('',*,*,#900,.F.);
#3906 = FACE_BOUND('',#3907,.T.);
#3907 = EDGE_LOOP('',(#3908,#3909,#3910,#3911,#3912,#3920,#3928,#3936));
#3908 = ORIENTED_EDGE('',*,*,#3859,.F.);
#3909 = ORIENTED_EDGE('',*,*,#3842,.F.);
#3910 = ORIENTED_EDGE('',*,*,#3885,.F.);
#3911 = ORIENTED_EDGE('',*,*,#1092,.F.);
#3912 = ORIENTED_EDGE('',*,*,#3913,.T.);
#3913 = EDGE_CURVE('',#1083,#3914,#3916,.T.);
#3914 = VERTEX_POINT('',#3915);
#3915 = CARTESIAN_POINT('',(10.65,2.7,-4.7));
#3916 = LINE('',#3917,#3918);
#3917 = CARTESIAN_POINT('',(10.65,2.7,-4.7));
#3918 = VECTOR('',#3919,1.);
#3919 = DIRECTION('',(3.469446951954E-15,-0.,-1.));
#3920 = ORIENTED_EDGE('',*,*,#3921,.T.);
#3921 = EDGE_CURVE('',#3914,#3922,#3924,.T.);
#3922 = VERTEX_POINT('',#3923);
#3923 = CARTESIAN_POINT('',(10.65,-0.8,-4.7));
#3924 = LINE('',#3925,#3926);
#3925 = CARTESIAN_POINT('',(10.65,2.7,-4.7));
#3926 = VECTOR('',#3927,1.);
#3927 = DIRECTION('',(4.956352788505E-16,-1.,0.));
#3928 = ORIENTED_EDGE('',*,*,#3929,.T.);
#3929 = EDGE_CURVE('',#3922,#3930,#3932,.T.);
#3930 = VERTEX_POINT('',#3931);
#3931 = CARTESIAN_POINT('',(10.65,-0.8,-3.7));
#3932 = LINE('',#3933,#3934);
#3933 = CARTESIAN_POINT('',(10.65,-0.8,-4.7));
#3934 = VECTOR('',#3935,1.);
#3935 = DIRECTION('',(-3.469446951954E-15,0.,1.));
#3936 = ORIENTED_EDGE('',*,*,#3937,.F.);
#3937 = EDGE_CURVE('',#3860,#3930,#3938,.T.);
#3938 = LINE('',#3939,#3940);
#3939 = CARTESIAN_POINT('',(10.65,5.75,-3.7));
#3940 = VECTOR('',#3941,1.);
#3941 = DIRECTION('',(1.734723475977E-16,1.,-8.75811540203E-47));
#3942 = PLANE('',#3943);
#3943 = AXIS2_PLACEMENT_3D('',#3944,#3945,#3946);
#3944 = CARTESIAN_POINT('',(10.65,-1.847480501915E-15,3.836504383102E-14
    ));
#3945 = DIRECTION('',(-1.,1.734723475977E-16,-3.519728791837E-15));
#3946 = DIRECTION('',(-3.519728791837E-15,0.,1.));
#3947 = ADVANCED_FACE('',(#3948),#3959,.F.);
#3948 = FACE_BOUND('',#3949,.T.);
#3949 = EDGE_LOOP('',(#3950,#3951,#3957,#3958));
#3950 = ORIENTED_EDGE('',*,*,#3937,.T.);
#3951 = ORIENTED_EDGE('',*,*,#3952,.T.);
#3952 = EDGE_CURVE('',#3930,#1664,#3953,.T.);
#3953 = LINE('',#3954,#3955);
#3954 = CARTESIAN_POINT('',(10.65,-0.8,-3.7));
#3955 = VECTOR('',#3956,1.);
#3956 = DIRECTION('',(1.,1.734723475977E-16,3.519728791837E-15));
#3957 = ORIENTED_EDGE('',*,*,#1663,.F.);
#3958 = ORIENTED_EDGE('',*,*,#3867,.T.);
#3959 = PLANE('',#3960);
#3960 = AXIS2_PLACEMENT_3D('',#3961,#3962,#3963);
#3961 = CARTESIAN_POINT('',(10.9,5.75,-3.7));
#3962 = DIRECTION('',(-3.491481338843E-15,6.056754644426E-31,1.));
#3963 = DIRECTION('',(1.,0.,3.491481338843E-15));
#3964 = ADVANCED_FACE('',(#3965),#3992,.T.);
#3965 = FACE_BOUND('',#3966,.T.);
#3966 = EDGE_LOOP('',(#3967,#3976,#3977,#3986));
#3967 = ORIENTED_EDGE('',*,*,#3968,.F.);
#3968 = EDGE_CURVE('',#3310,#3969,#3971,.T.);
#3969 = VERTEX_POINT('',#3970);
#3970 = CARTESIAN_POINT('',(3.75,-9.5,-0.26));
#3971 = CIRCLE('',#3972,1.E-02);
#3972 = AXIS2_PLACEMENT_3D('',#3973,#3974,#3975);
#3973 = CARTESIAN_POINT('',(3.75,-9.49,-0.26));
#3974 = DIRECTION('',(1.,0.,-0.));
#3975 = DIRECTION('',(0.,-1.734723475977E-13,1.));
#3976 = ORIENTED_EDGE('',*,*,#3309,.T.);
#3977 = ORIENTED_EDGE('',*,*,#3978,.T.);
#3978 = EDGE_CURVE('',#3120,#3979,#3981,.T.);
#3979 = VERTEX_POINT('',#3980);
#3980 = CARTESIAN_POINT('',(3.75,-9.75,-0.26));
#3981 = CIRCLE('',#3982,0.26);
#3982 = AXIS2_PLACEMENT_3D('',#3983,#3984,#3985);
#3983 = CARTESIAN_POINT('',(3.75,-9.49,-0.26));
#3984 = DIRECTION('',(1.,0.,-0.));
#3985 = DIRECTION('',(0.,0.,1.));
#3986 = ORIENTED_EDGE('',*,*,#3987,.F.);
#3987 = EDGE_CURVE('',#3969,#3979,#3988,.T.);
#3988 = LINE('',#3989,#3990);
#3989 = CARTESIAN_POINT('',(3.75,-9.75,-0.26));
#3990 = VECTOR('',#3991,1.);
#3991 = DIRECTION('',(2.312964634636E-16,-1.,3.169856808908E-15));
#3992 = PLANE('',#3993);
#3993 = AXIS2_PLACEMENT_3D('',#3994,#3995,#3996);
#3994 = CARTESIAN_POINT('',(3.75,-9.49,-0.26));
#3995 = DIRECTION('',(1.,0.,-0.));
#3996 = DIRECTION('',(-0.,0.,-1.));
#3997 = ADVANCED_FACE('',(#3998),#4025,.F.);
#3998 = FACE_BOUND('',#3999,.T.);
#3999 = EDGE_LOOP('',(#4000,#4009,#4010,#4019));
#4000 = ORIENTED_EDGE('',*,*,#4001,.T.);
#4001 = EDGE_CURVE('',#4002,#3095,#4004,.T.);
#4002 = VERTEX_POINT('',#4003);
#4003 = CARTESIAN_POINT('',(-3.75,-9.75,-0.26));
#4004 = CIRCLE('',#4005,0.26);
#4005 = AXIS2_PLACEMENT_3D('',#4006,#4007,#4008);
#4006 = CARTESIAN_POINT('',(-3.75,-9.49,-0.26));
#4007 = DIRECTION('',(-1.,0.,0.));
#4008 = DIRECTION('',(0.,0.,1.));
#4009 = ORIENTED_EDGE('',*,*,#3212,.T.);
#4010 = ORIENTED_EDGE('',*,*,#4011,.F.);
#4011 = EDGE_CURVE('',#4012,#3213,#4014,.T.);
#4012 = VERTEX_POINT('',#4013);
#4013 = CARTESIAN_POINT('',(-3.75,-9.5,-0.26));
#4014 = CIRCLE('',#4015,1.E-02);
#4015 = AXIS2_PLACEMENT_3D('',#4016,#4017,#4018);
#4016 = CARTESIAN_POINT('',(-3.75,-9.49,-0.26));
#4017 = DIRECTION('',(-1.,0.,0.));
#4018 = DIRECTION('',(0.,0.,1.));
#4019 = ORIENTED_EDGE('',*,*,#4020,.T.);
#4020 = EDGE_CURVE('',#4012,#4002,#4021,.T.);
#4021 = LINE('',#4022,#4023);
#4022 = CARTESIAN_POINT('',(-3.75,-9.5,-0.26));
#4023 = VECTOR('',#4024,1.);
#4024 = DIRECTION('',(2.312964634636E-16,-1.,3.169856808908E-15));
#4025 = PLANE('',#4026);
#4026 = AXIS2_PLACEMENT_3D('',#4027,#4028,#4029);
#4027 = CARTESIAN_POINT('',(-3.75,-9.49,-0.26));
#4028 = DIRECTION('',(1.,0.,-0.));
#4029 = DIRECTION('',(-0.,0.,-1.));
#4030 = ADVANCED_FACE('',(#4031),#4044,.T.);
#4031 = FACE_BOUND('',#4032,.T.);
#4032 = EDGE_LOOP('',(#4033,#4034,#4035,#4036,#4042,#4043));
#4033 = ORIENTED_EDGE('',*,*,#2891,.F.);
#4034 = ORIENTED_EDGE('',*,*,#3102,.F.);
#4035 = ORIENTED_EDGE('',*,*,#4001,.F.);
#4036 = ORIENTED_EDGE('',*,*,#4037,.T.);
#4037 = EDGE_CURVE('',#4002,#3979,#4038,.T.);
#4038 = LINE('',#4039,#4040);
#4039 = CARTESIAN_POINT('',(3.75,-9.75,-0.26));
#4040 = VECTOR('',#4041,1.);
#4041 = DIRECTION('',(1.,2.312964634636E-16,-0.));
#4042 = ORIENTED_EDGE('',*,*,#3978,.F.);
#4043 = ORIENTED_EDGE('',*,*,#3119,.F.);
#4044 = CYLINDRICAL_SURFACE('',#4045,0.26);
#4045 = AXIS2_PLACEMENT_3D('',#4046,#4047,#4048);
#4046 = CARTESIAN_POINT('',(-3.75,-9.49,-0.26));
#4047 = DIRECTION('',(-1.,0.,0.));
#4048 = DIRECTION('',(0.,-1.,3.127506266785E-15));
#4049 = ADVANCED_FACE('',(#4050),#4061,.F.);
#4050 = FACE_BOUND('',#4051,.F.);
#4051 = EDGE_LOOP('',(#4052,#4053,#4059,#4060));
#4052 = ORIENTED_EDGE('',*,*,#4011,.F.);
#4053 = ORIENTED_EDGE('',*,*,#4054,.F.);
#4054 = EDGE_CURVE('',#3969,#4012,#4055,.T.);
#4055 = LINE('',#4056,#4057);
#4056 = CARTESIAN_POINT('',(3.75,-9.5,-0.26));
#4057 = VECTOR('',#4058,1.);
#4058 = DIRECTION('',(-1.,-2.312964634636E-16,0.));
#4059 = ORIENTED_EDGE('',*,*,#3968,.F.);
#4060 = ORIENTED_EDGE('',*,*,#3317,.F.);
#4061 = CYLINDRICAL_SURFACE('',#4062,1.E-02);
#4062 = AXIS2_PLACEMENT_3D('',#4063,#4064,#4065);
#4063 = CARTESIAN_POINT('',(-3.75,-9.49,-0.26));
#4064 = DIRECTION('',(-1.,0.,0.));
#4065 = DIRECTION('',(0.,-1.,5.421010862428E-15));
#4066 = ADVANCED_FACE('',(#4067),#4092,.F.);
#4067 = FACE_BOUND('',#4068,.T.);
#4068 = EDGE_LOOP('',(#4069,#4070,#4078,#4086));
#4069 = ORIENTED_EDGE('',*,*,#4020,.F.);
#4070 = ORIENTED_EDGE('',*,*,#4071,.T.);
#4071 = EDGE_CURVE('',#4012,#4072,#4074,.T.);
#4072 = VERTEX_POINT('',#4073);
#4073 = CARTESIAN_POINT('',(-3.75,-9.5,-2.95));
#4074 = LINE('',#4075,#4076);
#4075 = CARTESIAN_POINT('',(-3.75,-9.5,-2.95));
#4076 = VECTOR('',#4077,1.);
#4077 = DIRECTION('',(1.606225440719E-16,-3.212450881439E-15,-1.));
#4078 = ORIENTED_EDGE('',*,*,#4079,.F.);
#4079 = EDGE_CURVE('',#4080,#4072,#4082,.T.);
#4080 = VERTEX_POINT('',#4081);
#4081 = CARTESIAN_POINT('',(-3.75,-9.75,-2.95));
#4082 = LINE('',#4083,#4084);
#4083 = CARTESIAN_POINT('',(-3.75,-9.75,-2.95));
#4084 = VECTOR('',#4085,1.);
#4085 = DIRECTION('',(-2.312964634636E-16,1.,-3.491481338843E-15));
#4086 = ORIENTED_EDGE('',*,*,#4087,.F.);
#4087 = EDGE_CURVE('',#4002,#4080,#4088,.T.);
#4088 = LINE('',#4089,#4090);
#4089 = CARTESIAN_POINT('',(-3.75,-9.75,3.159193188847E-14));
#4090 = VECTOR('',#4091,1.);
#4091 = DIRECTION('',(1.606225440719E-16,-3.212450881439E-15,-1.));
#4092 = PLANE('',#4093);
#4093 = AXIS2_PLACEMENT_3D('',#4094,#4095,#4096);
#4094 = CARTESIAN_POINT('',(-3.75,-9.75,-2.95));
#4095 = DIRECTION('',(1.,2.312964634636E-16,1.606225440719E-16));
#4096 = DIRECTION('',(-2.312964634636E-16,1.,0.));
#4097 = ADVANCED_FACE('',(#4098),#4123,.F.);
#4098 = FACE_BOUND('',#4099,.T.);
#4099 = EDGE_LOOP('',(#4100,#4101,#4109,#4117));
#4100 = ORIENTED_EDGE('',*,*,#3987,.T.);
#4101 = ORIENTED_EDGE('',*,*,#4102,.F.);
#4102 = EDGE_CURVE('',#4103,#3979,#4105,.T.);
#4103 = VERTEX_POINT('',#4104);
#4104 = CARTESIAN_POINT('',(3.75,-9.75,-2.95));
#4105 = LINE('',#4106,#4107);
#4106 = CARTESIAN_POINT('',(3.75,-9.75,3.219426642874E-14));
#4107 = VECTOR('',#4108,1.);
#4108 = DIRECTION('',(-8.75811540203E-47,3.212450881439E-15,1.));
#4109 = ORIENTED_EDGE('',*,*,#4110,.T.);
#4110 = EDGE_CURVE('',#4103,#4111,#4113,.T.);
#4111 = VERTEX_POINT('',#4112);
#4112 = CARTESIAN_POINT('',(3.75,-9.5,-2.95));
#4113 = LINE('',#4114,#4115);
#4114 = CARTESIAN_POINT('',(3.75,-9.75,-2.95));
#4115 = VECTOR('',#4116,1.);
#4116 = DIRECTION('',(-2.312964634636E-16,1.,-3.491481338843E-15));
#4117 = ORIENTED_EDGE('',*,*,#4118,.T.);
#4118 = EDGE_CURVE('',#4111,#3969,#4119,.T.);
#4119 = LINE('',#4120,#4121);
#4120 = CARTESIAN_POINT('',(3.75,-9.5,-0.25));
#4121 = VECTOR('',#4122,1.);
#4122 = DIRECTION('',(-8.75811540203E-47,3.212450881439E-15,1.));
#4123 = PLANE('',#4124);
#4124 = AXIS2_PLACEMENT_3D('',#4125,#4126,#4127);
#4125 = CARTESIAN_POINT('',(3.75,-9.75,-0.25));
#4126 = DIRECTION('',(-1.,-2.312964634636E-16,7.430285279272E-31));
#4127 = DIRECTION('',(2.312964634636E-16,-1.,0.));
#4128 = ADVANCED_FACE('',(#4129),#4140,.F.);
#4129 = FACE_BOUND('',#4130,.T.);
#4130 = EDGE_LOOP('',(#4131,#4132,#4133,#4139));
#4131 = ORIENTED_EDGE('',*,*,#4037,.F.);
#4132 = ORIENTED_EDGE('',*,*,#4087,.T.);
#4133 = ORIENTED_EDGE('',*,*,#4134,.T.);
#4134 = EDGE_CURVE('',#4080,#4103,#4135,.T.);
#4135 = LINE('',#4136,#4137);
#4136 = CARTESIAN_POINT('',(2.25514051877E-15,-9.75,-2.95));
#4137 = VECTOR('',#4138,1.);
#4138 = DIRECTION('',(1.,2.312964634636E-16,0.));
#4139 = ORIENTED_EDGE('',*,*,#4102,.T.);
#4140 = PLANE('',#4141);
#4141 = AXIS2_PLACEMENT_3D('',#4142,#4143,#4144);
#4142 = CARTESIAN_POINT('',(2.25514051877E-15,-9.75,3.219426642874E-14)
  );
#4143 = DIRECTION('',(-2.312964634636E-16,1.,-3.212450881439E-15));
#4144 = DIRECTION('',(0.,3.212450881439E-15,1.));
#4145 = ADVANCED_FACE('',(#4146),#4157,.T.);
#4146 = FACE_BOUND('',#4147,.T.);
#4147 = EDGE_LOOP('',(#4148,#4149,#4150,#4151));
#4148 = ORIENTED_EDGE('',*,*,#4071,.F.);
#4149 = ORIENTED_EDGE('',*,*,#4054,.F.);
#4150 = ORIENTED_EDGE('',*,*,#4118,.F.);
#4151 = ORIENTED_EDGE('',*,*,#4152,.F.);
#4152 = EDGE_CURVE('',#4072,#4111,#4153,.T.);
#4153 = LINE('',#4154,#4155);
#4154 = CARTESIAN_POINT('',(3.75,-9.5,-2.95));
#4155 = VECTOR('',#4156,1.);
#4156 = DIRECTION('',(1.,2.312964634636E-16,-0.));
#4157 = PLANE('',#4158);
#4158 = AXIS2_PLACEMENT_3D('',#4159,#4160,#4161);
#4159 = CARTESIAN_POINT('',(2.197316402904E-15,-9.5,3.132139609403E-14)
  );
#4160 = DIRECTION('',(-2.312964634636E-16,1.,-3.212450881439E-15));
#4161 = DIRECTION('',(0.,3.212450881439E-15,1.));
#4162 = ADVANCED_FACE('',(#4163),#4169,.F.);
#4163 = FACE_BOUND('',#4164,.T.);
#4164 = EDGE_LOOP('',(#4165,#4166,#4167,#4168));
#4165 = ORIENTED_EDGE('',*,*,#4152,.T.);
#4166 = ORIENTED_EDGE('',*,*,#4110,.F.);
#4167 = ORIENTED_EDGE('',*,*,#4134,.F.);
#4168 = ORIENTED_EDGE('',*,*,#4079,.T.);
#4169 = PLANE('',#4170);
#4170 = AXIS2_PLACEMENT_3D('',#4171,#4172,#4173);
#4171 = CARTESIAN_POINT('',(3.75,-9.75,-2.95));
#4172 = DIRECTION('',(-8.075672859235E-31,3.491481338843E-15,1.));
#4173 = DIRECTION('',(0.,-1.,3.491481338843E-15));
#4174 = ADVANCED_FACE('',(#4175),#4200,.T.);
#4175 = FACE_BOUND('',#4176,.T.);
#4176 = EDGE_LOOP('',(#4177,#4178,#4186,#4194));
#4177 = ORIENTED_EDGE('',*,*,#3000,.F.);
#4178 = ORIENTED_EDGE('',*,*,#4179,.F.);
#4179 = EDGE_CURVE('',#4180,#2993,#4182,.T.);
#4180 = VERTEX_POINT('',#4181);
#4181 = CARTESIAN_POINT('',(-0.178306495725,-7.482222807495,-0.1));
#4182 = LINE('',#4183,#4184);
#4183 = CARTESIAN_POINT('',(-0.178306495725,-7.482222807495,-0.1));
#4184 = VECTOR('',#4185,1.);
#4185 = DIRECTION('',(0.,0.,1.));
#4186 = ORIENTED_EDGE('',*,*,#4187,.T.);
#4187 = EDGE_CURVE('',#4180,#4188,#4190,.T.);
#4188 = VERTEX_POINT('',#4189);
#4189 = CARTESIAN_POINT('',(-1.270151888022,-7.482222807495,-0.1));
#4190 = LINE('',#4191,#4192);
#4191 = CARTESIAN_POINT('',(-0.178306495725,-7.482222807495,-0.1));
#4192 = VECTOR('',#4193,1.);
#4193 = DIRECTION('',(-1.,0.,0.));
#4194 = ORIENTED_EDGE('',*,*,#4195,.T.);
#4195 = EDGE_CURVE('',#4188,#3001,#4196,.T.);
#4196 = LINE('',#4197,#4198);
#4197 = CARTESIAN_POINT('',(-1.270151888022,-7.482222807495,-0.1));
#4198 = VECTOR('',#4199,1.);
#4199 = DIRECTION('',(0.,0.,1.));
#4200 = PLANE('',#4201);
#4201 = AXIS2_PLACEMENT_3D('',#4202,#4203,#4204);
#4202 = CARTESIAN_POINT('',(-0.178306495725,-7.482222807495,-0.1));
#4203 = DIRECTION('',(0.,1.,-0.));
#4204 = DIRECTION('',(0.,0.,1.));
#4205 = ADVANCED_FACE('',(#4206),#4224,.T.);
#4206 = FACE_BOUND('',#4207,.T.);
#4207 = EDGE_LOOP('',(#4208,#4209,#4210,#4218));
#4208 = ORIENTED_EDGE('',*,*,#3008,.F.);
#4209 = ORIENTED_EDGE('',*,*,#4195,.F.);
#4210 = ORIENTED_EDGE('',*,*,#4211,.T.);
#4211 = EDGE_CURVE('',#4188,#4212,#4214,.T.);
#4212 = VERTEX_POINT('',#4213);
#4213 = CARTESIAN_POINT('',(-1.270151888022,-7.107229902347,-0.1));
#4214 = LINE('',#4215,#4216);
#4215 = CARTESIAN_POINT('',(-1.270151888022,-7.107229902347,-0.1));
#4216 = VECTOR('',#4217,1.);
#4217 = DIRECTION('',(-0.,1.,-0.));
#4218 = ORIENTED_EDGE('',*,*,#4219,.T.);
#4219 = EDGE_CURVE('',#4212,#3009,#4220,.T.);
#4220 = LINE('',#4221,#4222);
#4221 = CARTESIAN_POINT('',(-1.270151888022,-7.107229902347,-0.1));
#4222 = VECTOR('',#4223,1.);
#4223 = DIRECTION('',(0.,0.,1.));
#4224 = PLANE('',#4225);
#4225 = AXIS2_PLACEMENT_3D('',#4226,#4227,#4228);
#4226 = CARTESIAN_POINT('',(-1.270151888022,-7.107229902347,-0.1));
#4227 = DIRECTION('',(1.,0.,-0.));
#4228 = DIRECTION('',(-0.,0.,-1.));
#4229 = ADVANCED_FACE('',(#4230),#4248,.T.);
#4230 = FACE_BOUND('',#4231,.T.);
#4231 = EDGE_LOOP('',(#4232,#4233,#4234,#4242));
#4232 = ORIENTED_EDGE('',*,*,#3016,.F.);
#4233 = ORIENTED_EDGE('',*,*,#4219,.F.);
#4234 = ORIENTED_EDGE('',*,*,#4235,.T.);
#4235 = EDGE_CURVE('',#4212,#4236,#4238,.T.);
#4236 = VERTEX_POINT('',#4237);
#4237 = CARTESIAN_POINT('',(-0.178306495725,-7.107229902347,-0.1));
#4238 = LINE('',#4239,#4240);
#4239 = CARTESIAN_POINT('',(-0.178306495725,-7.107229902347,-0.1));
#4240 = VECTOR('',#4241,1.);
#4241 = DIRECTION('',(1.,-0.,-0.));
#4242 = ORIENTED_EDGE('',*,*,#4243,.T.);
#4243 = EDGE_CURVE('',#4236,#3017,#4244,.T.);
#4244 = LINE('',#4245,#4246);
#4245 = CARTESIAN_POINT('',(-0.178306495725,-7.107229902347,-0.1));
#4246 = VECTOR('',#4247,1.);
#4247 = DIRECTION('',(0.,0.,1.));
#4248 = PLANE('',#4249);
#4249 = AXIS2_PLACEMENT_3D('',#4250,#4251,#4252);
#4250 = CARTESIAN_POINT('',(-0.178306495725,-7.107229902347,-0.1));
#4251 = DIRECTION('',(0.,-1.,0.));
#4252 = DIRECTION('',(0.,-0.,-1.));
#4253 = ADVANCED_FACE('',(#4254),#4272,.T.);
#4254 = FACE_BOUND('',#4255,.T.);
#4255 = EDGE_LOOP('',(#4256,#4257,#4258,#4266));
#4256 = ORIENTED_EDGE('',*,*,#3024,.F.);
#4257 = ORIENTED_EDGE('',*,*,#4243,.F.);
#4258 = ORIENTED_EDGE('',*,*,#4259,.T.);
#4259 = EDGE_CURVE('',#4236,#4260,#4262,.T.);
#4260 = VERTEX_POINT('',#4261);
#4261 = CARTESIAN_POINT('',(-0.178306495725,-6.086829730308,-0.1));
#4262 = LINE('',#4263,#4264);
#4263 = CARTESIAN_POINT('',(-0.178306495725,-6.086829730308,-0.1));
#4264 = VECTOR('',#4265,1.);
#4265 = DIRECTION('',(-4.436047929197E-15,1.,-0.));
#4266 = ORIENTED_EDGE('',*,*,#4267,.T.);
#4267 = EDGE_CURVE('',#4260,#3025,#4268,.T.);
#4268 = LINE('',#4269,#4270);
#4269 = CARTESIAN_POINT('',(-0.178306495725,-6.086829730308,-0.1));
#4270 = VECTOR('',#4271,1.);
#4271 = DIRECTION('',(0.,0.,1.));
#4272 = PLANE('',#4273);
#4273 = AXIS2_PLACEMENT_3D('',#4274,#4275,#4276);
#4274 = CARTESIAN_POINT('',(-0.178306495725,-6.086829730308,-0.1));
#4275 = DIRECTION('',(1.,4.436047929197E-15,-0.));
#4276 = DIRECTION('',(-4.436047929197E-15,1.,0.));
#4277 = ADVANCED_FACE('',(#4278),#4296,.T.);
#4278 = FACE_BOUND('',#4279,.T.);
#4279 = EDGE_LOOP('',(#4280,#4281,#4282,#4290));
#4280 = ORIENTED_EDGE('',*,*,#3032,.F.);
#4281 = ORIENTED_EDGE('',*,*,#4267,.F.);
#4282 = ORIENTED_EDGE('',*,*,#4283,.T.);
#4283 = EDGE_CURVE('',#4260,#4284,#4286,.T.);
#4284 = VERTEX_POINT('',#4285);
#4285 = CARTESIAN_POINT('',(0.178306495725,-6.086829730308,-0.1));
#4286 = LINE('',#4287,#4288);
#4287 = CARTESIAN_POINT('',(0.178306495725,-6.086829730308,-0.1));
#4288 = VECTOR('',#4289,1.);
#4289 = DIRECTION('',(1.,2.432221368222E-15,-0.));
#4290 = ORIENTED_EDGE('',*,*,#4291,.T.);
#4291 = EDGE_CURVE('',#4284,#3033,#4292,.T.);
#4292 = LINE('',#4293,#4294);
#4293 = CARTESIAN_POINT('',(0.178306495725,-6.086829730308,-0.1));
#4294 = VECTOR('',#4295,1.);
#4295 = DIRECTION('',(0.,0.,1.));
#4296 = PLANE('',#4297);
#4297 = AXIS2_PLACEMENT_3D('',#4298,#4299,#4300);
#4298 = CARTESIAN_POINT('',(0.178306495725,-6.086829730308,-0.1));
#4299 = DIRECTION('',(2.432221368222E-15,-1.,0.));
#4300 = DIRECTION('',(1.,2.432221368222E-15,0.));
#4301 = ADVANCED_FACE('',(#4302),#4320,.T.);
#4302 = FACE_BOUND('',#4303,.T.);
#4303 = EDGE_LOOP('',(#4304,#4305,#4306,#4314));
#4304 = ORIENTED_EDGE('',*,*,#3040,.F.);
#4305 = ORIENTED_EDGE('',*,*,#4291,.F.);
#4306 = ORIENTED_EDGE('',*,*,#4307,.T.);
#4307 = EDGE_CURVE('',#4284,#4308,#4310,.T.);
#4308 = VERTEX_POINT('',#4309);
#4309 = CARTESIAN_POINT('',(0.178306495725,-7.107229902347,-0.1));
#4310 = LINE('',#4311,#4312);
#4311 = CARTESIAN_POINT('',(0.178306495725,-6.086829730308,-0.1));
#4312 = VECTOR('',#4313,1.);
#4313 = DIRECTION('',(0.,-1.,0.));
#4314 = ORIENTED_EDGE('',*,*,#4315,.T.);
#4315 = EDGE_CURVE('',#4308,#3041,#4316,.T.);
#4316 = LINE('',#4317,#4318);
#4317 = CARTESIAN_POINT('',(0.178306495725,-7.107229902347,-0.1));
#4318 = VECTOR('',#4319,1.);
#4319 = DIRECTION('',(0.,0.,1.));
#4320 = PLANE('',#4321);
#4321 = AXIS2_PLACEMENT_3D('',#4322,#4323,#4324);
#4322 = CARTESIAN_POINT('',(0.178306495725,-6.086829730308,-0.1));
#4323 = DIRECTION('',(-1.,0.,0.));
#4324 = DIRECTION('',(0.,0.,1.));
#4325 = ADVANCED_FACE('',(#4326),#4344,.T.);
#4326 = FACE_BOUND('',#4327,.T.);
#4327 = EDGE_LOOP('',(#4328,#4329,#4330,#4338));
#4328 = ORIENTED_EDGE('',*,*,#3048,.F.);
#4329 = ORIENTED_EDGE('',*,*,#4315,.F.);
#4330 = ORIENTED_EDGE('',*,*,#4331,.T.);
#4331 = EDGE_CURVE('',#4308,#4332,#4334,.T.);
#4332 = VERTEX_POINT('',#4333);
#4333 = CARTESIAN_POINT('',(1.270151888022,-7.107229902347,-0.1));
#4334 = LINE('',#4335,#4336);
#4335 = CARTESIAN_POINT('',(1.270151888022,-7.107229902347,-0.1));
#4336 = VECTOR('',#4337,1.);
#4337 = DIRECTION('',(1.,-0.,-0.));
#4338 = ORIENTED_EDGE('',*,*,#4339,.T.);
#4339 = EDGE_CURVE('',#4332,#3049,#4340,.T.);
#4340 = LINE('',#4341,#4342);
#4341 = CARTESIAN_POINT('',(1.270151888022,-7.107229902347,-0.1));
#4342 = VECTOR('',#4343,1.);
#4343 = DIRECTION('',(0.,0.,1.));
#4344 = PLANE('',#4345);
#4345 = AXIS2_PLACEMENT_3D('',#4346,#4347,#4348);
#4346 = CARTESIAN_POINT('',(1.270151888022,-7.107229902347,-0.1));
#4347 = DIRECTION('',(0.,-1.,0.));
#4348 = DIRECTION('',(0.,-0.,-1.));
#4349 = ADVANCED_FACE('',(#4350),#4368,.T.);
#4350 = FACE_BOUND('',#4351,.T.);
#4351 = EDGE_LOOP('',(#4352,#4353,#4354,#4362));
#4352 = ORIENTED_EDGE('',*,*,#3056,.F.);
#4353 = ORIENTED_EDGE('',*,*,#4339,.F.);
#4354 = ORIENTED_EDGE('',*,*,#4355,.T.);
#4355 = EDGE_CURVE('',#4332,#4356,#4358,.T.);
#4356 = VERTEX_POINT('',#4357);
#4357 = CARTESIAN_POINT('',(1.270151888022,-7.482222807495,-0.1));
#4358 = LINE('',#4359,#4360);
#4359 = CARTESIAN_POINT('',(1.270151888022,-7.107229902347,-0.1));
#4360 = VECTOR('',#4361,1.);
#4361 = DIRECTION('',(0.,-1.,0.));
#4362 = ORIENTED_EDGE('',*,*,#4363,.T.);
#4363 = EDGE_CURVE('',#4356,#3057,#4364,.T.);
#4364 = LINE('',#4365,#4366);
#4365 = CARTESIAN_POINT('',(1.270151888022,-7.482222807495,-0.1));
#4366 = VECTOR('',#4367,1.);
#4367 = DIRECTION('',(0.,0.,1.));
#4368 = PLANE('',#4369);
#4369 = AXIS2_PLACEMENT_3D('',#4370,#4371,#4372);
#4370 = CARTESIAN_POINT('',(1.270151888022,-7.107229902347,-0.1));
#4371 = DIRECTION('',(-1.,0.,0.));
#4372 = DIRECTION('',(0.,0.,1.));
#4373 = ADVANCED_FACE('',(#4374),#4392,.T.);
#4374 = FACE_BOUND('',#4375,.T.);
#4375 = EDGE_LOOP('',(#4376,#4377,#4378,#4386));
#4376 = ORIENTED_EDGE('',*,*,#3064,.F.);
#4377 = ORIENTED_EDGE('',*,*,#4363,.F.);
#4378 = ORIENTED_EDGE('',*,*,#4379,.T.);
#4379 = EDGE_CURVE('',#4356,#4380,#4382,.T.);
#4380 = VERTEX_POINT('',#4381);
#4381 = CARTESIAN_POINT('',(0.178306495725,-7.482222807495,-0.1));
#4382 = LINE('',#4383,#4384);
#4383 = CARTESIAN_POINT('',(1.270151888022,-7.482222807495,-0.1));
#4384 = VECTOR('',#4385,1.);
#4385 = DIRECTION('',(-1.,0.,0.));
#4386 = ORIENTED_EDGE('',*,*,#4387,.T.);
#4387 = EDGE_CURVE('',#4380,#3065,#4388,.T.);
#4388 = LINE('',#4389,#4390);
#4389 = CARTESIAN_POINT('',(0.178306495725,-7.482222807495,-0.1));
#4390 = VECTOR('',#4391,1.);
#4391 = DIRECTION('',(0.,0.,1.));
#4392 = PLANE('',#4393);
#4393 = AXIS2_PLACEMENT_3D('',#4394,#4395,#4396);
#4394 = CARTESIAN_POINT('',(1.270151888022,-7.482222807495,-0.1));
#4395 = DIRECTION('',(0.,1.,-0.));
#4396 = DIRECTION('',(0.,0.,1.));
#4397 = ADVANCED_FACE('',(#4398),#4416,.T.);
#4398 = FACE_BOUND('',#4399,.T.);
#4399 = EDGE_LOOP('',(#4400,#4401,#4402,#4410));
#4400 = ORIENTED_EDGE('',*,*,#3072,.F.);
#4401 = ORIENTED_EDGE('',*,*,#4387,.F.);
#4402 = ORIENTED_EDGE('',*,*,#4403,.T.);
#4403 = EDGE_CURVE('',#4380,#4404,#4406,.T.);
#4404 = VERTEX_POINT('',#4405);
#4405 = CARTESIAN_POINT('',(0.178306495725,-8.502622979534,-0.1));
#4406 = LINE('',#4407,#4408);
#4407 = CARTESIAN_POINT('',(0.178306495725,-7.482222807495,-0.1));
#4408 = VECTOR('',#4409,1.);
#4409 = DIRECTION('',(0.,-1.,0.));
#4410 = ORIENTED_EDGE('',*,*,#4411,.T.);
#4411 = EDGE_CURVE('',#4404,#3073,#4412,.T.);
#4412 = LINE('',#4413,#4414);
#4413 = CARTESIAN_POINT('',(0.178306495725,-8.502622979534,-0.1));
#4414 = VECTOR('',#4415,1.);
#4415 = DIRECTION('',(0.,0.,1.));
#4416 = PLANE('',#4417);
#4417 = AXIS2_PLACEMENT_3D('',#4418,#4419,#4420);
#4418 = CARTESIAN_POINT('',(0.178306495725,-7.482222807495,-0.1));
#4419 = DIRECTION('',(-1.,0.,0.));
#4420 = DIRECTION('',(0.,0.,1.));
#4421 = ADVANCED_FACE('',(#4422),#4440,.T.);
#4422 = FACE_BOUND('',#4423,.T.);
#4423 = EDGE_LOOP('',(#4424,#4425,#4426,#4434));
#4424 = ORIENTED_EDGE('',*,*,#3080,.F.);
#4425 = ORIENTED_EDGE('',*,*,#4411,.F.);
#4426 = ORIENTED_EDGE('',*,*,#4427,.T.);
#4427 = EDGE_CURVE('',#4404,#4428,#4430,.T.);
#4428 = VERTEX_POINT('',#4429);
#4429 = CARTESIAN_POINT('',(-0.178306495725,-8.502622979534,-0.1));
#4430 = LINE('',#4431,#4432);
#4431 = CARTESIAN_POINT('',(0.178306495725,-8.502622979534,-0.1));
#4432 = VECTOR('',#4433,1.);
#4433 = DIRECTION('',(-1.,0.,0.));
#4434 = ORIENTED_EDGE('',*,*,#4435,.T.);
#4435 = EDGE_CURVE('',#4428,#2991,#4436,.T.);
#4436 = LINE('',#4437,#4438);
#4437 = CARTESIAN_POINT('',(-0.178306495725,-8.502622979534,-0.1));
#4438 = VECTOR('',#4439,1.);
#4439 = DIRECTION('',(0.,0.,1.));
#4440 = PLANE('',#4441);
#4441 = AXIS2_PLACEMENT_3D('',#4442,#4443,#4444);
#4442 = CARTESIAN_POINT('',(0.178306495725,-8.502622979534,-0.1));
#4443 = DIRECTION('',(0.,1.,-0.));
#4444 = DIRECTION('',(0.,0.,1.));
#4445 = ADVANCED_FACE('',(#4446),#4457,.T.);
#4446 = FACE_BOUND('',#4447,.T.);
#4447 = EDGE_LOOP('',(#4448,#4449,#4450,#4456));
#4448 = ORIENTED_EDGE('',*,*,#2990,.F.);
#4449 = ORIENTED_EDGE('',*,*,#4435,.F.);
#4450 = ORIENTED_EDGE('',*,*,#4451,.T.);
#4451 = EDGE_CURVE('',#4428,#4180,#4452,.T.);
#4452 = LINE('',#4453,#4454);
#4453 = CARTESIAN_POINT('',(-0.178306495725,-7.482222807495,-0.1));
#4454 = VECTOR('',#4455,1.);
#4455 = DIRECTION('',(-2.125052900214E-16,1.,-0.));
#4456 = ORIENTED_EDGE('',*,*,#4179,.T.);
#4457 = PLANE('',#4458);
#4458 = AXIS2_PLACEMENT_3D('',#4459,#4460,#4461);
#4459 = CARTESIAN_POINT('',(-0.178306495725,-7.482222807495,-0.1));
#4460 = DIRECTION('',(1.,2.125052900214E-16,-0.));
#4461 = DIRECTION('',(-2.125052900214E-16,1.,0.));
#4462 = ADVANCED_FACE('',(#4463),#4477,.T.);
#4463 = FACE_BOUND('',#4464,.T.);
#4464 = EDGE_LOOP('',(#4465,#4466,#4467,#4468,#4469,#4470,#4471,#4472,
    #4473,#4474,#4475,#4476));
#4465 = ORIENTED_EDGE('',*,*,#4187,.F.);
#4466 = ORIENTED_EDGE('',*,*,#4451,.F.);
#4467 = ORIENTED_EDGE('',*,*,#4427,.F.);
#4468 = ORIENTED_EDGE('',*,*,#4403,.F.);
#4469 = ORIENTED_EDGE('',*,*,#4379,.F.);
#4470 = ORIENTED_EDGE('',*,*,#4355,.F.);
#4471 = ORIENTED_EDGE('',*,*,#4331,.F.);
#4472 = ORIENTED_EDGE('',*,*,#4307,.F.);
#4473 = ORIENTED_EDGE('',*,*,#4283,.F.);
#4474 = ORIENTED_EDGE('',*,*,#4259,.F.);
#4475 = ORIENTED_EDGE('',*,*,#4235,.F.);
#4476 = ORIENTED_EDGE('',*,*,#4211,.F.);
#4477 = PLANE('',#4478);
#4478 = AXIS2_PLACEMENT_3D('',#4479,#4480,#4481);
#4479 = CARTESIAN_POINT('',(0.,0.,-0.1));
#4480 = DIRECTION('',(0.,0.,1.));
#4481 = DIRECTION('',(1.,0.,-0.));
#4482 = ADVANCED_FACE('',(#4483),#4542,.T.);
#4483 = FACE_BOUND('',#4484,.T.);
#4484 = EDGE_LOOP('',(#4485,#4495,#4503,#4511,#4520,#4526,#4527,#4535));
#4485 = ORIENTED_EDGE('',*,*,#4486,.T.);
#4486 = EDGE_CURVE('',#4487,#4489,#4491,.T.);
#4487 = VERTEX_POINT('',#4488);
#4488 = CARTESIAN_POINT('',(4.996464180618,-1.380669186543,
    -1.180460194866));
#4489 = VERTEX_POINT('',#4490);
#4490 = CARTESIAN_POINT('',(4.996464180618,-2.18037411148,
    -1.180460194866));
#4491 = LINE('',#4492,#4493);
#4492 = CARTESIAN_POINT('',(4.996464180618,-1.380669186543,
    -1.180460194866));
#4493 = VECTOR('',#4494,1.);
#4494 = DIRECTION('',(0.,-1.,1.204866595032E-16));
#4495 = ORIENTED_EDGE('',*,*,#4496,.T.);
#4496 = EDGE_CURVE('',#4489,#4497,#4499,.T.);
#4497 = VERTEX_POINT('',#4498);
#4498 = CARTESIAN_POINT('',(4.996464180618,-2.18037411148,
    -0.930460194866));
#4499 = LINE('',#4500,#4501);
#4500 = CARTESIAN_POINT('',(4.996464180618,-2.18037411148,
    6.953980513435E-02));
#4501 = VECTOR('',#4502,1.);
#4502 = DIRECTION('',(-0.,-0.,1.));
#4503 = ORIENTED_EDGE('',*,*,#4504,.F.);
#4504 = EDGE_CURVE('',#4505,#4497,#4507,.T.);
#4505 = VERTEX_POINT('',#4506);
#4506 = CARTESIAN_POINT('',(4.996464180618,-1.380669186543,
    -0.930460194866));
#4507 = LINE('',#4508,#4509);
#4508 = CARTESIAN_POINT('',(4.996464180618,-1.380669186543,
    -0.930460194866));
#4509 = VECTOR('',#4510,1.);
#4510 = DIRECTION('',(0.,-1.,1.204866595032E-16));
#4511 = ORIENTED_EDGE('',*,*,#4512,.F.);
#4512 = EDGE_CURVE('',#4513,#4505,#4515,.T.);
#4513 = VERTEX_POINT('',#4514);
#4514 = CARTESIAN_POINT('',(4.996464180618,-1.155534896917,
    -0.904787938304));
#4515 = CIRCLE('',#4516,1.);
#4516 = AXIS2_PLACEMENT_3D('',#4517,#4518,#4519);
#4517 = CARTESIAN_POINT('',(4.996464180618,-1.380669186543,
    6.953980513435E-02));
#4518 = DIRECTION('',(-1.,0.,0.));
#4519 = DIRECTION('',(0.,0.,1.));
#4520 = ORIENTED_EDGE('',*,*,#4521,.F.);
#4521 = EDGE_CURVE('',#2735,#4513,#4522,.T.);
#4522 = LINE('',#4523,#4524);
#4523 = CARTESIAN_POINT('',(4.996464180618,2.760172442379,0.));
#4524 = VECTOR('',#4525,1.);
#4525 = DIRECTION('',(0.,-0.974327743439,-0.225134289627));
#4526 = ORIENTED_EDGE('',*,*,#3160,.T.);
#4527 = ORIENTED_EDGE('',*,*,#4528,.T.);
#4528 = EDGE_CURVE('',#3153,#4529,#4531,.T.);
#4529 = VERTEX_POINT('',#4530);
#4530 = CARTESIAN_POINT('',(4.996464180618,-1.09925132451,
    -1.148369874164));
#4531 = LINE('',#4532,#4533);
#4532 = CARTESIAN_POINT('',(4.996464180618,2.816456014786,-0.24358193586
    ));
#4533 = VECTOR('',#4534,1.);
#4534 = DIRECTION('',(-0.,-0.974327743439,-0.225134289627));
#4535 = ORIENTED_EDGE('',*,*,#4536,.T.);
#4536 = EDGE_CURVE('',#4529,#4487,#4537,.T.);
#4537 = CIRCLE('',#4538,1.25);
#4538 = AXIS2_PLACEMENT_3D('',#4539,#4540,#4541);
#4539 = CARTESIAN_POINT('',(4.996464180618,-1.380669186543,
    6.953980513435E-02));
#4540 = DIRECTION('',(-1.,0.,0.));
#4541 = DIRECTION('',(0.,0.,1.));
#4542 = PLANE('',#4543);
#4543 = AXIS2_PLACEMENT_3D('',#4544,#4545,#4546);
#4544 = CARTESIAN_POINT('',(4.996464180618,-1.380669186543,
    6.953980513435E-02));
#4545 = DIRECTION('',(-1.,0.,0.));
#4546 = DIRECTION('',(0.,0.,1.));
#4547 = ADVANCED_FACE('',(#4548),#4607,.F.);
#4548 = FACE_BOUND('',#4549,.T.);
#4549 = EDGE_LOOP('',(#4550,#4560,#4568,#4576,#4585,#4591,#4592,#4600));
#4550 = ORIENTED_EDGE('',*,*,#4551,.T.);
#4551 = EDGE_CURVE('',#4552,#4554,#4556,.T.);
#4552 = VERTEX_POINT('',#4553);
#4553 = CARTESIAN_POINT('',(7.996464180618,-1.380669186543,
    -0.930460194866));
#4554 = VERTEX_POINT('',#4555);
#4555 = CARTESIAN_POINT('',(7.996464180618,-2.18037411148,
    -0.930460194866));
#4556 = LINE('',#4557,#4558);
#4557 = CARTESIAN_POINT('',(7.996464180618,-1.380669186543,
    -0.930460194866));
#4558 = VECTOR('',#4559,1.);
#4559 = DIRECTION('',(0.,-1.,1.204866595032E-16));
#4560 = ORIENTED_EDGE('',*,*,#4561,.T.);
#4561 = EDGE_CURVE('',#4554,#4562,#4564,.T.);
#4562 = VERTEX_POINT('',#4563);
#4563 = CARTESIAN_POINT('',(7.996464180618,-2.18037411148,
    -1.180460194866));
#4564 = LINE('',#4565,#4566);
#4565 = CARTESIAN_POINT('',(7.996464180618,-2.18037411148,
    -1.180460194866));
#4566 = VECTOR('',#4567,1.);
#4567 = DIRECTION('',(0.,0.,-1.));
#4568 = ORIENTED_EDGE('',*,*,#4569,.F.);
#4569 = EDGE_CURVE('',#4570,#4562,#4572,.T.);
#4570 = VERTEX_POINT('',#4571);
#4571 = CARTESIAN_POINT('',(7.996464180618,-1.380669186543,
    -1.180460194866));
#4572 = LINE('',#4573,#4574);
#4573 = CARTESIAN_POINT('',(7.996464180618,-1.380669186543,
    -1.180460194866));
#4574 = VECTOR('',#4575,1.);
#4575 = DIRECTION('',(0.,-1.,1.204866595032E-16));
#4576 = ORIENTED_EDGE('',*,*,#4577,.F.);
#4577 = EDGE_CURVE('',#4578,#4570,#4580,.T.);
#4578 = VERTEX_POINT('',#4579);
#4579 = CARTESIAN_POINT('',(7.996464180618,-1.09925132451,
    -1.148369874164));
#4580 = CIRCLE('',#4581,1.25);
#4581 = AXIS2_PLACEMENT_3D('',#4582,#4583,#4584);
#4582 = CARTESIAN_POINT('',(7.996464180618,-1.380669186543,
    6.953980513435E-02));
#4583 = DIRECTION('',(-1.,0.,0.));
#4584 = DIRECTION('',(0.,0.,1.));
#4585 = ORIENTED_EDGE('',*,*,#4586,.F.);
#4586 = EDGE_CURVE('',#3145,#4578,#4587,.T.);
#4587 = LINE('',#4588,#4589);
#4588 = CARTESIAN_POINT('',(7.996464180618,2.816456014786,-0.24358193586
    ));
#4589 = VECTOR('',#4590,1.);
#4590 = DIRECTION('',(-0.,-0.974327743439,-0.225134289627));
#4591 = ORIENTED_EDGE('',*,*,#3144,.T.);
#4592 = ORIENTED_EDGE('',*,*,#4593,.T.);
#4593 = EDGE_CURVE('',#2703,#4594,#4596,.T.);
#4594 = VERTEX_POINT('',#4595);
#4595 = CARTESIAN_POINT('',(7.996464180618,-1.155534896917,
    -0.904787938304));
#4596 = LINE('',#4597,#4598);
#4597 = CARTESIAN_POINT('',(7.996464180618,2.760172442379,0.));
#4598 = VECTOR('',#4599,1.);
#4599 = DIRECTION('',(0.,-0.974327743439,-0.225134289627));
#4600 = ORIENTED_EDGE('',*,*,#4601,.T.);
#4601 = EDGE_CURVE('',#4594,#4552,#4602,.T.);
#4602 = CIRCLE('',#4603,1.);
#4603 = AXIS2_PLACEMENT_3D('',#4604,#4605,#4606);
#4604 = CARTESIAN_POINT('',(7.996464180618,-1.380669186543,
    6.953980513435E-02));
#4605 = DIRECTION('',(-1.,0.,0.));
#4606 = DIRECTION('',(0.,0.,1.));
#4607 = PLANE('',#4608);
#4608 = AXIS2_PLACEMENT_3D('',#4609,#4610,#4611);
#4609 = CARTESIAN_POINT('',(7.996464180618,-1.380669186543,
    6.953980513435E-02));
#4610 = DIRECTION('',(-1.,0.,0.));
#4611 = DIRECTION('',(0.,0.,1.));
#4612 = ADVANCED_FACE('',(#4613),#4647,.F.);
#4613 = FACE_BOUND('',#4614,.T.);
#4614 = EDGE_LOOP('',(#4615,#4616,#4625,#4633,#4640,#4641));
#4615 = ORIENTED_EDGE('',*,*,#4569,.T.);
#4616 = ORIENTED_EDGE('',*,*,#4617,.T.);
#4617 = EDGE_CURVE('',#4562,#4618,#4620,.T.);
#4618 = VERTEX_POINT('',#4619);
#4619 = CARTESIAN_POINT('',(6.996464180618,-3.18037411148,
    -1.180460194866));
#4620 = CIRCLE('',#4621,1.);
#4621 = AXIS2_PLACEMENT_3D('',#4622,#4623,#4624);
#4622 = CARTESIAN_POINT('',(6.996464180618,-2.18037411148,
    -1.180460194866));
#4623 = DIRECTION('',(-0.,-1.204866595032E-16,-1.));
#4624 = DIRECTION('',(0.,-1.,1.204866595032E-16));
#4625 = ORIENTED_EDGE('',*,*,#4626,.F.);
#4626 = EDGE_CURVE('',#4627,#4618,#4629,.T.);
#4627 = VERTEX_POINT('',#4628);
#4628 = CARTESIAN_POINT('',(5.996464180618,-3.18037411148,
    -1.180460194866));
#4629 = LINE('',#4630,#4631);
#4630 = CARTESIAN_POINT('',(4.996464180618,-3.18037411148,
    -1.180460194866));
#4631 = VECTOR('',#4632,1.);
#4632 = DIRECTION('',(1.,-0.,-0.));
#4633 = ORIENTED_EDGE('',*,*,#4634,.T.);
#4634 = EDGE_CURVE('',#4627,#4489,#4635,.T.);
#4635 = CIRCLE('',#4636,1.);
#4636 = AXIS2_PLACEMENT_3D('',#4637,#4638,#4639);
#4637 = CARTESIAN_POINT('',(5.996464180618,-2.18037411148,
    -1.180460194866));
#4638 = DIRECTION('',(-0.,-1.204866595032E-16,-1.));
#4639 = DIRECTION('',(0.,-1.,1.204866595032E-16));
#4640 = ORIENTED_EDGE('',*,*,#4486,.F.);
#4641 = ORIENTED_EDGE('',*,*,#4642,.T.);
#4642 = EDGE_CURVE('',#4487,#4570,#4643,.T.);
#4643 = LINE('',#4644,#4645);
#4644 = CARTESIAN_POINT('',(4.996464180618,-1.380669186543,
    -1.180460194866));
#4645 = VECTOR('',#4646,1.);
#4646 = DIRECTION('',(1.,-0.,-0.));
#4647 = PLANE('',#4648);
#4648 = AXIS2_PLACEMENT_3D('',#4649,#4650,#4651);
#4649 = CARTESIAN_POINT('',(4.996464180618,-1.380669186543,
    -1.180460194866));
#4650 = DIRECTION('',(0.,1.204866595032E-16,1.));
#4651 = DIRECTION('',(0.,-1.,1.204866595032E-16));
#4652 = ADVANCED_FACE('',(#4653),#4678,.T.);
#4653 = FACE_BOUND('',#4654,.T.);
#4654 = EDGE_LOOP('',(#4655,#4656,#4664,#4672));
#4655 = ORIENTED_EDGE('',*,*,#4626,.T.);
#4656 = ORIENTED_EDGE('',*,*,#4657,.T.);
#4657 = EDGE_CURVE('',#4618,#4658,#4660,.T.);
#4658 = VERTEX_POINT('',#4659);
#4659 = CARTESIAN_POINT('',(6.996464180618,-3.18037411148,
    -0.930460194866));
#4660 = LINE('',#4661,#4662);
#4661 = CARTESIAN_POINT('',(6.996464180618,-3.18037411148,
    -0.930460194866));
#4662 = VECTOR('',#4663,1.);
#4663 = DIRECTION('',(-0.,-0.,1.));
#4664 = ORIENTED_EDGE('',*,*,#4665,.F.);
#4665 = EDGE_CURVE('',#4666,#4658,#4668,.T.);
#4666 = VERTEX_POINT('',#4667);
#4667 = CARTESIAN_POINT('',(5.996464180618,-3.18037411148,
    -0.930460194866));
#4668 = LINE('',#4669,#4670);
#4669 = CARTESIAN_POINT('',(4.996464180618,-3.18037411148,
    -0.930460194866));
#4670 = VECTOR('',#4671,1.);
#4671 = DIRECTION('',(1.,-0.,-0.));
#4672 = ORIENTED_EDGE('',*,*,#4673,.T.);
#4673 = EDGE_CURVE('',#4666,#4627,#4674,.T.);
#4674 = LINE('',#4675,#4676);
#4675 = CARTESIAN_POINT('',(5.996464180618,-3.18037411148,
    -0.930460194866));
#4676 = VECTOR('',#4677,1.);
#4677 = DIRECTION('',(0.,0.,-1.));
#4678 = PLANE('',#4679);
#4679 = AXIS2_PLACEMENT_3D('',#4680,#4681,#4682);
#4680 = CARTESIAN_POINT('',(4.996464180618,-3.18037411148,
    -0.930460194866));
#4681 = DIRECTION('',(0.,-1.,-0.));
#4682 = DIRECTION('',(0.,0.,-1.));
#4683 = ADVANCED_FACE('',(#4684),#4709,.T.);
#4684 = FACE_BOUND('',#4685,.T.);
#4685 = EDGE_LOOP('',(#4686,#4687,#4694,#4695,#4701,#4702));
#4686 = ORIENTED_EDGE('',*,*,#4665,.T.);
#4687 = ORIENTED_EDGE('',*,*,#4688,.T.);
#4688 = EDGE_CURVE('',#4658,#4554,#4689,.T.);
#4689 = CIRCLE('',#4690,1.);
#4690 = AXIS2_PLACEMENT_3D('',#4691,#4692,#4693);
#4691 = CARTESIAN_POINT('',(6.996464180618,-2.18037411148,
    -0.930460194866));
#4692 = DIRECTION('',(0.,1.204866595032E-16,1.));
#4693 = DIRECTION('',(0.,-1.,1.204866595032E-16));
#4694 = ORIENTED_EDGE('',*,*,#4551,.F.);
#4695 = ORIENTED_EDGE('',*,*,#4696,.F.);
#4696 = EDGE_CURVE('',#4505,#4552,#4697,.T.);
#4697 = LINE('',#4698,#4699);
#4698 = CARTESIAN_POINT('',(4.996464180618,-1.380669186543,
    -0.930460194866));
#4699 = VECTOR('',#4700,1.);
#4700 = DIRECTION('',(1.,-0.,-0.));
#4701 = ORIENTED_EDGE('',*,*,#4504,.T.);
#4702 = ORIENTED_EDGE('',*,*,#4703,.T.);
#4703 = EDGE_CURVE('',#4497,#4666,#4704,.T.);
#4704 = CIRCLE('',#4705,1.);
#4705 = AXIS2_PLACEMENT_3D('',#4706,#4707,#4708);
#4706 = CARTESIAN_POINT('',(5.996464180618,-2.18037411148,
    -0.930460194866));
#4707 = DIRECTION('',(0.,1.204866595032E-16,1.));
#4708 = DIRECTION('',(0.,-1.,1.204866595032E-16));
#4709 = PLANE('',#4710);
#4710 = AXIS2_PLACEMENT_3D('',#4711,#4712,#4713);
#4711 = CARTESIAN_POINT('',(4.996464180618,-1.380669186543,
    -0.930460194866));
#4712 = DIRECTION('',(0.,1.204866595032E-16,1.));
#4713 = DIRECTION('',(0.,-1.,1.204866595032E-16));
#4714 = ADVANCED_FACE('',(#4715),#4726,.F.);
#4715 = FACE_BOUND('',#4716,.F.);
#4716 = EDGE_LOOP('',(#4717,#4718,#4719,#4725));
#4717 = ORIENTED_EDGE('',*,*,#4696,.F.);
#4718 = ORIENTED_EDGE('',*,*,#4512,.F.);
#4719 = ORIENTED_EDGE('',*,*,#4720,.T.);
#4720 = EDGE_CURVE('',#4513,#4594,#4721,.T.);
#4721 = LINE('',#4722,#4723);
#4722 = CARTESIAN_POINT('',(4.996464180618,-1.155534896917,
    -0.904787938304));
#4723 = VECTOR('',#4724,1.);
#4724 = DIRECTION('',(1.,-0.,-0.));
#4725 = ORIENTED_EDGE('',*,*,#4601,.T.);
#4726 = CYLINDRICAL_SURFACE('',#4727,1.);
#4727 = AXIS2_PLACEMENT_3D('',#4728,#4729,#4730);
#4728 = CARTESIAN_POINT('',(4.996464180618,-1.380669186543,
    6.953980513435E-02));
#4729 = DIRECTION('',(1.,-0.,-0.));
#4730 = DIRECTION('',(0.,0.,-1.));
#4731 = ADVANCED_FACE('',(#4732),#4740,.T.);
#4732 = FACE_BOUND('',#4733,.T.);
#4733 = EDGE_LOOP('',(#4734,#4735,#4736,#4737,#4738,#4739));
#4734 = ORIENTED_EDGE('',*,*,#2702,.F.);
#4735 = ORIENTED_EDGE('',*,*,#2865,.F.);
#4736 = ORIENTED_EDGE('',*,*,#2742,.T.);
#4737 = ORIENTED_EDGE('',*,*,#4521,.T.);
#4738 = ORIENTED_EDGE('',*,*,#4720,.T.);
#4739 = ORIENTED_EDGE('',*,*,#4593,.F.);
#4740 = PLANE('',#4741);
#4741 = AXIS2_PLACEMENT_3D('',#4742,#4743,#4744);
#4742 = CARTESIAN_POINT('',(4.996464180618,2.760172442379,0.));
#4743 = DIRECTION('',(0.,-0.225134289627,0.974327743439));
#4744 = DIRECTION('',(0.,-0.974327743439,-0.225134289627));
#4745 = ADVANCED_FACE('',(#4746),#4757,.F.);
#4746 = FACE_BOUND('',#4747,.T.);
#4747 = EDGE_LOOP('',(#4748,#4749,#4755,#4756));
#4748 = ORIENTED_EDGE('',*,*,#4586,.T.);
#4749 = ORIENTED_EDGE('',*,*,#4750,.F.);
#4750 = EDGE_CURVE('',#4529,#4578,#4751,.T.);
#4751 = LINE('',#4752,#4753);
#4752 = CARTESIAN_POINT('',(4.996464180618,-1.09925132451,
    -1.148369874164));
#4753 = VECTOR('',#4754,1.);
#4754 = DIRECTION('',(1.,-0.,-0.));
#4755 = ORIENTED_EDGE('',*,*,#4528,.F.);
#4756 = ORIENTED_EDGE('',*,*,#3152,.T.);
#4757 = PLANE('',#4758);
#4758 = AXIS2_PLACEMENT_3D('',#4759,#4760,#4761);
#4759 = CARTESIAN_POINT('',(4.996464180618,2.816456014786,-0.24358193586
    ));
#4760 = DIRECTION('',(0.,-0.225134289627,0.974327743439));
#4761 = DIRECTION('',(0.,-0.974327743439,-0.225134289627));
#4762 = ADVANCED_FACE('',(#4763),#4769,.T.);
#4763 = FACE_BOUND('',#4764,.T.);
#4764 = EDGE_LOOP('',(#4765,#4766,#4767,#4768));
#4765 = ORIENTED_EDGE('',*,*,#4577,.T.);
#4766 = ORIENTED_EDGE('',*,*,#4642,.F.);
#4767 = ORIENTED_EDGE('',*,*,#4536,.F.);
#4768 = ORIENTED_EDGE('',*,*,#4750,.T.);
#4769 = CYLINDRICAL_SURFACE('',#4770,1.25);
#4770 = AXIS2_PLACEMENT_3D('',#4771,#4772,#4773);
#4771 = CARTESIAN_POINT('',(4.996464180618,-1.380669186543,
    6.953980513435E-02));
#4772 = DIRECTION('',(1.,-0.,-0.));
#4773 = DIRECTION('',(0.,0.,-1.));
#4774 = ADVANCED_FACE('',(#4775),#4781,.T.);
#4775 = FACE_BOUND('',#4776,.T.);
#4776 = EDGE_LOOP('',(#4777,#4778,#4779,#4780));
#4777 = ORIENTED_EDGE('',*,*,#4688,.F.);
#4778 = ORIENTED_EDGE('',*,*,#4657,.F.);
#4779 = ORIENTED_EDGE('',*,*,#4617,.F.);
#4780 = ORIENTED_EDGE('',*,*,#4561,.F.);
#4781 = CYLINDRICAL_SURFACE('',#4782,1.);
#4782 = AXIS2_PLACEMENT_3D('',#4783,#4784,#4785);
#4783 = CARTESIAN_POINT('',(6.996464180618,-2.18037411148,
    6.953980513435E-02));
#4784 = DIRECTION('',(0.,0.,1.));
#4785 = DIRECTION('',(1.,0.,-0.));
#4786 = ADVANCED_FACE('',(#4787),#4793,.T.);
#4787 = FACE_BOUND('',#4788,.T.);
#4788 = EDGE_LOOP('',(#4789,#4790,#4791,#4792));
#4789 = ORIENTED_EDGE('',*,*,#4703,.F.);
#4790 = ORIENTED_EDGE('',*,*,#4496,.F.);
#4791 = ORIENTED_EDGE('',*,*,#4634,.F.);
#4792 = ORIENTED_EDGE('',*,*,#4673,.F.);
#4793 = CYLINDRICAL_SURFACE('',#4794,1.);
#4794 = AXIS2_PLACEMENT_3D('',#4795,#4796,#4797);
#4795 = CARTESIAN_POINT('',(5.996464180618,-2.18037411148,
    -0.930460194866));
#4796 = DIRECTION('',(0.,0.,-1.));
#4797 = DIRECTION('',(-1.,0.,0.));
#4798 = ADVANCED_FACE('',(#4799),#4858,.T.);
#4799 = FACE_BOUND('',#4800,.T.);
#4800 = EDGE_LOOP('',(#4801,#4811,#4819,#4827,#4836,#4842,#4843,#4851));
#4801 = ORIENTED_EDGE('',*,*,#4802,.T.);
#4802 = EDGE_CURVE('',#4803,#4805,#4807,.T.);
#4803 = VERTEX_POINT('',#4804);
#4804 = CARTESIAN_POINT('',(-4.996464180618,-1.380669186543,
    -0.930460194866));
#4805 = VERTEX_POINT('',#4806);
#4806 = CARTESIAN_POINT('',(-4.996464180618,-2.18037411148,
    -0.930460194866));
#4807 = LINE('',#4808,#4809);
#4808 = CARTESIAN_POINT('',(-4.996464180618,-1.380669186543,
    -0.930460194866));
#4809 = VECTOR('',#4810,1.);
#4810 = DIRECTION('',(0.,-1.,1.204866595032E-16));
#4811 = ORIENTED_EDGE('',*,*,#4812,.T.);
#4812 = EDGE_CURVE('',#4805,#4813,#4815,.T.);
#4813 = VERTEX_POINT('',#4814);
#4814 = CARTESIAN_POINT('',(-4.996464180618,-2.18037411148,
    -1.180460194866));
#4815 = LINE('',#4816,#4817);
#4816 = CARTESIAN_POINT('',(-4.996464180618,-2.18037411148,
    -1.180460194866));
#4817 = VECTOR('',#4818,1.);
#4818 = DIRECTION('',(0.,0.,-1.));
#4819 = ORIENTED_EDGE('',*,*,#4820,.F.);
#4820 = EDGE_CURVE('',#4821,#4813,#4823,.T.);
#4821 = VERTEX_POINT('',#4822);
#4822 = CARTESIAN_POINT('',(-4.996464180618,-1.380669186543,
    -1.180460194866));
#4823 = LINE('',#4824,#4825);
#4824 = CARTESIAN_POINT('',(-4.996464180618,-1.380669186543,
    -1.180460194866));
#4825 = VECTOR('',#4826,1.);
#4826 = DIRECTION('',(0.,-1.,1.204866595032E-16));
#4827 = ORIENTED_EDGE('',*,*,#4828,.F.);
#4828 = EDGE_CURVE('',#4829,#4821,#4831,.T.);
#4829 = VERTEX_POINT('',#4830);
#4830 = CARTESIAN_POINT('',(-4.996464180618,-1.09925132451,
    -1.148369874164));
#4831 = CIRCLE('',#4832,1.25);
#4832 = AXIS2_PLACEMENT_3D('',#4833,#4834,#4835);
#4833 = CARTESIAN_POINT('',(-4.996464180618,-1.380669186543,
    6.953980513435E-02));
#4834 = DIRECTION('',(-1.,0.,-0.));
#4835 = DIRECTION('',(-0.,0.,1.));
#4836 = ORIENTED_EDGE('',*,*,#4837,.F.);
#4837 = EDGE_CURVE('',#3189,#4829,#4838,.T.);
#4838 = LINE('',#4839,#4840);
#4839 = CARTESIAN_POINT('',(-4.996464180618,2.816456014786,
    -0.24358193586));
#4840 = VECTOR('',#4841,1.);
#4841 = DIRECTION('',(0.,-0.974327743439,-0.225134289627));
#4842 = ORIENTED_EDGE('',*,*,#3188,.F.);
#4843 = ORIENTED_EDGE('',*,*,#4844,.T.);
#4844 = EDGE_CURVE('',#2765,#4845,#4847,.T.);
#4845 = VERTEX_POINT('',#4846);
#4846 = CARTESIAN_POINT('',(-4.996464180618,-1.155534896917,
    -0.904787938304));
#4847 = LINE('',#4848,#4849);
#4848 = CARTESIAN_POINT('',(-4.996464180618,2.760172442379,0.));
#4849 = VECTOR('',#4850,1.);
#4850 = DIRECTION('',(-0.,-0.974327743439,-0.225134289627));
#4851 = ORIENTED_EDGE('',*,*,#4852,.T.);
#4852 = EDGE_CURVE('',#4845,#4803,#4853,.T.);
#4853 = CIRCLE('',#4854,1.);
#4854 = AXIS2_PLACEMENT_3D('',#4855,#4856,#4857);
#4855 = CARTESIAN_POINT('',(-4.996464180618,-1.380669186543,
    6.953980513435E-02));
#4856 = DIRECTION('',(-1.,0.,-0.));
#4857 = DIRECTION('',(-0.,0.,1.));
#4858 = PLANE('',#4859);
#4859 = AXIS2_PLACEMENT_3D('',#4860,#4861,#4862);
#4860 = CARTESIAN_POINT('',(-4.996464180618,-1.380669186543,
    6.953980513435E-02));
#4861 = DIRECTION('',(1.,0.,-0.));
#4862 = DIRECTION('',(0.,0.,1.));
#4863 = ADVANCED_FACE('',(#4864),#4923,.F.);
#4864 = FACE_BOUND('',#4865,.T.);
#4865 = EDGE_LOOP('',(#4866,#4876,#4884,#4892,#4901,#4907,#4908,#4916));
#4866 = ORIENTED_EDGE('',*,*,#4867,.T.);
#4867 = EDGE_CURVE('',#4868,#4870,#4872,.T.);
#4868 = VERTEX_POINT('',#4869);
#4869 = CARTESIAN_POINT('',(-7.996464180618,-1.380669186543,
    -1.180460194866));
#4870 = VERTEX_POINT('',#4871);
#4871 = CARTESIAN_POINT('',(-7.996464180618,-2.18037411148,
    -1.180460194866));
#4872 = LINE('',#4873,#4874);
#4873 = CARTESIAN_POINT('',(-7.996464180618,-1.380669186543,
    -1.180460194866));
#4874 = VECTOR('',#4875,1.);
#4875 = DIRECTION('',(0.,-1.,1.204866595032E-16));
#4876 = ORIENTED_EDGE('',*,*,#4877,.T.);
#4877 = EDGE_CURVE('',#4870,#4878,#4880,.T.);
#4878 = VERTEX_POINT('',#4879);
#4879 = CARTESIAN_POINT('',(-7.996464180618,-2.18037411148,
    -0.930460194866));
#4880 = LINE('',#4881,#4882);
#4881 = CARTESIAN_POINT('',(-7.996464180618,-2.18037411148,
    6.953980513435E-02));
#4882 = VECTOR('',#4883,1.);
#4883 = DIRECTION('',(-0.,-0.,1.));
#4884 = ORIENTED_EDGE('',*,*,#4885,.F.);
#4885 = EDGE_CURVE('',#4886,#4878,#4888,.T.);
#4886 = VERTEX_POINT('',#4887);
#4887 = CARTESIAN_POINT('',(-7.996464180618,-1.380669186543,
    -0.930460194866));
#4888 = LINE('',#4889,#4890);
#4889 = CARTESIAN_POINT('',(-7.996464180618,-1.380669186543,
    -0.930460194866));
#4890 = VECTOR('',#4891,1.);
#4891 = DIRECTION('',(0.,-1.,1.204866595032E-16));
#4892 = ORIENTED_EDGE('',*,*,#4893,.F.);
#4893 = EDGE_CURVE('',#4894,#4886,#4896,.T.);
#4894 = VERTEX_POINT('',#4895);
#4895 = CARTESIAN_POINT('',(-7.996464180618,-1.155534896917,
    -0.904787938304));
#4896 = CIRCLE('',#4897,1.);
#4897 = AXIS2_PLACEMENT_3D('',#4898,#4899,#4900);
#4898 = CARTESIAN_POINT('',(-7.996464180618,-1.380669186543,
    6.953980513435E-02));
#4899 = DIRECTION('',(-1.,0.,-0.));
#4900 = DIRECTION('',(-0.,0.,1.));
#4901 = ORIENTED_EDGE('',*,*,#4902,.F.);
#4902 = EDGE_CURVE('',#2814,#4894,#4903,.T.);
#4903 = LINE('',#4904,#4905);
#4904 = CARTESIAN_POINT('',(-7.996464180618,2.760172442379,0.));
#4905 = VECTOR('',#4906,1.);
#4906 = DIRECTION('',(-0.,-0.974327743439,-0.225134289627));
#4907 = ORIENTED_EDGE('',*,*,#3204,.T.);
#4908 = ORIENTED_EDGE('',*,*,#4909,.T.);
#4909 = EDGE_CURVE('',#3197,#4910,#4912,.T.);
#4910 = VERTEX_POINT('',#4911);
#4911 = CARTESIAN_POINT('',(-7.996464180618,-1.09925132451,
    -1.148369874164));
#4912 = LINE('',#4913,#4914);
#4913 = CARTESIAN_POINT('',(-7.996464180618,2.816456014786,
    -0.24358193586));
#4914 = VECTOR('',#4915,1.);
#4915 = DIRECTION('',(0.,-0.974327743439,-0.225134289627));
#4916 = ORIENTED_EDGE('',*,*,#4917,.T.);
#4917 = EDGE_CURVE('',#4910,#4868,#4918,.T.);
#4918 = CIRCLE('',#4919,1.25);
#4919 = AXIS2_PLACEMENT_3D('',#4920,#4921,#4922);
#4920 = CARTESIAN_POINT('',(-7.996464180618,-1.380669186543,
    6.953980513435E-02));
#4921 = DIRECTION('',(-1.,0.,-0.));
#4922 = DIRECTION('',(-0.,0.,1.));
#4923 = PLANE('',#4924);
#4924 = AXIS2_PLACEMENT_3D('',#4925,#4926,#4927);
#4925 = CARTESIAN_POINT('',(-7.996464180618,-1.380669186543,
    6.953980513435E-02));
#4926 = DIRECTION('',(1.,0.,-0.));
#4927 = DIRECTION('',(0.,0.,1.));
#4928 = ADVANCED_FACE('',(#4929),#4963,.T.);
#4929 = FACE_BOUND('',#4930,.T.);
#4930 = EDGE_LOOP('',(#4931,#4941,#4948,#4949,#4955,#4956));
#4931 = ORIENTED_EDGE('',*,*,#4932,.T.);
#4932 = EDGE_CURVE('',#4933,#4935,#4937,.T.);
#4933 = VERTEX_POINT('',#4934);
#4934 = CARTESIAN_POINT('',(-5.996464180618,-3.18037411148,
    -1.180460194866));
#4935 = VERTEX_POINT('',#4936);
#4936 = CARTESIAN_POINT('',(-6.996464180618,-3.18037411148,
    -1.180460194866));
#4937 = LINE('',#4938,#4939);
#4938 = CARTESIAN_POINT('',(-4.996464180618,-3.18037411148,
    -1.180460194866));
#4939 = VECTOR('',#4940,1.);
#4940 = DIRECTION('',(-1.,-0.,-0.));
#4941 = ORIENTED_EDGE('',*,*,#4942,.T.);
#4942 = EDGE_CURVE('',#4935,#4870,#4943,.T.);
#4943 = CIRCLE('',#4944,1.);
#4944 = AXIS2_PLACEMENT_3D('',#4945,#4946,#4947);
#4945 = CARTESIAN_POINT('',(-6.996464180618,-2.18037411148,
    -1.180460194866));
#4946 = DIRECTION('',(0.,-1.204866595032E-16,-1.));
#4947 = DIRECTION('',(0.,1.,-1.204866595032E-16));
#4948 = ORIENTED_EDGE('',*,*,#4867,.F.);
#4949 = ORIENTED_EDGE('',*,*,#4950,.F.);
#4950 = EDGE_CURVE('',#4821,#4868,#4951,.T.);
#4951 = LINE('',#4952,#4953);
#4952 = CARTESIAN_POINT('',(-4.996464180618,-1.380669186543,
    -1.180460194866));
#4953 = VECTOR('',#4954,1.);
#4954 = DIRECTION('',(-1.,-0.,-0.));
#4955 = ORIENTED_EDGE('',*,*,#4820,.T.);
#4956 = ORIENTED_EDGE('',*,*,#4957,.T.);
#4957 = EDGE_CURVE('',#4813,#4933,#4958,.T.);
#4958 = CIRCLE('',#4959,1.);
#4959 = AXIS2_PLACEMENT_3D('',#4960,#4961,#4962);
#4960 = CARTESIAN_POINT('',(-5.996464180618,-2.18037411148,
    -1.180460194866));
#4961 = DIRECTION('',(0.,-1.204866595032E-16,-1.));
#4962 = DIRECTION('',(0.,1.,-1.204866595032E-16));
#4963 = PLANE('',#4964);
#4964 = AXIS2_PLACEMENT_3D('',#4965,#4966,#4967);
#4965 = CARTESIAN_POINT('',(-4.996464180618,-1.380669186543,
    -1.180460194866));
#4966 = DIRECTION('',(0.,-1.204866595032E-16,-1.));
#4967 = DIRECTION('',(0.,1.,-1.204866595032E-16));
#4968 = ADVANCED_FACE('',(#4969),#4980,.T.);
#4969 = FACE_BOUND('',#4970,.T.);
#4970 = EDGE_LOOP('',(#4971,#4972,#4978,#4979));
#4971 = ORIENTED_EDGE('',*,*,#4917,.F.);
#4972 = ORIENTED_EDGE('',*,*,#4973,.F.);
#4973 = EDGE_CURVE('',#4829,#4910,#4974,.T.);
#4974 = LINE('',#4975,#4976);
#4975 = CARTESIAN_POINT('',(-4.996464180618,-1.09925132451,
    -1.148369874164));
#4976 = VECTOR('',#4977,1.);
#4977 = DIRECTION('',(-1.,-0.,-0.));
#4978 = ORIENTED_EDGE('',*,*,#4828,.T.);
#4979 = ORIENTED_EDGE('',*,*,#4950,.T.);
#4980 = CYLINDRICAL_SURFACE('',#4981,1.25);
#4981 = AXIS2_PLACEMENT_3D('',#4982,#4983,#4984);
#4982 = CARTESIAN_POINT('',(-4.996464180618,-1.380669186543,
    6.953980513435E-02));
#4983 = DIRECTION('',(-1.,-0.,-0.));
#4984 = DIRECTION('',(-0.,0.,1.));
#4985 = ADVANCED_FACE('',(#4986),#4992,.T.);
#4986 = FACE_BOUND('',#4987,.T.);
#4987 = EDGE_LOOP('',(#4988,#4989,#4990,#4991));
#4988 = ORIENTED_EDGE('',*,*,#4909,.F.);
#4989 = ORIENTED_EDGE('',*,*,#3196,.F.);
#4990 = ORIENTED_EDGE('',*,*,#4837,.T.);
#4991 = ORIENTED_EDGE('',*,*,#4973,.T.);
#4992 = PLANE('',#4993);
#4993 = AXIS2_PLACEMENT_3D('',#4994,#4995,#4996);
#4994 = CARTESIAN_POINT('',(-4.996464180618,2.816456014786,
    -0.24358193586));
#4995 = DIRECTION('',(0.,0.225134289627,-0.974327743439));
#4996 = DIRECTION('',(0.,0.974327743439,0.225134289627));
#4997 = ADVANCED_FACE('',(#4998),#5011,.F.);
#4998 = FACE_BOUND('',#4999,.T.);
#4999 = EDGE_LOOP('',(#5000,#5001,#5002,#5008,#5009,#5010));
#5000 = ORIENTED_EDGE('',*,*,#2821,.T.);
#5001 = ORIENTED_EDGE('',*,*,#4902,.T.);
#5002 = ORIENTED_EDGE('',*,*,#5003,.F.);
#5003 = EDGE_CURVE('',#4845,#4894,#5004,.T.);
#5004 = LINE('',#5005,#5006);
#5005 = CARTESIAN_POINT('',(-4.996464180618,-1.155534896917,
    -0.904787938304));
#5006 = VECTOR('',#5007,1.);
#5007 = DIRECTION('',(-1.,-0.,-0.));
#5008 = ORIENTED_EDGE('',*,*,#4844,.F.);
#5009 = ORIENTED_EDGE('',*,*,#2781,.F.);
#5010 = ORIENTED_EDGE('',*,*,#2843,.T.);
#5011 = PLANE('',#5012);
#5012 = AXIS2_PLACEMENT_3D('',#5013,#5014,#5015);
#5013 = CARTESIAN_POINT('',(-4.996464180618,2.760172442379,0.));
#5014 = DIRECTION('',(0.,0.225134289627,-0.974327743439));
#5015 = DIRECTION('',(0.,0.974327743439,0.225134289627));
#5016 = ADVANCED_FACE('',(#5017),#5028,.F.);
#5017 = FACE_BOUND('',#5018,.F.);
#5018 = EDGE_LOOP('',(#5019,#5020,#5021,#5027));
#5019 = ORIENTED_EDGE('',*,*,#5003,.F.);
#5020 = ORIENTED_EDGE('',*,*,#4852,.T.);
#5021 = ORIENTED_EDGE('',*,*,#5022,.T.);
#5022 = EDGE_CURVE('',#4803,#4886,#5023,.T.);
#5023 = LINE('',#5024,#5025);
#5024 = CARTESIAN_POINT('',(-4.996464180618,-1.380669186543,
    -0.930460194866));
#5025 = VECTOR('',#5026,1.);
#5026 = DIRECTION('',(-1.,-0.,-0.));
#5027 = ORIENTED_EDGE('',*,*,#4893,.F.);
#5028 = CYLINDRICAL_SURFACE('',#5029,1.);
#5029 = AXIS2_PLACEMENT_3D('',#5030,#5031,#5032);
#5030 = CARTESIAN_POINT('',(-4.996464180618,-1.380669186543,
    6.953980513435E-02));
#5031 = DIRECTION('',(-1.,-0.,-0.));
#5032 = DIRECTION('',(-0.,0.,1.));
#5033 = ADVANCED_FACE('',(#5034),#5063,.F.);
#5034 = FACE_BOUND('',#5035,.T.);
#5035 = EDGE_LOOP('',(#5036,#5037,#5046,#5054,#5061,#5062));
#5036 = ORIENTED_EDGE('',*,*,#4885,.T.);
#5037 = ORIENTED_EDGE('',*,*,#5038,.T.);
#5038 = EDGE_CURVE('',#4878,#5039,#5041,.T.);
#5039 = VERTEX_POINT('',#5040);
#5040 = CARTESIAN_POINT('',(-6.996464180618,-3.18037411148,
    -0.930460194866));
#5041 = CIRCLE('',#5042,1.);
#5042 = AXIS2_PLACEMENT_3D('',#5043,#5044,#5045);
#5043 = CARTESIAN_POINT('',(-6.996464180618,-2.18037411148,
    -0.930460194866));
#5044 = DIRECTION('',(0.,1.204866595032E-16,1.));
#5045 = DIRECTION('',(0.,1.,-1.204866595032E-16));
#5046 = ORIENTED_EDGE('',*,*,#5047,.F.);
#5047 = EDGE_CURVE('',#5048,#5039,#5050,.T.);
#5048 = VERTEX_POINT('',#5049);
#5049 = CARTESIAN_POINT('',(-5.996464180618,-3.18037411148,
    -0.930460194866));
#5050 = LINE('',#5051,#5052);
#5051 = CARTESIAN_POINT('',(-4.996464180618,-3.18037411148,
    -0.930460194866));
#5052 = VECTOR('',#5053,1.);
#5053 = DIRECTION('',(-1.,-0.,-0.));
#5054 = ORIENTED_EDGE('',*,*,#5055,.T.);
#5055 = EDGE_CURVE('',#5048,#4805,#5056,.T.);
#5056 = CIRCLE('',#5057,1.);
#5057 = AXIS2_PLACEMENT_3D('',#5058,#5059,#5060);
#5058 = CARTESIAN_POINT('',(-5.996464180618,-2.18037411148,
    -0.930460194866));
#5059 = DIRECTION('',(0.,1.204866595032E-16,1.));
#5060 = DIRECTION('',(0.,1.,-1.204866595032E-16));
#5061 = ORIENTED_EDGE('',*,*,#4802,.F.);
#5062 = ORIENTED_EDGE('',*,*,#5022,.T.);
#5063 = PLANE('',#5064);
#5064 = AXIS2_PLACEMENT_3D('',#5065,#5066,#5067);
#5065 = CARTESIAN_POINT('',(-4.996464180618,-1.380669186543,
    -0.930460194866));
#5066 = DIRECTION('',(0.,-1.204866595032E-16,-1.));
#5067 = DIRECTION('',(0.,1.,-1.204866595032E-16));
#5068 = ADVANCED_FACE('',(#5069),#5085,.F.);
#5069 = FACE_BOUND('',#5070,.T.);
#5070 = EDGE_LOOP('',(#5071,#5072,#5078,#5079));
#5071 = ORIENTED_EDGE('',*,*,#5047,.T.);
#5072 = ORIENTED_EDGE('',*,*,#5073,.T.);
#5073 = EDGE_CURVE('',#5039,#4935,#5074,.T.);
#5074 = LINE('',#5075,#5076);
#5075 = CARTESIAN_POINT('',(-6.996464180618,-3.18037411148,
    -0.930460194866));
#5076 = VECTOR('',#5077,1.);
#5077 = DIRECTION('',(0.,0.,-1.));
#5078 = ORIENTED_EDGE('',*,*,#4932,.F.);
#5079 = ORIENTED_EDGE('',*,*,#5080,.T.);
#5080 = EDGE_CURVE('',#4933,#5048,#5081,.T.);
#5081 = LINE('',#5082,#5083);
#5082 = CARTESIAN_POINT('',(-5.996464180618,-3.18037411148,
    -0.930460194866));
#5083 = VECTOR('',#5084,1.);
#5084 = DIRECTION('',(-0.,-0.,1.));
#5085 = PLANE('',#5086);
#5086 = AXIS2_PLACEMENT_3D('',#5087,#5088,#5089);
#5087 = CARTESIAN_POINT('',(-4.996464180618,-3.18037411148,
    -0.930460194866));
#5088 = DIRECTION('',(-0.,1.,0.));
#5089 = DIRECTION('',(0.,0.,1.));
#5090 = ADVANCED_FACE('',(#5091),#5097,.T.);
#5091 = FACE_BOUND('',#5092,.T.);
#5092 = EDGE_LOOP('',(#5093,#5094,#5095,#5096));
#5093 = ORIENTED_EDGE('',*,*,#5038,.F.);
#5094 = ORIENTED_EDGE('',*,*,#4877,.F.);
#5095 = ORIENTED_EDGE('',*,*,#4942,.F.);
#5096 = ORIENTED_EDGE('',*,*,#5073,.F.);
#5097 = CYLINDRICAL_SURFACE('',#5098,1.);
#5098 = AXIS2_PLACEMENT_3D('',#5099,#5100,#5101);
#5099 = CARTESIAN_POINT('',(-6.996464180618,-2.18037411148,
    -0.930460194866));
#5100 = DIRECTION('',(0.,0.,-1.));
#5101 = DIRECTION('',(-1.,0.,0.));
#5102 = ADVANCED_FACE('',(#5103),#5109,.T.);
#5103 = FACE_BOUND('',#5104,.T.);
#5104 = EDGE_LOOP('',(#5105,#5106,#5107,#5108));
#5105 = ORIENTED_EDGE('',*,*,#5055,.F.);
#5106 = ORIENTED_EDGE('',*,*,#5080,.F.);
#5107 = ORIENTED_EDGE('',*,*,#4957,.F.);
#5108 = ORIENTED_EDGE('',*,*,#4812,.F.);
#5109 = CYLINDRICAL_SURFACE('',#5110,1.);
#5110 = AXIS2_PLACEMENT_3D('',#5111,#5112,#5113);
#5111 = CARTESIAN_POINT('',(-5.996464180618,-2.18037411148,
    6.953980513435E-02));
#5112 = DIRECTION('',(0.,-0.,1.));
#5113 = DIRECTION('',(1.,0.,0.));
#5114 = ADVANCED_FACE('',(#5115),#5121,.F.);
#5115 = FACE_BOUND('',#5116,.F.);
#5116 = EDGE_LOOP('',(#5117,#5118,#5119,#5120));
#5117 = ORIENTED_EDGE('',*,*,#2835,.F.);
#5118 = ORIENTED_EDGE('',*,*,#2805,.T.);
#5119 = ORIENTED_EDGE('',*,*,#3178,.T.);
#5120 = ORIENTED_EDGE('',*,*,#1026,.T.);
#5121 = CYLINDRICAL_SURFACE('',#5122,3.);
#5122 = AXIS2_PLACEMENT_3D('',#5123,#5124,#5125);
#5123 = CARTESIAN_POINT('',(-6.496464180618,-2.915189293603,-0.25));
#5124 = DIRECTION('',(-0.,-0.,1.));
#5125 = DIRECTION('',(1.,0.,0.));
#5126 = ADVANCED_FACE('',(#5127),#5133,.F.);
#5127 = FACE_BOUND('',#5128,.F.);
#5128 = EDGE_LOOP('',(#5129,#5130,#5131,#5132));
#5129 = ORIENTED_EDGE('',*,*,#2857,.T.);
#5130 = ORIENTED_EDGE('',*,*,#2724,.F.);
#5131 = ORIENTED_EDGE('',*,*,#3167,.F.);
#5132 = ORIENTED_EDGE('',*,*,#951,.T.);
#5133 = CYLINDRICAL_SURFACE('',#5134,3.);
#5134 = AXIS2_PLACEMENT_3D('',#5135,#5136,#5137);
#5135 = CARTESIAN_POINT('',(6.496464180618,-2.915189293603,-0.25));
#5136 = DIRECTION('',(-0.,-0.,1.));
#5137 = DIRECTION('',(1.,0.,0.));
#5138 = ADVANCED_FACE('',(#5139),#5164,.F.);
#5139 = FACE_BOUND('',#5140,.T.);
#5140 = EDGE_LOOP('',(#5141,#5142,#5150,#5158));
#5141 = ORIENTED_EDGE('',*,*,#1702,.T.);
#5142 = ORIENTED_EDGE('',*,*,#5143,.F.);
#5143 = EDGE_CURVE('',#5144,#1705,#5146,.T.);
#5144 = VERTEX_POINT('',#5145);
#5145 = CARTESIAN_POINT('',(10.91,6.896042318023E-02,-2.01572030501));
#5146 = LINE('',#5147,#5148);
#5147 = CARTESIAN_POINT('',(10.91,6.896042318023E-02,-2.01572030501));
#5148 = VECTOR('',#5149,1.);
#5149 = DIRECTION('',(-1.,-1.27553196763E-16,-3.10696741966E-15));
#5150 = ORIENTED_EDGE('',*,*,#5151,.F.);
#5151 = EDGE_CURVE('',#5152,#5144,#5154,.T.);
#5152 = VERTEX_POINT('',#5153);
#5153 = CARTESIAN_POINT('',(10.91,6.896042318023E-02,-2.069822375255));
#5154 = LINE('',#5155,#5156);
#5155 = CARTESIAN_POINT('',(10.91,6.896042318023E-02,-2.01572030501));
#5156 = VECTOR('',#5157,1.);
#5157 = DIRECTION('',(-0.,-0.,1.));
#5158 = ORIENTED_EDGE('',*,*,#5159,.T.);
#5159 = EDGE_CURVE('',#5152,#1703,#5160,.T.);
#5160 = LINE('',#5161,#5162);
#5161 = CARTESIAN_POINT('',(10.91,6.896042318023E-02,-2.069822375255));
#5162 = VECTOR('',#5163,1.);
#5163 = DIRECTION('',(-1.,-1.27553196763E-16,-3.10696741966E-15));
#5164 = PLANE('',#5165);
#5165 = AXIS2_PLACEMENT_3D('',#5166,#5167,#5168);
#5166 = CARTESIAN_POINT('',(10.91,6.896042318023E-02,-2.01572030501));
#5167 = DIRECTION('',(1.27553196763E-16,-1.,0.));
#5168 = DIRECTION('',(1.,1.27553196763E-16,0.));
#5169 = ADVANCED_FACE('',(#5170),#5188,.F.);
#5170 = FACE_BOUND('',#5171,.T.);
#5171 = EDGE_LOOP('',(#5172,#5173,#5181,#5187));
#5172 = ORIENTED_EDGE('',*,*,#1744,.T.);
#5173 = ORIENTED_EDGE('',*,*,#5174,.F.);
#5174 = EDGE_CURVE('',#5175,#1737,#5177,.T.);
#5175 = VERTEX_POINT('',#5176);
#5176 = CARTESIAN_POINT('',(10.91,-0.12003290741,-2.01572030501));
#5177 = LINE('',#5178,#5179);
#5178 = CARTESIAN_POINT('',(10.91,-0.12003290741,-2.01572030501));
#5179 = VECTOR('',#5180,1.);
#5180 = DIRECTION('',(-1.,-1.27553196763E-16,-3.10696741966E-15));
#5181 = ORIENTED_EDGE('',*,*,#5182,.F.);
#5182 = EDGE_CURVE('',#5144,#5175,#5183,.T.);
#5183 = LINE('',#5184,#5185);
#5184 = CARTESIAN_POINT('',(10.91,-0.12003290741,-2.01572030501));
#5185 = VECTOR('',#5186,1.);
#5186 = DIRECTION('',(-0.,-1.,-4.589377494318E-15));
#5187 = ORIENTED_EDGE('',*,*,#5143,.T.);
#5188 = PLANE('',#5189);
#5189 = AXIS2_PLACEMENT_3D('',#5190,#5191,#5192);
#5190 = CARTESIAN_POINT('',(10.91,-0.12003290741,-2.01572030501));
#5191 = DIRECTION('',(3.10696741966E-15,4.589377494318E-15,-1.));
#5192 = DIRECTION('',(0.,1.,4.589377494318E-15));
#5193 = ADVANCED_FACE('',(#5194),#5212,.F.);
#5194 = FACE_BOUND('',#5195,.T.);
#5195 = EDGE_LOOP('',(#5196,#5197,#5205,#5211));
#5196 = ORIENTED_EDGE('',*,*,#1736,.T.);
#5197 = ORIENTED_EDGE('',*,*,#5198,.F.);
#5198 = EDGE_CURVE('',#5199,#1729,#5201,.T.);
#5199 = VERTEX_POINT('',#5200);
#5200 = CARTESIAN_POINT('',(10.91,-0.12003290741,-1.595276862249));
#5201 = LINE('',#5202,#5203);
#5202 = CARTESIAN_POINT('',(10.91,-0.12003290741,-1.595276862249));
#5203 = VECTOR('',#5204,1.);
#5204 = DIRECTION('',(-1.,-1.27553196763E-16,-3.10696741966E-15));
#5205 = ORIENTED_EDGE('',*,*,#5206,.F.);
#5206 = EDGE_CURVE('',#5175,#5199,#5207,.T.);
#5207 = LINE('',#5208,#5209);
#5208 = CARTESIAN_POINT('',(10.91,-0.12003290741,-1.595276862249));
#5209 = VECTOR('',#5210,1.);
#5210 = DIRECTION('',(-4.125937758918E-15,-3.094453319188E-15,1.));
#5211 = ORIENTED_EDGE('',*,*,#5174,.T.);
#5212 = PLANE('',#5213);
#5213 = AXIS2_PLACEMENT_3D('',#5214,#5215,#5216);
#5214 = CARTESIAN_POINT('',(10.91,-0.12003290741,-1.595276862249));
#5215 = DIRECTION('',(1.27553196763E-16,-1.,-3.094453319188E-15));
#5216 = DIRECTION('',(0.,3.094453319188E-15,-1.));
#5217 = ADVANCED_FACE('',(#5218),#5236,.F.);
#5218 = FACE_BOUND('',#5219,.T.);
#5219 = EDGE_LOOP('',(#5220,#5221,#5229,#5235));
#5220 = ORIENTED_EDGE('',*,*,#1728,.T.);
#5221 = ORIENTED_EDGE('',*,*,#5222,.F.);
#5222 = EDGE_CURVE('',#5223,#1721,#5225,.T.);
#5223 = VERTEX_POINT('',#5224);
#5224 = CARTESIAN_POINT('',(10.91,-0.18129197798,-1.595276862249));
#5225 = LINE('',#5226,#5227);
#5226 = CARTESIAN_POINT('',(10.91,-0.18129197798,-1.595276862249));
#5227 = VECTOR('',#5228,1.);
#5228 = DIRECTION('',(-1.,-1.27553196763E-16,-3.10696741966E-15));
#5229 = ORIENTED_EDGE('',*,*,#5230,.F.);
#5230 = EDGE_CURVE('',#5199,#5223,#5231,.T.);
#5231 = LINE('',#5232,#5233);
#5232 = CARTESIAN_POINT('',(10.91,-0.18129197798,-1.595276862249));
#5233 = VECTOR('',#5234,1.);
#5234 = DIRECTION('',(-0.,-1.,-0.));
#5235 = ORIENTED_EDGE('',*,*,#5198,.T.);
#5236 = PLANE('',#5237);
#5237 = AXIS2_PLACEMENT_3D('',#5238,#5239,#5240);
#5238 = CARTESIAN_POINT('',(10.91,-0.18129197798,-1.595276862249));
#5239 = DIRECTION('',(3.10696741966E-15,0.,-1.));
#5240 = DIRECTION('',(-1.,0.,-3.10696741966E-15));
#5241 = ADVANCED_FACE('',(#5242),#5260,.F.);
#5242 = FACE_BOUND('',#5243,.T.);
#5243 = EDGE_LOOP('',(#5244,#5245,#5253,#5259));
#5244 = ORIENTED_EDGE('',*,*,#1720,.T.);
#5245 = ORIENTED_EDGE('',*,*,#5246,.F.);
#5246 = EDGE_CURVE('',#5247,#1713,#5249,.T.);
#5247 = VERTEX_POINT('',#5248);
#5248 = CARTESIAN_POINT('',(10.91,-0.18129197798,-2.069822375255));
#5249 = LINE('',#5250,#5251);
#5250 = CARTESIAN_POINT('',(10.91,-0.18129197798,-2.069822375255));
#5251 = VECTOR('',#5252,1.);
#5252 = DIRECTION('',(-1.,-1.27553196763E-16,-3.10696741966E-15));
#5253 = ORIENTED_EDGE('',*,*,#5254,.F.);
#5254 = EDGE_CURVE('',#5223,#5247,#5255,.T.);
#5255 = LINE('',#5256,#5257);
#5256 = CARTESIAN_POINT('',(10.91,-0.18129197798,-2.069822375255));
#5257 = VECTOR('',#5258,1.);
#5258 = DIRECTION('',(3.6555471044E-15,3.6555471044E-15,-1.));
#5259 = ORIENTED_EDGE('',*,*,#5222,.T.);
#5260 = PLANE('',#5261);
#5261 = AXIS2_PLACEMENT_3D('',#5262,#5263,#5264);
#5262 = CARTESIAN_POINT('',(10.91,-0.18129197798,-2.069822375255));
#5263 = DIRECTION('',(-1.27553196763E-16,1.,3.6555471044E-15));
#5264 = DIRECTION('',(0.,-3.6555471044E-15,1.));
#5265 = ADVANCED_FACE('',(#5266),#5277,.F.);
#5266 = FACE_BOUND('',#5267,.T.);
#5267 = EDGE_LOOP('',(#5268,#5269,#5270,#5276));
#5268 = ORIENTED_EDGE('',*,*,#1712,.T.);
#5269 = ORIENTED_EDGE('',*,*,#5159,.F.);
#5270 = ORIENTED_EDGE('',*,*,#5271,.F.);
#5271 = EDGE_CURVE('',#5247,#5152,#5272,.T.);
#5272 = LINE('',#5273,#5274);
#5273 = CARTESIAN_POINT('',(10.91,6.896042318023E-02,-2.069822375255));
#5274 = VECTOR('',#5275,1.);
#5275 = DIRECTION('',(-0.,1.,3.465947715059E-15));
#5276 = ORIENTED_EDGE('',*,*,#5246,.T.);
#5277 = PLANE('',#5278);
#5278 = AXIS2_PLACEMENT_3D('',#5279,#5280,#5281);
#5279 = CARTESIAN_POINT('',(10.91,6.896042318023E-02,-2.069822375255));
#5280 = DIRECTION('',(-3.10696741966E-15,-3.465947715059E-15,1.));
#5281 = DIRECTION('',(0.,-1.,-3.465947715059E-15));
#5282 = ADVANCED_FACE('',(#5283),#5291,.F.);
#5283 = FACE_BOUND('',#5284,.T.);
#5284 = EDGE_LOOP('',(#5285,#5286,#5287,#5288,#5289,#5290));
#5285 = ORIENTED_EDGE('',*,*,#5151,.T.);
#5286 = ORIENTED_EDGE('',*,*,#5182,.T.);
#5287 = ORIENTED_EDGE('',*,*,#5206,.T.);
#5288 = ORIENTED_EDGE('',*,*,#5230,.T.);
#5289 = ORIENTED_EDGE('',*,*,#5254,.T.);
#5290 = ORIENTED_EDGE('',*,*,#5271,.T.);
#5291 = PLANE('',#5292);
#5292 = AXIS2_PLACEMENT_3D('',#5293,#5294,#5295);
#5293 = CARTESIAN_POINT('',(10.91,1.27553196763E-18,3.10696741966E-17));
#5294 = DIRECTION('',(-1.,0.,-0.));
#5295 = DIRECTION('',(0.,0.,1.));
#5296 = ADVANCED_FACE('',(#5297),#5323,.F.);
#5297 = FACE_BOUND('',#5298,.F.);
#5298 = EDGE_LOOP('',(#5299,#5307,#5316,#5322));
#5299 = ORIENTED_EDGE('',*,*,#5300,.F.);
#5300 = EDGE_CURVE('',#5301,#1520,#5303,.T.);
#5301 = VERTEX_POINT('',#5302);
#5302 = CARTESIAN_POINT('',(10.91,0.312298434195,-2.077828511211));
#5303 = LINE('',#5304,#5305);
#5304 = CARTESIAN_POINT('',(10.91,0.312298434195,-2.077828511211));
#5305 = VECTOR('',#5306,1.);
#5306 = DIRECTION('',(-1.,-1.27553196763E-16,-3.10696741966E-15));
#5307 = ORIENTED_EDGE('',*,*,#5308,.T.);
#5308 = EDGE_CURVE('',#5301,#5309,#5311,.T.);
#5309 = VERTEX_POINT('',#5310);
#5310 = CARTESIAN_POINT('',(10.91,0.443671846922,-2.050170950637));
#5311 = B_SPLINE_CURVE_WITH_KNOTS('',3,(#5312,#5313,#5314,#5315),
  .UNSPECIFIED.,.F.,.F.,(4,4),(0.,1.),.PIECEWISE_BEZIER_KNOTS.);
#5312 = CARTESIAN_POINT('',(10.91,0.312298434195,-2.077828511211));
#5313 = CARTESIAN_POINT('',(10.91,0.364944843358,-2.077828511211));
#5314 = CARTESIAN_POINT('',(10.91,0.408735980933,-2.068609324354));
#5315 = CARTESIAN_POINT('',(10.91,0.443671846922,-2.050170950637));
#5316 = ORIENTED_EDGE('',*,*,#5317,.T.);
#5317 = EDGE_CURVE('',#5309,#1522,#5318,.T.);
#5318 = LINE('',#5319,#5320);
#5319 = CARTESIAN_POINT('',(10.91,0.443671846922,-2.050170950637));
#5320 = VECTOR('',#5321,1.);
#5321 = DIRECTION('',(-1.,-1.27553196763E-16,-3.10696741966E-15));
#5322 = ORIENTED_EDGE('',*,*,#1519,.F.);
#5323 = B_SPLINE_SURFACE_WITH_KNOTS('',3,1,(
    (#5324,#5325)
    ,(#5326,#5327)
    ,(#5328,#5329)
    ,(#5330,#5331
    )),.UNSPECIFIED.,.F.,.F.,.F.,(4,4),(2,2),(0.,1.),(0.,1.),
  .PIECEWISE_BEZIER_KNOTS.);
#5324 = CARTESIAN_POINT('',(10.91,0.312298434195,-2.077828511211));
#5325 = CARTESIAN_POINT('',(10.9,0.312298434195,-2.077828511211));
#5326 = CARTESIAN_POINT('',(10.91,0.364944843358,-2.077828511211));
#5327 = CARTESIAN_POINT('',(10.9,0.364944843358,-2.077828511211));
#5328 = CARTESIAN_POINT('',(10.91,0.408735980933,-2.068609324354));
#5329 = CARTESIAN_POINT('',(10.9,0.408735980933,-2.068609324354));
#5330 = CARTESIAN_POINT('',(10.91,0.443671846922,-2.050170950637));
#5331 = CARTESIAN_POINT('',(10.9,0.443671846922,-2.050170950637));
#5332 = ADVANCED_FACE('',(#5333),#5351,.F.);
#5333 = FACE_BOUND('',#5334,.T.);
#5334 = EDGE_LOOP('',(#5335,#5336,#5344,#5350));
#5335 = ORIENTED_EDGE('',*,*,#1637,.T.);
#5336 = ORIENTED_EDGE('',*,*,#5337,.F.);
#5337 = EDGE_CURVE('',#5338,#1629,#5340,.T.);
#5338 = VERTEX_POINT('',#5339);
#5339 = CARTESIAN_POINT('',(10.91,0.443671846922,-1.991459286961));
#5340 = LINE('',#5341,#5342);
#5341 = CARTESIAN_POINT('',(10.91,0.443671846922,-1.991459286961));
#5342 = VECTOR('',#5343,1.);
#5343 = DIRECTION('',(-1.,-1.27553196763E-16,-3.10696741966E-15));
#5344 = ORIENTED_EDGE('',*,*,#5345,.F.);
#5345 = EDGE_CURVE('',#5309,#5338,#5346,.T.);
#5346 = LINE('',#5347,#5348);
#5347 = CARTESIAN_POINT('',(10.91,0.443671846922,-1.991459286961));
#5348 = VECTOR('',#5349,1.);
#5349 = DIRECTION('',(-0.,-1.47732440828E-14,1.));
#5350 = ORIENTED_EDGE('',*,*,#5317,.T.);
#5351 = PLANE('',#5352);
#5352 = AXIS2_PLACEMENT_3D('',#5353,#5354,#5355);
#5353 = CARTESIAN_POINT('',(10.91,0.443671846922,-1.991459286961));
#5354 = DIRECTION('',(1.27553196763E-16,-1.,-1.47732440828E-14));
#5355 = DIRECTION('',(0.,1.47732440828E-14,-1.));
#5356 = ADVANCED_FACE('',(#5357),#5376,.F.);
#5357 = FACE_BOUND('',#5358,.F.);
#5358 = EDGE_LOOP('',(#5359,#5360,#5369,#5375));
#5359 = ORIENTED_EDGE('',*,*,#5337,.F.);
#5360 = ORIENTED_EDGE('',*,*,#5361,.T.);
#5361 = EDGE_CURVE('',#5338,#5362,#5364,.T.);
#5362 = VERTEX_POINT('',#5363);
#5363 = CARTESIAN_POINT('',(10.91,0.321153705782,-2.023241220606));
#5364 = B_SPLINE_CURVE_WITH_KNOTS('',3,(#5365,#5366,#5367,#5368),
  .UNSPECIFIED.,.F.,.F.,(4,4),(12.,13.),.PIECEWISE_BEZIER_KNOTS.);
#5365 = CARTESIAN_POINT('',(10.91,0.443671846922,-1.991459286961));
#5366 = CARTESIAN_POINT('',(10.91,0.408978591114,-2.012566372664));
#5367 = CARTESIAN_POINT('',(10.91,0.368098775703,-2.023241220606));
#5368 = CARTESIAN_POINT('',(10.91,0.321153705782,-2.023241220606));
#5369 = ORIENTED_EDGE('',*,*,#5370,.T.);
#5370 = EDGE_CURVE('',#5362,#1620,#5371,.T.);
#5371 = LINE('',#5372,#5373);
#5372 = CARTESIAN_POINT('',(10.91,0.321153705782,-2.023241220606));
#5373 = VECTOR('',#5374,1.);
#5374 = DIRECTION('',(-1.,-1.27553196763E-16,-3.10696741966E-15));
#5375 = ORIENTED_EDGE('',*,*,#1628,.F.);
#5376 = B_SPLINE_SURFACE_WITH_KNOTS('',3,1,(
    (#5377,#5378)
    ,(#5379,#5380)
    ,(#5381,#5382)
    ,(#5383,#5384
    )),.UNSPECIFIED.,.F.,.F.,.F.,(4,4),(2,2),(12.,13.),(0.,1.),
  .PIECEWISE_BEZIER_KNOTS.);
#5377 = CARTESIAN_POINT('',(10.91,0.443671846922,-1.991459286961));
#5378 = CARTESIAN_POINT('',(10.9,0.443671846922,-1.991459286961));
#5379 = CARTESIAN_POINT('',(10.91,0.408978591114,-2.012566372664));
#5380 = CARTESIAN_POINT('',(10.9,0.408978591114,-2.012566372664));
#5381 = CARTESIAN_POINT('',(10.91,0.368098775703,-2.023241220606));
#5382 = CARTESIAN_POINT('',(10.9,0.368098775703,-2.023241220606));
#5383 = CARTESIAN_POINT('',(10.91,0.321153705782,-2.023241220606));
#5384 = CARTESIAN_POINT('',(10.9,0.321153705782,-2.023241220606));
#5385 = ADVANCED_FACE('',(#5386),#5405,.F.);
#5386 = FACE_BOUND('',#5387,.F.);
#5387 = EDGE_LOOP('',(#5388,#5389,#5398,#5404));
#5388 = ORIENTED_EDGE('',*,*,#5370,.F.);
#5389 = ORIENTED_EDGE('',*,*,#5390,.T.);
#5390 = EDGE_CURVE('',#5362,#5391,#5393,.T.);
#5391 = VERTEX_POINT('',#5392);
#5392 = CARTESIAN_POINT('',(10.91,0.199242090093,-1.973263523427));
#5393 = B_SPLINE_CURVE_WITH_KNOTS('',3,(#5394,#5395,#5396,#5397),
  .UNSPECIFIED.,.F.,.F.,(4,4),(11.,12.),.PIECEWISE_BEZIER_KNOTS.);
#5394 = CARTESIAN_POINT('',(10.91,0.321153705782,-2.023241220606));
#5395 = CARTESIAN_POINT('',(10.91,0.270933398424,-2.023241220606));
#5396 = CARTESIAN_POINT('',(10.91,0.230296193194,-2.006501118153));
#5397 = CARTESIAN_POINT('',(10.91,0.199242090093,-1.973263523427));
#5398 = ORIENTED_EDGE('',*,*,#5399,.T.);
#5399 = EDGE_CURVE('',#5391,#1611,#5400,.T.);
#5400 = LINE('',#5401,#5402);
#5401 = CARTESIAN_POINT('',(10.91,0.199242090093,-1.973263523427));
#5402 = VECTOR('',#5403,1.);
#5403 = DIRECTION('',(-1.,-1.27553196763E-16,-3.10696741966E-15));
#5404 = ORIENTED_EDGE('',*,*,#1619,.F.);
#5405 = B_SPLINE_SURFACE_WITH_KNOTS('',3,1,(
    (#5406,#5407)
    ,(#5408,#5409)
    ,(#5410,#5411)
    ,(#5412,#5413
    )),.UNSPECIFIED.,.F.,.F.,.F.,(4,4),(2,2),(11.,12.),(0.,1.),
  .PIECEWISE_BEZIER_KNOTS.);
#5406 = CARTESIAN_POINT('',(10.91,0.321153705782,-2.023241220606));
#5407 = CARTESIAN_POINT('',(10.9,0.321153705782,-2.023241220606));
#5408 = CARTESIAN_POINT('',(10.91,0.270933398424,-2.023241220606));
#5409 = CARTESIAN_POINT('',(10.9,0.270933398424,-2.023241220606));
#5410 = CARTESIAN_POINT('',(10.91,0.230296193194,-2.006501118153));
#5411 = CARTESIAN_POINT('',(10.9,0.230296193194,-2.006501118153));
#5412 = CARTESIAN_POINT('',(10.91,0.199242090093,-1.973263523427));
#5413 = CARTESIAN_POINT('',(10.9,0.199242090093,-1.973263523427));
#5414 = ADVANCED_FACE('',(#5415),#5434,.F.);
#5415 = FACE_BOUND('',#5416,.F.);
#5416 = EDGE_LOOP('',(#5417,#5418,#5427,#5433));
#5417 = ORIENTED_EDGE('',*,*,#5399,.F.);
#5418 = ORIENTED_EDGE('',*,*,#5419,.T.);
#5419 = EDGE_CURVE('',#5391,#5420,#5422,.T.);
#5420 = VERTEX_POINT('',#5421);
#5421 = CARTESIAN_POINT('',(10.91,0.152660935444,-1.837887042721));
#5422 = B_SPLINE_CURVE_WITH_KNOTS('',3,(#5423,#5424,#5425,#5426),
  .UNSPECIFIED.,.F.,.F.,(4,4),(10.,11.),.PIECEWISE_BEZIER_KNOTS.);
#5423 = CARTESIAN_POINT('',(10.91,0.199242090093,-1.973263523427));
#5424 = CARTESIAN_POINT('',(10.91,0.168187986993,-1.939783318521));
#5425 = CARTESIAN_POINT('',(10.91,0.152660935444,-1.894657824952));
#5426 = CARTESIAN_POINT('',(10.91,0.152660935444,-1.837887042721));
#5427 = ORIENTED_EDGE('',*,*,#5428,.T.);
#5428 = EDGE_CURVE('',#5420,#1602,#5429,.T.);
#5429 = LINE('',#5430,#5431);
#5430 = CARTESIAN_POINT('',(10.91,0.152660935444,-1.837887042721));
#5431 = VECTOR('',#5432,1.);
#5432 = DIRECTION('',(-1.,-1.27553196763E-16,-3.10696741966E-15));
#5433 = ORIENTED_EDGE('',*,*,#1610,.F.);
#5434 = B_SPLINE_SURFACE_WITH_KNOTS('',3,1,(
    (#5435,#5436)
    ,(#5437,#5438)
    ,(#5439,#5440)
    ,(#5441,#5442
    )),.UNSPECIFIED.,.F.,.F.,.F.,(4,4),(2,2),(10.,11.),(0.,1.),
  .PIECEWISE_BEZIER_KNOTS.);
#5435 = CARTESIAN_POINT('',(10.91,0.199242090093,-1.973263523427));
#5436 = CARTESIAN_POINT('',(10.9,0.199242090093,-1.973263523427));
#5437 = CARTESIAN_POINT('',(10.91,0.168187986993,-1.939783318521));
#5438 = CARTESIAN_POINT('',(10.9,0.168187986993,-1.939783318521));
#5439 = CARTESIAN_POINT('',(10.91,0.152660935444,-1.894657824952));
#5440 = CARTESIAN_POINT('',(10.9,0.152660935444,-1.894657824952));
#5441 = CARTESIAN_POINT('',(10.91,0.152660935444,-1.837887042721));
#5442 = CARTESIAN_POINT('',(10.9,0.152660935444,-1.837887042721));
#5443 = ADVANCED_FACE('',(#5444),#5463,.F.);
#5444 = FACE_BOUND('',#5445,.F.);
#5445 = EDGE_LOOP('',(#5446,#5447,#5456,#5462));
#5446 = ORIENTED_EDGE('',*,*,#5428,.F.);
#5447 = ORIENTED_EDGE('',*,*,#5448,.T.);
#5448 = EDGE_CURVE('',#5420,#5449,#5451,.T.);
#5449 = VERTEX_POINT('',#5450);
#5450 = CARTESIAN_POINT('',(10.91,0.202517327531,-1.695232256603));
#5451 = B_SPLINE_CURVE_WITH_KNOTS('',3,(#5452,#5453,#5454,#5455),
  .UNSPECIFIED.,.F.,.F.,(4,4),(9.,10.),.PIECEWISE_BEZIER_KNOTS.);
#5452 = CARTESIAN_POINT('',(10.91,0.152660935444,-1.837887042721));
#5453 = CARTESIAN_POINT('',(10.91,0.152660935444,-1.778204938325));
#5454 = CARTESIAN_POINT('',(10.91,0.169279732805,-1.730653342954));
#5455 = CARTESIAN_POINT('',(10.91,0.202517327531,-1.695232256603));
#5456 = ORIENTED_EDGE('',*,*,#5457,.T.);
#5457 = EDGE_CURVE('',#5449,#1593,#5458,.T.);
#5458 = LINE('',#5459,#5460);
#5459 = CARTESIAN_POINT('',(10.91,0.202517327531,-1.695232256603));
#5460 = VECTOR('',#5461,1.);
#5461 = DIRECTION('',(-1.,-1.27553196763E-16,-3.10696741966E-15));
#5462 = ORIENTED_EDGE('',*,*,#1601,.F.);
#5463 = B_SPLINE_SURFACE_WITH_KNOTS('',3,1,(
    (#5464,#5465)
    ,(#5466,#5467)
    ,(#5468,#5469)
    ,(#5470,#5471
    )),.UNSPECIFIED.,.F.,.F.,.F.,(4,4),(2,2),(9.,10.),(0.,1.),
  .PIECEWISE_BEZIER_KNOTS.);
#5464 = CARTESIAN_POINT('',(10.91,0.152660935444,-1.837887042721));
#5465 = CARTESIAN_POINT('',(10.9,0.152660935444,-1.837887042721));
#5466 = CARTESIAN_POINT('',(10.91,0.152660935444,-1.778204938325));
#5467 = CARTESIAN_POINT('',(10.9,0.152660935444,-1.778204938325));
#5468 = CARTESIAN_POINT('',(10.91,0.169279732805,-1.730653342954));
#5469 = CARTESIAN_POINT('',(10.9,0.169279732805,-1.730653342954));
#5470 = CARTESIAN_POINT('',(10.91,0.202517327531,-1.695232256603));
#5471 = CARTESIAN_POINT('',(10.9,0.202517327531,-1.695232256603));
#5472 = ADVANCED_FACE('',(#5473),#5492,.F.);
#5473 = FACE_BOUND('',#5474,.F.);
#5474 = EDGE_LOOP('',(#5475,#5476,#5485,#5491));
#5475 = ORIENTED_EDGE('',*,*,#5457,.F.);
#5476 = ORIENTED_EDGE('',*,*,#5477,.T.);
#5477 = EDGE_CURVE('',#5449,#5478,#5480,.T.);
#5478 = VERTEX_POINT('',#5479);
#5479 = CARTESIAN_POINT('',(10.91,0.331828553723,-1.642585847442));
#5480 = B_SPLINE_CURVE_WITH_KNOTS('',3,(#5481,#5482,#5483,#5484),
  .UNSPECIFIED.,.F.,.F.,(4,4),(8.,9.),.PIECEWISE_BEZIER_KNOTS.);
#5481 = CARTESIAN_POINT('',(10.91,0.202517327531,-1.695232256603));
#5482 = CARTESIAN_POINT('',(10.91,0.235876227345,-1.660053780436));
#5483 = CARTESIAN_POINT('',(10.91,0.278939534381,-1.642585847442));
#5484 = CARTESIAN_POINT('',(10.91,0.331828553723,-1.642585847442));
#5485 = ORIENTED_EDGE('',*,*,#5486,.T.);
#5486 = EDGE_CURVE('',#5478,#1584,#5487,.T.);
#5487 = LINE('',#5488,#5489);
#5488 = CARTESIAN_POINT('',(10.91,0.331828553723,-1.642585847442));
#5489 = VECTOR('',#5490,1.);
#5490 = DIRECTION('',(-1.,-1.27553196763E-16,-3.10696741966E-15));
#5491 = ORIENTED_EDGE('',*,*,#1592,.F.);
#5492 = B_SPLINE_SURFACE_WITH_KNOTS('',3,1,(
    (#5493,#5494)
    ,(#5495,#5496)
    ,(#5497,#5498)
    ,(#5499,#5500
    )),.UNSPECIFIED.,.F.,.F.,.F.,(4,4),(2,2),(8.,9.),(0.,1.),
  .PIECEWISE_BEZIER_KNOTS.);
#5493 = CARTESIAN_POINT('',(10.91,0.202517327531,-1.695232256603));
#5494 = CARTESIAN_POINT('',(10.9,0.202517327531,-1.695232256603));
#5495 = CARTESIAN_POINT('',(10.91,0.235876227345,-1.660053780436));
#5496 = CARTESIAN_POINT('',(10.9,0.235876227345,-1.660053780436));
#5497 = CARTESIAN_POINT('',(10.91,0.278939534381,-1.642585847442));
#5498 = CARTESIAN_POINT('',(10.9,0.278939534381,-1.642585847442));
#5499 = CARTESIAN_POINT('',(10.91,0.331828553723,-1.642585847442));
#5500 = CARTESIAN_POINT('',(10.9,0.331828553723,-1.642585847442));
#5501 = ADVANCED_FACE('',(#5502),#5521,.F.);
#5502 = FACE_BOUND('',#5503,.F.);
#5503 = EDGE_LOOP('',(#5504,#5505,#5514,#5520));
#5504 = ORIENTED_EDGE('',*,*,#5486,.F.);
#5505 = ORIENTED_EDGE('',*,*,#5506,.T.);
#5506 = EDGE_CURVE('',#5478,#5507,#5509,.T.);
#5507 = VERTEX_POINT('',#5508);
#5508 = CARTESIAN_POINT('',(10.91,0.443671846922,-1.670728628374));
#5509 = B_SPLINE_CURVE_WITH_KNOTS('',3,(#5510,#5511,#5512,#5513),
  .UNSPECIFIED.,.F.,.F.,(4,4),(7.,8.),.PIECEWISE_BEZIER_KNOTS.);
#5510 = CARTESIAN_POINT('',(10.91,0.331828553723,-1.642585847442));
#5511 = CARTESIAN_POINT('',(10.91,0.372465758952,-1.642585847442));
#5512 = CARTESIAN_POINT('',(10.91,0.409706421656,-1.6518050343));
#5513 = CARTESIAN_POINT('',(10.91,0.443671846922,-1.670728628374));
#5514 = ORIENTED_EDGE('',*,*,#5515,.T.);
#5515 = EDGE_CURVE('',#5507,#1576,#5516,.T.);
#5516 = LINE('',#5517,#5518);
#5517 = CARTESIAN_POINT('',(10.91,0.443671846922,-1.670728628374));
#5518 = VECTOR('',#5519,1.);
#5519 = DIRECTION('',(-1.,-1.27553196763E-16,-3.10696741966E-15));
#5520 = ORIENTED_EDGE('',*,*,#1583,.F.);
#5521 = B_SPLINE_SURFACE_WITH_KNOTS('',3,1,(
    (#5522,#5523)
    ,(#5524,#5525)
    ,(#5526,#5527)
    ,(#5528,#5529
    )),.UNSPECIFIED.,.F.,.F.,.F.,(4,4),(2,2),(7.,8.),(0.,1.),
  .PIECEWISE_BEZIER_KNOTS.);
#5522 = CARTESIAN_POINT('',(10.91,0.331828553723,-1.642585847442));
#5523 = CARTESIAN_POINT('',(10.9,0.331828553723,-1.642585847442));
#5524 = CARTESIAN_POINT('',(10.91,0.372465758952,-1.642585847442));
#5525 = CARTESIAN_POINT('',(10.9,0.372465758952,-1.642585847442));
#5526 = CARTESIAN_POINT('',(10.91,0.409706421656,-1.6518050343));
#5527 = CARTESIAN_POINT('',(10.9,0.409706421656,-1.6518050343));
#5528 = CARTESIAN_POINT('',(10.91,0.443671846922,-1.670728628374));
#5529 = CARTESIAN_POINT('',(10.9,0.443671846922,-1.670728628374));
#5530 = ADVANCED_FACE('',(#5531),#5549,.F.);
#5531 = FACE_BOUND('',#5532,.T.);
#5532 = EDGE_LOOP('',(#5533,#5534,#5542,#5548));
#5533 = ORIENTED_EDGE('',*,*,#1575,.T.);
#5534 = ORIENTED_EDGE('',*,*,#5535,.F.);
#5535 = EDGE_CURVE('',#5536,#1567,#5538,.T.);
#5536 = VERTEX_POINT('',#5537);
#5537 = CARTESIAN_POINT('',(10.91,0.443671846922,-1.606679540731));
#5538 = LINE('',#5539,#5540);
#5539 = CARTESIAN_POINT('',(10.91,0.443671846922,-1.606679540731));
#5540 = VECTOR('',#5541,1.);
#5541 = DIRECTION('',(-1.,-1.27553196763E-16,-3.10696741966E-15));
#5542 = ORIENTED_EDGE('',*,*,#5543,.F.);
#5543 = EDGE_CURVE('',#5507,#5536,#5544,.T.);
#5544 = LINE('',#5545,#5546);
#5545 = CARTESIAN_POINT('',(10.91,0.443671846922,-1.606679540731));
#5546 = VECTOR('',#5547,1.);
#5547 = DIRECTION('',(-0.,-0.,1.));
#5548 = ORIENTED_EDGE('',*,*,#5515,.T.);
#5549 = PLANE('',#5550);
#5550 = AXIS2_PLACEMENT_3D('',#5551,#5552,#5553);
#5551 = CARTESIAN_POINT('',(10.91,0.443671846922,-1.606679540731));
#5552 = DIRECTION('',(1.27553196763E-16,-1.,0.));
#5553 = DIRECTION('',(1.,1.27553196763E-16,0.));
#5554 = ADVANCED_FACE('',(#5555),#5574,.F.);
#5555 = FACE_BOUND('',#5556,.F.);
#5556 = EDGE_LOOP('',(#5557,#5558,#5567,#5573));
#5557 = ORIENTED_EDGE('',*,*,#5535,.F.);
#5558 = ORIENTED_EDGE('',*,*,#5559,.T.);
#5559 = EDGE_CURVE('',#5536,#5560,#5562,.T.);
#5560 = VERTEX_POINT('',#5561);
#5561 = CARTESIAN_POINT('',(10.91,0.331222028271,-1.587270726293));
#5562 = B_SPLINE_CURVE_WITH_KNOTS('',3,(#5563,#5564,#5565,#5566),
  .UNSPECIFIED.,.F.,.F.,(4,4),(5.,6.),.PIECEWISE_BEZIER_KNOTS.);
#5563 = CARTESIAN_POINT('',(10.91,0.443671846922,-1.606679540731));
#5564 = CARTESIAN_POINT('',(10.91,0.414073404904,-1.593821201164));
#5565 = CARTESIAN_POINT('',(10.91,0.37659013202,-1.587270726293));
#5566 = CARTESIAN_POINT('',(10.91,0.331222028271,-1.587270726293));
#5567 = ORIENTED_EDGE('',*,*,#5568,.T.);
#5568 = EDGE_CURVE('',#5560,#1558,#5569,.T.);
#5569 = LINE('',#5570,#5571);
#5570 = CARTESIAN_POINT('',(10.91,0.331222028271,-1.587270726293));
#5571 = VECTOR('',#5572,1.);
#5572 = DIRECTION('',(-1.,-1.27553196763E-16,-3.10696741966E-15));
#5573 = ORIENTED_EDGE('',*,*,#1566,.F.);
#5574 = B_SPLINE_SURFACE_WITH_KNOTS('',3,1,(
    (#5575,#5576)
    ,(#5577,#5578)
    ,(#5579,#5580)
    ,(#5581,#5582
    )),.UNSPECIFIED.,.F.,.F.,.F.,(4,4),(2,2),(5.,6.),(0.,1.),
  .PIECEWISE_BEZIER_KNOTS.);
#5575 = CARTESIAN_POINT('',(10.91,0.443671846922,-1.606679540731));
#5576 = CARTESIAN_POINT('',(10.9,0.443671846922,-1.606679540731));
#5577 = CARTESIAN_POINT('',(10.91,0.414073404904,-1.593821201164));
#5578 = CARTESIAN_POINT('',(10.9,0.414073404904,-1.593821201164));
#5579 = CARTESIAN_POINT('',(10.91,0.37659013202,-1.587270726293));
#5580 = CARTESIAN_POINT('',(10.9,0.37659013202,-1.587270726293));
#5581 = CARTESIAN_POINT('',(10.91,0.331222028271,-1.587270726293));
#5582 = CARTESIAN_POINT('',(10.9,0.331222028271,-1.587270726293));
#5583 = ADVANCED_FACE('',(#5584),#5603,.F.);
#5584 = FACE_BOUND('',#5585,.F.);
#5585 = EDGE_LOOP('',(#5586,#5587,#5596,#5602));
#5586 = ORIENTED_EDGE('',*,*,#5568,.F.);
#5587 = ORIENTED_EDGE('',*,*,#5588,.T.);
#5588 = EDGE_CURVE('',#5560,#5589,#5591,.T.);
#5589 = VERTEX_POINT('',#5590);
#5590 = CARTESIAN_POINT('',(10.91,0.1569066136,-1.65714245827));
#5591 = B_SPLINE_CURVE_WITH_KNOTS('',3,(#5592,#5593,#5594,#5595),
  .UNSPECIFIED.,.F.,.F.,(4,4),(4.,5.),.PIECEWISE_BEZIER_KNOTS.);
#5592 = CARTESIAN_POINT('',(10.91,0.331222028271,-1.587270726293));
#5593 = CARTESIAN_POINT('',(10.91,0.260743770845,-1.587270726293));
#5594 = CARTESIAN_POINT('',(10.91,0.202638632621,-1.610561303617));
#5595 = CARTESIAN_POINT('',(10.91,0.1569066136,-1.65714245827));
#5596 = ORIENTED_EDGE('',*,*,#5597,.T.);
#5597 = EDGE_CURVE('',#5589,#1549,#5598,.T.);
#5598 = LINE('',#5599,#5600);
#5599 = CARTESIAN_POINT('',(10.91,0.1569066136,-1.65714245827));
#5600 = VECTOR('',#5601,1.);
#5601 = DIRECTION('',(-1.,-1.27553196763E-16,-3.10696741966E-15));
#5602 = ORIENTED_EDGE('',*,*,#1557,.F.);
#5603 = B_SPLINE_SURFACE_WITH_KNOTS('',3,1,(
    (#5604,#5605)
    ,(#5606,#5607)
    ,(#5608,#5609)
    ,(#5610,#5611
    )),.UNSPECIFIED.,.F.,.F.,.F.,(4,4),(2,2),(4.,5.),(0.,1.),
  .PIECEWISE_BEZIER_KNOTS.);
#5604 = CARTESIAN_POINT('',(10.91,0.331222028271,-1.587270726293));
#5605 = CARTESIAN_POINT('',(10.9,0.331222028271,-1.587270726293));
#5606 = CARTESIAN_POINT('',(10.91,0.260743770845,-1.587270726293));
#5607 = CARTESIAN_POINT('',(10.9,0.260743770845,-1.587270726293));
#5608 = CARTESIAN_POINT('',(10.91,0.202638632621,-1.610561303617));
#5609 = CARTESIAN_POINT('',(10.9,0.202638632621,-1.610561303617));
#5610 = CARTESIAN_POINT('',(10.91,0.1569066136,-1.65714245827));
#5611 = CARTESIAN_POINT('',(10.9,0.1569066136,-1.65714245827));
#5612 = ADVANCED_FACE('',(#5613),#5632,.F.);
#5613 = FACE_BOUND('',#5614,.F.);
#5614 = EDGE_LOOP('',(#5615,#5616,#5625,#5631));
#5615 = ORIENTED_EDGE('',*,*,#5597,.F.);
#5616 = ORIENTED_EDGE('',*,*,#5617,.T.);
#5617 = EDGE_CURVE('',#5589,#5618,#5620,.T.);
#5618 = VERTEX_POINT('',#5619);
#5619 = CARTESIAN_POINT('',(10.91,8.836923761707E-02,-1.841526195431));
#5620 = B_SPLINE_CURVE_WITH_KNOTS('',3,(#5621,#5622,#5623,#5624),
  .UNSPECIFIED.,.F.,.F.,(4,4),(3.,4.),.PIECEWISE_BEZIER_KNOTS.);
#5621 = CARTESIAN_POINT('',(10.91,0.1569066136,-1.65714245827));
#5622 = CARTESIAN_POINT('',(10.91,0.111174594581,-1.70372361292));
#5623 = CARTESIAN_POINT('',(10.91,8.836923761707E-02,-1.765103988581));
#5624 = CARTESIAN_POINT('',(10.91,8.836923761707E-02,-1.841526195431));
#5625 = ORIENTED_EDGE('',*,*,#5626,.T.);
#5626 = EDGE_CURVE('',#5618,#1540,#5627,.T.);
#5627 = LINE('',#5628,#5629);
#5628 = CARTESIAN_POINT('',(10.91,8.836923761707E-02,-1.841526195431));
#5629 = VECTOR('',#5630,1.);
#5630 = DIRECTION('',(-1.,-1.27553196763E-16,-3.10696741966E-15));
#5631 = ORIENTED_EDGE('',*,*,#1548,.F.);
#5632 = B_SPLINE_SURFACE_WITH_KNOTS('',3,1,(
    (#5633,#5634)
    ,(#5635,#5636)
    ,(#5637,#5638)
    ,(#5639,#5640
    )),.UNSPECIFIED.,.F.,.F.,.F.,(4,4),(2,2),(3.,4.),(0.,1.),
  .PIECEWISE_BEZIER_KNOTS.);
#5633 = CARTESIAN_POINT('',(10.91,0.1569066136,-1.65714245827));
#5634 = CARTESIAN_POINT('',(10.9,0.1569066136,-1.65714245827));
#5635 = CARTESIAN_POINT('',(10.91,0.111174594581,-1.70372361292));
#5636 = CARTESIAN_POINT('',(10.9,0.111174594581,-1.70372361292));
#5637 = CARTESIAN_POINT('',(10.91,8.836923761707E-02,-1.765103988581));
#5638 = CARTESIAN_POINT('',(10.9,8.836923761707E-02,-1.765103988581));
#5639 = CARTESIAN_POINT('',(10.91,8.836923761707E-02,-1.841526195431));
#5640 = CARTESIAN_POINT('',(10.9,8.836923761707E-02,-1.841526195431));
#5641 = ADVANCED_FACE('',(#5642),#5661,.F.);
#5642 = FACE_BOUND('',#5643,.F.);
#5643 = EDGE_LOOP('',(#5644,#5645,#5654,#5660));
#5644 = ORIENTED_EDGE('',*,*,#5626,.F.);
#5645 = ORIENTED_EDGE('',*,*,#5646,.T.);
#5646 = EDGE_CURVE('',#5618,#5647,#5649,.T.);
#5647 = VERTEX_POINT('',#5648);
#5648 = CARTESIAN_POINT('',(10.91,0.149264392916,-2.013051593024));
#5649 = B_SPLINE_CURVE_WITH_KNOTS('',3,(#5650,#5651,#5652,#5653),
  .UNSPECIFIED.,.F.,.F.,(4,4),(2.,3.),.PIECEWISE_BEZIER_KNOTS.);
#5650 = CARTESIAN_POINT('',(10.91,8.836923761707E-02,-1.841526195431));
#5651 = CARTESIAN_POINT('',(10.91,8.836923761707E-02,-1.912610978309));
#5652 = CARTESIAN_POINT('',(10.91,0.108627187686,-1.969866980901));
#5653 = CARTESIAN_POINT('',(10.91,0.149264392916,-2.013051593024));
#5654 = ORIENTED_EDGE('',*,*,#5655,.T.);
#5655 = EDGE_CURVE('',#5647,#1531,#5656,.T.);
#5656 = LINE('',#5657,#5658);
#5657 = CARTESIAN_POINT('',(10.91,0.149264392916,-2.013051593024));
#5658 = VECTOR('',#5659,1.);
#5659 = DIRECTION('',(-1.,-1.27553196763E-16,-3.10696741966E-15));
#5660 = ORIENTED_EDGE('',*,*,#1539,.F.);
#5661 = B_SPLINE_SURFACE_WITH_KNOTS('',3,1,(
    (#5662,#5663)
    ,(#5664,#5665)
    ,(#5666,#5667)
    ,(#5668,#5669
    )),.UNSPECIFIED.,.F.,.F.,.F.,(4,4),(2,2),(2.,3.),(0.,1.),
  .PIECEWISE_BEZIER_KNOTS.);
#5662 = CARTESIAN_POINT('',(10.91,8.836923761707E-02,-1.841526195431));
#5663 = CARTESIAN_POINT('',(10.9,8.836923761707E-02,-1.841526195431));
#5664 = CARTESIAN_POINT('',(10.91,8.836923761707E-02,-1.912610978309));
#5665 = CARTESIAN_POINT('',(10.9,8.836923761707E-02,-1.912610978309));
#5666 = CARTESIAN_POINT('',(10.91,0.108627187686,-1.969866980901));
#5667 = CARTESIAN_POINT('',(10.9,0.108627187686,-1.969866980901));
#5668 = CARTESIAN_POINT('',(10.91,0.149264392916,-2.013051593024));
#5669 = CARTESIAN_POINT('',(10.9,0.149264392916,-2.013051593024));
#5670 = ADVANCED_FACE('',(#5671),#5683,.F.);
#5671 = FACE_BOUND('',#5672,.F.);
#5672 = EDGE_LOOP('',(#5673,#5674,#5681,#5682));
#5673 = ORIENTED_EDGE('',*,*,#5655,.F.);
#5674 = ORIENTED_EDGE('',*,*,#5675,.T.);
#5675 = EDGE_CURVE('',#5647,#5301,#5676,.T.);
#5676 = B_SPLINE_CURVE_WITH_KNOTS('',3,(#5677,#5678,#5679,#5680),
  .UNSPECIFIED.,.F.,.F.,(4,4),(1.,2.),.PIECEWISE_BEZIER_KNOTS.);
#5677 = CARTESIAN_POINT('',(10.91,0.149264392916,-2.013051593024));
#5678 = CARTESIAN_POINT('',(10.91,0.189901598146,-2.056236205148));
#5679 = CARTESIAN_POINT('',(10.91,0.244246278572,-2.077828511211));
#5680 = CARTESIAN_POINT('',(10.91,0.312298434195,-2.077828511211));
#5681 = ORIENTED_EDGE('',*,*,#5300,.T.);
#5682 = ORIENTED_EDGE('',*,*,#1530,.F.);
#5683 = B_SPLINE_SURFACE_WITH_KNOTS('',3,1,(
    (#5684,#5685)
    ,(#5686,#5687)
    ,(#5688,#5689)
    ,(#5690,#5691
    )),.UNSPECIFIED.,.F.,.F.,.F.,(4,4),(2,2),(1.,2.),(0.,1.),
  .PIECEWISE_BEZIER_KNOTS.);
#5684 = CARTESIAN_POINT('',(10.91,0.149264392916,-2.013051593024));
#5685 = CARTESIAN_POINT('',(10.9,0.149264392916,-2.013051593024));
#5686 = CARTESIAN_POINT('',(10.91,0.189901598146,-2.056236205148));
#5687 = CARTESIAN_POINT('',(10.9,0.189901598146,-2.056236205148));
#5688 = CARTESIAN_POINT('',(10.91,0.244246278572,-2.077828511211));
#5689 = CARTESIAN_POINT('',(10.9,0.244246278572,-2.077828511211));
#5690 = CARTESIAN_POINT('',(10.91,0.312298434195,-2.077828511211));
#5691 = CARTESIAN_POINT('',(10.9,0.312298434195,-2.077828511211));
#5692 = ADVANCED_FACE('',(#5693),#5709,.T.);
#5693 = FACE_BOUND('',#5694,.T.);
#5694 = EDGE_LOOP('',(#5695,#5696,#5697,#5698,#5699,#5700,#5701,#5702,
    #5703,#5704,#5705,#5706,#5707,#5708));
#5695 = ORIENTED_EDGE('',*,*,#5308,.T.);
#5696 = ORIENTED_EDGE('',*,*,#5345,.T.);
#5697 = ORIENTED_EDGE('',*,*,#5361,.T.);
#5698 = ORIENTED_EDGE('',*,*,#5390,.T.);
#5699 = ORIENTED_EDGE('',*,*,#5419,.T.);
#5700 = ORIENTED_EDGE('',*,*,#5448,.T.);
#5701 = ORIENTED_EDGE('',*,*,#5477,.T.);
#5702 = ORIENTED_EDGE('',*,*,#5506,.T.);
#5703 = ORIENTED_EDGE('',*,*,#5543,.T.);
#5704 = ORIENTED_EDGE('',*,*,#5559,.T.);
#5705 = ORIENTED_EDGE('',*,*,#5588,.T.);
#5706 = ORIENTED_EDGE('',*,*,#5617,.T.);
#5707 = ORIENTED_EDGE('',*,*,#5646,.T.);
#5708 = ORIENTED_EDGE('',*,*,#5675,.T.);
#5709 = PLANE('',#5710);
#5710 = AXIS2_PLACEMENT_3D('',#5711,#5712,#5713);
#5711 = CARTESIAN_POINT('',(10.91,0.384626594249,-2.070914121068));
#5712 = DIRECTION('',(1.,0.,0.));
#5713 = DIRECTION('',(0.,0.,-1.));
#5714 = ADVANCED_FACE('',(#5715),#5740,.F.);
#5715 = FACE_BOUND('',#5716,.T.);
#5716 = EDGE_LOOP('',(#5717,#5718,#5726,#5734));
#5717 = ORIENTED_EDGE('',*,*,#1752,.T.);
#5718 = ORIENTED_EDGE('',*,*,#5719,.F.);
#5719 = EDGE_CURVE('',#5720,#1755,#5722,.T.);
#5720 = VERTEX_POINT('',#5721);
#5721 = CARTESIAN_POINT('',(10.91,0.793879642435,-2.01572030501));
#5722 = LINE('',#5723,#5724);
#5723 = CARTESIAN_POINT('',(10.91,0.793879642435,-2.01572030501));
#5724 = VECTOR('',#5725,1.);
#5725 = DIRECTION('',(-1.,-1.27553196763E-16,-3.10696741966E-15));
#5726 = ORIENTED_EDGE('',*,*,#5727,.F.);
#5727 = EDGE_CURVE('',#5728,#5720,#5730,.T.);
#5728 = VERTEX_POINT('',#5729);
#5729 = CARTESIAN_POINT('',(10.91,0.793879642435,-2.069822375255));
#5730 = LINE('',#5731,#5732);
#5731 = CARTESIAN_POINT('',(10.91,0.793879642435,-2.01572030501));
#5732 = VECTOR('',#5733,1.);
#5733 = DIRECTION('',(-0.,-0.,1.));
#5734 = ORIENTED_EDGE('',*,*,#5735,.T.);
#5735 = EDGE_CURVE('',#5728,#1753,#5736,.T.);
#5736 = LINE('',#5737,#5738);
#5737 = CARTESIAN_POINT('',(10.91,0.793879642435,-2.069822375255));
#5738 = VECTOR('',#5739,1.);
#5739 = DIRECTION('',(-1.,-1.27553196763E-16,-3.10696741966E-15));
#5740 = PLANE('',#5741);
#5741 = AXIS2_PLACEMENT_3D('',#5742,#5743,#5744);
#5742 = CARTESIAN_POINT('',(10.91,0.793879642435,-2.01572030501));
#5743 = DIRECTION('',(1.27553196763E-16,-1.,0.));
#5744 = DIRECTION('',(1.,1.27553196763E-16,0.));
#5745 = ADVANCED_FACE('',(#5746),#5764,.F.);
#5746 = FACE_BOUND('',#5747,.T.);
#5747 = EDGE_LOOP('',(#5748,#5749,#5757,#5763));
#5748 = ORIENTED_EDGE('',*,*,#1842,.T.);
#5749 = ORIENTED_EDGE('',*,*,#5750,.F.);
#5750 = EDGE_CURVE('',#5751,#1835,#5753,.T.);
#5751 = VERTEX_POINT('',#5752);
#5752 = CARTESIAN_POINT('',(10.91,0.599912803147,-2.01572030501));
#5753 = LINE('',#5754,#5755);
#5754 = CARTESIAN_POINT('',(10.91,0.599912803147,-2.01572030501));
#5755 = VECTOR('',#5756,1.);
#5756 = DIRECTION('',(-1.,-1.27553196763E-16,-3.10696741966E-15));
#5757 = ORIENTED_EDGE('',*,*,#5758,.F.);
#5758 = EDGE_CURVE('',#5720,#5751,#5759,.T.);
#5759 = LINE('',#5760,#5761);
#5760 = CARTESIAN_POINT('',(10.91,0.599912803147,-2.01572030501));
#5761 = VECTOR('',#5762,1.);
#5762 = DIRECTION('',(-0.,-1.,-4.471701148366E-15));
#5763 = ORIENTED_EDGE('',*,*,#5719,.T.);
#5764 = PLANE('',#5765);
#5765 = AXIS2_PLACEMENT_3D('',#5766,#5767,#5768);
#5766 = CARTESIAN_POINT('',(10.91,0.599912803147,-2.01572030501));
#5767 = DIRECTION('',(3.10696741966E-15,4.471701148366E-15,-1.));
#5768 = DIRECTION('',(0.,1.,4.471701148366E-15));
#5769 = ADVANCED_FACE('',(#5770),#5788,.F.);
#5770 = FACE_BOUND('',#5771,.T.);
#5771 = EDGE_LOOP('',(#5772,#5773,#5781,#5787));
#5772 = ORIENTED_EDGE('',*,*,#1834,.T.);
#5773 = ORIENTED_EDGE('',*,*,#5774,.F.);
#5774 = EDGE_CURVE('',#5775,#1827,#5777,.T.);
#5775 = VERTEX_POINT('',#5776);
#5776 = CARTESIAN_POINT('',(10.91,0.599912803147,-1.856082806259));
#5777 = LINE('',#5778,#5779);
#5778 = CARTESIAN_POINT('',(10.91,0.599912803147,-1.856082806259));
#5779 = VECTOR('',#5780,1.);
#5780 = DIRECTION('',(-1.,-1.27553196763E-16,-3.10696741966E-15));
#5781 = ORIENTED_EDGE('',*,*,#5782,.F.);
#5782 = EDGE_CURVE('',#5751,#5775,#5783,.T.);
#5783 = LINE('',#5784,#5785);
#5784 = CARTESIAN_POINT('',(10.91,0.599912803147,-1.856082806259));
#5785 = VECTOR('',#5786,1.);
#5786 = DIRECTION('',(-0.,-5.433320772213E-15,1.));
#5787 = ORIENTED_EDGE('',*,*,#5750,.T.);
#5788 = PLANE('',#5789);
#5789 = AXIS2_PLACEMENT_3D('',#5790,#5791,#5792);
#5790 = CARTESIAN_POINT('',(10.91,0.599912803147,-1.856082806259));
#5791 = DIRECTION('',(1.27553196763E-16,-1.,-5.433320772213E-15));
#5792 = DIRECTION('',(0.,5.433320772213E-15,-1.));
#5793 = ADVANCED_FACE('',(#5794),#5812,.F.);
#5794 = FACE_BOUND('',#5795,.T.);
#5795 = EDGE_LOOP('',(#5796,#5797,#5805,#5811));
#5796 = ORIENTED_EDGE('',*,*,#1826,.T.);
#5797 = ORIENTED_EDGE('',*,*,#5798,.F.);
#5798 = EDGE_CURVE('',#5799,#1819,#5801,.T.);
#5799 = VERTEX_POINT('',#5800);
#5800 = CARTESIAN_POINT('',(10.91,0.769618624388,-1.856082806259));
#5801 = LINE('',#5802,#5803);
#5802 = CARTESIAN_POINT('',(10.91,0.769618624388,-1.856082806259));
#5803 = VECTOR('',#5804,1.);
#5804 = DIRECTION('',(-1.,-1.27553196763E-16,-3.10696741966E-15));
#5805 = ORIENTED_EDGE('',*,*,#5806,.F.);
#5806 = EDGE_CURVE('',#5775,#5799,#5807,.T.);
#5807 = LINE('',#5808,#5809);
#5808 = CARTESIAN_POINT('',(10.91,0.769618624388,-1.856082806259));
#5809 = VECTOR('',#5810,1.);
#5810 = DIRECTION('',(-0.,1.,2.555486110163E-15));
#5811 = ORIENTED_EDGE('',*,*,#5774,.T.);
#5812 = PLANE('',#5813);
#5813 = AXIS2_PLACEMENT_3D('',#5814,#5815,#5816);
#5814 = CARTESIAN_POINT('',(10.91,0.769618624388,-1.856082806259));
#5815 = DIRECTION('',(-3.10696741966E-15,-2.555486110163E-15,1.));
#5816 = DIRECTION('',(1.,0.,3.10696741966E-15));
#5817 = ADVANCED_FACE('',(#5818),#5836,.F.);
#5818 = FACE_BOUND('',#5819,.T.);
#5819 = EDGE_LOOP('',(#5820,#5821,#5829,#5835));
#5820 = ORIENTED_EDGE('',*,*,#1818,.T.);
#5821 = ORIENTED_EDGE('',*,*,#5822,.F.);
#5822 = EDGE_CURVE('',#5823,#1811,#5825,.T.);
#5823 = VERTEX_POINT('',#5824);
#5824 = CARTESIAN_POINT('',(10.91,0.769618624388,-1.801738125833));
#5825 = LINE('',#5826,#5827);
#5826 = CARTESIAN_POINT('',(10.91,0.769618624388,-1.801738125833));
#5827 = VECTOR('',#5828,1.);
#5828 = DIRECTION('',(-1.,-1.27553196763E-16,-3.10696741966E-15));
#5829 = ORIENTED_EDGE('',*,*,#5830,.F.);
#5830 = EDGE_CURVE('',#5799,#5823,#5831,.T.);
#5831 = LINE('',#5832,#5833);
#5832 = CARTESIAN_POINT('',(10.91,0.769618624388,-1.801738125833));
#5833 = VECTOR('',#5834,1.);
#5834 = DIRECTION('',(-0.,-0.,1.));
#5835 = ORIENTED_EDGE('',*,*,#5798,.T.);
#5836 = PLANE('',#5837);
#5837 = AXIS2_PLACEMENT_3D('',#5838,#5839,#5840);
#5838 = CARTESIAN_POINT('',(10.91,0.769618624388,-1.801738125833));
#5839 = DIRECTION('',(1.27553196763E-16,-1.,0.));
#5840 = DIRECTION('',(1.,1.27553196763E-16,0.));
#5841 = ADVANCED_FACE('',(#5842),#5860,.F.);
#5842 = FACE_BOUND('',#5843,.T.);
#5843 = EDGE_LOOP('',(#5844,#5845,#5853,#5859));
#5844 = ORIENTED_EDGE('',*,*,#1810,.T.);
#5845 = ORIENTED_EDGE('',*,*,#5846,.F.);
#5846 = EDGE_CURVE('',#5847,#1803,#5849,.T.);
#5847 = VERTEX_POINT('',#5848);
#5848 = CARTESIAN_POINT('',(10.91,0.599912803147,-1.801738125833));
#5849 = LINE('',#5850,#5851);
#5850 = CARTESIAN_POINT('',(10.91,0.599912803147,-1.801738125833));
#5851 = VECTOR('',#5852,1.);
#5852 = DIRECTION('',(-1.,-1.27553196763E-16,-3.10696741966E-15));
#5853 = ORIENTED_EDGE('',*,*,#5854,.F.);
#5854 = EDGE_CURVE('',#5823,#5847,#5855,.T.);
#5855 = LINE('',#5856,#5857);
#5856 = CARTESIAN_POINT('',(10.91,0.599912803147,-1.801738125833));
#5857 = VECTOR('',#5858,1.);
#5858 = DIRECTION('',(-0.,-1.,-2.555486110163E-15));
#5859 = ORIENTED_EDGE('',*,*,#5822,.T.);
#5860 = PLANE('',#5861);
#5861 = AXIS2_PLACEMENT_3D('',#5862,#5863,#5864);
#5862 = CARTESIAN_POINT('',(10.91,0.599912803147,-1.801738125833));
#5863 = DIRECTION('',(3.10696741966E-15,2.555486110163E-15,-1.));
#5864 = DIRECTION('',(-1.,0.,-3.10696741966E-15));
#5865 = ADVANCED_FACE('',(#5866),#5884,.F.);
#5866 = FACE_BOUND('',#5867,.T.);
#5867 = EDGE_LOOP('',(#5868,#5869,#5877,#5883));
#5868 = ORIENTED_EDGE('',*,*,#1802,.T.);
#5869 = ORIENTED_EDGE('',*,*,#5870,.F.);
#5870 = EDGE_CURVE('',#5871,#1795,#5873,.T.);
#5871 = VERTEX_POINT('',#5872);
#5872 = CARTESIAN_POINT('',(10.91,0.599912803147,-1.649864152855));
#5873 = LINE('',#5874,#5875);
#5874 = CARTESIAN_POINT('',(10.91,0.599912803147,-1.649864152855));
#5875 = VECTOR('',#5876,1.);
#5876 = DIRECTION('',(-1.,-1.27553196763E-16,-3.10696741966E-15));
#5877 = ORIENTED_EDGE('',*,*,#5878,.F.);
#5878 = EDGE_CURVE('',#5847,#5871,#5879,.T.);
#5879 = LINE('',#5880,#5881);
#5880 = CARTESIAN_POINT('',(10.91,0.599912803147,-1.649864152855));
#5881 = VECTOR('',#5882,1.);
#5882 = DIRECTION('',(-1.142212481809E-14,-2.855531204522E-15,1.));
#5883 = ORIENTED_EDGE('',*,*,#5846,.T.);
#5884 = PLANE('',#5885);
#5885 = AXIS2_PLACEMENT_3D('',#5886,#5887,#5888);
#5886 = CARTESIAN_POINT('',(10.91,0.599912803147,-1.649864152855));
#5887 = DIRECTION('',(1.27553196763E-16,-1.,-2.855531204522E-15));
#5888 = DIRECTION('',(0.,2.855531204522E-15,-1.));
#5889 = ADVANCED_FACE('',(#5890),#5908,.F.);
#5890 = FACE_BOUND('',#5891,.T.);
#5891 = EDGE_LOOP('',(#5892,#5893,#5901,#5907));
#5892 = ORIENTED_EDGE('',*,*,#1794,.T.);
#5893 = ORIENTED_EDGE('',*,*,#5894,.F.);
#5894 = EDGE_CURVE('',#5895,#1787,#5897,.T.);
#5895 = VERTEX_POINT('',#5896);
#5896 = CARTESIAN_POINT('',(10.91,0.783083489405,-1.649864152855));
#5897 = LINE('',#5898,#5899);
#5898 = CARTESIAN_POINT('',(10.91,0.783083489405,-1.649864152855));
#5899 = VECTOR('',#5900,1.);
#5900 = DIRECTION('',(-1.,-1.27553196763E-16,-3.10696741966E-15));
#5901 = ORIENTED_EDGE('',*,*,#5902,.F.);
#5902 = EDGE_CURVE('',#5871,#5895,#5903,.T.);
#5903 = LINE('',#5904,#5905);
#5904 = CARTESIAN_POINT('',(10.91,0.783083489405,-1.649864152855));
#5905 = VECTOR('',#5906,1.);
#5906 = DIRECTION('',(-0.,1.,2.367632495431E-15));
#5907 = ORIENTED_EDGE('',*,*,#5870,.T.);
#5908 = PLANE('',#5909);
#5909 = AXIS2_PLACEMENT_3D('',#5910,#5911,#5912);
#5910 = CARTESIAN_POINT('',(10.91,0.783083489405,-1.649864152855));
#5911 = DIRECTION('',(-3.10696741966E-15,-2.367632495431E-15,1.));
#5912 = DIRECTION('',(1.,0.,3.10696741966E-15));
#5913 = ADVANCED_FACE('',(#5914),#5932,.F.);
#5914 = FACE_BOUND('',#5915,.T.);
#5915 = EDGE_LOOP('',(#5916,#5917,#5925,#5931));
#5916 = ORIENTED_EDGE('',*,*,#1786,.T.);
#5917 = ORIENTED_EDGE('',*,*,#5918,.F.);
#5918 = EDGE_CURVE('',#5919,#1779,#5921,.T.);
#5919 = VERTEX_POINT('',#5920);
#5920 = CARTESIAN_POINT('',(10.91,0.783083489405,-1.595276862249));
#5921 = LINE('',#5922,#5923);
#5922 = CARTESIAN_POINT('',(10.91,0.783083489405,-1.595276862249));
#5923 = VECTOR('',#5924,1.);
#5924 = DIRECTION('',(-1.,-1.27553196763E-16,-3.10696741966E-15));
#5925 = ORIENTED_EDGE('',*,*,#5926,.F.);
#5926 = EDGE_CURVE('',#5895,#5919,#5927,.T.);
#5927 = LINE('',#5928,#5929);
#5928 = CARTESIAN_POINT('',(10.91,0.783083489405,-1.595276862249));
#5929 = VECTOR('',#5930,1.);
#5930 = DIRECTION('',(-0.,-0.,1.));
#5931 = ORIENTED_EDGE('',*,*,#5894,.T.);
#5932 = PLANE('',#5933);
#5933 = AXIS2_PLACEMENT_3D('',#5934,#5935,#5936);
#5934 = CARTESIAN_POINT('',(10.91,0.783083489405,-1.595276862249));
#5935 = DIRECTION('',(1.27553196763E-16,-1.,0.));
#5936 = DIRECTION('',(1.,1.27553196763E-16,0.));
#5937 = ADVANCED_FACE('',(#5938),#5956,.F.);
#5938 = FACE_BOUND('',#5939,.T.);
#5939 = EDGE_LOOP('',(#5940,#5941,#5949,#5955));
#5940 = ORIENTED_EDGE('',*,*,#1778,.T.);
#5941 = ORIENTED_EDGE('',*,*,#5942,.F.);
#5942 = EDGE_CURVE('',#5943,#1771,#5945,.T.);
#5943 = VERTEX_POINT('',#5944);
#5944 = CARTESIAN_POINT('',(10.91,0.538653732578,-1.595276862249));
#5945 = LINE('',#5946,#5947);
#5946 = CARTESIAN_POINT('',(10.91,0.538653732578,-1.595276862249));
#5947 = VECTOR('',#5948,1.);
#5948 = DIRECTION('',(-1.,-1.27553196763E-16,-3.10696741966E-15));
#5949 = ORIENTED_EDGE('',*,*,#5950,.F.);
#5950 = EDGE_CURVE('',#5919,#5943,#5951,.T.);
#5951 = LINE('',#5952,#5953);
#5952 = CARTESIAN_POINT('',(10.91,0.538653732578,-1.595276862249));
#5953 = VECTOR('',#5954,1.);
#5954 = DIRECTION('',(-0.,-1.,-2.661383425388E-15));
#5955 = ORIENTED_EDGE('',*,*,#5918,.T.);
#5956 = PLANE('',#5957);
#5957 = AXIS2_PLACEMENT_3D('',#5958,#5959,#5960);
#5958 = CARTESIAN_POINT('',(10.91,0.538653732578,-1.595276862249));
#5959 = DIRECTION('',(3.10696741966E-15,2.661383425388E-15,-1.));
#5960 = DIRECTION('',(-1.,0.,-3.10696741966E-15));
#5961 = ADVANCED_FACE('',(#5962),#5980,.F.);
#5962 = FACE_BOUND('',#5963,.T.);
#5963 = EDGE_LOOP('',(#5964,#5965,#5973,#5979));
#5964 = ORIENTED_EDGE('',*,*,#1770,.T.);
#5965 = ORIENTED_EDGE('',*,*,#5966,.F.);
#5966 = EDGE_CURVE('',#5967,#1763,#5969,.T.);
#5967 = VERTEX_POINT('',#5968);
#5968 = CARTESIAN_POINT('',(10.91,0.538653732578,-2.069822375255));
#5969 = LINE('',#5970,#5971);
#5970 = CARTESIAN_POINT('',(10.91,0.538653732578,-2.069822375255));
#5971 = VECTOR('',#5972,1.);
#5972 = DIRECTION('',(-1.,-1.27553196763E-16,-3.10696741966E-15));
#5973 = ORIENTED_EDGE('',*,*,#5974,.F.);
#5974 = EDGE_CURVE('',#5943,#5967,#5975,.T.);
#5975 = LINE('',#5976,#5977);
#5976 = CARTESIAN_POINT('',(10.91,0.538653732578,-2.069822375255));
#5977 = VECTOR('',#5978,1.);
#5978 = DIRECTION('',(3.6555471044E-15,2.7416603283E-15,-1.));
#5979 = ORIENTED_EDGE('',*,*,#5942,.T.);
#5980 = PLANE('',#5981);
#5981 = AXIS2_PLACEMENT_3D('',#5982,#5983,#5984);
#5982 = CARTESIAN_POINT('',(10.91,0.538653732578,-2.069822375255));
#5983 = DIRECTION('',(-1.27553196763E-16,1.,2.7416603283E-15));
#5984 = DIRECTION('',(0.,-2.7416603283E-15,1.));
#5985 = ADVANCED_FACE('',(#5986),#5997,.F.);
#5986 = FACE_BOUND('',#5987,.T.);
#5987 = EDGE_LOOP('',(#5988,#5989,#5990,#5996));
#5988 = ORIENTED_EDGE('',*,*,#1762,.T.);
#5989 = ORIENTED_EDGE('',*,*,#5735,.F.);
#5990 = ORIENTED_EDGE('',*,*,#5991,.F.);
#5991 = EDGE_CURVE('',#5967,#5728,#5992,.T.);
#5992 = LINE('',#5993,#5994);
#5993 = CARTESIAN_POINT('',(10.91,0.793879642435,-2.069822375255));
#5994 = VECTOR('',#5995,1.);
#5995 = DIRECTION('',(-0.,1.,3.398407859428E-15));
#5996 = ORIENTED_EDGE('',*,*,#5966,.T.);
#5997 = PLANE('',#5998);
#5998 = AXIS2_PLACEMENT_3D('',#5999,#6000,#6001);
#5999 = CARTESIAN_POINT('',(10.91,0.793879642435,-2.069822375255));
#6000 = DIRECTION('',(-3.10696741966E-15,-3.398407859428E-15,1.));
#6001 = DIRECTION('',(0.,-1.,-3.398407859428E-15));
#6002 = ADVANCED_FACE('',(#6003),#6017,.F.);
#6003 = FACE_BOUND('',#6004,.T.);
#6004 = EDGE_LOOP('',(#6005,#6006,#6007,#6008,#6009,#6010,#6011,#6012,
    #6013,#6014,#6015,#6016));
#6005 = ORIENTED_EDGE('',*,*,#5727,.T.);
#6006 = ORIENTED_EDGE('',*,*,#5758,.T.);
#6007 = ORIENTED_EDGE('',*,*,#5782,.T.);
#6008 = ORIENTED_EDGE('',*,*,#5806,.T.);
#6009 = ORIENTED_EDGE('',*,*,#5830,.T.);
#6010 = ORIENTED_EDGE('',*,*,#5854,.T.);
#6011 = ORIENTED_EDGE('',*,*,#5878,.T.);
#6012 = ORIENTED_EDGE('',*,*,#5902,.T.);
#6013 = ORIENTED_EDGE('',*,*,#5926,.T.);
#6014 = ORIENTED_EDGE('',*,*,#5950,.T.);
#6015 = ORIENTED_EDGE('',*,*,#5974,.T.);
#6016 = ORIENTED_EDGE('',*,*,#5991,.T.);
#6017 = PLANE('',#6018);
#6018 = AXIS2_PLACEMENT_3D('',#6019,#6020,#6021);
#6019 = CARTESIAN_POINT('',(10.91,1.27553196763E-18,3.10696741966E-17));
#6020 = DIRECTION('',(-1.,0.,-0.));
#6021 = DIRECTION('',(0.,0.,1.));
#6022 = ADVANCED_FACE('',(#6023,#6085),#6147,.T.);
#6023 = FACE_BOUND('',#6024,.T.);
#6024 = EDGE_LOOP('',(#6025,#6035,#6044,#6053,#6062,#6071,#6079));
#6025 = ORIENTED_EDGE('',*,*,#6026,.T.);
#6026 = EDGE_CURVE('',#6027,#6029,#6031,.T.);
#6027 = VERTEX_POINT('',#6028);
#6028 = CARTESIAN_POINT('',(10.91,0.883524104122,-2.069822375255));
#6029 = VERTEX_POINT('',#6030);
#6030 = CARTESIAN_POINT('',(10.91,1.014048381217,-2.069822375255));
#6031 = LINE('',#6032,#6033);
#6032 = CARTESIAN_POINT('',(10.91,1.014048381217,-2.069822375255));
#6033 = VECTOR('',#6034,1.);
#6034 = DIRECTION('',(-0.,1.,3.322606940611E-15));
#6035 = ORIENTED_EDGE('',*,*,#6036,.T.);
#6036 = EDGE_CURVE('',#6029,#6037,#6039,.T.);
#6037 = VERTEX_POINT('',#6038);
#6038 = CARTESIAN_POINT('',(10.91,1.198310813287,-2.003347185807));
#6039 = B_SPLINE_CURVE_WITH_KNOTS('',3,(#6040,#6041,#6042,#6043),
  .UNSPECIFIED.,.F.,.F.,(4,4),(5.,6.),.PIECEWISE_BEZIER_KNOTS.);
#6040 = CARTESIAN_POINT('',(10.91,1.014048381217,-2.069822375255));
#6041 = CARTESIAN_POINT('',(10.91,1.089136232072,-2.069822375255));
#6042 = CARTESIAN_POINT('',(10.91,1.150637912823,-2.047744848831));
#6043 = CARTESIAN_POINT('',(10.91,1.198310813287,-2.003347185807));
#6044 = ORIENTED_EDGE('',*,*,#6045,.T.);
#6045 = EDGE_CURVE('',#6037,#6046,#6048,.T.);
#6046 = VERTEX_POINT('',#6047);
#6047 = CARTESIAN_POINT('',(10.91,1.269880816526,-1.826484364239));
#6048 = B_SPLINE_CURVE_WITH_KNOTS('',3,(#6049,#6050,#6051,#6052),
  .UNSPECIFIED.,.F.,.F.,(4,4),(4.,5.),.PIECEWISE_BEZIER_KNOTS.);
#6049 = CARTESIAN_POINT('',(10.91,1.198310813287,-2.003347185807));
#6050 = CARTESIAN_POINT('',(10.91,1.245983713751,-1.958949522779));
#6051 = CARTESIAN_POINT('',(10.91,1.269880816526,-1.899995248923));
#6052 = CARTESIAN_POINT('',(10.91,1.269880816526,-1.826484364239));
#6053 = ORIENTED_EDGE('',*,*,#6054,.T.);
#6054 = EDGE_CURVE('',#6046,#6055,#6057,.T.);
#6055 = VERTEX_POINT('',#6056);
#6056 = CARTESIAN_POINT('',(10.91,1.198310813287,-1.658112898991));
#6057 = B_SPLINE_CURVE_WITH_KNOTS('',3,(#6058,#6059,#6060,#6061),
  .UNSPECIFIED.,.F.,.F.,(4,4),(3.,4.),.PIECEWISE_BEZIER_KNOTS.);
#6058 = CARTESIAN_POINT('',(10.91,1.269880816526,-1.826484364239));
#6059 = CARTESIAN_POINT('',(10.91,1.269880816526,-1.756127411904));
#6060 = CARTESIAN_POINT('',(10.91,1.245983713751,-1.700084460214));
#6061 = CARTESIAN_POINT('',(10.91,1.198310813287,-1.658112898991));
#6062 = ORIENTED_EDGE('',*,*,#6063,.T.);
#6063 = EDGE_CURVE('',#6055,#6064,#6066,.T.);
#6064 = VERTEX_POINT('',#6065);
#6065 = CARTESIAN_POINT('',(10.91,1.018900584827,-1.595276862249));
#6066 = B_SPLINE_CURVE_WITH_KNOTS('',3,(#6067,#6068,#6069,#6070),
  .UNSPECIFIED.,.F.,.F.,(4,4),(2.,3.),.PIECEWISE_BEZIER_KNOTS.);
#6067 = CARTESIAN_POINT('',(10.91,1.198310813287,-1.658112898991));
#6068 = CARTESIAN_POINT('',(10.91,1.150637912823,-1.616141337768));
#6069 = CARTESIAN_POINT('',(10.91,1.090834503336,-1.595276862249));
#6070 = CARTESIAN_POINT('',(10.91,1.018900584827,-1.595276862249));
#6071 = ORIENTED_EDGE('',*,*,#6072,.T.);
#6072 = EDGE_CURVE('',#6064,#6073,#6075,.T.);
#6073 = VERTEX_POINT('',#6074);
#6074 = CARTESIAN_POINT('',(10.91,0.883524104122,-1.595276862249));
#6075 = LINE('',#6076,#6077);
#6076 = CARTESIAN_POINT('',(10.91,0.883524104122,-1.595276862249));
#6077 = VECTOR('',#6078,1.);
#6078 = DIRECTION('',(-0.,-1.,-3.203517086087E-15));
#6079 = ORIENTED_EDGE('',*,*,#6080,.T.);
#6080 = EDGE_CURVE('',#6073,#6027,#6081,.T.);
#6081 = LINE('',#6082,#6083);
#6082 = CARTESIAN_POINT('',(10.91,0.883524104122,-2.069822375255));
#6083 = VECTOR('',#6084,1.);
#6084 = DIRECTION('',(3.6555471044E-15,3.6555471044E-15,-1.));
#6085 = FACE_BOUND('',#6086,.T.);
#6086 = EDGE_LOOP('',(#6087,#6097,#6105,#6114,#6123,#6132,#6141));
#6087 = ORIENTED_EDGE('',*,*,#6088,.F.);
#6088 = EDGE_CURVE('',#6089,#6091,#6093,.T.);
#6089 = VERTEX_POINT('',#6090);
#6090 = CARTESIAN_POINT('',(10.91,0.944783174693,-1.649864152855));
#6091 = VERTEX_POINT('',#6092);
#6092 = CARTESIAN_POINT('',(10.91,0.944783174693,-2.01572030501));
#6093 = LINE('',#6094,#6095);
#6094 = CARTESIAN_POINT('',(10.91,0.944783174693,-1.649864152855));
#6095 = VECTOR('',#6096,1.);
#6096 = DIRECTION('',(4.74154518315E-15,4.74154518315E-15,-1.));
#6097 = ORIENTED_EDGE('',*,*,#6098,.F.);
#6098 = EDGE_CURVE('',#6099,#6089,#6101,.T.);
#6099 = VERTEX_POINT('',#6100);
#6100 = CARTESIAN_POINT('',(10.91,1.016474483019,-1.649864152855));
#6101 = LINE('',#6102,#6103);
#6102 = CARTESIAN_POINT('',(10.91,1.016474483019,-1.649864152855));
#6103 = VECTOR('',#6104,1.);
#6104 = DIRECTION('',(0.,-1.,-3.024640497717E-15));
#6105 = ORIENTED_EDGE('',*,*,#6106,.F.);
#6106 = EDGE_CURVE('',#6107,#6099,#6109,.T.);
#6107 = VERTEX_POINT('',#6108);
#6108 = CARTESIAN_POINT('',(10.91,1.153427929899,-1.694504426063));
#6109 = B_SPLINE_CURVE_WITH_KNOTS('',3,(#6110,#6111,#6112,#6113),
  .UNSPECIFIED.,.F.,.F.,(4,4),(5.,6.),.PIECEWISE_BEZIER_KNOTS.);
#6110 = CARTESIAN_POINT('',(10.91,1.153427929899,-1.694504426063));
#6111 = CARTESIAN_POINT('',(10.91,1.118734674088,-1.664663373863));
#6112 = CARTESIAN_POINT('',(10.91,1.073002655069,-1.649864152855));
#6113 = CARTESIAN_POINT('',(10.91,1.016474483019,-1.649864152855));
#6114 = ORIENTED_EDGE('',*,*,#6115,.F.);
#6115 = EDGE_CURVE('',#6116,#6107,#6118,.T.);
#6116 = VERTEX_POINT('',#6117);
#6117 = CARTESIAN_POINT('',(10.91,1.205467813612,-1.828182635504));
#6118 = B_SPLINE_CURVE_WITH_KNOTS('',3,(#6119,#6120,#6121,#6122),
  .UNSPECIFIED.,.F.,.F.,(4,4),(4.,5.),.PIECEWISE_BEZIER_KNOTS.);
#6119 = CARTESIAN_POINT('',(10.91,1.205467813612,-1.828182635504));
#6120 = CARTESIAN_POINT('',(10.91,1.205467813612,-1.768985751467));
#6121 = CARTESIAN_POINT('',(10.91,1.188121185706,-1.724345478259));
#6122 = CARTESIAN_POINT('',(10.91,1.153427929899,-1.694504426063));
#6123 = ORIENTED_EDGE('',*,*,#6124,.F.);
#6124 = EDGE_CURVE('',#6125,#6116,#6127,.T.);
#6125 = VERTEX_POINT('',#6126);
#6126 = CARTESIAN_POINT('',(10.91,1.154762285893,-1.966227828194));
#6127 = B_SPLINE_CURVE_WITH_KNOTS('',3,(#6128,#6129,#6130,#6131),
  .UNSPECIFIED.,.F.,.F.,(4,4),(3.,4.),.PIECEWISE_BEZIER_KNOTS.);
#6128 = CARTESIAN_POINT('',(10.91,1.154762285893,-1.966227828194));
#6129 = CARTESIAN_POINT('',(10.91,1.188606406069,-1.933475453829));
#6130 = CARTESIAN_POINT('',(10.91,1.205467813612,-1.88737951954));
#6131 = CARTESIAN_POINT('',(10.91,1.205467813612,-1.828182635504));
#6132 = ORIENTED_EDGE('',*,*,#6133,.F.);
#6133 = EDGE_CURVE('',#6134,#6125,#6136,.T.);
#6134 = VERTEX_POINT('',#6135);
#6135 = CARTESIAN_POINT('',(10.91,1.013684465946,-2.01572030501));
#6136 = B_SPLINE_CURVE_WITH_KNOTS('',3,(#6137,#6138,#6139,#6140),
  .UNSPECIFIED.,.F.,.F.,(4,4),(2.,3.),.PIECEWISE_BEZIER_KNOTS.);
#6137 = CARTESIAN_POINT('',(10.91,1.013684465946,-2.01572030501));
#6138 = CARTESIAN_POINT('',(10.91,1.073973095793,-2.01572030501));
#6139 = CARTESIAN_POINT('',(10.91,1.121039470807,-1.999222812737));
#6140 = CARTESIAN_POINT('',(10.91,1.154762285893,-1.966227828194));
#6141 = ORIENTED_EDGE('',*,*,#6142,.F.);
#6142 = EDGE_CURVE('',#6091,#6134,#6143,.T.);
#6143 = LINE('',#6144,#6145);
#6144 = CARTESIAN_POINT('',(10.91,0.944783174693,-2.01572030501));
#6145 = VECTOR('',#6146,1.);
#6146 = DIRECTION('',(0.,1.,6.294234274904E-15));
#6147 = PLANE('',#6148);
#6148 = AXIS2_PLACEMENT_3D('',#6149,#6150,#6151);
#6149 = CARTESIAN_POINT('',(10.91,1.117703580824,-1.610955545161));
#6150 = DIRECTION('',(1.,-0.,0.));
#6151 = DIRECTION('',(0.,0.,-1.));
#6152 = ADVANCED_FACE('',(#6153),#6169,.F.);
#6153 = FACE_BOUND('',#6154,.T.);
#6154 = EDGE_LOOP('',(#6155,#6156,#6162,#6163));
#6155 = ORIENTED_EDGE('',*,*,#1850,.T.);
#6156 = ORIENTED_EDGE('',*,*,#6157,.F.);
#6157 = EDGE_CURVE('',#6029,#1853,#6158,.T.);
#6158 = LINE('',#6159,#6160);
#6159 = CARTESIAN_POINT('',(10.91,1.014048381217,-2.069822375255));
#6160 = VECTOR('',#6161,1.);
#6161 = DIRECTION('',(-1.,-1.27553196763E-16,-3.10696741966E-15));
#6162 = ORIENTED_EDGE('',*,*,#6026,.F.);
#6163 = ORIENTED_EDGE('',*,*,#6164,.T.);
#6164 = EDGE_CURVE('',#6027,#1851,#6165,.T.);
#6165 = LINE('',#6166,#6167);
#6166 = CARTESIAN_POINT('',(10.91,0.883524104122,-2.069822375255));
#6167 = VECTOR('',#6168,1.);
#6168 = DIRECTION('',(-1.,-1.27553196763E-16,-3.10696741966E-15));
#6169 = PLANE('',#6170);
#6170 = AXIS2_PLACEMENT_3D('',#6171,#6172,#6173);
#6171 = CARTESIAN_POINT('',(10.91,1.014048381217,-2.069822375255));
#6172 = DIRECTION('',(-3.10696741966E-15,-3.322606940611E-15,1.));
#6173 = DIRECTION('',(0.,-1.,-3.322606940611E-15));
#6174 = ADVANCED_FACE('',(#6175),#6186,.F.);
#6175 = FACE_BOUND('',#6176,.F.);
#6176 = EDGE_LOOP('',(#6177,#6178,#6179,#6185));
#6177 = ORIENTED_EDGE('',*,*,#6157,.F.);
#6178 = ORIENTED_EDGE('',*,*,#6036,.T.);
#6179 = ORIENTED_EDGE('',*,*,#6180,.T.);
#6180 = EDGE_CURVE('',#6037,#1895,#6181,.T.);
#6181 = LINE('',#6182,#6183);
#6182 = CARTESIAN_POINT('',(10.91,1.198310813287,-2.003347185807));
#6183 = VECTOR('',#6184,1.);
#6184 = DIRECTION('',(-1.,-1.27553196763E-16,-3.10696741966E-15));
#6185 = ORIENTED_EDGE('',*,*,#1903,.F.);
#6186 = B_SPLINE_SURFACE_WITH_KNOTS('',3,1,(
    (#6187,#6188)
    ,(#6189,#6190)
    ,(#6191,#6192)
    ,(#6193,#6194
    )),.UNSPECIFIED.,.F.,.F.,.F.,(4,4),(2,2),(5.,6.),(0.,1.),
  .PIECEWISE_BEZIER_KNOTS.);
#6187 = CARTESIAN_POINT('',(10.91,1.014048381217,-2.069822375255));
#6188 = CARTESIAN_POINT('',(10.9,1.014048381217,-2.069822375255));
#6189 = CARTESIAN_POINT('',(10.91,1.089136232072,-2.069822375255));
#6190 = CARTESIAN_POINT('',(10.9,1.089136232072,-2.069822375255));
#6191 = CARTESIAN_POINT('',(10.91,1.150637912823,-2.047744848831));
#6192 = CARTESIAN_POINT('',(10.9,1.150637912823,-2.047744848831));
#6193 = CARTESIAN_POINT('',(10.91,1.198310813287,-2.003347185807));
#6194 = CARTESIAN_POINT('',(10.9,1.198310813287,-2.003347185807));
#6195 = ADVANCED_FACE('',(#6196),#6207,.F.);
#6196 = FACE_BOUND('',#6197,.F.);
#6197 = EDGE_LOOP('',(#6198,#6199,#6200,#6206));
#6198 = ORIENTED_EDGE('',*,*,#6180,.F.);
#6199 = ORIENTED_EDGE('',*,*,#6045,.T.);
#6200 = ORIENTED_EDGE('',*,*,#6201,.T.);
#6201 = EDGE_CURVE('',#6046,#1886,#6202,.T.);
#6202 = LINE('',#6203,#6204);
#6203 = CARTESIAN_POINT('',(10.91,1.269880816526,-1.826484364239));
#6204 = VECTOR('',#6205,1.);
#6205 = DIRECTION('',(-1.,-1.27553196763E-16,-3.10696741966E-15));
#6206 = ORIENTED_EDGE('',*,*,#1894,.F.);
#6207 = B_SPLINE_SURFACE_WITH_KNOTS('',3,1,(
    (#6208,#6209)
    ,(#6210,#6211)
    ,(#6212,#6213)
    ,(#6214,#6215
    )),.UNSPECIFIED.,.F.,.F.,.F.,(4,4),(2,2),(4.,5.),(0.,1.),
  .PIECEWISE_BEZIER_KNOTS.);
#6208 = CARTESIAN_POINT('',(10.91,1.198310813287,-2.003347185807));
#6209 = CARTESIAN_POINT('',(10.9,1.198310813287,-2.003347185807));
#6210 = CARTESIAN_POINT('',(10.91,1.245983713751,-1.958949522779));
#6211 = CARTESIAN_POINT('',(10.9,1.245983713751,-1.958949522779));
#6212 = CARTESIAN_POINT('',(10.91,1.269880816526,-1.899995248923));
#6213 = CARTESIAN_POINT('',(10.9,1.269880816526,-1.899995248923));
#6214 = CARTESIAN_POINT('',(10.91,1.269880816526,-1.826484364239));
#6215 = CARTESIAN_POINT('',(10.9,1.269880816526,-1.826484364239));
#6216 = ADVANCED_FACE('',(#6217),#6228,.F.);
#6217 = FACE_BOUND('',#6218,.F.);
#6218 = EDGE_LOOP('',(#6219,#6220,#6221,#6227));
#6219 = ORIENTED_EDGE('',*,*,#6201,.F.);
#6220 = ORIENTED_EDGE('',*,*,#6054,.T.);
#6221 = ORIENTED_EDGE('',*,*,#6222,.T.);
#6222 = EDGE_CURVE('',#6055,#1877,#6223,.T.);
#6223 = LINE('',#6224,#6225);
#6224 = CARTESIAN_POINT('',(10.91,1.198310813287,-1.658112898991));
#6225 = VECTOR('',#6226,1.);
#6226 = DIRECTION('',(-1.,-1.27553196763E-16,-3.10696741966E-15));
#6227 = ORIENTED_EDGE('',*,*,#1885,.F.);
#6228 = B_SPLINE_SURFACE_WITH_KNOTS('',3,1,(
    (#6229,#6230)
    ,(#6231,#6232)
    ,(#6233,#6234)
    ,(#6235,#6236
    )),.UNSPECIFIED.,.F.,.F.,.F.,(4,4),(2,2),(3.,4.),(0.,1.),
  .PIECEWISE_BEZIER_KNOTS.);
#6229 = CARTESIAN_POINT('',(10.91,1.269880816526,-1.826484364239));
#6230 = CARTESIAN_POINT('',(10.9,1.269880816526,-1.826484364239));
#6231 = CARTESIAN_POINT('',(10.91,1.269880816526,-1.756127411904));
#6232 = CARTESIAN_POINT('',(10.9,1.269880816526,-1.756127411904));
#6233 = CARTESIAN_POINT('',(10.91,1.245983713751,-1.700084460214));
#6234 = CARTESIAN_POINT('',(10.9,1.245983713751,-1.700084460214));
#6235 = CARTESIAN_POINT('',(10.91,1.198310813287,-1.658112898991));
#6236 = CARTESIAN_POINT('',(10.9,1.198310813287,-1.658112898991));
#6237 = ADVANCED_FACE('',(#6238),#6249,.F.);
#6238 = FACE_BOUND('',#6239,.F.);
#6239 = EDGE_LOOP('',(#6240,#6241,#6242,#6248));
#6240 = ORIENTED_EDGE('',*,*,#6222,.F.);
#6241 = ORIENTED_EDGE('',*,*,#6063,.T.);
#6242 = ORIENTED_EDGE('',*,*,#6243,.T.);
#6243 = EDGE_CURVE('',#6064,#1869,#6244,.T.);
#6244 = LINE('',#6245,#6246);
#6245 = CARTESIAN_POINT('',(10.91,1.018900584827,-1.595276862249));
#6246 = VECTOR('',#6247,1.);
#6247 = DIRECTION('',(-1.,-1.27553196763E-16,-3.10696741966E-15));
#6248 = ORIENTED_EDGE('',*,*,#1876,.F.);
#6249 = B_SPLINE_SURFACE_WITH_KNOTS('',3,1,(
    (#6250,#6251)
    ,(#6252,#6253)
    ,(#6254,#6255)
    ,(#6256,#6257
    )),.UNSPECIFIED.,.F.,.F.,.F.,(4,4),(2,2),(2.,3.),(0.,1.),
  .PIECEWISE_BEZIER_KNOTS.);
#6250 = CARTESIAN_POINT('',(10.91,1.198310813287,-1.658112898991));
#6251 = CARTESIAN_POINT('',(10.9,1.198310813287,-1.658112898991));
#6252 = CARTESIAN_POINT('',(10.91,1.150637912823,-1.616141337768));
#6253 = CARTESIAN_POINT('',(10.9,1.150637912823,-1.616141337768));
#6254 = CARTESIAN_POINT('',(10.91,1.090834503336,-1.595276862249));
#6255 = CARTESIAN_POINT('',(10.9,1.090834503336,-1.595276862249));
#6256 = CARTESIAN_POINT('',(10.91,1.018900584827,-1.595276862249));
#6257 = CARTESIAN_POINT('',(10.9,1.018900584827,-1.595276862249));
#6258 = ADVANCED_FACE('',(#6259),#6270,.F.);
#6259 = FACE_BOUND('',#6260,.T.);
#6260 = EDGE_LOOP('',(#6261,#6262,#6268,#6269));
#6261 = ORIENTED_EDGE('',*,*,#1868,.T.);
#6262 = ORIENTED_EDGE('',*,*,#6263,.F.);
#6263 = EDGE_CURVE('',#6073,#1861,#6264,.T.);
#6264 = LINE('',#6265,#6266);
#6265 = CARTESIAN_POINT('',(10.91,0.883524104122,-1.595276862249));
#6266 = VECTOR('',#6267,1.);
#6267 = DIRECTION('',(-1.,-1.27553196763E-16,-3.10696741966E-15));
#6268 = ORIENTED_EDGE('',*,*,#6072,.F.);
#6269 = ORIENTED_EDGE('',*,*,#6243,.T.);
#6270 = PLANE('',#6271);
#6271 = AXIS2_PLACEMENT_3D('',#6272,#6273,#6274);
#6272 = CARTESIAN_POINT('',(10.91,0.883524104122,-1.595276862249));
#6273 = DIRECTION('',(3.10696741966E-15,3.203517086087E-15,-1.));
#6274 = DIRECTION('',(0.,1.,3.203517086087E-15));
#6275 = ADVANCED_FACE('',(#6276),#6282,.F.);
#6276 = FACE_BOUND('',#6277,.T.);
#6277 = EDGE_LOOP('',(#6278,#6279,#6280,#6281));
#6278 = ORIENTED_EDGE('',*,*,#1860,.T.);
#6279 = ORIENTED_EDGE('',*,*,#6164,.F.);
#6280 = ORIENTED_EDGE('',*,*,#6080,.F.);
#6281 = ORIENTED_EDGE('',*,*,#6263,.T.);
#6282 = PLANE('',#6283);
#6283 = AXIS2_PLACEMENT_3D('',#6284,#6285,#6286);
#6284 = CARTESIAN_POINT('',(10.91,0.883524104122,-2.069822375255));
#6285 = DIRECTION('',(-1.27553196763E-16,1.,3.6555471044E-15));
#6286 = DIRECTION('',(0.,-3.6555471044E-15,1.));
#6287 = ADVANCED_FACE('',(#6288),#6313,.T.);
#6288 = FACE_BOUND('',#6289,.T.);
#6289 = EDGE_LOOP('',(#6290,#6300,#6306,#6307));
#6290 = ORIENTED_EDGE('',*,*,#6291,.F.);
#6291 = EDGE_CURVE('',#6292,#6294,#6296,.T.);
#6292 = VERTEX_POINT('',#6293);
#6293 = CARTESIAN_POINT('',(10.9,1.016474483019,-1.649864152855));
#6294 = VERTEX_POINT('',#6295);
#6295 = CARTESIAN_POINT('',(10.9,0.944783174693,-1.649864152855));
#6296 = LINE('',#6297,#6298);
#6297 = CARTESIAN_POINT('',(10.9,1.016474483019,-1.649864152855));
#6298 = VECTOR('',#6299,1.);
#6299 = DIRECTION('',(0.,-1.,-3.024640497717E-15));
#6300 = ORIENTED_EDGE('',*,*,#6301,.F.);
#6301 = EDGE_CURVE('',#6099,#6292,#6302,.T.);
#6302 = LINE('',#6303,#6304);
#6303 = CARTESIAN_POINT('',(10.91,1.016474483019,-1.649864152855));
#6304 = VECTOR('',#6305,1.);
#6305 = DIRECTION('',(-1.,-1.27553196763E-16,-3.10696741966E-15));
#6306 = ORIENTED_EDGE('',*,*,#6098,.T.);
#6307 = ORIENTED_EDGE('',*,*,#6308,.T.);
#6308 = EDGE_CURVE('',#6089,#6294,#6309,.T.);
#6309 = LINE('',#6310,#6311);
#6310 = CARTESIAN_POINT('',(10.91,0.944783174693,-1.649864152855));
#6311 = VECTOR('',#6312,1.);
#6312 = DIRECTION('',(-1.,-1.27553196763E-16,-3.10696741966E-15));
#6313 = PLANE('',#6314);
#6314 = AXIS2_PLACEMENT_3D('',#6315,#6316,#6317);
#6315 = CARTESIAN_POINT('',(10.91,1.016474483019,-1.649864152855));
#6316 = DIRECTION('',(3.10696741966E-15,3.024640497717E-15,-1.));
#6317 = DIRECTION('',(-1.,0.,-3.10696741966E-15));
#6318 = ADVANCED_FACE('',(#6319),#6337,.T.);
#6319 = FACE_BOUND('',#6320,.T.);
#6320 = EDGE_LOOP('',(#6321,#6329,#6330,#6331));
#6321 = ORIENTED_EDGE('',*,*,#6322,.F.);
#6322 = EDGE_CURVE('',#6294,#6323,#6325,.T.);
#6323 = VERTEX_POINT('',#6324);
#6324 = CARTESIAN_POINT('',(10.9,0.944783174693,-2.01572030501));
#6325 = LINE('',#6326,#6327);
#6326 = CARTESIAN_POINT('',(10.9,0.944783174693,-1.649864152855));
#6327 = VECTOR('',#6328,1.);
#6328 = DIRECTION('',(4.74154518315E-15,4.74154518315E-15,-1.));
#6329 = ORIENTED_EDGE('',*,*,#6308,.F.);
#6330 = ORIENTED_EDGE('',*,*,#6088,.T.);
#6331 = ORIENTED_EDGE('',*,*,#6332,.T.);
#6332 = EDGE_CURVE('',#6091,#6323,#6333,.T.);
#6333 = LINE('',#6334,#6335);
#6334 = CARTESIAN_POINT('',(10.91,0.944783174693,-2.01572030501));
#6335 = VECTOR('',#6336,1.);
#6336 = DIRECTION('',(-1.,-1.27553196763E-16,-3.10696741966E-15));
#6337 = PLANE('',#6338);
#6338 = AXIS2_PLACEMENT_3D('',#6339,#6340,#6341);
#6339 = CARTESIAN_POINT('',(10.91,0.944783174693,-1.649864152855));
#6340 = DIRECTION('',(-1.27553196763E-16,1.,4.74154518315E-15));
#6341 = DIRECTION('',(0.,-4.74154518315E-15,1.));
#6342 = ADVANCED_FACE('',(#6343),#6361,.T.);
#6343 = FACE_BOUND('',#6344,.T.);
#6344 = EDGE_LOOP('',(#6345,#6353,#6354,#6355));
#6345 = ORIENTED_EDGE('',*,*,#6346,.F.);
#6346 = EDGE_CURVE('',#6323,#6347,#6349,.T.);
#6347 = VERTEX_POINT('',#6348);
#6348 = CARTESIAN_POINT('',(10.9,1.013684465946,-2.01572030501));
#6349 = LINE('',#6350,#6351);
#6350 = CARTESIAN_POINT('',(10.9,0.944783174693,-2.01572030501));
#6351 = VECTOR('',#6352,1.);
#6352 = DIRECTION('',(0.,1.,6.294234274904E-15));
#6353 = ORIENTED_EDGE('',*,*,#6332,.F.);
#6354 = ORIENTED_EDGE('',*,*,#6142,.T.);
#6355 = ORIENTED_EDGE('',*,*,#6356,.T.);
#6356 = EDGE_CURVE('',#6134,#6347,#6357,.T.);
#6357 = LINE('',#6358,#6359);
#6358 = CARTESIAN_POINT('',(10.91,1.013684465946,-2.01572030501));
#6359 = VECTOR('',#6360,1.);
#6360 = DIRECTION('',(-1.,-1.27553196763E-16,-3.10696741966E-15));
#6361 = PLANE('',#6362);
#6362 = AXIS2_PLACEMENT_3D('',#6363,#6364,#6365);
#6363 = CARTESIAN_POINT('',(10.91,0.944783174693,-2.01572030501));
#6364 = DIRECTION('',(-3.10696741966E-15,-6.294234274904E-15,1.));
#6365 = DIRECTION('',(0.,-1.,-6.294234274904E-15));
#6366 = ADVANCED_FACE('',(#6367),#6386,.T.);
#6367 = FACE_BOUND('',#6368,.T.);
#6368 = EDGE_LOOP('',(#6369,#6378,#6379,#6380));
#6369 = ORIENTED_EDGE('',*,*,#6370,.F.);
#6370 = EDGE_CURVE('',#6347,#6371,#6373,.T.);
#6371 = VERTEX_POINT('',#6372);
#6372 = CARTESIAN_POINT('',(10.9,1.154762285893,-1.966227828194));
#6373 = B_SPLINE_CURVE_WITH_KNOTS('',3,(#6374,#6375,#6376,#6377),
  .UNSPECIFIED.,.F.,.F.,(4,4),(2.,3.),.PIECEWISE_BEZIER_KNOTS.);
#6374 = CARTESIAN_POINT('',(10.9,1.013684465946,-2.01572030501));
#6375 = CARTESIAN_POINT('',(10.9,1.073973095793,-2.01572030501));
#6376 = CARTESIAN_POINT('',(10.9,1.121039470807,-1.999222812737));
#6377 = CARTESIAN_POINT('',(10.9,1.154762285893,-1.966227828194));
#6378 = ORIENTED_EDGE('',*,*,#6356,.F.);
#6379 = ORIENTED_EDGE('',*,*,#6133,.T.);
#6380 = ORIENTED_EDGE('',*,*,#6381,.T.);
#6381 = EDGE_CURVE('',#6125,#6371,#6382,.T.);
#6382 = LINE('',#6383,#6384);
#6383 = CARTESIAN_POINT('',(10.91,1.154762285893,-1.966227828194));
#6384 = VECTOR('',#6385,1.);
#6385 = DIRECTION('',(-1.,-1.27553196763E-16,-3.10696741966E-15));
#6386 = B_SPLINE_SURFACE_WITH_KNOTS('',3,1,(
    (#6387,#6388)
    ,(#6389,#6390)
    ,(#6391,#6392)
    ,(#6393,#6394
    )),.UNSPECIFIED.,.F.,.F.,.F.,(4,4),(2,2),(2.,3.),(0.,1.),
  .PIECEWISE_BEZIER_KNOTS.);
#6387 = CARTESIAN_POINT('',(10.91,1.013684465946,-2.01572030501));
#6388 = CARTESIAN_POINT('',(10.9,1.013684465946,-2.01572030501));
#6389 = CARTESIAN_POINT('',(10.91,1.073973095793,-2.01572030501));
#6390 = CARTESIAN_POINT('',(10.9,1.073973095793,-2.01572030501));
#6391 = CARTESIAN_POINT('',(10.91,1.121039470807,-1.999222812737));
#6392 = CARTESIAN_POINT('',(10.9,1.121039470807,-1.999222812737));
#6393 = CARTESIAN_POINT('',(10.91,1.154762285893,-1.966227828194));
#6394 = CARTESIAN_POINT('',(10.9,1.154762285893,-1.966227828194));
#6395 = ADVANCED_FACE('',(#6396),#6415,.T.);
#6396 = FACE_BOUND('',#6397,.T.);
#6397 = EDGE_LOOP('',(#6398,#6407,#6408,#6409));
#6398 = ORIENTED_EDGE('',*,*,#6399,.F.);
#6399 = EDGE_CURVE('',#6371,#6400,#6402,.T.);
#6400 = VERTEX_POINT('',#6401);
#6401 = CARTESIAN_POINT('',(10.9,1.205467813612,-1.828182635504));
#6402 = B_SPLINE_CURVE_WITH_KNOTS('',3,(#6403,#6404,#6405,#6406),
  .UNSPECIFIED.,.F.,.F.,(4,4),(3.,4.),.PIECEWISE_BEZIER_KNOTS.);
#6403 = CARTESIAN_POINT('',(10.9,1.154762285893,-1.966227828194));
#6404 = CARTESIAN_POINT('',(10.9,1.188606406069,-1.933475453829));
#6405 = CARTESIAN_POINT('',(10.9,1.205467813612,-1.88737951954));
#6406 = CARTESIAN_POINT('',(10.9,1.205467813612,-1.828182635504));
#6407 = ORIENTED_EDGE('',*,*,#6381,.F.);
#6408 = ORIENTED_EDGE('',*,*,#6124,.T.);
#6409 = ORIENTED_EDGE('',*,*,#6410,.T.);
#6410 = EDGE_CURVE('',#6116,#6400,#6411,.T.);
#6411 = LINE('',#6412,#6413);
#6412 = CARTESIAN_POINT('',(10.91,1.205467813612,-1.828182635504));
#6413 = VECTOR('',#6414,1.);
#6414 = DIRECTION('',(-1.,-1.27553196763E-16,-3.10696741966E-15));
#6415 = B_SPLINE_SURFACE_WITH_KNOTS('',3,1,(
    (#6416,#6417)
    ,(#6418,#6419)
    ,(#6420,#6421)
    ,(#6422,#6423
    )),.UNSPECIFIED.,.F.,.F.,.F.,(4,4),(2,2),(3.,4.),(0.,1.),
  .PIECEWISE_BEZIER_KNOTS.);
#6416 = CARTESIAN_POINT('',(10.91,1.154762285893,-1.966227828194));
#6417 = CARTESIAN_POINT('',(10.9,1.154762285893,-1.966227828194));
#6418 = CARTESIAN_POINT('',(10.91,1.188606406069,-1.933475453829));
#6419 = CARTESIAN_POINT('',(10.9,1.188606406069,-1.933475453829));
#6420 = CARTESIAN_POINT('',(10.91,1.205467813612,-1.88737951954));
#6421 = CARTESIAN_POINT('',(10.9,1.205467813612,-1.88737951954));
#6422 = CARTESIAN_POINT('',(10.91,1.205467813612,-1.828182635504));
#6423 = CARTESIAN_POINT('',(10.9,1.205467813612,-1.828182635504));
#6424 = ADVANCED_FACE('',(#6425),#6444,.T.);
#6425 = FACE_BOUND('',#6426,.T.);
#6426 = EDGE_LOOP('',(#6427,#6436,#6437,#6438));
#6427 = ORIENTED_EDGE('',*,*,#6428,.F.);
#6428 = EDGE_CURVE('',#6400,#6429,#6431,.T.);
#6429 = VERTEX_POINT('',#6430);
#6430 = CARTESIAN_POINT('',(10.9,1.153427929899,-1.694504426063));
#6431 = B_SPLINE_CURVE_WITH_KNOTS('',3,(#6432,#6433,#6434,#6435),
  .UNSPECIFIED.,.F.,.F.,(4,4),(4.,5.),.PIECEWISE_BEZIER_KNOTS.);
#6432 = CARTESIAN_POINT('',(10.9,1.205467813612,-1.828182635504));
#6433 = CARTESIAN_POINT('',(10.9,1.205467813612,-1.768985751467));
#6434 = CARTESIAN_POINT('',(10.9,1.188121185706,-1.724345478259));
#6435 = CARTESIAN_POINT('',(10.9,1.153427929899,-1.694504426063));
#6436 = ORIENTED_EDGE('',*,*,#6410,.F.);
#6437 = ORIENTED_EDGE('',*,*,#6115,.T.);
#6438 = ORIENTED_EDGE('',*,*,#6439,.T.);
#6439 = EDGE_CURVE('',#6107,#6429,#6440,.T.);
#6440 = LINE('',#6441,#6442);
#6441 = CARTESIAN_POINT('',(10.91,1.153427929899,-1.694504426063));
#6442 = VECTOR('',#6443,1.);
#6443 = DIRECTION('',(-1.,-1.27553196763E-16,-3.10696741966E-15));
#6444 = B_SPLINE_SURFACE_WITH_KNOTS('',3,1,(
    (#6445,#6446)
    ,(#6447,#6448)
    ,(#6449,#6450)
    ,(#6451,#6452
    )),.UNSPECIFIED.,.F.,.F.,.F.,(4,4),(2,2),(4.,5.),(0.,1.),
  .PIECEWISE_BEZIER_KNOTS.);
#6445 = CARTESIAN_POINT('',(10.91,1.205467813612,-1.828182635504));
#6446 = CARTESIAN_POINT('',(10.9,1.205467813612,-1.828182635504));
#6447 = CARTESIAN_POINT('',(10.91,1.205467813612,-1.768985751467));
#6448 = CARTESIAN_POINT('',(10.9,1.205467813612,-1.768985751467));
#6449 = CARTESIAN_POINT('',(10.91,1.188121185706,-1.724345478259));
#6450 = CARTESIAN_POINT('',(10.9,1.188121185706,-1.724345478259));
#6451 = CARTESIAN_POINT('',(10.91,1.153427929899,-1.694504426063));
#6452 = CARTESIAN_POINT('',(10.9,1.153427929899,-1.694504426063));
#6453 = ADVANCED_FACE('',(#6454),#6466,.T.);
#6454 = FACE_BOUND('',#6455,.T.);
#6455 = EDGE_LOOP('',(#6456,#6463,#6464,#6465));
#6456 = ORIENTED_EDGE('',*,*,#6457,.F.);
#6457 = EDGE_CURVE('',#6429,#6292,#6458,.T.);
#6458 = B_SPLINE_CURVE_WITH_KNOTS('',3,(#6459,#6460,#6461,#6462),
  .UNSPECIFIED.,.F.,.F.,(4,4),(5.,6.),.PIECEWISE_BEZIER_KNOTS.);
#6459 = CARTESIAN_POINT('',(10.9,1.153427929899,-1.694504426063));
#6460 = CARTESIAN_POINT('',(10.9,1.118734674088,-1.664663373863));
#6461 = CARTESIAN_POINT('',(10.9,1.073002655069,-1.649864152855));
#6462 = CARTESIAN_POINT('',(10.9,1.016474483019,-1.649864152855));
#6463 = ORIENTED_EDGE('',*,*,#6439,.F.);
#6464 = ORIENTED_EDGE('',*,*,#6106,.T.);
#6465 = ORIENTED_EDGE('',*,*,#6301,.T.);
#6466 = B_SPLINE_SURFACE_WITH_KNOTS('',3,1,(
    (#6467,#6468)
    ,(#6469,#6470)
    ,(#6471,#6472)
    ,(#6473,#6474
    )),.UNSPECIFIED.,.F.,.F.,.F.,(4,4),(2,2),(5.,6.),(0.,1.),
  .PIECEWISE_BEZIER_KNOTS.);
#6467 = CARTESIAN_POINT('',(10.91,1.153427929899,-1.694504426063));
#6468 = CARTESIAN_POINT('',(10.9,1.153427929899,-1.694504426063));
#6469 = CARTESIAN_POINT('',(10.91,1.118734674088,-1.664663373863));
#6470 = CARTESIAN_POINT('',(10.9,1.118734674088,-1.664663373863));
#6471 = CARTESIAN_POINT('',(10.91,1.073002655069,-1.649864152855));
#6472 = CARTESIAN_POINT('',(10.9,1.073002655069,-1.649864152855));
#6473 = CARTESIAN_POINT('',(10.91,1.016474483019,-1.649864152855));
#6474 = CARTESIAN_POINT('',(10.9,1.016474483019,-1.649864152855));
#6475 = ADVANCED_FACE('',(#6476),#6485,.F.);
#6476 = FACE_BOUND('',#6477,.T.);
#6477 = EDGE_LOOP('',(#6478,#6479,#6480,#6481,#6482,#6483,#6484));
#6478 = ORIENTED_EDGE('',*,*,#6457,.T.);
#6479 = ORIENTED_EDGE('',*,*,#6291,.T.);
#6480 = ORIENTED_EDGE('',*,*,#6322,.T.);
#6481 = ORIENTED_EDGE('',*,*,#6346,.T.);
#6482 = ORIENTED_EDGE('',*,*,#6370,.T.);
#6483 = ORIENTED_EDGE('',*,*,#6399,.T.);
#6484 = ORIENTED_EDGE('',*,*,#6428,.T.);
#6485 = PLANE('',#6486);
#6486 = AXIS2_PLACEMENT_3D('',#6487,#6488,#6489);
#6487 = CARTESIAN_POINT('',(10.9,-1.890848588815E-15,3.923791416573E-14)
  );
#6488 = DIRECTION('',(-1.,1.734723475977E-16,-3.519728791837E-15));
#6489 = DIRECTION('',(-3.519728791837E-15,0.,1.));
#6490 = ADVANCED_FACE('',(#6491,#6557),#6609,.F.);
#6491 = FACE_BOUND('',#6492,.T.);
#6492 = EDGE_LOOP('',(#6493,#6503,#6511,#6519,#6527,#6535,#6543,#6551));
#6493 = ORIENTED_EDGE('',*,*,#6494,.T.);
#6494 = EDGE_CURVE('',#6495,#6497,#6499,.T.);
#6495 = VERTEX_POINT('',#6496);
#6496 = CARTESIAN_POINT('',(10.91,1.723197938743,-2.069822375255));
#6497 = VERTEX_POINT('',#6498);
#6498 = CARTESIAN_POINT('',(10.91,1.542453354288,-1.595276862249));
#6499 = LINE('',#6500,#6501);
#6500 = CARTESIAN_POINT('',(10.91,1.542453354288,-1.595276862249));
#6501 = VECTOR('',#6502,1.);
#6502 = DIRECTION('',(-3.416146928374E-15,-0.35593572437,0.934510438742)
  );
#6503 = ORIENTED_EDGE('',*,*,#6504,.T.);
#6504 = EDGE_CURVE('',#6497,#6505,#6507,.T.);
#6505 = VERTEX_POINT('',#6506);
#6506 = CARTESIAN_POINT('',(10.91,1.476948605561,-1.595276862249));
#6507 = LINE('',#6508,#6509);
#6508 = CARTESIAN_POINT('',(10.91,1.476948605561,-1.595276862249));
#6509 = VECTOR('',#6510,1.);
#6510 = DIRECTION('',(-0.,-1.,-3.310300988993E-15));
#6511 = ORIENTED_EDGE('',*,*,#6512,.T.);
#6512 = EDGE_CURVE('',#6505,#6513,#6515,.T.);
#6513 = VERTEX_POINT('',#6514);
#6514 = CARTESIAN_POINT('',(10.91,1.29620402111,-2.069822375255));
#6515 = LINE('',#6516,#6517);
#6516 = CARTESIAN_POINT('',(10.91,1.29620402111,-2.069822375255));
#6517 = VECTOR('',#6518,1.);
#6518 = DIRECTION('',(3.416146928382E-15,-0.355935724364,-0.934510438744
    ));
#6519 = ORIENTED_EDGE('',*,*,#6520,.T.);
#6520 = EDGE_CURVE('',#6513,#6521,#6523,.T.);
#6521 = VERTEX_POINT('',#6522);
#6522 = CARTESIAN_POINT('',(10.91,1.363892261459,-2.069822375255));
#6523 = LINE('',#6524,#6525);
#6524 = CARTESIAN_POINT('',(10.91,1.363892261459,-2.069822375255));
#6525 = VECTOR('',#6526,1.);
#6526 = DIRECTION('',(-0.,1.,6.40703417248E-15));
#6527 = ORIENTED_EDGE('',*,*,#6528,.T.);
#6528 = EDGE_CURVE('',#6521,#6529,#6531,.T.);
#6529 = VERTEX_POINT('',#6530);
#6530 = CARTESIAN_POINT('',(10.91,1.409502975388,-1.940025928701));
#6531 = LINE('',#6532,#6533);
#6532 = CARTESIAN_POINT('',(10.91,1.409502975388,-1.940025928701));
#6533 = VECTOR('',#6534,1.);
#6534 = DIRECTION('',(-0.,0.33152841835,0.943445233082));
#6535 = ORIENTED_EDGE('',*,*,#6536,.T.);
#6536 = EDGE_CURVE('',#6529,#6537,#6539,.T.);
#6537 = VERTEX_POINT('',#6538);
#6538 = CARTESIAN_POINT('',(10.91,1.607108967385,-1.940025928701));
#6539 = LINE('',#6540,#6541);
#6540 = CARTESIAN_POINT('',(10.91,1.607108967385,-1.940025928701));
#6541 = VECTOR('',#6542,1.);
#6542 = DIRECTION('',(-0.,1.,3.29201203322E-15));
#6543 = ORIENTED_EDGE('',*,*,#6544,.T.);
#6544 = EDGE_CURVE('',#6537,#6545,#6547,.T.);
#6545 = VERTEX_POINT('',#6546);
#6546 = CARTESIAN_POINT('',(10.91,1.65550969839,-2.069822375255));
#6547 = LINE('',#6548,#6549);
#6548 = CARTESIAN_POINT('',(10.91,1.65550969839,-2.069822375255));
#6549 = VECTOR('',#6550,1.);
#6550 = DIRECTION('',(-0.,0.349395479469,-0.936975345954));
#6551 = ORIENTED_EDGE('',*,*,#6552,.T.);
#6552 = EDGE_CURVE('',#6545,#6495,#6553,.T.);
#6553 = LINE('',#6554,#6555);
#6554 = CARTESIAN_POINT('',(10.91,1.723197938743,-2.069822375255));
#6555 = VECTOR('',#6556,1.);
#6556 = DIRECTION('',(-0.,1.,-0.));
#6557 = FACE_BOUND('',#6558,.T.);
#6558 = EDGE_LOOP('',(#6559,#6569,#6577,#6586,#6594,#6603));
#6559 = ORIENTED_EDGE('',*,*,#6560,.F.);
#6560 = EDGE_CURVE('',#6561,#6563,#6565,.T.);
#6561 = VERTEX_POINT('',#6562);
#6562 = CARTESIAN_POINT('',(10.91,1.428911789827,-1.886409078816));
#6563 = VERTEX_POINT('',#6564);
#6564 = CARTESIAN_POINT('',(10.91,1.588185373307,-1.886409078816));
#6565 = LINE('',#6566,#6567);
#6566 = CARTESIAN_POINT('',(10.91,1.428911789827,-1.886409078816));
#6567 = VECTOR('',#6568,1.);
#6568 = DIRECTION('',(0.,1.,4.08430129639E-15));
#6569 = ORIENTED_EDGE('',*,*,#6570,.F.);
#6570 = EDGE_CURVE('',#6571,#6561,#6573,.T.);
#6571 = VERTEX_POINT('',#6572);
#6572 = CARTESIAN_POINT('',(10.91,1.499875267615,-1.689167002092));
#6573 = LINE('',#6574,#6575);
#6574 = CARTESIAN_POINT('',(10.91,1.499875267615,-1.689167002092));
#6575 = VECTOR('',#6576,1.);
#6576 = DIRECTION('',(8.275590342608E-15,-0.338535034314,-0.940953787676
    ));
#6577 = ORIENTED_EDGE('',*,*,#6578,.F.);
#6578 = EDGE_CURVE('',#6579,#6571,#6581,.T.);
#6579 = VERTEX_POINT('',#6580);
#6580 = CARTESIAN_POINT('',(10.91,1.507638793391,-1.655929407366));
#6581 = B_SPLINE_CURVE_WITH_KNOTS('',3,(#6582,#6583,#6584,#6585),
  .UNSPECIFIED.,.F.,.F.,(4,4),(3.,4.),.PIECEWISE_BEZIER_KNOTS.);
#6582 = CARTESIAN_POINT('',(10.91,1.507638793391,-1.655929407366));
#6583 = CARTESIAN_POINT('',(10.91,1.505333996676,-1.670243408014));
#6584 = CARTESIAN_POINT('',(10.91,1.502786589781,-1.681403476316));
#6585 = CARTESIAN_POINT('',(10.91,1.499875267615,-1.689167002092));
#6586 = ORIENTED_EDGE('',*,*,#6587,.F.);
#6587 = EDGE_CURVE('',#6588,#6579,#6590,.T.);
#6588 = VERTEX_POINT('',#6589);
#6589 = CARTESIAN_POINT('',(10.91,1.509094454472,-1.655929407366));
#6590 = LINE('',#6591,#6592);
#6591 = CARTESIAN_POINT('',(10.91,1.509094454472,-1.655929407366));
#6592 = VECTOR('',#6593,1.);
#6593 = DIRECTION('',(0.,-1.,0.));
#6594 = ORIENTED_EDGE('',*,*,#6595,.F.);
#6595 = EDGE_CURVE('',#6596,#6588,#6598,.T.);
#6596 = VERTEX_POINT('',#6597);
#6597 = CARTESIAN_POINT('',(10.91,1.516494064978,-1.689167002092));
#6598 = B_SPLINE_CURVE_WITH_KNOTS('',3,(#6599,#6600,#6601,#6602),
  .UNSPECIFIED.,.F.,.F.,(4,4),(1.,2.),.PIECEWISE_BEZIER_KNOTS.);
#6599 = CARTESIAN_POINT('',(10.91,1.516494064978,-1.689167002092));
#6600 = CARTESIAN_POINT('',(10.91,1.514189268263,-1.68261652722));
#6601 = CARTESIAN_POINT('',(10.91,1.511763166458,-1.671699069098));
#6602 = CARTESIAN_POINT('',(10.91,1.509094454472,-1.655929407366));
#6603 = ORIENTED_EDGE('',*,*,#6604,.F.);
#6604 = EDGE_CURVE('',#6563,#6596,#6605,.T.);
#6605 = LINE('',#6606,#6607);
#6606 = CARTESIAN_POINT('',(10.91,1.588185373307,-1.886409078816));
#6607 = VECTOR('',#6608,1.);
#6608 = DIRECTION('',(-8.265830243265E-15,-0.341603830682,0.939844041777
    ));
#6609 = PLANE('',#6610);
#6610 = AXIS2_PLACEMENT_3D('',#6611,#6612,#6613);
#6611 = CARTESIAN_POINT('',(10.91,1.27553196763E-18,3.987653311216E-14)
  );
#6612 = DIRECTION('',(-1.,0.,-3.6555471044E-15));
#6613 = DIRECTION('',(-3.6555471044E-15,0.,1.));
#6614 = ADVANCED_FACE('',(#6615),#6631,.F.);
#6615 = FACE_BOUND('',#6616,.T.);
#6616 = EDGE_LOOP('',(#6617,#6618,#6624,#6625));
#6617 = ORIENTED_EDGE('',*,*,#1912,.T.);
#6618 = ORIENTED_EDGE('',*,*,#6619,.F.);
#6619 = EDGE_CURVE('',#6497,#1915,#6620,.T.);
#6620 = LINE('',#6621,#6622);
#6621 = CARTESIAN_POINT('',(10.91,1.542453354288,-1.595276862249));
#6622 = VECTOR('',#6623,1.);
#6623 = DIRECTION('',(-1.,-1.27553196763E-16,-3.10696741966E-15));
#6624 = ORIENTED_EDGE('',*,*,#6494,.F.);
#6625 = ORIENTED_EDGE('',*,*,#6626,.T.);
#6626 = EDGE_CURVE('',#6495,#1913,#6627,.T.);
#6627 = LINE('',#6628,#6629);
#6628 = CARTESIAN_POINT('',(10.91,1.723197938743,-2.069822375255));
#6629 = VECTOR('',#6630,1.);
#6630 = DIRECTION('',(-1.,-1.27553196763E-16,-3.10696741966E-15));
#6631 = PLANE('',#6632);
#6632 = AXIS2_PLACEMENT_3D('',#6633,#6634,#6635);
#6633 = CARTESIAN_POINT('',(10.91,1.542453354288,-1.595276862249));
#6634 = DIRECTION('',(1.22508049298E-15,-0.934510438742,-0.35593572437)
  );
#6635 = DIRECTION('',(-9.860761315263E-32,0.35593572437,-0.934510438742)
  );
#6636 = ADVANCED_FACE('',(#6637),#6648,.F.);
#6637 = FACE_BOUND('',#6638,.T.);
#6638 = EDGE_LOOP('',(#6639,#6640,#6646,#6647));
#6639 = ORIENTED_EDGE('',*,*,#1970,.T.);
#6640 = ORIENTED_EDGE('',*,*,#6641,.F.);
#6641 = EDGE_CURVE('',#6505,#1963,#6642,.T.);
#6642 = LINE('',#6643,#6644);
#6643 = CARTESIAN_POINT('',(10.91,1.476948605561,-1.595276862249));
#6644 = VECTOR('',#6645,1.);
#6645 = DIRECTION('',(-1.,-1.27553196763E-16,-3.10696741966E-15));
#6646 = ORIENTED_EDGE('',*,*,#6504,.F.);
#6647 = ORIENTED_EDGE('',*,*,#6619,.T.);
#6648 = PLANE('',#6649);
#6649 = AXIS2_PLACEMENT_3D('',#6650,#6651,#6652);
#6650 = CARTESIAN_POINT('',(10.91,1.476948605561,-1.595276862249));
#6651 = DIRECTION('',(3.10696741966E-15,3.310300988993E-15,-1.));
#6652 = DIRECTION('',(0.,1.,3.310300988993E-15));
#6653 = ADVANCED_FACE('',(#6654),#6665,.F.);
#6654 = FACE_BOUND('',#6655,.T.);
#6655 = EDGE_LOOP('',(#6656,#6657,#6663,#6664));
#6656 = ORIENTED_EDGE('',*,*,#1962,.T.);
#6657 = ORIENTED_EDGE('',*,*,#6658,.F.);
#6658 = EDGE_CURVE('',#6513,#1955,#6659,.T.);
#6659 = LINE('',#6660,#6661);
#6660 = CARTESIAN_POINT('',(10.91,1.29620402111,-2.069822375255));
#6661 = VECTOR('',#6662,1.);
#6662 = DIRECTION('',(-1.,-1.27553196763E-16,-3.10696741966E-15));
#6663 = ORIENTED_EDGE('',*,*,#6512,.F.);
#6664 = ORIENTED_EDGE('',*,*,#6641,.T.);
#6665 = PLANE('',#6666);
#6666 = AXIS2_PLACEMENT_3D('',#6667,#6668,#6669);
#6667 = CARTESIAN_POINT('',(10.91,1.29620402111,-2.069822375255));
#6668 = DIRECTION('',(9.866809052228E-16,0.934510438744,-0.355935724364)
  );
#6669 = DIRECTION('',(-9.860761315263E-32,0.355935724364,0.934510438744)
  );
#6670 = ADVANCED_FACE('',(#6671),#6682,.F.);
#6671 = FACE_BOUND('',#6672,.T.);
#6672 = EDGE_LOOP('',(#6673,#6674,#6680,#6681));
#6673 = ORIENTED_EDGE('',*,*,#1954,.T.);
#6674 = ORIENTED_EDGE('',*,*,#6675,.F.);
#6675 = EDGE_CURVE('',#6521,#1947,#6676,.T.);
#6676 = LINE('',#6677,#6678);
#6677 = CARTESIAN_POINT('',(10.91,1.363892261459,-2.069822375255));
#6678 = VECTOR('',#6679,1.);
#6679 = DIRECTION('',(-1.,-1.27553196763E-16,-3.10696741966E-15));
#6680 = ORIENTED_EDGE('',*,*,#6520,.F.);
#6681 = ORIENTED_EDGE('',*,*,#6658,.T.);
#6682 = PLANE('',#6683);
#6683 = AXIS2_PLACEMENT_3D('',#6684,#6685,#6686);
#6684 = CARTESIAN_POINT('',(10.91,1.363892261459,-2.069822375255));
#6685 = DIRECTION('',(-3.10696741966E-15,-6.40703417248E-15,1.));
#6686 = DIRECTION('',(0.,-1.,-6.40703417248E-15));
#6687 = ADVANCED_FACE('',(#6688),#6699,.F.);
#6688 = FACE_BOUND('',#6689,.T.);
#6689 = EDGE_LOOP('',(#6690,#6691,#6697,#6698));
#6690 = ORIENTED_EDGE('',*,*,#1946,.T.);
#6691 = ORIENTED_EDGE('',*,*,#6692,.F.);
#6692 = EDGE_CURVE('',#6529,#1939,#6693,.T.);
#6693 = LINE('',#6694,#6695);
#6694 = CARTESIAN_POINT('',(10.91,1.409502975388,-1.940025928701));
#6695 = VECTOR('',#6696,1.);
#6696 = DIRECTION('',(-1.,-1.27553196763E-16,-3.10696741966E-15));
#6697 = ORIENTED_EDGE('',*,*,#6528,.F.);
#6698 = ORIENTED_EDGE('',*,*,#6675,.T.);
#6699 = PLANE('',#6700);
#6700 = AXIS2_PLACEMENT_3D('',#6701,#6702,#6703);
#6701 = CARTESIAN_POINT('',(10.91,1.409502975388,-1.940025928701));
#6702 = DIRECTION('',(-9.097085390556E-16,-0.943445233082,0.33152841835)
  );
#6703 = DIRECTION('',(0.,-0.33152841835,-0.943445233082));
#6704 = ADVANCED_FACE('',(#6705),#6716,.F.);
#6705 = FACE_BOUND('',#6706,.T.);
#6706 = EDGE_LOOP('',(#6707,#6708,#6714,#6715));
#6707 = ORIENTED_EDGE('',*,*,#1938,.T.);
#6708 = ORIENTED_EDGE('',*,*,#6709,.F.);
#6709 = EDGE_CURVE('',#6537,#1931,#6710,.T.);
#6710 = LINE('',#6711,#6712);
#6711 = CARTESIAN_POINT('',(10.91,1.607108967385,-1.940025928701));
#6712 = VECTOR('',#6713,1.);
#6713 = DIRECTION('',(-1.,-1.27553196763E-16,-3.10696741966E-15));
#6714 = ORIENTED_EDGE('',*,*,#6536,.F.);
#6715 = ORIENTED_EDGE('',*,*,#6692,.T.);
#6716 = PLANE('',#6717);
#6717 = AXIS2_PLACEMENT_3D('',#6718,#6719,#6720);
#6718 = CARTESIAN_POINT('',(10.91,1.607108967385,-1.940025928701));
#6719 = DIRECTION('',(-3.10696741966E-15,-3.29201203322E-15,1.));
#6720 = DIRECTION('',(0.,-1.,-3.29201203322E-15));
#6721 = ADVANCED_FACE('',(#6722),#6733,.F.);
#6722 = FACE_BOUND('',#6723,.T.);
#6723 = EDGE_LOOP('',(#6724,#6725,#6731,#6732));
#6724 = ORIENTED_EDGE('',*,*,#1930,.T.);
#6725 = ORIENTED_EDGE('',*,*,#6726,.F.);
#6726 = EDGE_CURVE('',#6545,#1923,#6727,.T.);
#6727 = LINE('',#6728,#6729);
#6728 = CARTESIAN_POINT('',(10.91,1.65550969839,-2.069822375255));
#6729 = VECTOR('',#6730,1.);
#6730 = DIRECTION('',(-1.,-1.27553196763E-16,-3.10696741966E-15));
#6731 = ORIENTED_EDGE('',*,*,#6544,.F.);
#6732 = ORIENTED_EDGE('',*,*,#6709,.T.);
#6733 = PLANE('',#6734);
#6734 = AXIS2_PLACEMENT_3D('',#6735,#6736,#6737);
#6735 = CARTESIAN_POINT('',(10.91,1.65550969839,-2.069822375255));
#6736 = DIRECTION('',(-1.205074571952E-15,0.936975345954,0.349395479469)
  );
#6737 = DIRECTION('',(0.,-0.349395479469,0.936975345954));
#6738 = ADVANCED_FACE('',(#6739),#6745,.F.);
#6739 = FACE_BOUND('',#6740,.T.);
#6740 = EDGE_LOOP('',(#6741,#6742,#6743,#6744));
#6741 = ORIENTED_EDGE('',*,*,#1922,.T.);
#6742 = ORIENTED_EDGE('',*,*,#6626,.F.);
#6743 = ORIENTED_EDGE('',*,*,#6552,.F.);
#6744 = ORIENTED_EDGE('',*,*,#6726,.T.);
#6745 = PLANE('',#6746);
#6746 = AXIS2_PLACEMENT_3D('',#6747,#6748,#6749);
#6747 = CARTESIAN_POINT('',(10.91,1.723197938743,-2.069822375255));
#6748 = DIRECTION('',(-3.10696741966E-15,0.,1.));
#6749 = DIRECTION('',(1.,0.,3.10696741966E-15));
#6750 = ADVANCED_FACE('',(#6751),#6776,.T.);
#6751 = FACE_BOUND('',#6752,.T.);
#6752 = EDGE_LOOP('',(#6753,#6763,#6769,#6770));
#6753 = ORIENTED_EDGE('',*,*,#6754,.F.);
#6754 = EDGE_CURVE('',#6755,#6757,#6759,.T.);
#6755 = VERTEX_POINT('',#6756);
#6756 = CARTESIAN_POINT('',(10.9,1.428911789827,-1.886409078816));
#6757 = VERTEX_POINT('',#6758);
#6758 = CARTESIAN_POINT('',(10.9,1.588185373307,-1.886409078816));
#6759 = LINE('',#6760,#6761);
#6760 = CARTESIAN_POINT('',(10.9,1.428911789827,-1.886409078816));
#6761 = VECTOR('',#6762,1.);
#6762 = DIRECTION('',(0.,1.,4.08430129639E-15));
#6763 = ORIENTED_EDGE('',*,*,#6764,.F.);
#6764 = EDGE_CURVE('',#6561,#6755,#6765,.T.);
#6765 = LINE('',#6766,#6767);
#6766 = CARTESIAN_POINT('',(10.91,1.428911789827,-1.886409078816));
#6767 = VECTOR('',#6768,1.);
#6768 = DIRECTION('',(-1.,-1.27553196763E-16,-3.10696741966E-15));
#6769 = ORIENTED_EDGE('',*,*,#6560,.T.);
#6770 = ORIENTED_EDGE('',*,*,#6771,.T.);
#6771 = EDGE_CURVE('',#6563,#6757,#6772,.T.);
#6772 = LINE('',#6773,#6774);
#6773 = CARTESIAN_POINT('',(10.91,1.588185373307,-1.886409078816));
#6774 = VECTOR('',#6775,1.);
#6775 = DIRECTION('',(-1.,-1.27553196763E-16,-3.10696741966E-15));
#6776 = PLANE('',#6777);
#6777 = AXIS2_PLACEMENT_3D('',#6778,#6779,#6780);
#6778 = CARTESIAN_POINT('',(10.91,1.428911789827,-1.886409078816));
#6779 = DIRECTION('',(-3.10696741966E-15,-4.08430129639E-15,1.));
#6780 = DIRECTION('',(0.,-1.,-4.08430129639E-15));
#6781 = ADVANCED_FACE('',(#6782),#6800,.T.);
#6782 = FACE_BOUND('',#6783,.T.);
#6783 = EDGE_LOOP('',(#6784,#6792,#6793,#6794));
#6784 = ORIENTED_EDGE('',*,*,#6785,.F.);
#6785 = EDGE_CURVE('',#6757,#6786,#6788,.T.);
#6786 = VERTEX_POINT('',#6787);
#6787 = CARTESIAN_POINT('',(10.9,1.516494064978,-1.689167002092));
#6788 = LINE('',#6789,#6790);
#6789 = CARTESIAN_POINT('',(10.9,1.588185373307,-1.886409078816));
#6790 = VECTOR('',#6791,1.);
#6791 = DIRECTION('',(-8.265830243265E-15,-0.341603830682,0.939844041777
    ));
#6792 = ORIENTED_EDGE('',*,*,#6771,.F.);
#6793 = ORIENTED_EDGE('',*,*,#6604,.T.);
#6794 = ORIENTED_EDGE('',*,*,#6795,.T.);
#6795 = EDGE_CURVE('',#6596,#6786,#6796,.T.);
#6796 = LINE('',#6797,#6798);
#6797 = CARTESIAN_POINT('',(10.91,1.516494064978,-1.689167002092));
#6798 = VECTOR('',#6799,1.);
#6799 = DIRECTION('',(-1.,-1.27553196763E-16,-3.10696741966E-15));
#6800 = PLANE('',#6801);
#6801 = AXIS2_PLACEMENT_3D('',#6802,#6803,#6804);
#6802 = CARTESIAN_POINT('',(10.91,1.588185373307,-1.886409078816));
#6803 = DIRECTION('',(1.181232084346E-15,-0.939844041777,-0.341603830682
    ));
#6804 = DIRECTION('',(9.860761315263E-32,0.341603830682,-0.939844041777)
  );
#6805 = ADVANCED_FACE('',(#6806),#6825,.T.);
#6806 = FACE_BOUND('',#6807,.T.);
#6807 = EDGE_LOOP('',(#6808,#6817,#6818,#6819));
#6808 = ORIENTED_EDGE('',*,*,#6809,.F.);
#6809 = EDGE_CURVE('',#6786,#6810,#6812,.T.);
#6810 = VERTEX_POINT('',#6811);
#6811 = CARTESIAN_POINT('',(10.9,1.509094454472,-1.655929407366));
#6812 = B_SPLINE_CURVE_WITH_KNOTS('',3,(#6813,#6814,#6815,#6816),
  .UNSPECIFIED.,.F.,.F.,(4,4),(1.,2.),.PIECEWISE_BEZIER_KNOTS.);
#6813 = CARTESIAN_POINT('',(10.9,1.516494064978,-1.689167002092));
#6814 = CARTESIAN_POINT('',(10.9,1.514189268263,-1.68261652722));
#6815 = CARTESIAN_POINT('',(10.9,1.511763166458,-1.671699069098));
#6816 = CARTESIAN_POINT('',(10.9,1.509094454472,-1.655929407366));
#6817 = ORIENTED_EDGE('',*,*,#6795,.F.);
#6818 = ORIENTED_EDGE('',*,*,#6595,.T.);
#6819 = ORIENTED_EDGE('',*,*,#6820,.T.);
#6820 = EDGE_CURVE('',#6588,#6810,#6821,.T.);
#6821 = LINE('',#6822,#6823);
#6822 = CARTESIAN_POINT('',(10.91,1.509094454472,-1.655929407366));
#6823 = VECTOR('',#6824,1.);
#6824 = DIRECTION('',(-1.,-1.27553196763E-16,-3.10696741966E-15));
#6825 = B_SPLINE_SURFACE_WITH_KNOTS('',3,1,(
    (#6826,#6827)
    ,(#6828,#6829)
    ,(#6830,#6831)
    ,(#6832,#6833
    )),.UNSPECIFIED.,.F.,.F.,.F.,(4,4),(2,2),(1.,2.),(0.,1.),
  .PIECEWISE_BEZIER_KNOTS.);
#6826 = CARTESIAN_POINT('',(10.91,1.516494064978,-1.689167002092));
#6827 = CARTESIAN_POINT('',(10.9,1.516494064978,-1.689167002092));
#6828 = CARTESIAN_POINT('',(10.91,1.514189268263,-1.68261652722));
#6829 = CARTESIAN_POINT('',(10.9,1.514189268263,-1.68261652722));
#6830 = CARTESIAN_POINT('',(10.91,1.511763166458,-1.671699069098));
#6831 = CARTESIAN_POINT('',(10.9,1.511763166458,-1.671699069098));
#6832 = CARTESIAN_POINT('',(10.91,1.509094454472,-1.655929407366));
#6833 = CARTESIAN_POINT('',(10.9,1.509094454472,-1.655929407366));
#6834 = ADVANCED_FACE('',(#6835),#6853,.T.);
#6835 = FACE_BOUND('',#6836,.T.);
#6836 = EDGE_LOOP('',(#6837,#6845,#6846,#6847));
#6837 = ORIENTED_EDGE('',*,*,#6838,.F.);
#6838 = EDGE_CURVE('',#6810,#6839,#6841,.T.);
#6839 = VERTEX_POINT('',#6840);
#6840 = CARTESIAN_POINT('',(10.9,1.507638793391,-1.655929407366));
#6841 = LINE('',#6842,#6843);
#6842 = CARTESIAN_POINT('',(10.9,1.509094454472,-1.655929407366));
#6843 = VECTOR('',#6844,1.);
#6844 = DIRECTION('',(0.,-1.,0.));
#6845 = ORIENTED_EDGE('',*,*,#6820,.F.);
#6846 = ORIENTED_EDGE('',*,*,#6587,.T.);
#6847 = ORIENTED_EDGE('',*,*,#6848,.T.);
#6848 = EDGE_CURVE('',#6579,#6839,#6849,.T.);
#6849 = LINE('',#6850,#6851);
#6850 = CARTESIAN_POINT('',(10.91,1.507638793391,-1.655929407366));
#6851 = VECTOR('',#6852,1.);
#6852 = DIRECTION('',(-1.,-1.27553196763E-16,-3.10696741966E-15));
#6853 = PLANE('',#6854);
#6854 = AXIS2_PLACEMENT_3D('',#6855,#6856,#6857);
#6855 = CARTESIAN_POINT('',(10.91,1.509094454472,-1.655929407366));
#6856 = DIRECTION('',(3.10696741966E-15,0.,-1.));
#6857 = DIRECTION('',(-1.,0.,-3.10696741966E-15));
#6858 = ADVANCED_FACE('',(#6859),#6878,.T.);
#6859 = FACE_BOUND('',#6860,.T.);
#6860 = EDGE_LOOP('',(#6861,#6870,#6871,#6872));
#6861 = ORIENTED_EDGE('',*,*,#6862,.F.);
#6862 = EDGE_CURVE('',#6839,#6863,#6865,.T.);
#6863 = VERTEX_POINT('',#6864);
#6864 = CARTESIAN_POINT('',(10.9,1.499875267615,-1.689167002092));
#6865 = B_SPLINE_CURVE_WITH_KNOTS('',3,(#6866,#6867,#6868,#6869),
  .UNSPECIFIED.,.F.,.F.,(4,4),(3.,4.),.PIECEWISE_BEZIER_KNOTS.);
#6866 = CARTESIAN_POINT('',(10.9,1.507638793391,-1.655929407366));
#6867 = CARTESIAN_POINT('',(10.9,1.505333996676,-1.670243408014));
#6868 = CARTESIAN_POINT('',(10.9,1.502786589781,-1.681403476316));
#6869 = CARTESIAN_POINT('',(10.9,1.499875267615,-1.689167002092));
#6870 = ORIENTED_EDGE('',*,*,#6848,.F.);
#6871 = ORIENTED_EDGE('',*,*,#6578,.T.);
#6872 = ORIENTED_EDGE('',*,*,#6873,.T.);
#6873 = EDGE_CURVE('',#6571,#6863,#6874,.T.);
#6874 = LINE('',#6875,#6876);
#6875 = CARTESIAN_POINT('',(10.91,1.499875267615,-1.689167002092));
#6876 = VECTOR('',#6877,1.);
#6877 = DIRECTION('',(-1.,-1.27553196763E-16,-3.10696741966E-15));
#6878 = B_SPLINE_SURFACE_WITH_KNOTS('',3,1,(
    (#6879,#6880)
    ,(#6881,#6882)
    ,(#6883,#6884)
    ,(#6885,#6886
    )),.UNSPECIFIED.,.F.,.F.,.F.,(4,4),(2,2),(3.,4.),(0.,1.),
  .PIECEWISE_BEZIER_KNOTS.);
#6879 = CARTESIAN_POINT('',(10.91,1.507638793391,-1.655929407366));
#6880 = CARTESIAN_POINT('',(10.9,1.507638793391,-1.655929407366));
#6881 = CARTESIAN_POINT('',(10.91,1.505333996676,-1.670243408014));
#6882 = CARTESIAN_POINT('',(10.9,1.505333996676,-1.670243408014));
#6883 = CARTESIAN_POINT('',(10.91,1.502786589781,-1.681403476316));
#6884 = CARTESIAN_POINT('',(10.9,1.502786589781,-1.681403476316));
#6885 = CARTESIAN_POINT('',(10.91,1.499875267615,-1.689167002092));
#6886 = CARTESIAN_POINT('',(10.9,1.499875267615,-1.689167002092));
#6887 = ADVANCED_FACE('',(#6888),#6899,.T.);
#6888 = FACE_BOUND('',#6889,.T.);
#6889 = EDGE_LOOP('',(#6890,#6896,#6897,#6898));
#6890 = ORIENTED_EDGE('',*,*,#6891,.F.);
#6891 = EDGE_CURVE('',#6863,#6755,#6892,.T.);
#6892 = LINE('',#6893,#6894);
#6893 = CARTESIAN_POINT('',(10.9,1.499875267615,-1.689167002092));
#6894 = VECTOR('',#6895,1.);
#6895 = DIRECTION('',(8.275590342608E-15,-0.338535034314,-0.940953787676
    ));
#6896 = ORIENTED_EDGE('',*,*,#6873,.F.);
#6897 = ORIENTED_EDGE('',*,*,#6570,.T.);
#6898 = ORIENTED_EDGE('',*,*,#6764,.T.);
#6899 = PLANE('',#6900);
#6900 = AXIS2_PLACEMENT_3D('',#6901,#6902,#6903);
#6901 = CARTESIAN_POINT('',(10.91,1.499875267615,-1.689167002092));
#6902 = DIRECTION('',(9.317956584032E-16,0.940953787676,-0.338535034314)
  );
#6903 = DIRECTION('',(9.860761315263E-32,0.338535034314,0.940953787676)
  );
#6904 = ADVANCED_FACE('',(#6905),#6913,.F.);
#6905 = FACE_BOUND('',#6906,.T.);
#6906 = EDGE_LOOP('',(#6907,#6908,#6909,#6910,#6911,#6912));
#6907 = ORIENTED_EDGE('',*,*,#6891,.T.);
#6908 = ORIENTED_EDGE('',*,*,#6754,.T.);
#6909 = ORIENTED_EDGE('',*,*,#6785,.T.);
#6910 = ORIENTED_EDGE('',*,*,#6809,.T.);
#6911 = ORIENTED_EDGE('',*,*,#6838,.T.);
#6912 = ORIENTED_EDGE('',*,*,#6862,.T.);
#6913 = PLANE('',#6914);
#6914 = AXIS2_PLACEMENT_3D('',#6915,#6916,#6917);
#6915 = CARTESIAN_POINT('',(10.9,-1.890848588815E-15,3.923791416573E-14)
  );
#6916 = DIRECTION('',(-1.,1.734723475977E-16,-3.519728791837E-15));
#6917 = DIRECTION('',(-3.519728791837E-15,0.,1.));
#6918 = ADVANCED_FACE('',(#6919),#6944,.F.);
#6919 = FACE_BOUND('',#6920,.T.);
#6920 = EDGE_LOOP('',(#6921,#6922,#6930,#6938));
#6921 = ORIENTED_EDGE('',*,*,#1421,.T.);
#6922 = ORIENTED_EDGE('',*,*,#6923,.F.);
#6923 = EDGE_CURVE('',#6924,#1424,#6926,.T.);
#6924 = VERTEX_POINT('',#6925);
#6925 = CARTESIAN_POINT('',(10.91,7.393393187914E-02,-2.76853969502));
#6926 = LINE('',#6927,#6928);
#6927 = CARTESIAN_POINT('',(10.91,7.393393187914E-02,-2.76853969502));
#6928 = VECTOR('',#6929,1.);
#6929 = DIRECTION('',(-1.,-1.27553196763E-16,-3.10696741966E-15));
#6930 = ORIENTED_EDGE('',*,*,#6931,.F.);
#6931 = EDGE_CURVE('',#6932,#6924,#6934,.T.);
#6932 = VERTEX_POINT('',#6933);
#6933 = CARTESIAN_POINT('',(10.91,7.393393187914E-02,-2.822641765265));
#6934 = LINE('',#6935,#6936);
#6935 = CARTESIAN_POINT('',(10.91,7.393393187914E-02,-2.76853969502));
#6936 = VECTOR('',#6937,1.);
#6937 = DIRECTION('',(-0.,-0.,1.));
#6938 = ORIENTED_EDGE('',*,*,#6939,.T.);
#6939 = EDGE_CURVE('',#6932,#1422,#6940,.T.);
#6940 = LINE('',#6941,#6942);
#6941 = CARTESIAN_POINT('',(10.91,7.393393187914E-02,-2.822641765265));
#6942 = VECTOR('',#6943,1.);
#6943 = DIRECTION('',(-1.,-1.27553196763E-16,-3.10696741966E-15));
#6944 = PLANE('',#6945);
#6945 = AXIS2_PLACEMENT_3D('',#6946,#6947,#6948);
#6946 = CARTESIAN_POINT('',(10.91,7.393393187914E-02,-2.76853969502));
#6947 = DIRECTION('',(1.27553196763E-16,-1.,0.));
#6948 = DIRECTION('',(1.,1.27553196763E-16,0.));
#6949 = ADVANCED_FACE('',(#6950),#6968,.F.);
#6950 = FACE_BOUND('',#6951,.T.);
#6951 = EDGE_LOOP('',(#6952,#6953,#6961,#6967));
#6952 = ORIENTED_EDGE('',*,*,#1511,.T.);
#6953 = ORIENTED_EDGE('',*,*,#6954,.F.);
#6954 = EDGE_CURVE('',#6955,#1504,#6957,.T.);
#6955 = VERTEX_POINT('',#6956);
#6956 = CARTESIAN_POINT('',(10.91,-0.12003290741,-2.76853969502));
#6957 = LINE('',#6958,#6959);
#6958 = CARTESIAN_POINT('',(10.91,-0.12003290741,-2.76853969502));
#6959 = VECTOR('',#6960,1.);
#6960 = DIRECTION('',(-1.,-1.27553196763E-16,-3.10696741966E-15));
#6961 = ORIENTED_EDGE('',*,*,#6962,.F.);
#6962 = EDGE_CURVE('',#6924,#6955,#6963,.T.);
#6963 = LINE('',#6964,#6965);
#6964 = CARTESIAN_POINT('',(10.91,-0.12003290741,-2.76853969502));
#6965 = VECTOR('',#6966,1.);
#6966 = DIRECTION('',(-0.,-1.,-4.471701148329E-15));
#6967 = ORIENTED_EDGE('',*,*,#6923,.T.);
#6968 = PLANE('',#6969);
#6969 = AXIS2_PLACEMENT_3D('',#6970,#6971,#6972);
#6970 = CARTESIAN_POINT('',(10.91,-0.12003290741,-2.76853969502));
#6971 = DIRECTION('',(3.10696741966E-15,4.471701148329E-15,-1.));
#6972 = DIRECTION('',(0.,1.,4.471701148329E-15));
#6973 = ADVANCED_FACE('',(#6974),#6992,.F.);
#6974 = FACE_BOUND('',#6975,.T.);
#6975 = EDGE_LOOP('',(#6976,#6977,#6985,#6991));
#6976 = ORIENTED_EDGE('',*,*,#1503,.T.);
#6977 = ORIENTED_EDGE('',*,*,#6978,.F.);
#6978 = EDGE_CURVE('',#6979,#1496,#6981,.T.);
#6979 = VERTEX_POINT('',#6980);
#6980 = CARTESIAN_POINT('',(10.91,-0.12003290741,-2.608902196269));
#6981 = LINE('',#6982,#6983);
#6982 = CARTESIAN_POINT('',(10.91,-0.12003290741,-2.608902196269));
#6983 = VECTOR('',#6984,1.);
#6984 = DIRECTION('',(-1.,-1.27553196763E-16,-3.10696741966E-15));
#6985 = ORIENTED_EDGE('',*,*,#6986,.F.);
#6986 = EDGE_CURVE('',#6955,#6979,#6987,.T.);
#6987 = LINE('',#6988,#6989);
#6988 = CARTESIAN_POINT('',(10.91,-0.12003290741,-2.608902196269));
#6989 = VECTOR('',#6990,1.);
#6990 = DIRECTION('',(-0.,-2.716660386107E-15,1.));
#6991 = ORIENTED_EDGE('',*,*,#6954,.T.);
#6992 = PLANE('',#6993);
#6993 = AXIS2_PLACEMENT_3D('',#6994,#6995,#6996);
#6994 = CARTESIAN_POINT('',(10.91,-0.12003290741,-2.608902196269));
#6995 = DIRECTION('',(1.27553196763E-16,-1.,-2.716660386107E-15));
#6996 = DIRECTION('',(0.,2.716660386107E-15,-1.));
#6997 = ADVANCED_FACE('',(#6998),#7016,.F.);
#6998 = FACE_BOUND('',#6999,.T.);
#6999 = EDGE_LOOP('',(#7000,#7001,#7009,#7015));
#7000 = ORIENTED_EDGE('',*,*,#1495,.T.);
#7001 = ORIENTED_EDGE('',*,*,#7002,.F.);
#7002 = EDGE_CURVE('',#7003,#1488,#7005,.T.);
#7003 = VERTEX_POINT('',#7004);
#7004 = CARTESIAN_POINT('',(10.91,4.967291383189E-02,-2.608902196269));
#7005 = LINE('',#7006,#7007);
#7006 = CARTESIAN_POINT('',(10.91,4.967291383189E-02,-2.608902196269));
#7007 = VECTOR('',#7008,1.);
#7008 = DIRECTION('',(-1.,-1.27553196763E-16,-3.10696741966E-15));
#7009 = ORIENTED_EDGE('',*,*,#7010,.F.);
#7010 = EDGE_CURVE('',#6979,#7003,#7011,.T.);
#7011 = LINE('',#7012,#7013);
#7012 = CARTESIAN_POINT('',(10.91,4.967291383189E-02,-2.608902196269));
#7013 = VECTOR('',#7014,1.);
#7014 = DIRECTION('',(-0.,1.,2.555486110139E-15));
#7015 = ORIENTED_EDGE('',*,*,#6978,.T.);
#7016 = PLANE('',#7017);
#7017 = AXIS2_PLACEMENT_3D('',#7018,#7019,#7020);
#7018 = CARTESIAN_POINT('',(10.91,4.967291383189E-02,-2.608902196269));
#7019 = DIRECTION('',(-3.10696741966E-15,-2.555486110139E-15,1.));
#7020 = DIRECTION('',(1.,0.,3.10696741966E-15));
#7021 = ADVANCED_FACE('',(#7022),#7040,.F.);
#7022 = FACE_BOUND('',#7023,.T.);
#7023 = EDGE_LOOP('',(#7024,#7025,#7033,#7039));
#7024 = ORIENTED_EDGE('',*,*,#1487,.T.);
#7025 = ORIENTED_EDGE('',*,*,#7026,.F.);
#7026 = EDGE_CURVE('',#7027,#1480,#7029,.T.);
#7027 = VERTEX_POINT('',#7028);
#7028 = CARTESIAN_POINT('',(10.91,4.967291383189E-02,-2.554557515843));
#7029 = LINE('',#7030,#7031);
#7030 = CARTESIAN_POINT('',(10.91,4.967291383189E-02,-2.554557515843));
#7031 = VECTOR('',#7032,1.);
#7032 = DIRECTION('',(-1.,-1.27553196763E-16,-3.10696741966E-15));
#7033 = ORIENTED_EDGE('',*,*,#7034,.F.);
#7034 = EDGE_CURVE('',#7003,#7027,#7035,.T.);
#7035 = LINE('',#7036,#7037);
#7036 = CARTESIAN_POINT('',(10.91,4.967291383189E-02,-2.554557515843));
#7037 = VECTOR('',#7038,1.);
#7038 = DIRECTION('',(-0.,-7.980189884219E-15,1.));
#7039 = ORIENTED_EDGE('',*,*,#7002,.T.);
#7040 = PLANE('',#7041);
#7041 = AXIS2_PLACEMENT_3D('',#7042,#7043,#7044);
#7042 = CARTESIAN_POINT('',(10.91,4.967291383189E-02,-2.554557515843));
#7043 = DIRECTION('',(1.27553196763E-16,-1.,-7.980189884219E-15));
#7044 = DIRECTION('',(0.,7.980189884219E-15,-1.));
#7045 = ADVANCED_FACE('',(#7046),#7064,.F.);
#7046 = FACE_BOUND('',#7047,.T.);
#7047 = EDGE_LOOP('',(#7048,#7049,#7057,#7063));
#7048 = ORIENTED_EDGE('',*,*,#1479,.T.);
#7049 = ORIENTED_EDGE('',*,*,#7050,.F.);
#7050 = EDGE_CURVE('',#7051,#1472,#7053,.T.);
#7051 = VERTEX_POINT('',#7052);
#7052 = CARTESIAN_POINT('',(10.91,-0.12003290741,-2.554557515843));
#7053 = LINE('',#7054,#7055);
#7054 = CARTESIAN_POINT('',(10.91,-0.12003290741,-2.554557515843));
#7055 = VECTOR('',#7056,1.);
#7056 = DIRECTION('',(-1.,-1.27553196763E-16,-3.10696741966E-15));
#7057 = ORIENTED_EDGE('',*,*,#7058,.F.);
#7058 = EDGE_CURVE('',#7027,#7051,#7059,.T.);
#7059 = LINE('',#7060,#7061);
#7060 = CARTESIAN_POINT('',(10.91,-0.12003290741,-2.554557515843));
#7061 = VECTOR('',#7062,1.);
#7062 = DIRECTION('',(-0.,-1.,-2.555486110139E-15));
#7063 = ORIENTED_EDGE('',*,*,#7026,.T.);
#7064 = PLANE('',#7065);
#7065 = AXIS2_PLACEMENT_3D('',#7066,#7067,#7068);
#7066 = CARTESIAN_POINT('',(10.91,-0.12003290741,-2.554557515843));
#7067 = DIRECTION('',(3.10696741966E-15,2.555486110139E-15,-1.));
#7068 = DIRECTION('',(-1.,0.,-3.10696741966E-15));
#7069 = ADVANCED_FACE('',(#7070),#7088,.F.);
#7070 = FACE_BOUND('',#7071,.T.);
#7071 = EDGE_LOOP('',(#7072,#7073,#7081,#7087));
#7072 = ORIENTED_EDGE('',*,*,#1471,.T.);
#7073 = ORIENTED_EDGE('',*,*,#7074,.F.);
#7074 = EDGE_CURVE('',#7075,#1464,#7077,.T.);
#7075 = VERTEX_POINT('',#7076);
#7076 = CARTESIAN_POINT('',(10.91,-0.12003290741,-2.402683542865));
#7077 = LINE('',#7078,#7079);
#7078 = CARTESIAN_POINT('',(10.91,-0.12003290741,-2.402683542865));
#7079 = VECTOR('',#7080,1.);
#7080 = DIRECTION('',(-1.,-1.27553196763E-16,-3.10696741966E-15));
#7081 = ORIENTED_EDGE('',*,*,#7082,.F.);
#7082 = EDGE_CURVE('',#7051,#7075,#7083,.T.);
#7083 = LINE('',#7084,#7085);
#7084 = CARTESIAN_POINT('',(10.91,-0.12003290741,-2.402683542865));
#7085 = VECTOR('',#7086,1.);
#7086 = DIRECTION('',(-0.,-2.855531204522E-15,1.));
#7087 = ORIENTED_EDGE('',*,*,#7050,.T.);
#7088 = PLANE('',#7089);
#7089 = AXIS2_PLACEMENT_3D('',#7090,#7091,#7092);
#7090 = CARTESIAN_POINT('',(10.91,-0.12003290741,-2.402683542865));
#7091 = DIRECTION('',(1.27553196763E-16,-1.,-2.855531204522E-15));
#7092 = DIRECTION('',(0.,2.855531204522E-15,-1.));
#7093 = ADVANCED_FACE('',(#7094),#7112,.F.);
#7094 = FACE_BOUND('',#7095,.T.);
#7095 = EDGE_LOOP('',(#7096,#7097,#7105,#7111));
#7096 = ORIENTED_EDGE('',*,*,#1463,.T.);
#7097 = ORIENTED_EDGE('',*,*,#7098,.F.);
#7098 = EDGE_CURVE('',#7099,#1456,#7101,.T.);
#7099 = VERTEX_POINT('',#7100);
#7100 = CARTESIAN_POINT('',(10.91,6.313777884741E-02,-2.402683542865));
#7101 = LINE('',#7102,#7103);
#7102 = CARTESIAN_POINT('',(10.91,6.313777884741E-02,-2.402683542865));
#7103 = VECTOR('',#7104,1.);
#7104 = DIRECTION('',(-1.,-1.27553196763E-16,-3.10696741966E-15));
#7105 = ORIENTED_EDGE('',*,*,#7106,.F.);
#7106 = EDGE_CURVE('',#7075,#7099,#7107,.T.);
#7107 = LINE('',#7108,#7109);
#7108 = CARTESIAN_POINT('',(10.91,6.313777884741E-02,-2.402683542865));
#7109 = VECTOR('',#7110,1.);
#7110 = DIRECTION('',(-0.,1.,2.367632495431E-15));
#7111 = ORIENTED_EDGE('',*,*,#7074,.T.);
#7112 = PLANE('',#7113);
#7113 = AXIS2_PLACEMENT_3D('',#7114,#7115,#7116);
#7114 = CARTESIAN_POINT('',(10.91,6.313777884741E-02,-2.402683542865));
#7115 = DIRECTION('',(-3.10696741966E-15,-2.367632495431E-15,1.));
#7116 = DIRECTION('',(1.,0.,3.10696741966E-15));
#7117 = ADVANCED_FACE('',(#7118),#7136,.F.);
#7118 = FACE_BOUND('',#7119,.T.);
#7119 = EDGE_LOOP('',(#7120,#7121,#7129,#7135));
#7120 = ORIENTED_EDGE('',*,*,#1455,.T.);
#7121 = ORIENTED_EDGE('',*,*,#7122,.F.);
#7122 = EDGE_CURVE('',#7123,#1448,#7125,.T.);
#7123 = VERTEX_POINT('',#7124);
#7124 = CARTESIAN_POINT('',(10.91,6.313777884741E-02,-2.348096252259));
#7125 = LINE('',#7126,#7127);
#7126 = CARTESIAN_POINT('',(10.91,6.313777884741E-02,-2.348096252259));
#7127 = VECTOR('',#7128,1.);
#7128 = DIRECTION('',(-1.,-1.27553196763E-16,-3.10696741966E-15));
#7129 = ORIENTED_EDGE('',*,*,#7130,.F.);
#7130 = EDGE_CURVE('',#7099,#7123,#7131,.T.);
#7131 = LINE('',#7132,#7133);
#7132 = CARTESIAN_POINT('',(10.91,6.313777884741E-02,-2.348096252259));
#7133 = VECTOR('',#7134,1.);
#7134 = DIRECTION('',(-0.,-0.,1.));
#7135 = ORIENTED_EDGE('',*,*,#7098,.T.);
#7136 = PLANE('',#7137);
#7137 = AXIS2_PLACEMENT_3D('',#7138,#7139,#7140);
#7138 = CARTESIAN_POINT('',(10.91,6.313777884741E-02,-2.348096252259));
#7139 = DIRECTION('',(1.27553196763E-16,-1.,0.));
#7140 = DIRECTION('',(1.,1.27553196763E-16,0.));
#7141 = ADVANCED_FACE('',(#7142),#7160,.F.);
#7142 = FACE_BOUND('',#7143,.T.);
#7143 = EDGE_LOOP('',(#7144,#7145,#7153,#7159));
#7144 = ORIENTED_EDGE('',*,*,#1447,.T.);
#7145 = ORIENTED_EDGE('',*,*,#7146,.F.);
#7146 = EDGE_CURVE('',#7147,#1440,#7149,.T.);
#7147 = VERTEX_POINT('',#7148);
#7148 = CARTESIAN_POINT('',(10.91,-0.18129197798,-2.348096252259));
#7149 = LINE('',#7150,#7151);
#7150 = CARTESIAN_POINT('',(10.91,-0.18129197798,-2.348096252259));
#7151 = VECTOR('',#7152,1.);
#7152 = DIRECTION('',(-1.,-1.27553196763E-16,-3.10696741966E-15));
#7153 = ORIENTED_EDGE('',*,*,#7154,.F.);
#7154 = EDGE_CURVE('',#7123,#7147,#7155,.T.);
#7155 = LINE('',#7156,#7157);
#7156 = CARTESIAN_POINT('',(10.91,-0.18129197798,-2.348096252259));
#7157 = VECTOR('',#7158,1.);
#7158 = DIRECTION('',(-0.,-1.,-3.54851123385E-15));
#7159 = ORIENTED_EDGE('',*,*,#7122,.T.);
#7160 = PLANE('',#7161);
#7161 = AXIS2_PLACEMENT_3D('',#7162,#7163,#7164);
#7162 = CARTESIAN_POINT('',(10.91,-0.18129197798,-2.348096252259));
#7163 = DIRECTION('',(3.10696741966E-15,3.54851123385E-15,-1.));
#7164 = DIRECTION('',(0.,1.,3.54851123385E-15));
#7165 = ADVANCED_FACE('',(#7166),#7184,.F.);
#7166 = FACE_BOUND('',#7167,.T.);
#7167 = EDGE_LOOP('',(#7168,#7169,#7177,#7183));
#7168 = ORIENTED_EDGE('',*,*,#1439,.T.);
#7169 = ORIENTED_EDGE('',*,*,#7170,.F.);
#7170 = EDGE_CURVE('',#7171,#1432,#7173,.T.);
#7171 = VERTEX_POINT('',#7172);
#7172 = CARTESIAN_POINT('',(10.91,-0.18129197798,-2.822641765265));
#7173 = LINE('',#7174,#7175);
#7174 = CARTESIAN_POINT('',(10.91,-0.18129197798,-2.822641765265));
#7175 = VECTOR('',#7176,1.);
#7176 = DIRECTION('',(-1.,-1.27553196763E-16,-3.10696741966E-15));
#7177 = ORIENTED_EDGE('',*,*,#7178,.F.);
#7178 = EDGE_CURVE('',#7147,#7171,#7179,.T.);
#7179 = LINE('',#7180,#7181);
#7180 = CARTESIAN_POINT('',(10.91,-0.18129197798,-2.822641765265));
#7181 = VECTOR('',#7182,1.);
#7182 = DIRECTION('',(-0.,2.7416603283E-15,-1.));
#7183 = ORIENTED_EDGE('',*,*,#7146,.T.);
#7184 = PLANE('',#7185);
#7185 = AXIS2_PLACEMENT_3D('',#7186,#7187,#7188);
#7186 = CARTESIAN_POINT('',(10.91,-0.18129197798,-2.822641765265));
#7187 = DIRECTION('',(-1.27553196763E-16,1.,2.7416603283E-15));
#7188 = DIRECTION('',(0.,-2.7416603283E-15,1.));
#7189 = ADVANCED_FACE('',(#7190),#7201,.F.);
#7190 = FACE_BOUND('',#7191,.T.);
#7191 = EDGE_LOOP('',(#7192,#7193,#7194,#7200));
#7192 = ORIENTED_EDGE('',*,*,#1431,.T.);
#7193 = ORIENTED_EDGE('',*,*,#6939,.F.);
#7194 = ORIENTED_EDGE('',*,*,#7195,.F.);
#7195 = EDGE_CURVE('',#7171,#6932,#7196,.T.);
#7196 = LINE('',#7197,#7198);
#7197 = CARTESIAN_POINT('',(10.91,7.393393187914E-02,-2.822641765265));
#7198 = VECTOR('',#7199,1.);
#7199 = DIRECTION('',(-0.,1.,5.097611789109E-15));
#7200 = ORIENTED_EDGE('',*,*,#7170,.T.);
#7201 = PLANE('',#7202);
#7202 = AXIS2_PLACEMENT_3D('',#7203,#7204,#7205);
#7203 = CARTESIAN_POINT('',(10.91,7.393393187914E-02,-2.822641765265));
#7204 = DIRECTION('',(-3.10696741966E-15,-5.097611789109E-15,1.));
#7205 = DIRECTION('',(0.,-1.,-5.097611789109E-15));
#7206 = ADVANCED_FACE('',(#7207),#7221,.F.);
#7207 = FACE_BOUND('',#7208,.T.);
#7208 = EDGE_LOOP('',(#7209,#7210,#7211,#7212,#7213,#7214,#7215,#7216,
    #7217,#7218,#7219,#7220));
#7209 = ORIENTED_EDGE('',*,*,#6931,.T.);
#7210 = ORIENTED_EDGE('',*,*,#6962,.T.);
#7211 = ORIENTED_EDGE('',*,*,#6986,.T.);
#7212 = ORIENTED_EDGE('',*,*,#7010,.T.);
#7213 = ORIENTED_EDGE('',*,*,#7034,.T.);
#7214 = ORIENTED_EDGE('',*,*,#7058,.T.);
#7215 = ORIENTED_EDGE('',*,*,#7082,.T.);
#7216 = ORIENTED_EDGE('',*,*,#7106,.T.);
#7217 = ORIENTED_EDGE('',*,*,#7130,.T.);
#7218 = ORIENTED_EDGE('',*,*,#7154,.T.);
#7219 = ORIENTED_EDGE('',*,*,#7178,.T.);
#7220 = ORIENTED_EDGE('',*,*,#7195,.T.);
#7221 = PLANE('',#7222);
#7222 = AXIS2_PLACEMENT_3D('',#7223,#7224,#7225);
#7223 = CARTESIAN_POINT('',(10.91,1.27553196763E-18,3.10696741966E-17));
#7224 = DIRECTION('',(-1.,0.,-0.));
#7225 = DIRECTION('',(0.,0.,1.));
#7226 = ADVANCED_FACE('',(#7227,#7349),#7421,.T.);
#7227 = FACE_BOUND('',#7228,.T.);
#7228 = EDGE_LOOP('',(#7229,#7240,#7248,#7257,#7266,#7274,#7283,#7292,
    #7301,#7310,#7318,#7326,#7334,#7342));
#7229 = ORIENTED_EDGE('',*,*,#7230,.T.);
#7230 = EDGE_CURVE('',#7231,#7233,#7235,.T.);
#7231 = VERTEX_POINT('',#7232);
#7232 = CARTESIAN_POINT('',(10.91,0.280637805644,-2.475951817368));
#7233 = VERTEX_POINT('',#7234);
#7234 = CARTESIAN_POINT('',(10.91,0.163942308834,-2.50749114083));
#7235 = B_SPLINE_CURVE_WITH_KNOTS('',3,(#7236,#7237,#7238,#7239),
  .UNSPECIFIED.,.F.,.F.,(4,4),(0.,1.),.PIECEWISE_BEZIER_KNOTS.);
#7236 = CARTESIAN_POINT('',(10.91,0.280637805644,-2.475951817368));
#7237 = CARTESIAN_POINT('',(10.91,0.236482752797,-2.475951817368));
#7238 = CARTESIAN_POINT('',(10.91,0.19754381883,-2.48638405513));
#7239 = CARTESIAN_POINT('',(10.91,0.163942308834,-2.50749114083));
#7240 = ORIENTED_EDGE('',*,*,#7241,.T.);
#7241 = EDGE_CURVE('',#7233,#7242,#7244,.T.);
#7242 = VERTEX_POINT('',#7243);
#7243 = CARTESIAN_POINT('',(10.91,0.163942308834,-2.565232363785));
#7244 = LINE('',#7245,#7246);
#7245 = CARTESIAN_POINT('',(10.91,0.163942308834,-2.565232363785));
#7246 = VECTOR('',#7247,1.);
#7247 = DIRECTION('',(-0.,7.51076694951E-15,-1.));
#7248 = ORIENTED_EDGE('',*,*,#7249,.T.);
#7249 = EDGE_CURVE('',#7242,#7250,#7252,.T.);
#7250 = VERTEX_POINT('',#7251);
#7251 = CARTESIAN_POINT('',(10.91,0.275057771493,-2.524231243283));
#7252 = B_SPLINE_CURVE_WITH_KNOTS('',3,(#7253,#7254,#7255,#7256),
  .UNSPECIFIED.,.F.,.F.,(4,4),(12.,13.),.PIECEWISE_BEZIER_KNOTS.);
#7253 = CARTESIAN_POINT('',(10.91,0.163942308834,-2.565232363785));
#7254 = CARTESIAN_POINT('',(10.91,0.19742251374,-2.53806002357));
#7255 = CARTESIAN_POINT('',(10.91,0.234420566263,-2.524231243283));
#7256 = CARTESIAN_POINT('',(10.91,0.275057771493,-2.524231243283));
#7257 = ORIENTED_EDGE('',*,*,#7258,.T.);
#7258 = EDGE_CURVE('',#7250,#7259,#7261,.T.);
#7259 = VERTEX_POINT('',#7260);
#7260 = CARTESIAN_POINT('',(10.91,0.343716452566,-2.607203925004));
#7261 = B_SPLINE_CURVE_WITH_KNOTS('',3,(#7262,#7263,#7264,#7265),
  .UNSPECIFIED.,.F.,.F.,(4,4),(11.,12.),.PIECEWISE_BEZIER_KNOTS.);
#7262 = CARTESIAN_POINT('',(10.91,0.275057771493,-2.524231243283));
#7263 = CARTESIAN_POINT('',(10.91,0.320789790511,-2.524231243283));
#7264 = CARTESIAN_POINT('',(10.91,0.343716452566,-2.551888803858));
#7265 = CARTESIAN_POINT('',(10.91,0.343716452566,-2.607203925004));
#7266 = ORIENTED_EDGE('',*,*,#7267,.T.);
#7267 = EDGE_CURVE('',#7259,#7268,#7270,.T.);
#7268 = VERTEX_POINT('',#7269);
#7269 = CARTESIAN_POINT('',(10.91,0.243275837849,-2.621275315472));
#7270 = LINE('',#7271,#7272);
#7271 = CARTESIAN_POINT('',(10.91,0.243275837849,-2.621275315472));
#7272 = VECTOR('',#7273,1.);
#7273 = DIRECTION('',(-0.,-0.990328603988,-0.138741688482));
#7274 = ORIENTED_EDGE('',*,*,#7275,.T.);
#7275 = EDGE_CURVE('',#7268,#7276,#7278,.T.);
#7276 = VERTEX_POINT('',#7277);
#7277 = CARTESIAN_POINT('',(10.91,0.1308260192,-2.731905557768));
#7278 = B_SPLINE_CURVE_WITH_KNOTS('',3,(#7279,#7280,#7281,#7282),
  .UNSPECIFIED.,.F.,.F.,(4,4),(9.,10.),.PIECEWISE_BEZIER_KNOTS.);
#7279 = CARTESIAN_POINT('',(10.91,0.243275837849,-2.621275315472));
#7280 = CARTESIAN_POINT('',(10.91,0.168309292084,-2.631707553233));
#7281 = CARTESIAN_POINT('',(10.91,0.1308260192,-2.668584300665));
#7282 = CARTESIAN_POINT('',(10.91,0.1308260192,-2.731905557768));
#7283 = ORIENTED_EDGE('',*,*,#7284,.T.);
#7284 = EDGE_CURVE('',#7276,#7285,#7287,.T.);
#7285 = VERTEX_POINT('',#7286);
#7286 = CARTESIAN_POINT('',(10.91,0.159939240858,-2.803960781371));
#7287 = B_SPLINE_CURVE_WITH_KNOTS('',3,(#7288,#7289,#7290,#7291),
  .UNSPECIFIED.,.F.,.F.,(4,4),(8.,9.),.PIECEWISE_BEZIER_KNOTS.);
#7288 = CARTESIAN_POINT('',(10.91,0.1308260192,-2.731905557768));
#7289 = CARTESIAN_POINT('',(10.91,0.1308260192,-2.762231830328));
#7290 = CARTESIAN_POINT('',(10.91,0.140530426419,-2.786250238197));
#7291 = CARTESIAN_POINT('',(10.91,0.159939240858,-2.803960781371));
#7292 = ORIENTED_EDGE('',*,*,#7293,.T.);
#7293 = EDGE_CURVE('',#7285,#7294,#7296,.T.);
#7294 = VERTEX_POINT('',#7295);
#7295 = CARTESIAN_POINT('',(10.91,0.238302329151,-2.830647901221));
#7296 = B_SPLINE_CURVE_WITH_KNOTS('',3,(#7297,#7298,#7299,#7300),
  .UNSPECIFIED.,.F.,.F.,(4,4),(7.,8.),.PIECEWISE_BEZIER_KNOTS.);
#7297 = CARTESIAN_POINT('',(10.91,0.159939240858,-2.803960781371));
#7298 = CARTESIAN_POINT('',(10.91,0.179348055295,-2.821671324544));
#7299 = CARTESIAN_POINT('',(10.91,0.205428649697,-2.830647901221));
#7300 = CARTESIAN_POINT('',(10.91,0.238302329151,-2.830647901221));
#7301 = ORIENTED_EDGE('',*,*,#7302,.T.);
#7302 = EDGE_CURVE('',#7294,#7303,#7305,.T.);
#7303 = VERTEX_POINT('',#7304);
#7304 = CARTESIAN_POINT('',(10.91,0.342139486393,-2.770237966284));
#7305 = B_SPLINE_CURVE_WITH_KNOTS('',3,(#7306,#7307,#7308,#7309),
  .UNSPECIFIED.,.F.,.F.,(4,4),(6.,7.),.PIECEWISE_BEZIER_KNOTS.);
#7306 = CARTESIAN_POINT('',(10.91,0.238302329151,-2.830647901221));
#7307 = CARTESIAN_POINT('',(10.91,0.28403434817,-2.830647901221));
#7308 = CARTESIAN_POINT('',(10.91,0.318727603978,-2.810511256242));
#7309 = CARTESIAN_POINT('',(10.91,0.342139486393,-2.770237966284));
#7310 = ORIENTED_EDGE('',*,*,#7311,.T.);
#7311 = EDGE_CURVE('',#7303,#7312,#7314,.T.);
#7312 = VERTEX_POINT('',#7313);
#7313 = CARTESIAN_POINT('',(10.91,0.343716452566,-2.770237966284));
#7314 = LINE('',#7315,#7316);
#7315 = CARTESIAN_POINT('',(10.91,0.343716452566,-2.770237966284));
#7316 = VECTOR('',#7317,1.);
#7317 = DIRECTION('',(-0.,1.,-0.));
#7318 = ORIENTED_EDGE('',*,*,#7319,.T.);
#7319 = EDGE_CURVE('',#7312,#7320,#7322,.T.);
#7320 = VERTEX_POINT('',#7321);
#7321 = CARTESIAN_POINT('',(10.91,0.343716452566,-2.822641765265));
#7322 = LINE('',#7323,#7324);
#7323 = CARTESIAN_POINT('',(10.91,0.343716452566,-2.822641765265));
#7324 = VECTOR('',#7325,1.);
#7325 = DIRECTION('',(-0.,-0.,-1.));
#7326 = ORIENTED_EDGE('',*,*,#7327,.T.);
#7327 = EDGE_CURVE('',#7320,#7328,#7330,.T.);
#7328 = VERTEX_POINT('',#7329);
#7329 = CARTESIAN_POINT('',(10.91,0.403155946782,-2.822641765265));
#7330 = LINE('',#7331,#7332);
#7331 = CARTESIAN_POINT('',(10.91,0.403155946782,-2.822641765265));
#7332 = VECTOR('',#7333,1.);
#7333 = DIRECTION('',(-0.,1.,-0.));
#7334 = ORIENTED_EDGE('',*,*,#7335,.T.);
#7335 = EDGE_CURVE('',#7328,#7336,#7338,.T.);
#7336 = VERTEX_POINT('',#7337);
#7337 = CARTESIAN_POINT('',(10.91,0.403155946782,-2.604535213022));
#7338 = LINE('',#7339,#7340);
#7339 = CARTESIAN_POINT('',(10.91,0.403155946782,-2.604535213022));
#7340 = VECTOR('',#7341,1.);
#7341 = DIRECTION('',(-0.,-1.988389915541E-15,1.));
#7342 = ORIENTED_EDGE('',*,*,#7343,.T.);
#7343 = EDGE_CURVE('',#7336,#7231,#7344,.T.);
#7344 = B_SPLINE_CURVE_WITH_KNOTS('',3,(#7345,#7346,#7347,#7348),
  .UNSPECIFIED.,.F.,.F.,(4,4),(1.,2.),.PIECEWISE_BEZIER_KNOTS.);
#7345 = CARTESIAN_POINT('',(10.91,0.403155946782,-2.604535213022));
#7346 = CARTESIAN_POINT('',(10.91,0.403155946782,-2.518651209132));
#7347 = CARTESIAN_POINT('',(10.91,0.362276131372,-2.475951817368));
#7348 = CARTESIAN_POINT('',(10.91,0.280637805644,-2.475951817368));
#7349 = FACE_BOUND('',#7350,.T.);
#7350 = EDGE_LOOP('',(#7351,#7362,#7371,#7379,#7387,#7396,#7405,#7414));
#7351 = ORIENTED_EDGE('',*,*,#7352,.F.);
#7352 = EDGE_CURVE('',#7353,#7355,#7357,.T.);
#7353 = VERTEX_POINT('',#7354);
#7354 = CARTESIAN_POINT('',(10.91,0.206884310779,-2.684111352217));
#7355 = VERTEX_POINT('',#7356);
#7356 = CARTESIAN_POINT('',(10.91,0.191114649049,-2.727053354161));
#7357 = B_SPLINE_CURVE_WITH_KNOTS('',3,(#7358,#7359,#7360,#7361),
  .UNSPECIFIED.,.F.,.F.,(4,4),(1.,2.),.PIECEWISE_BEZIER_KNOTS.);
#7358 = CARTESIAN_POINT('',(10.91,0.206884310779,-2.684111352217));
#7359 = CARTESIAN_POINT('',(10.91,0.196452073018,-2.694300979795));
#7360 = CARTESIAN_POINT('',(10.91,0.191114649049,-2.708614980443));
#7361 = CARTESIAN_POINT('',(10.91,0.191114649049,-2.727053354161));
#7362 = ORIENTED_EDGE('',*,*,#7363,.F.);
#7363 = EDGE_CURVE('',#7364,#7353,#7366,.T.);
#7364 = VERTEX_POINT('',#7365);
#7365 = CARTESIAN_POINT('',(10.91,0.264382923551,-2.663246876694));
#7366 = B_SPLINE_CURVE_WITH_KNOTS('',3,(#7367,#7368,#7369,#7370),
  .UNSPECIFIED.,.F.,.F.,(4,4),(0.,1.),.PIECEWISE_BEZIER_KNOTS.);
#7367 = CARTESIAN_POINT('',(10.91,0.264382923551,-2.663246876694));
#7368 = CARTESIAN_POINT('',(10.91,0.236604057888,-2.667128639584));
#7369 = CARTESIAN_POINT('',(10.91,0.217437853629,-2.673921724636));
#7370 = CARTESIAN_POINT('',(10.91,0.206884310779,-2.684111352217));
#7371 = ORIENTED_EDGE('',*,*,#7372,.F.);
#7372 = EDGE_CURVE('',#7373,#7364,#7375,.T.);
#7373 = VERTEX_POINT('',#7374);
#7374 = CARTESIAN_POINT('',(10.91,0.343716452566,-2.652572028753));
#7375 = LINE('',#7376,#7377);
#7376 = CARTESIAN_POINT('',(10.91,0.343716452566,-2.652572028753));
#7377 = VECTOR('',#7378,1.);
#7378 = DIRECTION('',(0.,-0.9910683663,-0.133354764894));
#7379 = ORIENTED_EDGE('',*,*,#7380,.F.);
#7380 = EDGE_CURVE('',#7381,#7373,#7383,.T.);
#7381 = VERTEX_POINT('',#7382);
#7382 = CARTESIAN_POINT('',(10.91,0.343716452566,-2.685081792938));
#7383 = LINE('',#7384,#7385);
#7384 = CARTESIAN_POINT('',(10.91,0.343716452566,-2.685081792938));
#7385 = VECTOR('',#7386,1.);
#7386 = DIRECTION('',(0.,0.,1.));
#7387 = ORIENTED_EDGE('',*,*,#7388,.F.);
#7388 = EDGE_CURVE('',#7389,#7381,#7391,.T.);
#7389 = VERTEX_POINT('',#7390);
#7390 = CARTESIAN_POINT('',(10.91,0.318242383616,-2.754225694372));
#7391 = B_SPLINE_CURVE_WITH_KNOTS('',3,(#7392,#7393,#7394,#7395),
  .UNSPECIFIED.,.F.,.F.,(4,4),(5.,6.),.PIECEWISE_BEZIER_KNOTS.);
#7392 = CARTESIAN_POINT('',(10.91,0.318242383616,-2.754225694372));
#7393 = CARTESIAN_POINT('',(10.91,0.335225096249,-2.736029930838));
#7394 = CARTESIAN_POINT('',(10.91,0.343716452566,-2.712981963693));
#7395 = CARTESIAN_POINT('',(10.91,0.343716452566,-2.685081792938));
#7396 = ORIENTED_EDGE('',*,*,#7397,.F.);
#7397 = EDGE_CURVE('',#7398,#7389,#7400,.T.);
#7398 = VERTEX_POINT('',#7399);
#7399 = CARTESIAN_POINT('',(10.91,0.253708075611,-2.781883254947));
#7400 = B_SPLINE_CURVE_WITH_KNOTS('',3,(#7401,#7402,#7403,#7404),
  .UNSPECIFIED.,.F.,.F.,(4,4),(4.,5.),.PIECEWISE_BEZIER_KNOTS.);
#7401 = CARTESIAN_POINT('',(10.91,0.253708075611,-2.781883254947));
#7402 = CARTESIAN_POINT('',(10.91,0.279788670011,-2.781883254947));
#7403 = CARTESIAN_POINT('',(10.91,0.301380976073,-2.77266406809));
#7404 = CARTESIAN_POINT('',(10.91,0.318242383616,-2.754225694372));
#7405 = ORIENTED_EDGE('',*,*,#7406,.F.);
#7406 = EDGE_CURVE('',#7407,#7398,#7409,.T.);
#7407 = VERTEX_POINT('',#7408);
#7408 = CARTESIAN_POINT('',(10.91,0.208339971862,-2.766598813578));
#7409 = B_SPLINE_CURVE_WITH_KNOTS('',3,(#7410,#7411,#7412,#7413),
  .UNSPECIFIED.,.F.,.F.,(4,4),(3.,4.),.PIECEWISE_BEZIER_KNOTS.);
#7410 = CARTESIAN_POINT('',(10.91,0.208339971862,-2.766598813578));
#7411 = CARTESIAN_POINT('',(10.91,0.219742650344,-2.776788441156));
#7412 = CARTESIAN_POINT('',(10.91,0.234905786623,-2.781883254947));
#7413 = CARTESIAN_POINT('',(10.91,0.253708075611,-2.781883254947));
#7414 = ORIENTED_EDGE('',*,*,#7415,.F.);
#7415 = EDGE_CURVE('',#7355,#7407,#7416,.T.);
#7416 = B_SPLINE_CURVE_WITH_KNOTS('',3,(#7417,#7418,#7419,#7420),
  .UNSPECIFIED.,.F.,.F.,(4,4),(2.,3.),.PIECEWISE_BEZIER_KNOTS.);
#7417 = CARTESIAN_POINT('',(10.91,0.191114649049,-2.727053354161));
#7418 = CARTESIAN_POINT('',(10.91,0.191114649049,-2.74330823625));
#7419 = CARTESIAN_POINT('',(10.91,0.19681598829,-2.756409185997));
#7420 = CARTESIAN_POINT('',(10.91,0.208339971862,-2.766598813578));
#7421 = PLANE('',#7422);
#7422 = AXIS2_PLACEMENT_3D('',#7423,#7424,#7425);
#7423 = CARTESIAN_POINT('',(10.91,0.21833247867,-2.483806321962));
#7424 = DIRECTION('',(1.,0.,0.));
#7425 = DIRECTION('',(0.,0.,-1.));
#7426 = ADVANCED_FACE('',(#7427),#7443,.F.);
#7427 = FACE_BOUND('',#7428,.F.);
#7428 = EDGE_LOOP('',(#7429,#7435,#7436,#7442));
#7429 = ORIENTED_EDGE('',*,*,#7430,.F.);
#7430 = EDGE_CURVE('',#7231,#1300,#7431,.T.);
#7431 = LINE('',#7432,#7433);
#7432 = CARTESIAN_POINT('',(10.91,0.280637805644,-2.475951817368));
#7433 = VECTOR('',#7434,1.);
#7434 = DIRECTION('',(-1.,-1.27553196763E-16,-3.10696741966E-15));
#7435 = ORIENTED_EDGE('',*,*,#7230,.T.);
#7436 = ORIENTED_EDGE('',*,*,#7437,.T.);
#7437 = EDGE_CURVE('',#7233,#1302,#7438,.T.);
#7438 = LINE('',#7439,#7440);
#7439 = CARTESIAN_POINT('',(10.91,0.163942308834,-2.50749114083));
#7440 = VECTOR('',#7441,1.);
#7441 = DIRECTION('',(-1.,-1.27553196763E-16,-3.10696741966E-15));
#7442 = ORIENTED_EDGE('',*,*,#1299,.F.);
#7443 = B_SPLINE_SURFACE_WITH_KNOTS('',3,1,(
    (#7444,#7445)
    ,(#7446,#7447)
    ,(#7448,#7449)
    ,(#7450,#7451
    )),.UNSPECIFIED.,.F.,.F.,.F.,(4,4),(2,2),(0.,1.),(0.,1.),
  .PIECEWISE_BEZIER_KNOTS.);
#7444 = CARTESIAN_POINT('',(10.91,0.280637805644,-2.475951817368));
#7445 = CARTESIAN_POINT('',(10.9,0.280637805644,-2.475951817368));
#7446 = CARTESIAN_POINT('',(10.91,0.236482752797,-2.475951817368));
#7447 = CARTESIAN_POINT('',(10.9,0.236482752797,-2.475951817368));
#7448 = CARTESIAN_POINT('',(10.91,0.19754381883,-2.48638405513));
#7449 = CARTESIAN_POINT('',(10.9,0.19754381883,-2.48638405513));
#7450 = CARTESIAN_POINT('',(10.91,0.163942308834,-2.50749114083));
#7451 = CARTESIAN_POINT('',(10.9,0.163942308834,-2.50749114083));
#7452 = ADVANCED_FACE('',(#7453),#7464,.F.);
#7453 = FACE_BOUND('',#7454,.T.);
#7454 = EDGE_LOOP('',(#7455,#7456,#7462,#7463));
#7455 = ORIENTED_EDGE('',*,*,#1413,.T.);
#7456 = ORIENTED_EDGE('',*,*,#7457,.F.);
#7457 = EDGE_CURVE('',#7242,#1405,#7458,.T.);
#7458 = LINE('',#7459,#7460);
#7459 = CARTESIAN_POINT('',(10.91,0.163942308834,-2.565232363785));
#7460 = VECTOR('',#7461,1.);
#7461 = DIRECTION('',(-1.,-1.27553196763E-16,-3.10696741966E-15));
#7462 = ORIENTED_EDGE('',*,*,#7241,.F.);
#7463 = ORIENTED_EDGE('',*,*,#7437,.T.);
#7464 = PLANE('',#7465);
#7465 = AXIS2_PLACEMENT_3D('',#7466,#7467,#7468);
#7466 = CARTESIAN_POINT('',(10.91,0.163942308834,-2.565232363785));
#7467 = DIRECTION('',(-1.27553196763E-16,1.,7.51076694951E-15));
#7468 = DIRECTION('',(0.,-7.51076694951E-15,1.));
#7469 = ADVANCED_FACE('',(#7470),#7481,.F.);
#7470 = FACE_BOUND('',#7471,.F.);
#7471 = EDGE_LOOP('',(#7472,#7473,#7474,#7480));
#7472 = ORIENTED_EDGE('',*,*,#7457,.F.);
#7473 = ORIENTED_EDGE('',*,*,#7249,.T.);
#7474 = ORIENTED_EDGE('',*,*,#7475,.T.);
#7475 = EDGE_CURVE('',#7250,#1396,#7476,.T.);
#7476 = LINE('',#7477,#7478);
#7477 = CARTESIAN_POINT('',(10.91,0.275057771493,-2.524231243283));
#7478 = VECTOR('',#7479,1.);
#7479 = DIRECTION('',(-1.,-1.27553196763E-16,-3.10696741966E-15));
#7480 = ORIENTED_EDGE('',*,*,#1404,.F.);
#7481 = B_SPLINE_SURFACE_WITH_KNOTS('',3,1,(
    (#7482,#7483)
    ,(#7484,#7485)
    ,(#7486,#7487)
    ,(#7488,#7489
    )),.UNSPECIFIED.,.F.,.F.,.F.,(4,4),(2,2),(12.,13.),(0.,1.),
  .PIECEWISE_BEZIER_KNOTS.);
#7482 = CARTESIAN_POINT('',(10.91,0.163942308834,-2.565232363785));
#7483 = CARTESIAN_POINT('',(10.9,0.163942308834,-2.565232363785));
#7484 = CARTESIAN_POINT('',(10.91,0.19742251374,-2.53806002357));
#7485 = CARTESIAN_POINT('',(10.9,0.19742251374,-2.53806002357));
#7486 = CARTESIAN_POINT('',(10.91,0.234420566263,-2.524231243283));
#7487 = CARTESIAN_POINT('',(10.9,0.234420566263,-2.524231243283));
#7488 = CARTESIAN_POINT('',(10.91,0.275057771493,-2.524231243283));
#7489 = CARTESIAN_POINT('',(10.9,0.275057771493,-2.524231243283));
#7490 = ADVANCED_FACE('',(#7491),#7502,.F.);
#7491 = FACE_BOUND('',#7492,.F.);
#7492 = EDGE_LOOP('',(#7493,#7494,#7495,#7501));
#7493 = ORIENTED_EDGE('',*,*,#7475,.F.);
#7494 = ORIENTED_EDGE('',*,*,#7258,.T.);
#7495 = ORIENTED_EDGE('',*,*,#7496,.T.);
#7496 = EDGE_CURVE('',#7259,#1388,#7497,.T.);
#7497 = LINE('',#7498,#7499);
#7498 = CARTESIAN_POINT('',(10.91,0.343716452566,-2.607203925004));
#7499 = VECTOR('',#7500,1.);
#7500 = DIRECTION('',(-1.,-1.27553196763E-16,-3.10696741966E-15));
#7501 = ORIENTED_EDGE('',*,*,#1395,.F.);
#7502 = B_SPLINE_SURFACE_WITH_KNOTS('',3,1,(
    (#7503,#7504)
    ,(#7505,#7506)
    ,(#7507,#7508)
    ,(#7509,#7510
    )),.UNSPECIFIED.,.F.,.F.,.F.,(4,4),(2,2),(11.,12.),(0.,1.),
  .PIECEWISE_BEZIER_KNOTS.);
#7503 = CARTESIAN_POINT('',(10.91,0.275057771493,-2.524231243283));
#7504 = CARTESIAN_POINT('',(10.9,0.275057771493,-2.524231243283));
#7505 = CARTESIAN_POINT('',(10.91,0.320789790511,-2.524231243283));
#7506 = CARTESIAN_POINT('',(10.9,0.320789790511,-2.524231243283));
#7507 = CARTESIAN_POINT('',(10.91,0.343716452566,-2.551888803858));
#7508 = CARTESIAN_POINT('',(10.9,0.343716452566,-2.551888803858));
#7509 = CARTESIAN_POINT('',(10.91,0.343716452566,-2.607203925004));
#7510 = CARTESIAN_POINT('',(10.9,0.343716452566,-2.607203925004));
#7511 = ADVANCED_FACE('',(#7512),#7523,.F.);
#7512 = FACE_BOUND('',#7513,.T.);
#7513 = EDGE_LOOP('',(#7514,#7515,#7521,#7522));
#7514 = ORIENTED_EDGE('',*,*,#1387,.T.);
#7515 = ORIENTED_EDGE('',*,*,#7516,.F.);
#7516 = EDGE_CURVE('',#7268,#1379,#7517,.T.);
#7517 = LINE('',#7518,#7519);
#7518 = CARTESIAN_POINT('',(10.91,0.243275837849,-2.621275315472));
#7519 = VECTOR('',#7520,1.);
#7520 = DIRECTION('',(-1.,-1.27553196763E-16,-3.10696741966E-15));
#7521 = ORIENTED_EDGE('',*,*,#7267,.F.);
#7522 = ORIENTED_EDGE('',*,*,#7496,.T.);
#7523 = PLANE('',#7524);
#7524 = AXIS2_PLACEMENT_3D('',#7525,#7526,#7527);
#7525 = CARTESIAN_POINT('',(10.91,0.243275837849,-2.621275315472));
#7526 = DIRECTION('',(3.059221761458E-15,0.138741688482,-0.990328603988)
  );
#7527 = DIRECTION('',(0.,0.990328603988,0.138741688482));
#7528 = ADVANCED_FACE('',(#7529),#7540,.F.);
#7529 = FACE_BOUND('',#7530,.F.);
#7530 = EDGE_LOOP('',(#7531,#7532,#7533,#7539));
#7531 = ORIENTED_EDGE('',*,*,#7516,.F.);
#7532 = ORIENTED_EDGE('',*,*,#7275,.T.);
#7533 = ORIENTED_EDGE('',*,*,#7534,.T.);
#7534 = EDGE_CURVE('',#7276,#1370,#7535,.T.);
#7535 = LINE('',#7536,#7537);
#7536 = CARTESIAN_POINT('',(10.91,0.1308260192,-2.731905557768));
#7537 = VECTOR('',#7538,1.);
#7538 = DIRECTION('',(-1.,-1.27553196763E-16,-3.10696741966E-15));
#7539 = ORIENTED_EDGE('',*,*,#1378,.F.);
#7540 = B_SPLINE_SURFACE_WITH_KNOTS('',3,1,(
    (#7541,#7542)
    ,(#7543,#7544)
    ,(#7545,#7546)
    ,(#7547,#7548
    )),.UNSPECIFIED.,.F.,.F.,.F.,(4,4),(2,2),(9.,10.),(0.,1.),
  .PIECEWISE_BEZIER_KNOTS.);
#7541 = CARTESIAN_POINT('',(10.91,0.243275837849,-2.621275315472));
#7542 = CARTESIAN_POINT('',(10.9,0.243275837849,-2.621275315472));
#7543 = CARTESIAN_POINT('',(10.91,0.168309292084,-2.631707553233));
#7544 = CARTESIAN_POINT('',(10.9,0.168309292084,-2.631707553233));
#7545 = CARTESIAN_POINT('',(10.91,0.1308260192,-2.668584300665));
#7546 = CARTESIAN_POINT('',(10.9,0.1308260192,-2.668584300665));
#7547 = CARTESIAN_POINT('',(10.91,0.1308260192,-2.731905557768));
#7548 = CARTESIAN_POINT('',(10.9,0.1308260192,-2.731905557768));
#7549 = ADVANCED_FACE('',(#7550),#7561,.F.);
#7550 = FACE_BOUND('',#7551,.F.);
#7551 = EDGE_LOOP('',(#7552,#7553,#7554,#7560));
#7552 = ORIENTED_EDGE('',*,*,#7534,.F.);
#7553 = ORIENTED_EDGE('',*,*,#7284,.T.);
#7554 = ORIENTED_EDGE('',*,*,#7555,.T.);
#7555 = EDGE_CURVE('',#7285,#1361,#7556,.T.);
#7556 = LINE('',#7557,#7558);
#7557 = CARTESIAN_POINT('',(10.91,0.159939240858,-2.803960781371));
#7558 = VECTOR('',#7559,1.);
#7559 = DIRECTION('',(-1.,-1.27553196763E-16,-3.10696741966E-15));
#7560 = ORIENTED_EDGE('',*,*,#1369,.F.);
#7561 = B_SPLINE_SURFACE_WITH_KNOTS('',3,1,(
    (#7562,#7563)
    ,(#7564,#7565)
    ,(#7566,#7567)
    ,(#7568,#7569
    )),.UNSPECIFIED.,.F.,.F.,.F.,(4,4),(2,2),(8.,9.),(0.,1.),
  .PIECEWISE_BEZIER_KNOTS.);
#7562 = CARTESIAN_POINT('',(10.91,0.1308260192,-2.731905557768));
#7563 = CARTESIAN_POINT('',(10.9,0.1308260192,-2.731905557768));
#7564 = CARTESIAN_POINT('',(10.91,0.1308260192,-2.762231830328));
#7565 = CARTESIAN_POINT('',(10.9,0.1308260192,-2.762231830328));
#7566 = CARTESIAN_POINT('',(10.91,0.140530426419,-2.786250238197));
#7567 = CARTESIAN_POINT('',(10.9,0.140530426419,-2.786250238197));
#7568 = CARTESIAN_POINT('',(10.91,0.159939240858,-2.803960781371));
#7569 = CARTESIAN_POINT('',(10.9,0.159939240858,-2.803960781371));
#7570 = ADVANCED_FACE('',(#7571),#7582,.F.);
#7571 = FACE_BOUND('',#7572,.F.);
#7572 = EDGE_LOOP('',(#7573,#7574,#7575,#7581));
#7573 = ORIENTED_EDGE('',*,*,#7555,.F.);
#7574 = ORIENTED_EDGE('',*,*,#7293,.T.);
#7575 = ORIENTED_EDGE('',*,*,#7576,.T.);
#7576 = EDGE_CURVE('',#7294,#1352,#7577,.T.);
#7577 = LINE('',#7578,#7579);
#7578 = CARTESIAN_POINT('',(10.91,0.238302329151,-2.830647901221));
#7579 = VECTOR('',#7580,1.);
#7580 = DIRECTION('',(-1.,-1.27553196763E-16,-3.10696741966E-15));
#7581 = ORIENTED_EDGE('',*,*,#1360,.F.);
#7582 = B_SPLINE_SURFACE_WITH_KNOTS('',3,1,(
    (#7583,#7584)
    ,(#7585,#7586)
    ,(#7587,#7588)
    ,(#7589,#7590
    )),.UNSPECIFIED.,.F.,.F.,.F.,(4,4),(2,2),(7.,8.),(0.,1.),
  .PIECEWISE_BEZIER_KNOTS.);
#7583 = CARTESIAN_POINT('',(10.91,0.159939240858,-2.803960781371));
#7584 = CARTESIAN_POINT('',(10.9,0.159939240858,-2.803960781371));
#7585 = CARTESIAN_POINT('',(10.91,0.179348055295,-2.821671324544));
#7586 = CARTESIAN_POINT('',(10.9,0.179348055295,-2.821671324544));
#7587 = CARTESIAN_POINT('',(10.91,0.205428649697,-2.830647901221));
#7588 = CARTESIAN_POINT('',(10.9,0.205428649697,-2.830647901221));
#7589 = CARTESIAN_POINT('',(10.91,0.238302329151,-2.830647901221));
#7590 = CARTESIAN_POINT('',(10.9,0.238302329151,-2.830647901221));
#7591 = ADVANCED_FACE('',(#7592),#7603,.F.);
#7592 = FACE_BOUND('',#7593,.F.);
#7593 = EDGE_LOOP('',(#7594,#7595,#7596,#7602));
#7594 = ORIENTED_EDGE('',*,*,#7576,.F.);
#7595 = ORIENTED_EDGE('',*,*,#7302,.T.);
#7596 = ORIENTED_EDGE('',*,*,#7597,.T.);
#7597 = EDGE_CURVE('',#7303,#1344,#7598,.T.);
#7598 = LINE('',#7599,#7600);
#7599 = CARTESIAN_POINT('',(10.91,0.342139486393,-2.770237966284));
#7600 = VECTOR('',#7601,1.);
#7601 = DIRECTION('',(-1.,-1.27553196763E-16,-3.10696741966E-15));
#7602 = ORIENTED_EDGE('',*,*,#1351,.F.);
#7603 = B_SPLINE_SURFACE_WITH_KNOTS('',3,1,(
    (#7604,#7605)
    ,(#7606,#7607)
    ,(#7608,#7609)
    ,(#7610,#7611
    )),.UNSPECIFIED.,.F.,.F.,.F.,(4,4),(2,2),(6.,7.),(0.,1.),
  .PIECEWISE_BEZIER_KNOTS.);
#7604 = CARTESIAN_POINT('',(10.91,0.238302329151,-2.830647901221));
#7605 = CARTESIAN_POINT('',(10.9,0.238302329151,-2.830647901221));
#7606 = CARTESIAN_POINT('',(10.91,0.28403434817,-2.830647901221));
#7607 = CARTESIAN_POINT('',(10.9,0.28403434817,-2.830647901221));
#7608 = CARTESIAN_POINT('',(10.91,0.318727603978,-2.810511256242));
#7609 = CARTESIAN_POINT('',(10.9,0.318727603978,-2.810511256242));
#7610 = CARTESIAN_POINT('',(10.91,0.342139486393,-2.770237966284));
#7611 = CARTESIAN_POINT('',(10.9,0.342139486393,-2.770237966284));
#7612 = ADVANCED_FACE('',(#7613),#7624,.F.);
#7613 = FACE_BOUND('',#7614,.T.);
#7614 = EDGE_LOOP('',(#7615,#7616,#7622,#7623));
#7615 = ORIENTED_EDGE('',*,*,#1343,.T.);
#7616 = ORIENTED_EDGE('',*,*,#7617,.F.);
#7617 = EDGE_CURVE('',#7312,#1336,#7618,.T.);
#7618 = LINE('',#7619,#7620);
#7619 = CARTESIAN_POINT('',(10.91,0.343716452566,-2.770237966284));
#7620 = VECTOR('',#7621,1.);
#7621 = DIRECTION('',(-1.,-1.27553196763E-16,-3.10696741966E-15));
#7622 = ORIENTED_EDGE('',*,*,#7311,.F.);
#7623 = ORIENTED_EDGE('',*,*,#7597,.T.);
#7624 = PLANE('',#7625);
#7625 = AXIS2_PLACEMENT_3D('',#7626,#7627,#7628);
#7626 = CARTESIAN_POINT('',(10.91,0.343716452566,-2.770237966284));
#7627 = DIRECTION('',(-3.10696741966E-15,0.,1.));
#7628 = DIRECTION('',(1.,0.,3.10696741966E-15));
#7629 = ADVANCED_FACE('',(#7630),#7641,.F.);
#7630 = FACE_BOUND('',#7631,.T.);
#7631 = EDGE_LOOP('',(#7632,#7633,#7639,#7640));
#7632 = ORIENTED_EDGE('',*,*,#1335,.T.);
#7633 = ORIENTED_EDGE('',*,*,#7634,.F.);
#7634 = EDGE_CURVE('',#7320,#1328,#7635,.T.);
#7635 = LINE('',#7636,#7637);
#7636 = CARTESIAN_POINT('',(10.91,0.343716452566,-2.822641765265));
#7637 = VECTOR('',#7638,1.);
#7638 = DIRECTION('',(-1.,-1.27553196763E-16,-3.10696741966E-15));
#7639 = ORIENTED_EDGE('',*,*,#7319,.F.);
#7640 = ORIENTED_EDGE('',*,*,#7617,.T.);
#7641 = PLANE('',#7642);
#7642 = AXIS2_PLACEMENT_3D('',#7643,#7644,#7645);
#7643 = CARTESIAN_POINT('',(10.91,0.343716452566,-2.822641765265));
#7644 = DIRECTION('',(-1.27553196763E-16,1.,0.));
#7645 = DIRECTION('',(-1.,-1.27553196763E-16,0.));
#7646 = ADVANCED_FACE('',(#7647),#7658,.F.);
#7647 = FACE_BOUND('',#7648,.T.);
#7648 = EDGE_LOOP('',(#7649,#7650,#7656,#7657));
#7649 = ORIENTED_EDGE('',*,*,#1327,.T.);
#7650 = ORIENTED_EDGE('',*,*,#7651,.F.);
#7651 = EDGE_CURVE('',#7328,#1320,#7652,.T.);
#7652 = LINE('',#7653,#7654);
#7653 = CARTESIAN_POINT('',(10.91,0.403155946782,-2.822641765265));
#7654 = VECTOR('',#7655,1.);
#7655 = DIRECTION('',(-1.,-1.27553196763E-16,-3.10696741966E-15));
#7656 = ORIENTED_EDGE('',*,*,#7327,.F.);
#7657 = ORIENTED_EDGE('',*,*,#7634,.T.);
#7658 = PLANE('',#7659);
#7659 = AXIS2_PLACEMENT_3D('',#7660,#7661,#7662);
#7660 = CARTESIAN_POINT('',(10.91,0.403155946782,-2.822641765265));
#7661 = DIRECTION('',(-3.10696741966E-15,0.,1.));
#7662 = DIRECTION('',(1.,0.,3.10696741966E-15));
#7663 = ADVANCED_FACE('',(#7664),#7675,.F.);
#7664 = FACE_BOUND('',#7665,.T.);
#7665 = EDGE_LOOP('',(#7666,#7667,#7673,#7674));
#7666 = ORIENTED_EDGE('',*,*,#1319,.T.);
#7667 = ORIENTED_EDGE('',*,*,#7668,.F.);
#7668 = EDGE_CURVE('',#7336,#1311,#7669,.T.);
#7669 = LINE('',#7670,#7671);
#7670 = CARTESIAN_POINT('',(10.91,0.403155946782,-2.604535213022));
#7671 = VECTOR('',#7672,1.);
#7672 = DIRECTION('',(-1.,-1.27553196763E-16,-3.10696741966E-15));
#7673 = ORIENTED_EDGE('',*,*,#7335,.F.);
#7674 = ORIENTED_EDGE('',*,*,#7651,.T.);
#7675 = PLANE('',#7676);
#7676 = AXIS2_PLACEMENT_3D('',#7677,#7678,#7679);
#7677 = CARTESIAN_POINT('',(10.91,0.403155946782,-2.604535213022));
#7678 = DIRECTION('',(1.27553196763E-16,-1.,-1.988389915541E-15));
#7679 = DIRECTION('',(0.,1.988389915541E-15,-1.));
#7680 = ADVANCED_FACE('',(#7681),#7687,.F.);
#7681 = FACE_BOUND('',#7682,.F.);
#7682 = EDGE_LOOP('',(#7683,#7684,#7685,#7686));
#7683 = ORIENTED_EDGE('',*,*,#7668,.F.);
#7684 = ORIENTED_EDGE('',*,*,#7343,.T.);
#7685 = ORIENTED_EDGE('',*,*,#7430,.T.);
#7686 = ORIENTED_EDGE('',*,*,#1310,.F.);
#7687 = B_SPLINE_SURFACE_WITH_KNOTS('',3,1,(
    (#7688,#7689)
    ,(#7690,#7691)
    ,(#7692,#7693)
    ,(#7694,#7695
    )),.UNSPECIFIED.,.F.,.F.,.F.,(4,4),(2,2),(1.,2.),(0.,1.),
  .PIECEWISE_BEZIER_KNOTS.);
#7688 = CARTESIAN_POINT('',(10.91,0.403155946782,-2.604535213022));
#7689 = CARTESIAN_POINT('',(10.9,0.403155946782,-2.604535213022));
#7690 = CARTESIAN_POINT('',(10.91,0.403155946782,-2.518651209132));
#7691 = CARTESIAN_POINT('',(10.9,0.403155946782,-2.518651209132));
#7692 = CARTESIAN_POINT('',(10.91,0.362276131372,-2.475951817368));
#7693 = CARTESIAN_POINT('',(10.9,0.362276131372,-2.475951817368));
#7694 = CARTESIAN_POINT('',(10.91,0.280637805644,-2.475951817368));
#7695 = CARTESIAN_POINT('',(10.9,0.280637805644,-2.475951817368));
#7696 = ADVANCED_FACE('',(#7697),#7723,.T.);
#7697 = FACE_BOUND('',#7698,.T.);
#7698 = EDGE_LOOP('',(#7699,#7710,#7716,#7717));
#7699 = ORIENTED_EDGE('',*,*,#7700,.F.);
#7700 = EDGE_CURVE('',#7701,#7703,#7705,.T.);
#7701 = VERTEX_POINT('',#7702);
#7702 = CARTESIAN_POINT('',(10.9,0.264382923551,-2.663246876694));
#7703 = VERTEX_POINT('',#7704);
#7704 = CARTESIAN_POINT('',(10.9,0.206884310779,-2.684111352217));
#7705 = B_SPLINE_CURVE_WITH_KNOTS('',3,(#7706,#7707,#7708,#7709),
  .UNSPECIFIED.,.F.,.F.,(4,4),(0.,1.),.PIECEWISE_BEZIER_KNOTS.);
#7706 = CARTESIAN_POINT('',(10.9,0.264382923551,-2.663246876694));
#7707 = CARTESIAN_POINT('',(10.9,0.236604057888,-2.667128639584));
#7708 = CARTESIAN_POINT('',(10.9,0.217437853629,-2.673921724636));
#7709 = CARTESIAN_POINT('',(10.9,0.206884310779,-2.684111352217));
#7710 = ORIENTED_EDGE('',*,*,#7711,.F.);
#7711 = EDGE_CURVE('',#7364,#7701,#7712,.T.);
#7712 = LINE('',#7713,#7714);
#7713 = CARTESIAN_POINT('',(10.91,0.264382923551,-2.663246876694));
#7714 = VECTOR('',#7715,1.);
#7715 = DIRECTION('',(-1.,-1.27553196763E-16,-3.10696741966E-15));
#7716 = ORIENTED_EDGE('',*,*,#7363,.T.);
#7717 = ORIENTED_EDGE('',*,*,#7718,.T.);
#7718 = EDGE_CURVE('',#7353,#7703,#7719,.T.);
#7719 = LINE('',#7720,#7721);
#7720 = CARTESIAN_POINT('',(10.91,0.206884310779,-2.684111352217));
#7721 = VECTOR('',#7722,1.);
#7722 = DIRECTION('',(-1.,-1.27553196763E-16,-3.10696741966E-15));
#7723 = B_SPLINE_SURFACE_WITH_KNOTS('',3,1,(
    (#7724,#7725)
    ,(#7726,#7727)
    ,(#7728,#7729)
    ,(#7730,#7731
    )),.UNSPECIFIED.,.F.,.F.,.F.,(4,4),(2,2),(0.,1.),(0.,1.),
  .PIECEWISE_BEZIER_KNOTS.);
#7724 = CARTESIAN_POINT('',(10.91,0.264382923551,-2.663246876694));
#7725 = CARTESIAN_POINT('',(10.9,0.264382923551,-2.663246876694));
#7726 = CARTESIAN_POINT('',(10.91,0.236604057888,-2.667128639584));
#7727 = CARTESIAN_POINT('',(10.9,0.236604057888,-2.667128639584));
#7728 = CARTESIAN_POINT('',(10.91,0.217437853629,-2.673921724636));
#7729 = CARTESIAN_POINT('',(10.9,0.217437853629,-2.673921724636));
#7730 = CARTESIAN_POINT('',(10.91,0.206884310779,-2.684111352217));
#7731 = CARTESIAN_POINT('',(10.9,0.206884310779,-2.684111352217));
#7732 = ADVANCED_FACE('',(#7733),#7752,.T.);
#7733 = FACE_BOUND('',#7734,.T.);
#7734 = EDGE_LOOP('',(#7735,#7744,#7745,#7746));
#7735 = ORIENTED_EDGE('',*,*,#7736,.F.);
#7736 = EDGE_CURVE('',#7703,#7737,#7739,.T.);
#7737 = VERTEX_POINT('',#7738);
#7738 = CARTESIAN_POINT('',(10.9,0.191114649049,-2.727053354161));
#7739 = B_SPLINE_CURVE_WITH_KNOTS('',3,(#7740,#7741,#7742,#7743),
  .UNSPECIFIED.,.F.,.F.,(4,4),(1.,2.),.PIECEWISE_BEZIER_KNOTS.);
#7740 = CARTESIAN_POINT('',(10.9,0.206884310779,-2.684111352217));
#7741 = CARTESIAN_POINT('',(10.9,0.196452073018,-2.694300979795));
#7742 = CARTESIAN_POINT('',(10.9,0.191114649049,-2.708614980443));
#7743 = CARTESIAN_POINT('',(10.9,0.191114649049,-2.727053354161));
#7744 = ORIENTED_EDGE('',*,*,#7718,.F.);
#7745 = ORIENTED_EDGE('',*,*,#7352,.T.);
#7746 = ORIENTED_EDGE('',*,*,#7747,.T.);
#7747 = EDGE_CURVE('',#7355,#7737,#7748,.T.);
#7748 = LINE('',#7749,#7750);
#7749 = CARTESIAN_POINT('',(10.91,0.191114649049,-2.727053354161));
#7750 = VECTOR('',#7751,1.);
#7751 = DIRECTION('',(-1.,-1.27553196763E-16,-3.10696741966E-15));
#7752 = B_SPLINE_SURFACE_WITH_KNOTS('',3,1,(
    (#7753,#7754)
    ,(#7755,#7756)
    ,(#7757,#7758)
    ,(#7759,#7760
    )),.UNSPECIFIED.,.F.,.F.,.F.,(4,4),(2,2),(1.,2.),(0.,1.),
  .PIECEWISE_BEZIER_KNOTS.);
#7753 = CARTESIAN_POINT('',(10.91,0.206884310779,-2.684111352217));
#7754 = CARTESIAN_POINT('',(10.9,0.206884310779,-2.684111352217));
#7755 = CARTESIAN_POINT('',(10.91,0.196452073018,-2.694300979795));
#7756 = CARTESIAN_POINT('',(10.9,0.196452073018,-2.694300979795));
#7757 = CARTESIAN_POINT('',(10.91,0.191114649049,-2.708614980443));
#7758 = CARTESIAN_POINT('',(10.9,0.191114649049,-2.708614980443));
#7759 = CARTESIAN_POINT('',(10.91,0.191114649049,-2.727053354161));
#7760 = CARTESIAN_POINT('',(10.9,0.191114649049,-2.727053354161));
#7761 = ADVANCED_FACE('',(#7762),#7781,.T.);
#7762 = FACE_BOUND('',#7763,.T.);
#7763 = EDGE_LOOP('',(#7764,#7773,#7774,#7775));
#7764 = ORIENTED_EDGE('',*,*,#7765,.F.);
#7765 = EDGE_CURVE('',#7737,#7766,#7768,.T.);
#7766 = VERTEX_POINT('',#7767);
#7767 = CARTESIAN_POINT('',(10.9,0.208339971862,-2.766598813578));
#7768 = B_SPLINE_CURVE_WITH_KNOTS('',3,(#7769,#7770,#7771,#7772),
  .UNSPECIFIED.,.F.,.F.,(4,4),(2.,3.),.PIECEWISE_BEZIER_KNOTS.);
#7769 = CARTESIAN_POINT('',(10.9,0.191114649049,-2.727053354161));
#7770 = CARTESIAN_POINT('',(10.9,0.191114649049,-2.74330823625));
#7771 = CARTESIAN_POINT('',(10.9,0.19681598829,-2.756409185997));
#7772 = CARTESIAN_POINT('',(10.9,0.208339971862,-2.766598813578));
#7773 = ORIENTED_EDGE('',*,*,#7747,.F.);
#7774 = ORIENTED_EDGE('',*,*,#7415,.T.);
#7775 = ORIENTED_EDGE('',*,*,#7776,.T.);
#7776 = EDGE_CURVE('',#7407,#7766,#7777,.T.);
#7777 = LINE('',#7778,#7779);
#7778 = CARTESIAN_POINT('',(10.91,0.208339971862,-2.766598813578));
#7779 = VECTOR('',#7780,1.);
#7780 = DIRECTION('',(-1.,-1.27553196763E-16,-3.10696741966E-15));
#7781 = B_SPLINE_SURFACE_WITH_KNOTS('',3,1,(
    (#7782,#7783)
    ,(#7784,#7785)
    ,(#7786,#7787)
    ,(#7788,#7789
    )),.UNSPECIFIED.,.F.,.F.,.F.,(4,4),(2,2),(2.,3.),(0.,1.),
  .PIECEWISE_BEZIER_KNOTS.);
#7782 = CARTESIAN_POINT('',(10.91,0.191114649049,-2.727053354161));
#7783 = CARTESIAN_POINT('',(10.9,0.191114649049,-2.727053354161));
#7784 = CARTESIAN_POINT('',(10.91,0.191114649049,-2.74330823625));
#7785 = CARTESIAN_POINT('',(10.9,0.191114649049,-2.74330823625));
#7786 = CARTESIAN_POINT('',(10.91,0.19681598829,-2.756409185997));
#7787 = CARTESIAN_POINT('',(10.9,0.19681598829,-2.756409185997));
#7788 = CARTESIAN_POINT('',(10.91,0.208339971862,-2.766598813578));
#7789 = CARTESIAN_POINT('',(10.9,0.208339971862,-2.766598813578));
#7790 = ADVANCED_FACE('',(#7791),#7810,.T.);
#7791 = FACE_BOUND('',#7792,.T.);
#7792 = EDGE_LOOP('',(#7793,#7802,#7803,#7804));
#7793 = ORIENTED_EDGE('',*,*,#7794,.F.);
#7794 = EDGE_CURVE('',#7766,#7795,#7797,.T.);
#7795 = VERTEX_POINT('',#7796);
#7796 = CARTESIAN_POINT('',(10.9,0.253708075611,-2.781883254947));
#7797 = B_SPLINE_CURVE_WITH_KNOTS('',3,(#7798,#7799,#7800,#7801),
  .UNSPECIFIED.,.F.,.F.,(4,4),(3.,4.),.PIECEWISE_BEZIER_KNOTS.);
#7798 = CARTESIAN_POINT('',(10.9,0.208339971862,-2.766598813578));
#7799 = CARTESIAN_POINT('',(10.9,0.219742650344,-2.776788441156));
#7800 = CARTESIAN_POINT('',(10.9,0.234905786623,-2.781883254947));
#7801 = CARTESIAN_POINT('',(10.9,0.253708075611,-2.781883254947));
#7802 = ORIENTED_EDGE('',*,*,#7776,.F.);
#7803 = ORIENTED_EDGE('',*,*,#7406,.T.);
#7804 = ORIENTED_EDGE('',*,*,#7805,.T.);
#7805 = EDGE_CURVE('',#7398,#7795,#7806,.T.);
#7806 = LINE('',#7807,#7808);
#7807 = CARTESIAN_POINT('',(10.91,0.253708075611,-2.781883254947));
#7808 = VECTOR('',#7809,1.);
#7809 = DIRECTION('',(-1.,-1.27553196763E-16,-3.10696741966E-15));
#7810 = B_SPLINE_SURFACE_WITH_KNOTS('',3,1,(
    (#7811,#7812)
    ,(#7813,#7814)
    ,(#7815,#7816)
    ,(#7817,#7818
    )),.UNSPECIFIED.,.F.,.F.,.F.,(4,4),(2,2),(3.,4.),(0.,1.),
  .PIECEWISE_BEZIER_KNOTS.);
#7811 = CARTESIAN_POINT('',(10.91,0.208339971862,-2.766598813578));
#7812 = CARTESIAN_POINT('',(10.9,0.208339971862,-2.766598813578));
#7813 = CARTESIAN_POINT('',(10.91,0.219742650344,-2.776788441156));
#7814 = CARTESIAN_POINT('',(10.9,0.219742650344,-2.776788441156));
#7815 = CARTESIAN_POINT('',(10.91,0.234905786623,-2.781883254947));
#7816 = CARTESIAN_POINT('',(10.9,0.234905786623,-2.781883254947));
#7817 = CARTESIAN_POINT('',(10.91,0.253708075611,-2.781883254947));
#7818 = CARTESIAN_POINT('',(10.9,0.253708075611,-2.781883254947));
#7819 = ADVANCED_FACE('',(#7820),#7839,.T.);
#7820 = FACE_BOUND('',#7821,.T.);
#7821 = EDGE_LOOP('',(#7822,#7831,#7832,#7833));
#7822 = ORIENTED_EDGE('',*,*,#7823,.F.);
#7823 = EDGE_CURVE('',#7795,#7824,#7826,.T.);
#7824 = VERTEX_POINT('',#7825);
#7825 = CARTESIAN_POINT('',(10.9,0.318242383616,-2.754225694372));
#7826 = B_SPLINE_CURVE_WITH_KNOTS('',3,(#7827,#7828,#7829,#7830),
  .UNSPECIFIED.,.F.,.F.,(4,4),(4.,5.),.PIECEWISE_BEZIER_KNOTS.);
#7827 = CARTESIAN_POINT('',(10.9,0.253708075611,-2.781883254947));
#7828 = CARTESIAN_POINT('',(10.9,0.279788670011,-2.781883254947));
#7829 = CARTESIAN_POINT('',(10.9,0.301380976073,-2.77266406809));
#7830 = CARTESIAN_POINT('',(10.9,0.318242383616,-2.754225694372));
#7831 = ORIENTED_EDGE('',*,*,#7805,.F.);
#7832 = ORIENTED_EDGE('',*,*,#7397,.T.);
#7833 = ORIENTED_EDGE('',*,*,#7834,.T.);
#7834 = EDGE_CURVE('',#7389,#7824,#7835,.T.);
#7835 = LINE('',#7836,#7837);
#7836 = CARTESIAN_POINT('',(10.91,0.318242383616,-2.754225694372));
#7837 = VECTOR('',#7838,1.);
#7838 = DIRECTION('',(-1.,-1.27553196763E-16,-3.10696741966E-15));
#7839 = B_SPLINE_SURFACE_WITH_KNOTS('',3,1,(
    (#7840,#7841)
    ,(#7842,#7843)
    ,(#7844,#7845)
    ,(#7846,#7847
    )),.UNSPECIFIED.,.F.,.F.,.F.,(4,4),(2,2),(4.,5.),(0.,1.),
  .PIECEWISE_BEZIER_KNOTS.);
#7840 = CARTESIAN_POINT('',(10.91,0.253708075611,-2.781883254947));
#7841 = CARTESIAN_POINT('',(10.9,0.253708075611,-2.781883254947));
#7842 = CARTESIAN_POINT('',(10.91,0.279788670011,-2.781883254947));
#7843 = CARTESIAN_POINT('',(10.9,0.279788670011,-2.781883254947));
#7844 = CARTESIAN_POINT('',(10.91,0.301380976073,-2.77266406809));
#7845 = CARTESIAN_POINT('',(10.9,0.301380976073,-2.77266406809));
#7846 = CARTESIAN_POINT('',(10.91,0.318242383616,-2.754225694372));
#7847 = CARTESIAN_POINT('',(10.9,0.318242383616,-2.754225694372));
#7848 = ADVANCED_FACE('',(#7849),#7868,.T.);
#7849 = FACE_BOUND('',#7850,.T.);
#7850 = EDGE_LOOP('',(#7851,#7860,#7861,#7862));
#7851 = ORIENTED_EDGE('',*,*,#7852,.F.);
#7852 = EDGE_CURVE('',#7824,#7853,#7855,.T.);
#7853 = VERTEX_POINT('',#7854);
#7854 = CARTESIAN_POINT('',(10.9,0.343716452566,-2.685081792938));
#7855 = B_SPLINE_CURVE_WITH_KNOTS('',3,(#7856,#7857,#7858,#7859),
  .UNSPECIFIED.,.F.,.F.,(4,4),(5.,6.),.PIECEWISE_BEZIER_KNOTS.);
#7856 = CARTESIAN_POINT('',(10.9,0.318242383616,-2.754225694372));
#7857 = CARTESIAN_POINT('',(10.9,0.335225096249,-2.736029930838));
#7858 = CARTESIAN_POINT('',(10.9,0.343716452566,-2.712981963693));
#7859 = CARTESIAN_POINT('',(10.9,0.343716452566,-2.685081792938));
#7860 = ORIENTED_EDGE('',*,*,#7834,.F.);
#7861 = ORIENTED_EDGE('',*,*,#7388,.T.);
#7862 = ORIENTED_EDGE('',*,*,#7863,.T.);
#7863 = EDGE_CURVE('',#7381,#7853,#7864,.T.);
#7864 = LINE('',#7865,#7866);
#7865 = CARTESIAN_POINT('',(10.91,0.343716452566,-2.685081792938));
#7866 = VECTOR('',#7867,1.);
#7867 = DIRECTION('',(-1.,-1.27553196763E-16,-3.10696741966E-15));
#7868 = B_SPLINE_SURFACE_WITH_KNOTS('',3,1,(
    (#7869,#7870)
    ,(#7871,#7872)
    ,(#7873,#7874)
    ,(#7875,#7876
    )),.UNSPECIFIED.,.F.,.F.,.F.,(4,4),(2,2),(5.,6.),(0.,1.),
  .PIECEWISE_BEZIER_KNOTS.);
#7869 = CARTESIAN_POINT('',(10.91,0.318242383616,-2.754225694372));
#7870 = CARTESIAN_POINT('',(10.9,0.318242383616,-2.754225694372));
#7871 = CARTESIAN_POINT('',(10.91,0.335225096249,-2.736029930838));
#7872 = CARTESIAN_POINT('',(10.9,0.335225096249,-2.736029930838));
#7873 = CARTESIAN_POINT('',(10.91,0.343716452566,-2.712981963693));
#7874 = CARTESIAN_POINT('',(10.9,0.343716452566,-2.712981963693));
#7875 = CARTESIAN_POINT('',(10.91,0.343716452566,-2.685081792938));
#7876 = CARTESIAN_POINT('',(10.9,0.343716452566,-2.685081792938));
#7877 = ADVANCED_FACE('',(#7878),#7896,.T.);
#7878 = FACE_BOUND('',#7879,.T.);
#7879 = EDGE_LOOP('',(#7880,#7888,#7889,#7890));
#7880 = ORIENTED_EDGE('',*,*,#7881,.F.);
#7881 = EDGE_CURVE('',#7853,#7882,#7884,.T.);
#7882 = VERTEX_POINT('',#7883);
#7883 = CARTESIAN_POINT('',(10.9,0.343716452566,-2.652572028753));
#7884 = LINE('',#7885,#7886);
#7885 = CARTESIAN_POINT('',(10.9,0.343716452566,-2.685081792938));
#7886 = VECTOR('',#7887,1.);
#7887 = DIRECTION('',(0.,0.,1.));
#7888 = ORIENTED_EDGE('',*,*,#7863,.F.);
#7889 = ORIENTED_EDGE('',*,*,#7380,.T.);
#7890 = ORIENTED_EDGE('',*,*,#7891,.T.);
#7891 = EDGE_CURVE('',#7373,#7882,#7892,.T.);
#7892 = LINE('',#7893,#7894);
#7893 = CARTESIAN_POINT('',(10.91,0.343716452566,-2.652572028753));
#7894 = VECTOR('',#7895,1.);
#7895 = DIRECTION('',(-1.,-1.27553196763E-16,-3.10696741966E-15));
#7896 = PLANE('',#7897);
#7897 = AXIS2_PLACEMENT_3D('',#7898,#7899,#7900);
#7898 = CARTESIAN_POINT('',(10.91,0.343716452566,-2.685081792938));
#7899 = DIRECTION('',(1.27553196763E-16,-1.,0.));
#7900 = DIRECTION('',(1.,1.27553196763E-16,0.));
#7901 = ADVANCED_FACE('',(#7902),#7913,.T.);
#7902 = FACE_BOUND('',#7903,.T.);
#7903 = EDGE_LOOP('',(#7904,#7910,#7911,#7912));
#7904 = ORIENTED_EDGE('',*,*,#7905,.F.);
#7905 = EDGE_CURVE('',#7882,#7701,#7906,.T.);
#7906 = LINE('',#7907,#7908);
#7907 = CARTESIAN_POINT('',(10.9,0.343716452566,-2.652572028753));
#7908 = VECTOR('',#7909,1.);
#7909 = DIRECTION('',(0.,-0.9910683663,-0.133354764894));
#7910 = ORIENTED_EDGE('',*,*,#7891,.F.);
#7911 = ORIENTED_EDGE('',*,*,#7372,.T.);
#7912 = ORIENTED_EDGE('',*,*,#7711,.T.);
#7913 = PLANE('',#7914);
#7914 = AXIS2_PLACEMENT_3D('',#7915,#7916,#7917);
#7915 = CARTESIAN_POINT('',(10.91,0.343716452566,-2.652572028753));
#7916 = DIRECTION('',(3.062207298183E-15,0.133354764894,-0.9910683663));
#7917 = DIRECTION('',(-9.860761315263E-32,0.9910683663,0.133354764894));
#7918 = ADVANCED_FACE('',(#7919),#7929,.F.);
#7919 = FACE_BOUND('',#7920,.T.);
#7920 = EDGE_LOOP('',(#7921,#7922,#7923,#7924,#7925,#7926,#7927,#7928));
#7921 = ORIENTED_EDGE('',*,*,#7905,.T.);
#7922 = ORIENTED_EDGE('',*,*,#7700,.T.);
#7923 = ORIENTED_EDGE('',*,*,#7736,.T.);
#7924 = ORIENTED_EDGE('',*,*,#7765,.T.);
#7925 = ORIENTED_EDGE('',*,*,#7794,.T.);
#7926 = ORIENTED_EDGE('',*,*,#7823,.T.);
#7927 = ORIENTED_EDGE('',*,*,#7852,.T.);
#7928 = ORIENTED_EDGE('',*,*,#7881,.T.);
#7929 = PLANE('',#7930);
#7930 = AXIS2_PLACEMENT_3D('',#7931,#7932,#7933);
#7931 = CARTESIAN_POINT('',(10.9,-1.890848588815E-15,3.923791416573E-14)
  );
#7932 = DIRECTION('',(-1.,1.734723475977E-16,-3.519728791837E-15));
#7933 = DIRECTION('',(-3.519728791837E-15,0.,1.));
#7934 = ADVANCED_FACE('',(#7935),#7961,.F.);
#7935 = FACE_BOUND('',#7936,.F.);
#7936 = EDGE_LOOP('',(#7937,#7945,#7954,#7960));
#7937 = ORIENTED_EDGE('',*,*,#7938,.F.);
#7938 = EDGE_CURVE('',#7939,#1979,#7941,.T.);
#7939 = VERTEX_POINT('',#7940);
#7940 = CARTESIAN_POINT('',(10.91,0.581474429431,-2.782125865127));
#7941 = LINE('',#7942,#7943);
#7942 = CARTESIAN_POINT('',(10.91,0.581474429431,-2.782125865127));
#7943 = VECTOR('',#7944,1.);
#7944 = DIRECTION('',(-1.,-1.27553196763E-16,-3.10696741966E-15));
#7945 = ORIENTED_EDGE('',*,*,#7946,.T.);
#7946 = EDGE_CURVE('',#7939,#7947,#7949,.T.);
#7947 = VERTEX_POINT('',#7948);
#7948 = CARTESIAN_POINT('',(10.91,0.4837025267,-2.749373490765));
#7949 = B_SPLINE_CURVE_WITH_KNOTS('',3,(#7950,#7951,#7952,#7953),
  .UNSPECIFIED.,.F.,.F.,(4,4),(0.,1.),.PIECEWISE_BEZIER_KNOTS.);
#7950 = CARTESIAN_POINT('',(10.91,0.581474429431,-2.782125865127));
#7951 = CARTESIAN_POINT('',(10.91,0.546538563442,-2.782125865127));
#7952 = CARTESIAN_POINT('',(10.91,0.514028799259,-2.771208407005));
#7953 = CARTESIAN_POINT('',(10.91,0.4837025267,-2.749373490765));
#7954 = ORIENTED_EDGE('',*,*,#7955,.T.);
#7955 = EDGE_CURVE('',#7947,#1981,#7956,.T.);
#7956 = LINE('',#7957,#7958);
#7957 = CARTESIAN_POINT('',(10.91,0.4837025267,-2.749373490765));
#7958 = VECTOR('',#7959,1.);
#7959 = DIRECTION('',(-1.,-1.27553196763E-16,-3.10696741966E-15));
#7960 = ORIENTED_EDGE('',*,*,#1978,.F.);
#7961 = B_SPLINE_SURFACE_WITH_KNOTS('',3,1,(
    (#7962,#7963)
    ,(#7964,#7965)
    ,(#7966,#7967)
    ,(#7968,#7969
    )),.UNSPECIFIED.,.F.,.F.,.F.,(4,4),(2,2),(0.,1.),(0.,1.),
  .PIECEWISE_BEZIER_KNOTS.);
#7962 = CARTESIAN_POINT('',(10.91,0.581474429431,-2.782125865127));
#7963 = CARTESIAN_POINT('',(10.9,0.581474429431,-2.782125865127));
#7964 = CARTESIAN_POINT('',(10.91,0.546538563442,-2.782125865127));
#7965 = CARTESIAN_POINT('',(10.9,0.546538563442,-2.782125865127));
#7966 = CARTESIAN_POINT('',(10.91,0.514028799259,-2.771208407005));
#7967 = CARTESIAN_POINT('',(10.9,0.514028799259,-2.771208407005));
#7968 = CARTESIAN_POINT('',(10.91,0.4837025267,-2.749373490765));
#7969 = CARTESIAN_POINT('',(10.9,0.4837025267,-2.749373490765));
#7970 = ADVANCED_FACE('',(#7971),#7989,.F.);
#7971 = FACE_BOUND('',#7972,.T.);
#7972 = EDGE_LOOP('',(#7973,#7974,#7982,#7988));
#7973 = ORIENTED_EDGE('',*,*,#2159,.T.);
#7974 = ORIENTED_EDGE('',*,*,#7975,.F.);
#7975 = EDGE_CURVE('',#7976,#2151,#7978,.T.);
#7976 = VERTEX_POINT('',#7977);
#7977 = CARTESIAN_POINT('',(10.91,0.4837025267,-2.810753866423));
#7978 = LINE('',#7979,#7980);
#7979 = CARTESIAN_POINT('',(10.91,0.4837025267,-2.810753866423));
#7980 = VECTOR('',#7981,1.);
#7981 = DIRECTION('',(-1.,-1.27553196763E-16,-3.10696741966E-15));
#7982 = ORIENTED_EDGE('',*,*,#7983,.F.);
#7983 = EDGE_CURVE('',#7947,#7976,#7984,.T.);
#7984 = LINE('',#7985,#7986);
#7985 = CARTESIAN_POINT('',(10.91,0.4837025267,-2.810753866423));
#7986 = VECTOR('',#7987,1.);
#7987 = DIRECTION('',(-0.,-0.,-1.));
#7988 = ORIENTED_EDGE('',*,*,#7955,.T.);
#7989 = PLANE('',#7990);
#7990 = AXIS2_PLACEMENT_3D('',#7991,#7992,#7993);
#7991 = CARTESIAN_POINT('',(10.91,0.4837025267,-2.810753866423));
#7992 = DIRECTION('',(-1.27553196763E-16,1.,0.));
#7993 = DIRECTION('',(-1.,-1.27553196763E-16,0.));
#7994 = ADVANCED_FACE('',(#7995),#8014,.F.);
#7995 = FACE_BOUND('',#7996,.F.);
#7996 = EDGE_LOOP('',(#7997,#7998,#8007,#8013));
#7997 = ORIENTED_EDGE('',*,*,#7975,.F.);
#7998 = ORIENTED_EDGE('',*,*,#7999,.T.);
#7999 = EDGE_CURVE('',#7976,#8000,#8002,.T.);
#8000 = VERTEX_POINT('',#8001);
#8001 = CARTESIAN_POINT('',(10.91,0.5756517851,-2.830647901221));
#8002 = B_SPLINE_CURVE_WITH_KNOTS('',3,(#8003,#8004,#8005,#8006),
  .UNSPECIFIED.,.F.,.F.,(4,4),(19.,20.),.PIECEWISE_BEZIER_KNOTS.);
#8003 = CARTESIAN_POINT('',(10.91,0.4837025267,-2.810753866423));
#8004 = CARTESIAN_POINT('',(10.91,0.509904426191,-2.823854816169));
#8005 = CARTESIAN_POINT('',(10.91,0.540473308931,-2.830647901221));
#8006 = CARTESIAN_POINT('',(10.91,0.5756517851,-2.830647901221));
#8007 = ORIENTED_EDGE('',*,*,#8008,.T.);
#8008 = EDGE_CURVE('',#8000,#2142,#8009,.T.);
#8009 = LINE('',#8010,#8011);
#8010 = CARTESIAN_POINT('',(10.91,0.5756517851,-2.830647901221));
#8011 = VECTOR('',#8012,1.);
#8012 = DIRECTION('',(-1.,-1.27553196763E-16,-3.10696741966E-15));
#8013 = ORIENTED_EDGE('',*,*,#2150,.F.);
#8014 = B_SPLINE_SURFACE_WITH_KNOTS('',3,1,(
    (#8015,#8016)
    ,(#8017,#8018)
    ,(#8019,#8020)
    ,(#8021,#8022
    )),.UNSPECIFIED.,.F.,.F.,.F.,(4,4),(2,2),(19.,20.),(0.,1.),
  .PIECEWISE_BEZIER_KNOTS.);
#8015 = CARTESIAN_POINT('',(10.91,0.4837025267,-2.810753866423));
#8016 = CARTESIAN_POINT('',(10.9,0.4837025267,-2.810753866423));
#8017 = CARTESIAN_POINT('',(10.91,0.509904426191,-2.823854816169));
#8018 = CARTESIAN_POINT('',(10.9,0.509904426191,-2.823854816169));
#8019 = CARTESIAN_POINT('',(10.91,0.540473308931,-2.830647901221));
#8020 = CARTESIAN_POINT('',(10.9,0.540473308931,-2.830647901221));
#8021 = CARTESIAN_POINT('',(10.91,0.5756517851,-2.830647901221));
#8022 = CARTESIAN_POINT('',(10.9,0.5756517851,-2.830647901221));
#8023 = ADVANCED_FACE('',(#8024),#8043,.F.);
#8024 = FACE_BOUND('',#8025,.F.);
#8025 = EDGE_LOOP('',(#8026,#8027,#8036,#8042));
#8026 = ORIENTED_EDGE('',*,*,#8008,.F.);
#8027 = ORIENTED_EDGE('',*,*,#8028,.T.);
#8028 = EDGE_CURVE('',#8000,#8029,#8031,.T.);
#8029 = VERTEX_POINT('',#8030);
#8030 = CARTESIAN_POINT('',(10.91,0.674394128552,-2.80371817119));
#8031 = B_SPLINE_CURVE_WITH_KNOTS('',3,(#8032,#8033,#8034,#8035),
  .UNSPECIFIED.,.F.,.F.,(4,4),(18.,19.),.PIECEWISE_BEZIER_KNOTS.);
#8032 = CARTESIAN_POINT('',(10.91,0.5756517851,-2.830647901221));
#8033 = CARTESIAN_POINT('',(10.91,0.616046380148,-2.830647901221));
#8034 = CARTESIAN_POINT('',(10.91,0.649041364692,-2.821671324544));
#8035 = CARTESIAN_POINT('',(10.91,0.674394128552,-2.80371817119));
#8036 = ORIENTED_EDGE('',*,*,#8037,.T.);
#8037 = EDGE_CURVE('',#8029,#2133,#8038,.T.);
#8038 = LINE('',#8039,#8040);
#8039 = CARTESIAN_POINT('',(10.91,0.674394128552,-2.80371817119));
#8040 = VECTOR('',#8041,1.);
#8041 = DIRECTION('',(-1.,-1.27553196763E-16,-3.10696741966E-15));
#8042 = ORIENTED_EDGE('',*,*,#2141,.F.);
#8043 = B_SPLINE_SURFACE_WITH_KNOTS('',3,1,(
    (#8044,#8045)
    ,(#8046,#8047)
    ,(#8048,#8049)
    ,(#8050,#8051
    )),.UNSPECIFIED.,.F.,.F.,.F.,(4,4),(2,2),(18.,19.),(0.,1.),
  .PIECEWISE_BEZIER_KNOTS.);
#8044 = CARTESIAN_POINT('',(10.91,0.5756517851,-2.830647901221));
#8045 = CARTESIAN_POINT('',(10.9,0.5756517851,-2.830647901221));
#8046 = CARTESIAN_POINT('',(10.91,0.616046380148,-2.830647901221));
#8047 = CARTESIAN_POINT('',(10.9,0.616046380148,-2.830647901221));
#8048 = CARTESIAN_POINT('',(10.91,0.649041364692,-2.821671324544));
#8049 = CARTESIAN_POINT('',(10.9,0.649041364692,-2.821671324544));
#8050 = CARTESIAN_POINT('',(10.91,0.674394128552,-2.80371817119));
#8051 = CARTESIAN_POINT('',(10.9,0.674394128552,-2.80371817119));
#8052 = ADVANCED_FACE('',(#8053),#8072,.F.);
#8053 = FACE_BOUND('',#8054,.F.);
#8054 = EDGE_LOOP('',(#8055,#8056,#8065,#8071));
#8055 = ORIENTED_EDGE('',*,*,#8037,.F.);
#8056 = ORIENTED_EDGE('',*,*,#8057,.T.);
#8057 = EDGE_CURVE('',#8029,#8058,#8060,.T.);
#8058 = VERTEX_POINT('',#8059);
#8059 = CARTESIAN_POINT('',(10.91,0.712605231977,-2.730449896687));
#8060 = B_SPLINE_CURVE_WITH_KNOTS('',3,(#8061,#8062,#8063,#8064),
  .UNSPECIFIED.,.F.,.F.,(4,4),(17.,18.),.PIECEWISE_BEZIER_KNOTS.);
#8061 = CARTESIAN_POINT('',(10.91,0.674394128552,-2.80371817119));
#8062 = CARTESIAN_POINT('',(10.91,0.699868197502,-2.786007628013));
#8063 = CARTESIAN_POINT('',(10.91,0.712605231977,-2.761503999788));
#8064 = CARTESIAN_POINT('',(10.91,0.712605231977,-2.730449896687));
#8065 = ORIENTED_EDGE('',*,*,#8066,.T.);
#8066 = EDGE_CURVE('',#8058,#2124,#8067,.T.);
#8067 = LINE('',#8068,#8069);
#8068 = CARTESIAN_POINT('',(10.91,0.712605231977,-2.730449896687));
#8069 = VECTOR('',#8070,1.);
#8070 = DIRECTION('',(-1.,-1.27553196763E-16,-3.10696741966E-15));
#8071 = ORIENTED_EDGE('',*,*,#2132,.F.);
#8072 = B_SPLINE_SURFACE_WITH_KNOTS('',3,1,(
    (#8073,#8074)
    ,(#8075,#8076)
    ,(#8077,#8078)
    ,(#8079,#8080
    )),.UNSPECIFIED.,.F.,.F.,.F.,(4,4),(2,2),(17.,18.),(0.,1.),
  .PIECEWISE_BEZIER_KNOTS.);
#8073 = CARTESIAN_POINT('',(10.91,0.674394128552,-2.80371817119));
#8074 = CARTESIAN_POINT('',(10.9,0.674394128552,-2.80371817119));
#8075 = CARTESIAN_POINT('',(10.91,0.699868197502,-2.786007628013));
#8076 = CARTESIAN_POINT('',(10.9,0.699868197502,-2.786007628013));
#8077 = CARTESIAN_POINT('',(10.91,0.712605231977,-2.761503999788));
#8078 = CARTESIAN_POINT('',(10.9,0.712605231977,-2.761503999788));
#8079 = CARTESIAN_POINT('',(10.91,0.712605231977,-2.730449896687));
#8080 = CARTESIAN_POINT('',(10.9,0.712605231977,-2.730449896687));
#8081 = ADVANCED_FACE('',(#8082),#8101,.F.);
#8082 = FACE_BOUND('',#8083,.F.);
#8083 = EDGE_LOOP('',(#8084,#8085,#8094,#8100));
#8084 = ORIENTED_EDGE('',*,*,#8066,.F.);
#8085 = ORIENTED_EDGE('',*,*,#8086,.T.);
#8086 = EDGE_CURVE('',#8058,#8087,#8089,.T.);
#8087 = VERTEX_POINT('',#8088);
#8088 = CARTESIAN_POINT('',(10.91,0.692711197178,-2.674406944996));
#8089 = B_SPLINE_CURVE_WITH_KNOTS('',3,(#8090,#8091,#8092,#8093),
  .UNSPECIFIED.,.F.,.F.,(4,4),(16.,17.),.PIECEWISE_BEZIER_KNOTS.);
#8090 = CARTESIAN_POINT('',(10.91,0.712605231977,-2.730449896687));
#8091 = CARTESIAN_POINT('',(10.91,0.712605231977,-2.708129760083));
#8092 = CARTESIAN_POINT('',(10.91,0.705933452013,-2.689448776185));
#8093 = CARTESIAN_POINT('',(10.91,0.692711197178,-2.674406944996));
#8094 = ORIENTED_EDGE('',*,*,#8095,.T.);
#8095 = EDGE_CURVE('',#8087,#2115,#8096,.T.);
#8096 = LINE('',#8097,#8098);
#8097 = CARTESIAN_POINT('',(10.91,0.692711197178,-2.674406944996));
#8098 = VECTOR('',#8099,1.);
#8099 = DIRECTION('',(-1.,-1.27553196763E-16,-3.10696741966E-15));
#8100 = ORIENTED_EDGE('',*,*,#2123,.F.);
#8101 = B_SPLINE_SURFACE_WITH_KNOTS('',3,1,(
    (#8102,#8103)
    ,(#8104,#8105)
    ,(#8106,#8107)
    ,(#8108,#8109
    )),.UNSPECIFIED.,.F.,.F.,.F.,(4,4),(2,2),(16.,17.),(0.,1.),
  .PIECEWISE_BEZIER_KNOTS.);
#8102 = CARTESIAN_POINT('',(10.91,0.712605231977,-2.730449896687));
#8103 = CARTESIAN_POINT('',(10.9,0.712605231977,-2.730449896687));
#8104 = CARTESIAN_POINT('',(10.91,0.712605231977,-2.708129760083));
#8105 = CARTESIAN_POINT('',(10.9,0.712605231977,-2.708129760083));
#8106 = CARTESIAN_POINT('',(10.91,0.705933452013,-2.689448776185));
#8107 = CARTESIAN_POINT('',(10.9,0.705933452013,-2.689448776185));
#8108 = CARTESIAN_POINT('',(10.91,0.692711197178,-2.674406944996));
#8109 = CARTESIAN_POINT('',(10.9,0.692711197178,-2.674406944996));
#8110 = ADVANCED_FACE('',(#8111),#8130,.F.);
#8111 = FACE_BOUND('',#8112,.F.);
#8112 = EDGE_LOOP('',(#8113,#8114,#8123,#8129));
#8113 = ORIENTED_EDGE('',*,*,#8095,.F.);
#8114 = ORIENTED_EDGE('',*,*,#8115,.T.);
#8115 = EDGE_CURVE('',#8087,#8116,#8118,.T.);
#8116 = VERTEX_POINT('',#8117);
#8117 = CARTESIAN_POINT('',(10.91,0.616046380148,-2.630494502332));
#8118 = B_SPLINE_CURVE_WITH_KNOTS('',3,(#8119,#8120,#8121,#8122),
  .UNSPECIFIED.,.F.,.F.,(4,4),(15.,16.),.PIECEWISE_BEZIER_KNOTS.);
#8119 = CARTESIAN_POINT('',(10.91,0.692711197178,-2.674406944996));
#8120 = CARTESIAN_POINT('',(10.91,0.679367637253,-2.659365113808));
#8121 = CARTESIAN_POINT('',(10.91,0.653893568303,-2.6445658928));
#8122 = CARTESIAN_POINT('',(10.91,0.616046380148,-2.630494502332));
#8123 = ORIENTED_EDGE('',*,*,#8124,.T.);
#8124 = EDGE_CURVE('',#8116,#2106,#8125,.T.);
#8125 = LINE('',#8126,#8127);
#8126 = CARTESIAN_POINT('',(10.91,0.616046380148,-2.630494502332));
#8127 = VECTOR('',#8128,1.);
#8128 = DIRECTION('',(-1.,-1.27553196763E-16,-3.10696741966E-15));
#8129 = ORIENTED_EDGE('',*,*,#2114,.F.);
#8130 = B_SPLINE_SURFACE_WITH_KNOTS('',3,1,(
    (#8131,#8132)
    ,(#8133,#8134)
    ,(#8135,#8136)
    ,(#8137,#8138
    )),.UNSPECIFIED.,.F.,.F.,.F.,(4,4),(2,2),(15.,16.),(0.,1.),
  .PIECEWISE_BEZIER_KNOTS.);
#8131 = CARTESIAN_POINT('',(10.91,0.692711197178,-2.674406944996));
#8132 = CARTESIAN_POINT('',(10.9,0.692711197178,-2.674406944996));
#8133 = CARTESIAN_POINT('',(10.91,0.679367637253,-2.659365113808));
#8134 = CARTESIAN_POINT('',(10.9,0.679367637253,-2.659365113808));
#8135 = CARTESIAN_POINT('',(10.91,0.653893568303,-2.6445658928));
#8136 = CARTESIAN_POINT('',(10.9,0.653893568303,-2.6445658928));
#8137 = CARTESIAN_POINT('',(10.91,0.616046380148,-2.630494502332));
#8138 = CARTESIAN_POINT('',(10.9,0.616046380148,-2.630494502332));
#8139 = ADVANCED_FACE('',(#8140),#8159,.F.);
#8140 = FACE_BOUND('',#8141,.F.);
#8141 = EDGE_LOOP('',(#8142,#8143,#8152,#8158));
#8142 = ORIENTED_EDGE('',*,*,#8124,.F.);
#8143 = ORIENTED_EDGE('',*,*,#8144,.T.);
#8144 = EDGE_CURVE('',#8116,#8145,#8147,.T.);
#8145 = VERTEX_POINT('',#8146);
#8146 = CARTESIAN_POINT('',(10.91,0.558305157195,-2.601381280673));
#8147 = B_SPLINE_CURVE_WITH_KNOTS('',3,(#8148,#8149,#8150,#8151),
  .UNSPECIFIED.,.F.,.F.,(4,4),(14.,15.),.PIECEWISE_BEZIER_KNOTS.);
#8148 = CARTESIAN_POINT('',(10.91,0.616046380148,-2.630494502332));
#8149 = CARTESIAN_POINT('',(10.91,0.58620532795,-2.61884921367));
#8150 = CARTESIAN_POINT('',(10.91,0.567039123693,-2.609144806449));
#8151 = CARTESIAN_POINT('',(10.91,0.558305157195,-2.601381280673));
#8152 = ORIENTED_EDGE('',*,*,#8153,.T.);
#8153 = EDGE_CURVE('',#8145,#2097,#8154,.T.);
#8154 = LINE('',#8155,#8156);
#8155 = CARTESIAN_POINT('',(10.91,0.558305157195,-2.601381280673));
#8156 = VECTOR('',#8157,1.);
#8157 = DIRECTION('',(-1.,-1.27553196763E-16,-3.10696741966E-15));
#8158 = ORIENTED_EDGE('',*,*,#2105,.F.);
#8159 = B_SPLINE_SURFACE_WITH_KNOTS('',3,1,(
    (#8160,#8161)
    ,(#8162,#8163)
    ,(#8164,#8165)
    ,(#8166,#8167
    )),.UNSPECIFIED.,.F.,.F.,.F.,(4,4),(2,2),(14.,15.),(0.,1.),
  .PIECEWISE_BEZIER_KNOTS.);
#8160 = CARTESIAN_POINT('',(10.91,0.616046380148,-2.630494502332));
#8161 = CARTESIAN_POINT('',(10.9,0.616046380148,-2.630494502332));
#8162 = CARTESIAN_POINT('',(10.91,0.58620532795,-2.61884921367));
#8163 = CARTESIAN_POINT('',(10.9,0.58620532795,-2.61884921367));
#8164 = CARTESIAN_POINT('',(10.91,0.567039123693,-2.609144806449));
#8165 = CARTESIAN_POINT('',(10.9,0.567039123693,-2.609144806449));
#8166 = CARTESIAN_POINT('',(10.91,0.558305157195,-2.601381280673));
#8167 = CARTESIAN_POINT('',(10.9,0.558305157195,-2.601381280673));
#8168 = ADVANCED_FACE('',(#8169),#8188,.F.);
#8169 = FACE_BOUND('',#8170,.F.);
#8170 = EDGE_LOOP('',(#8171,#8172,#8181,#8187));
#8171 = ORIENTED_EDGE('',*,*,#8153,.F.);
#8172 = ORIENTED_EDGE('',*,*,#8173,.T.);
#8173 = EDGE_CURVE('',#8145,#8174,#8176,.T.);
#8174 = VERTEX_POINT('',#8175);
#8175 = CARTESIAN_POINT('',(10.91,0.54532551254,-2.569841957212));
#8176 = B_SPLINE_CURVE_WITH_KNOTS('',3,(#8177,#8178,#8179,#8180),
  .UNSPECIFIED.,.F.,.F.,(4,4),(13.,14.),.PIECEWISE_BEZIER_KNOTS.);
#8177 = CARTESIAN_POINT('',(10.91,0.558305157195,-2.601381280673));
#8178 = CARTESIAN_POINT('',(10.91,0.549692495788,-2.59386036508));
#8179 = CARTESIAN_POINT('',(10.91,0.54532551254,-2.583428127319));
#8180 = CARTESIAN_POINT('',(10.91,0.54532551254,-2.569841957212));
#8181 = ORIENTED_EDGE('',*,*,#8182,.T.);
#8182 = EDGE_CURVE('',#8174,#2088,#8183,.T.);
#8183 = LINE('',#8184,#8185);
#8184 = CARTESIAN_POINT('',(10.91,0.54532551254,-2.569841957212));
#8185 = VECTOR('',#8186,1.);
#8186 = DIRECTION('',(-1.,-1.27553196763E-16,-3.10696741966E-15));
#8187 = ORIENTED_EDGE('',*,*,#2096,.F.);
#8188 = B_SPLINE_SURFACE_WITH_KNOTS('',3,1,(
    (#8189,#8190)
    ,(#8191,#8192)
    ,(#8193,#8194)
    ,(#8195,#8196
    )),.UNSPECIFIED.,.F.,.F.,.F.,(4,4),(2,2),(13.,14.),(0.,1.),
  .PIECEWISE_BEZIER_KNOTS.);
#8189 = CARTESIAN_POINT('',(10.91,0.558305157195,-2.601381280673));
#8190 = CARTESIAN_POINT('',(10.9,0.558305157195,-2.601381280673));
#8191 = CARTESIAN_POINT('',(10.91,0.549692495788,-2.59386036508));
#8192 = CARTESIAN_POINT('',(10.9,0.549692495788,-2.59386036508));
#8193 = CARTESIAN_POINT('',(10.91,0.54532551254,-2.583428127319));
#8194 = CARTESIAN_POINT('',(10.9,0.54532551254,-2.583428127319));
#8195 = CARTESIAN_POINT('',(10.91,0.54532551254,-2.569841957212));
#8196 = CARTESIAN_POINT('',(10.9,0.54532551254,-2.569841957212));
#8197 = ADVANCED_FACE('',(#8198),#8217,.F.);
#8198 = FACE_BOUND('',#8199,.F.);
#8199 = EDGE_LOOP('',(#8200,#8201,#8210,#8216));
#8200 = ORIENTED_EDGE('',*,*,#8182,.F.);
#8201 = ORIENTED_EDGE('',*,*,#8202,.T.);
#8202 = EDGE_CURVE('',#8174,#8203,#8205,.T.);
#8203 = VERTEX_POINT('',#8204);
#8204 = CARTESIAN_POINT('',(10.91,0.563399970986,-2.536846972669));
#8205 = B_SPLINE_CURVE_WITH_KNOTS('',3,(#8206,#8207,#8208,#8209),
  .UNSPECIFIED.,.F.,.F.,(4,4),(12.,13.),.PIECEWISE_BEZIER_KNOTS.);
#8206 = CARTESIAN_POINT('',(10.91,0.54532551254,-2.569841957212));
#8207 = CARTESIAN_POINT('',(10.91,0.54532551254,-2.556255787108));
#8208 = CARTESIAN_POINT('',(10.91,0.551390767053,-2.545095718806));
#8209 = CARTESIAN_POINT('',(10.91,0.563399970986,-2.536846972669));
#8210 = ORIENTED_EDGE('',*,*,#8211,.T.);
#8211 = EDGE_CURVE('',#8203,#2079,#8212,.T.);
#8212 = LINE('',#8213,#8214);
#8213 = CARTESIAN_POINT('',(10.91,0.563399970986,-2.536846972669));
#8214 = VECTOR('',#8215,1.);
#8215 = DIRECTION('',(-1.,-1.27553196763E-16,-3.10696741966E-15));
#8216 = ORIENTED_EDGE('',*,*,#2087,.F.);
#8217 = B_SPLINE_SURFACE_WITH_KNOTS('',3,1,(
    (#8218,#8219)
    ,(#8220,#8221)
    ,(#8222,#8223)
    ,(#8224,#8225
    )),.UNSPECIFIED.,.F.,.F.,.F.,(4,4),(2,2),(12.,13.),(0.,1.),
  .PIECEWISE_BEZIER_KNOTS.);
#8218 = CARTESIAN_POINT('',(10.91,0.54532551254,-2.569841957212));
#8219 = CARTESIAN_POINT('',(10.9,0.54532551254,-2.569841957212));
#8220 = CARTESIAN_POINT('',(10.91,0.54532551254,-2.556255787108));
#8221 = CARTESIAN_POINT('',(10.9,0.54532551254,-2.556255787108));
#8222 = CARTESIAN_POINT('',(10.91,0.551390767053,-2.545095718806));
#8223 = CARTESIAN_POINT('',(10.9,0.551390767053,-2.545095718806));
#8224 = CARTESIAN_POINT('',(10.91,0.563399970986,-2.536846972669));
#8225 = CARTESIAN_POINT('',(10.9,0.563399970986,-2.536846972669));
#8226 = ADVANCED_FACE('',(#8227),#8246,.F.);
#8227 = FACE_BOUND('',#8228,.F.);
#8228 = EDGE_LOOP('',(#8229,#8230,#8239,#8245));
#8229 = ORIENTED_EDGE('',*,*,#8211,.F.);
#8230 = ORIENTED_EDGE('',*,*,#8231,.T.);
#8231 = EDGE_CURVE('',#8203,#8232,#8234,.T.);
#8232 = VERTEX_POINT('',#8233);
#8233 = CARTESIAN_POINT('',(10.91,0.610223735817,-2.524231243283));
#8234 = B_SPLINE_CURVE_WITH_KNOTS('',3,(#8235,#8236,#8237,#8238),
  .UNSPECIFIED.,.F.,.F.,(4,4),(11.,12.),.PIECEWISE_BEZIER_KNOTS.);
#8235 = CARTESIAN_POINT('',(10.91,0.563399970986,-2.536846972669));
#8236 = CARTESIAN_POINT('',(10.91,0.575409174918,-2.528355616352));
#8237 = CARTESIAN_POINT('',(10.91,0.59105753156,-2.524231243283));
#8238 = CARTESIAN_POINT('',(10.91,0.610223735817,-2.524231243283));
#8239 = ORIENTED_EDGE('',*,*,#8240,.T.);
#8240 = EDGE_CURVE('',#8232,#2070,#8241,.T.);
#8241 = LINE('',#8242,#8243);
#8242 = CARTESIAN_POINT('',(10.91,0.610223735817,-2.524231243283));
#8243 = VECTOR('',#8244,1.);
#8244 = DIRECTION('',(-1.,-1.27553196763E-16,-3.10696741966E-15));
#8245 = ORIENTED_EDGE('',*,*,#2078,.F.);
#8246 = B_SPLINE_SURFACE_WITH_KNOTS('',3,1,(
    (#8247,#8248)
    ,(#8249,#8250)
    ,(#8251,#8252)
    ,(#8253,#8254
    )),.UNSPECIFIED.,.F.,.F.,.F.,(4,4),(2,2),(11.,12.),(0.,1.),
  .PIECEWISE_BEZIER_KNOTS.);
#8247 = CARTESIAN_POINT('',(10.91,0.563399970986,-2.536846972669));
#8248 = CARTESIAN_POINT('',(10.9,0.563399970986,-2.536846972669));
#8249 = CARTESIAN_POINT('',(10.91,0.575409174918,-2.528355616352));
#8250 = CARTESIAN_POINT('',(10.9,0.575409174918,-2.528355616352));
#8251 = CARTESIAN_POINT('',(10.91,0.59105753156,-2.524231243283));
#8252 = CARTESIAN_POINT('',(10.9,0.59105753156,-2.524231243283));
#8253 = CARTESIAN_POINT('',(10.91,0.610223735817,-2.524231243283));
#8254 = CARTESIAN_POINT('',(10.9,0.610223735817,-2.524231243283));
#8255 = ADVANCED_FACE('',(#8256),#8275,.F.);
#8256 = FACE_BOUND('',#8257,.F.);
#8257 = EDGE_LOOP('',(#8258,#8259,#8268,#8274));
#8258 = ORIENTED_EDGE('',*,*,#8240,.F.);
#8259 = ORIENTED_EDGE('',*,*,#8260,.T.);
#8260 = EDGE_CURVE('',#8232,#8261,#8263,.T.);
#8261 = VERTEX_POINT('',#8262);
#8262 = CARTESIAN_POINT('',(10.91,0.696350349886,-2.548734871512));
#8263 = B_SPLINE_CURVE_WITH_KNOTS('',3,(#8264,#8265,#8266,#8267),
  .UNSPECIFIED.,.F.,.F.,(4,4),(10.,11.),.PIECEWISE_BEZIER_KNOTS.);
#8264 = CARTESIAN_POINT('',(10.91,0.610223735817,-2.524231243283));
#8265 = CARTESIAN_POINT('',(10.91,0.64236958473,-2.524231243283));
#8266 = CARTESIAN_POINT('',(10.91,0.670997586026,-2.532479989419));
#8267 = CARTESIAN_POINT('',(10.91,0.696350349886,-2.548734871512));
#8268 = ORIENTED_EDGE('',*,*,#8269,.T.);
#8269 = EDGE_CURVE('',#8261,#2062,#8270,.T.);
#8270 = LINE('',#8271,#8272);
#8271 = CARTESIAN_POINT('',(10.91,0.696350349886,-2.548734871512));
#8272 = VECTOR('',#8273,1.);
#8273 = DIRECTION('',(-1.,-1.27553196763E-16,-3.10696741966E-15));
#8274 = ORIENTED_EDGE('',*,*,#2069,.F.);
#8275 = B_SPLINE_SURFACE_WITH_KNOTS('',3,1,(
    (#8276,#8277)
    ,(#8278,#8279)
    ,(#8280,#8281)
    ,(#8282,#8283
    )),.UNSPECIFIED.,.F.,.F.,.F.,(4,4),(2,2),(10.,11.),(0.,1.),
  .PIECEWISE_BEZIER_KNOTS.);
#8276 = CARTESIAN_POINT('',(10.91,0.610223735817,-2.524231243283));
#8277 = CARTESIAN_POINT('',(10.9,0.610223735817,-2.524231243283));
#8278 = CARTESIAN_POINT('',(10.91,0.64236958473,-2.524231243283));
#8279 = CARTESIAN_POINT('',(10.9,0.64236958473,-2.524231243283));
#8280 = CARTESIAN_POINT('',(10.91,0.670997586026,-2.532479989419));
#8281 = CARTESIAN_POINT('',(10.9,0.670997586026,-2.532479989419));
#8282 = CARTESIAN_POINT('',(10.91,0.696350349886,-2.548734871512));
#8283 = CARTESIAN_POINT('',(10.9,0.696350349886,-2.548734871512));
#8284 = ADVANCED_FACE('',(#8285),#8303,.F.);
#8285 = FACE_BOUND('',#8286,.T.);
#8286 = EDGE_LOOP('',(#8287,#8288,#8296,#8302));
#8287 = ORIENTED_EDGE('',*,*,#2061,.T.);
#8288 = ORIENTED_EDGE('',*,*,#8289,.F.);
#8289 = EDGE_CURVE('',#8290,#2053,#8292,.T.);
#8290 = VERTEX_POINT('',#8291);
#8291 = CARTESIAN_POINT('',(10.91,0.696350349886,-2.49099364856));
#8292 = LINE('',#8293,#8294);
#8293 = CARTESIAN_POINT('',(10.91,0.696350349886,-2.49099364856));
#8294 = VECTOR('',#8295,1.);
#8295 = DIRECTION('',(-1.,-1.27553196763E-16,-3.10696741966E-15));
#8296 = ORIENTED_EDGE('',*,*,#8297,.F.);
#8297 = EDGE_CURVE('',#8261,#8290,#8298,.T.);
#8298 = LINE('',#8299,#8300);
#8299 = CARTESIAN_POINT('',(10.91,0.696350349886,-2.49099364856));
#8300 = VECTOR('',#8301,1.);
#8301 = DIRECTION('',(-0.,-0.,1.));
#8302 = ORIENTED_EDGE('',*,*,#8269,.T.);
#8303 = PLANE('',#8304);
#8304 = AXIS2_PLACEMENT_3D('',#8305,#8306,#8307);
#8305 = CARTESIAN_POINT('',(10.91,0.696350349886,-2.49099364856));
#8306 = DIRECTION('',(1.27553196763E-16,-1.,0.));
#8307 = DIRECTION('',(1.,1.27553196763E-16,0.));
#8308 = ADVANCED_FACE('',(#8309),#8328,.F.);
#8309 = FACE_BOUND('',#8310,.F.);
#8310 = EDGE_LOOP('',(#8311,#8312,#8321,#8327));
#8311 = ORIENTED_EDGE('',*,*,#8289,.F.);
#8312 = ORIENTED_EDGE('',*,*,#8313,.T.);
#8313 = EDGE_CURVE('',#8290,#8314,#8316,.T.);
#8314 = VERTEX_POINT('',#8315);
#8315 = CARTESIAN_POINT('',(10.91,0.616046380148,-2.475951817368));
#8316 = B_SPLINE_CURVE_WITH_KNOTS('',3,(#8317,#8318,#8319,#8320),
  .UNSPECIFIED.,.F.,.F.,(4,4),(8.,9.),.PIECEWISE_BEZIER_KNOTS.);
#8317 = CARTESIAN_POINT('',(10.91,0.696350349886,-2.49099364856));
#8318 = CARTESIAN_POINT('',(10.91,0.671604111477,-2.480804020979));
#8319 = CARTESIAN_POINT('',(10.91,0.644916991624,-2.475951817368));
#8320 = CARTESIAN_POINT('',(10.91,0.616046380148,-2.475951817368));
#8321 = ORIENTED_EDGE('',*,*,#8322,.T.);
#8322 = EDGE_CURVE('',#8314,#2044,#8323,.T.);
#8323 = LINE('',#8324,#8325);
#8324 = CARTESIAN_POINT('',(10.91,0.616046380148,-2.475951817368));
#8325 = VECTOR('',#8326,1.);
#8326 = DIRECTION('',(-1.,-1.27553196763E-16,-3.10696741966E-15));
#8327 = ORIENTED_EDGE('',*,*,#2052,.F.);
#8328 = B_SPLINE_SURFACE_WITH_KNOTS('',3,1,(
    (#8329,#8330)
    ,(#8331,#8332)
    ,(#8333,#8334)
    ,(#8335,#8336
    )),.UNSPECIFIED.,.F.,.F.,.F.,(4,4),(2,2),(8.,9.),(0.,1.),
  .PIECEWISE_BEZIER_KNOTS.);
#8329 = CARTESIAN_POINT('',(10.91,0.696350349886,-2.49099364856));
#8330 = CARTESIAN_POINT('',(10.9,0.696350349886,-2.49099364856));
#8331 = CARTESIAN_POINT('',(10.91,0.671604111477,-2.480804020979));
#8332 = CARTESIAN_POINT('',(10.9,0.671604111477,-2.480804020979));
#8333 = CARTESIAN_POINT('',(10.91,0.644916991624,-2.475951817368));
#8334 = CARTESIAN_POINT('',(10.9,0.644916991624,-2.475951817368));
#8335 = CARTESIAN_POINT('',(10.91,0.616046380148,-2.475951817368));
#8336 = CARTESIAN_POINT('',(10.9,0.616046380148,-2.475951817368));
#8337 = ADVANCED_FACE('',(#8338),#8357,.F.);
#8338 = FACE_BOUND('',#8339,.F.);
#8339 = EDGE_LOOP('',(#8340,#8341,#8350,#8356));
#8340 = ORIENTED_EDGE('',*,*,#8322,.F.);
#8341 = ORIENTED_EDGE('',*,*,#8342,.T.);
#8342 = EDGE_CURVE('',#8314,#8343,#8345,.T.);
#8343 = VERTEX_POINT('',#8344);
#8344 = CARTESIAN_POINT('',(10.91,0.522156240305,-2.502881547403));
#8345 = B_SPLINE_CURVE_WITH_KNOTS('',3,(#8346,#8347,#8348,#8349),
  .UNSPECIFIED.,.F.,.F.,(4,4),(7.,8.),.PIECEWISE_BEZIER_KNOTS.);
#8346 = CARTESIAN_POINT('',(10.91,0.616046380148,-2.475951817368));
#8347 = CARTESIAN_POINT('',(10.91,0.578927022536,-2.475951817368));
#8348 = CARTESIAN_POINT('',(10.91,0.547630309255,-2.484928394045));
#8349 = CARTESIAN_POINT('',(10.91,0.522156240305,-2.502881547403));
#8350 = ORIENTED_EDGE('',*,*,#8351,.T.);
#8351 = EDGE_CURVE('',#8343,#2035,#8352,.T.);
#8352 = LINE('',#8353,#8354);
#8353 = CARTESIAN_POINT('',(10.91,0.522156240305,-2.502881547403));
#8354 = VECTOR('',#8355,1.);
#8355 = DIRECTION('',(-1.,-1.27553196763E-16,-3.10696741966E-15));
#8356 = ORIENTED_EDGE('',*,*,#2043,.F.);
#8357 = B_SPLINE_SURFACE_WITH_KNOTS('',3,1,(
    (#8358,#8359)
    ,(#8360,#8361)
    ,(#8362,#8363)
    ,(#8364,#8365
    )),.UNSPECIFIED.,.F.,.F.,.F.,(4,4),(2,2),(7.,8.),(0.,1.),
  .PIECEWISE_BEZIER_KNOTS.);
#8358 = CARTESIAN_POINT('',(10.91,0.616046380148,-2.475951817368));
#8359 = CARTESIAN_POINT('',(10.9,0.616046380148,-2.475951817368));
#8360 = CARTESIAN_POINT('',(10.91,0.578927022536,-2.475951817368));
#8361 = CARTESIAN_POINT('',(10.9,0.578927022536,-2.475951817368));
#8362 = CARTESIAN_POINT('',(10.91,0.547630309255,-2.484928394045));
#8363 = CARTESIAN_POINT('',(10.9,0.547630309255,-2.484928394045));
#8364 = CARTESIAN_POINT('',(10.91,0.522156240305,-2.502881547403));
#8365 = CARTESIAN_POINT('',(10.9,0.522156240305,-2.502881547403));
#8366 = ADVANCED_FACE('',(#8367),#8386,.F.);
#8367 = FACE_BOUND('',#8368,.F.);
#8368 = EDGE_LOOP('',(#8369,#8370,#8379,#8385));
#8369 = ORIENTED_EDGE('',*,*,#8351,.F.);
#8370 = ORIENTED_EDGE('',*,*,#8371,.T.);
#8371 = EDGE_CURVE('',#8343,#8372,#8374,.T.);
#8372 = VERTEX_POINT('',#8373);
#8373 = CARTESIAN_POINT('',(10.91,0.48406644197,-2.575179381182));
#8374 = B_SPLINE_CURVE_WITH_KNOTS('',3,(#8375,#8376,#8377,#8378),
  .UNSPECIFIED.,.F.,.F.,(4,4),(6.,7.),.PIECEWISE_BEZIER_KNOTS.);
#8375 = CARTESIAN_POINT('',(10.91,0.522156240305,-2.502881547403));
#8376 = CARTESIAN_POINT('',(10.91,0.496803476445,-2.521077310937));
#8377 = CARTESIAN_POINT('',(10.91,0.48406644197,-2.545095718806));
#8378 = CARTESIAN_POINT('',(10.91,0.48406644197,-2.575179381182));
#8379 = ORIENTED_EDGE('',*,*,#8380,.T.);
#8380 = EDGE_CURVE('',#8372,#2026,#8381,.T.);
#8381 = LINE('',#8382,#8383);
#8382 = CARTESIAN_POINT('',(10.91,0.48406644197,-2.575179381182));
#8383 = VECTOR('',#8384,1.);
#8384 = DIRECTION('',(-1.,-1.27553196763E-16,-3.10696741966E-15));
#8385 = ORIENTED_EDGE('',*,*,#2034,.F.);
#8386 = B_SPLINE_SURFACE_WITH_KNOTS('',3,1,(
    (#8387,#8388)
    ,(#8389,#8390)
    ,(#8391,#8392)
    ,(#8393,#8394
    )),.UNSPECIFIED.,.F.,.F.,.F.,(4,4),(2,2),(6.,7.),(0.,1.),
  .PIECEWISE_BEZIER_KNOTS.);
#8387 = CARTESIAN_POINT('',(10.91,0.522156240305,-2.502881547403));
#8388 = CARTESIAN_POINT('',(10.9,0.522156240305,-2.502881547403));
#8389 = CARTESIAN_POINT('',(10.91,0.496803476445,-2.521077310937));
#8390 = CARTESIAN_POINT('',(10.9,0.496803476445,-2.521077310937));
#8391 = CARTESIAN_POINT('',(10.91,0.48406644197,-2.545095718806));
#8392 = CARTESIAN_POINT('',(10.9,0.48406644197,-2.545095718806));
#8393 = CARTESIAN_POINT('',(10.91,0.48406644197,-2.575179381182));
#8394 = CARTESIAN_POINT('',(10.9,0.48406644197,-2.575179381182));
#8395 = ADVANCED_FACE('',(#8396),#8415,.F.);
#8396 = FACE_BOUND('',#8397,.F.);
#8397 = EDGE_LOOP('',(#8398,#8399,#8408,#8414));
#8398 = ORIENTED_EDGE('',*,*,#8380,.F.);
#8399 = ORIENTED_EDGE('',*,*,#8400,.T.);
#8400 = EDGE_CURVE('',#8372,#8401,#8403,.T.);
#8401 = VERTEX_POINT('',#8402);
#8402 = CARTESIAN_POINT('',(10.91,0.500927849514,-2.628796231067));
#8403 = B_SPLINE_CURVE_WITH_KNOTS('',3,(#8404,#8405,#8406,#8407),
  .UNSPECIFIED.,.F.,.F.,(4,4),(5.,6.),.PIECEWISE_BEZIER_KNOTS.);
#8404 = CARTESIAN_POINT('',(10.91,0.48406644197,-2.575179381182));
#8405 = CARTESIAN_POINT('',(10.91,0.48406644197,-2.596043856705));
#8406 = CARTESIAN_POINT('',(10.91,0.489646476121,-2.613997010059));
#8407 = CARTESIAN_POINT('',(10.91,0.500927849514,-2.628796231067));
#8408 = ORIENTED_EDGE('',*,*,#8409,.T.);
#8409 = EDGE_CURVE('',#8401,#2017,#8410,.T.);
#8410 = LINE('',#8411,#8412);
#8411 = CARTESIAN_POINT('',(10.91,0.500927849514,-2.628796231067));
#8412 = VECTOR('',#8413,1.);
#8413 = DIRECTION('',(-1.,-1.27553196763E-16,-3.10696741966E-15));
#8414 = ORIENTED_EDGE('',*,*,#2025,.F.);
#8415 = B_SPLINE_SURFACE_WITH_KNOTS('',3,1,(
    (#8416,#8417)
    ,(#8418,#8419)
    ,(#8420,#8421)
    ,(#8422,#8423
    )),.UNSPECIFIED.,.F.,.F.,.F.,(4,4),(2,2),(5.,6.),(0.,1.),
  .PIECEWISE_BEZIER_KNOTS.);
#8416 = CARTESIAN_POINT('',(10.91,0.48406644197,-2.575179381182));
#8417 = CARTESIAN_POINT('',(10.9,0.48406644197,-2.575179381182));
#8418 = CARTESIAN_POINT('',(10.91,0.48406644197,-2.596043856705));
#8419 = CARTESIAN_POINT('',(10.9,0.48406644197,-2.596043856705));
#8420 = CARTESIAN_POINT('',(10.91,0.489646476121,-2.613997010059));
#8421 = CARTESIAN_POINT('',(10.9,0.489646476121,-2.613997010059));
#8422 = CARTESIAN_POINT('',(10.91,0.500927849514,-2.628796231067));
#8423 = CARTESIAN_POINT('',(10.9,0.500927849514,-2.628796231067));
#8424 = ADVANCED_FACE('',(#8425),#8444,.F.);
#8425 = FACE_BOUND('',#8426,.F.);
#8426 = EDGE_LOOP('',(#8427,#8428,#8437,#8443));
#8427 = ORIENTED_EDGE('',*,*,#8409,.F.);
#8428 = ORIENTED_EDGE('',*,*,#8429,.T.);
#8429 = EDGE_CURVE('',#8401,#8430,#8432,.T.);
#8430 = VERTEX_POINT('',#8431);
#8431 = CARTESIAN_POINT('',(10.91,0.574074818927,-2.673679114456));
#8432 = B_SPLINE_CURVE_WITH_KNOTS('',3,(#8433,#8434,#8435,#8436),
  .UNSPECIFIED.,.F.,.F.,(4,4),(4.,5.),.PIECEWISE_BEZIER_KNOTS.);
#8433 = CARTESIAN_POINT('',(10.91,0.500927849514,-2.628796231067));
#8434 = CARTESIAN_POINT('',(10.91,0.512087917816,-2.643595452076));
#8435 = CARTESIAN_POINT('',(10.91,0.536591546043,-2.658637283267));
#8436 = CARTESIAN_POINT('',(10.91,0.574074818927,-2.673679114456));
#8437 = ORIENTED_EDGE('',*,*,#8438,.T.);
#8438 = EDGE_CURVE('',#8430,#2008,#8439,.T.);
#8439 = LINE('',#8440,#8441);
#8440 = CARTESIAN_POINT('',(10.91,0.574074818927,-2.673679114456));
#8441 = VECTOR('',#8442,1.);
#8442 = DIRECTION('',(-1.,-1.27553196763E-16,-3.10696741966E-15));
#8443 = ORIENTED_EDGE('',*,*,#2016,.F.);
#8444 = B_SPLINE_SURFACE_WITH_KNOTS('',3,1,(
    (#8445,#8446)
    ,(#8447,#8448)
    ,(#8449,#8450)
    ,(#8451,#8452
    )),.UNSPECIFIED.,.F.,.F.,.F.,(4,4),(2,2),(4.,5.),(0.,1.),
  .PIECEWISE_BEZIER_KNOTS.);
#8445 = CARTESIAN_POINT('',(10.91,0.500927849514,-2.628796231067));
#8446 = CARTESIAN_POINT('',(10.9,0.500927849514,-2.628796231067));
#8447 = CARTESIAN_POINT('',(10.91,0.512087917816,-2.643595452076));
#8448 = CARTESIAN_POINT('',(10.9,0.512087917816,-2.643595452076));
#8449 = CARTESIAN_POINT('',(10.91,0.536591546043,-2.658637283267));
#8450 = CARTESIAN_POINT('',(10.9,0.536591546043,-2.658637283267));
#8451 = CARTESIAN_POINT('',(10.91,0.574074818927,-2.673679114456));
#8452 = CARTESIAN_POINT('',(10.9,0.574074818927,-2.673679114456));
#8453 = ADVANCED_FACE('',(#8454),#8473,.F.);
#8454 = FACE_BOUND('',#8455,.F.);
#8455 = EDGE_LOOP('',(#8456,#8457,#8466,#8472));
#8456 = ORIENTED_EDGE('',*,*,#8438,.F.);
#8457 = ORIENTED_EDGE('',*,*,#8458,.T.);
#8458 = EDGE_CURVE('',#8430,#8459,#8461,.T.);
#8459 = VERTEX_POINT('',#8460);
#8460 = CARTESIAN_POINT('',(10.91,0.636304330217,-2.704005387016));
#8461 = B_SPLINE_CURVE_WITH_KNOTS('',3,(#8462,#8463,#8464,#8465),
  .UNSPECIFIED.,.F.,.F.,(4,4),(3.,4.),.PIECEWISE_BEZIER_KNOTS.);
#8462 = CARTESIAN_POINT('',(10.91,0.574074818927,-2.673679114456));
#8463 = CARTESIAN_POINT('',(10.91,0.605371532208,-2.685324403118));
#8464 = CARTESIAN_POINT('',(10.91,0.626114702638,-2.695514030699));
#8465 = CARTESIAN_POINT('',(10.91,0.636304330217,-2.704005387016));
#8466 = ORIENTED_EDGE('',*,*,#8467,.T.);
#8467 = EDGE_CURVE('',#8459,#1999,#8468,.T.);
#8468 = LINE('',#8469,#8470);
#8469 = CARTESIAN_POINT('',(10.91,0.636304330217,-2.704005387016));
#8470 = VECTOR('',#8471,1.);
#8471 = DIRECTION('',(-1.,-1.27553196763E-16,-3.10696741966E-15));
#8472 = ORIENTED_EDGE('',*,*,#2007,.F.);
#8473 = B_SPLINE_SURFACE_WITH_KNOTS('',3,1,(
    (#8474,#8475)
    ,(#8476,#8477)
    ,(#8478,#8479)
    ,(#8480,#8481
    )),.UNSPECIFIED.,.F.,.F.,.F.,(4,4),(2,2),(3.,4.),(0.,1.),
  .PIECEWISE_BEZIER_KNOTS.);
#8474 = CARTESIAN_POINT('',(10.91,0.574074818927,-2.673679114456));
#8475 = CARTESIAN_POINT('',(10.9,0.574074818927,-2.673679114456));
#8476 = CARTESIAN_POINT('',(10.91,0.605371532208,-2.685324403118));
#8477 = CARTESIAN_POINT('',(10.9,0.605371532208,-2.685324403118));
#8478 = CARTESIAN_POINT('',(10.91,0.626114702638,-2.695514030699));
#8479 = CARTESIAN_POINT('',(10.9,0.626114702638,-2.695514030699));
#8480 = CARTESIAN_POINT('',(10.91,0.636304330217,-2.704005387016));
#8481 = CARTESIAN_POINT('',(10.9,0.636304330217,-2.704005387016));
#8482 = ADVANCED_FACE('',(#8483),#8502,.F.);
#8483 = FACE_BOUND('',#8484,.F.);
#8484 = EDGE_LOOP('',(#8485,#8486,#8495,#8501));
#8485 = ORIENTED_EDGE('',*,*,#8467,.F.);
#8486 = ORIENTED_EDGE('',*,*,#8487,.T.);
#8487 = EDGE_CURVE('',#8459,#8488,#8490,.T.);
#8488 = VERTEX_POINT('',#8489);
#8489 = CARTESIAN_POINT('',(10.91,0.651588771588,-2.736272541018));
#8490 = B_SPLINE_CURVE_WITH_KNOTS('',3,(#8491,#8492,#8493,#8494),
  .UNSPECIFIED.,.F.,.F.,(4,4),(2.,3.),.PIECEWISE_BEZIER_KNOTS.);
#8491 = CARTESIAN_POINT('',(10.91,0.636304330217,-2.704005387016));
#8492 = CARTESIAN_POINT('',(10.91,0.646493957799,-2.712496743333));
#8493 = CARTESIAN_POINT('',(10.91,0.651588771588,-2.723171591271));
#8494 = CARTESIAN_POINT('',(10.91,0.651588771588,-2.736272541018));
#8495 = ORIENTED_EDGE('',*,*,#8496,.T.);
#8496 = EDGE_CURVE('',#8488,#1990,#8497,.T.);
#8497 = LINE('',#8498,#8499);
#8498 = CARTESIAN_POINT('',(10.91,0.651588771588,-2.736272541018));
#8499 = VECTOR('',#8500,1.);
#8500 = DIRECTION('',(-1.,-1.27553196763E-16,-3.10696741966E-15));
#8501 = ORIENTED_EDGE('',*,*,#1998,.F.);
#8502 = B_SPLINE_SURFACE_WITH_KNOTS('',3,1,(
    (#8503,#8504)
    ,(#8505,#8506)
    ,(#8507,#8508)
    ,(#8509,#8510
    )),.UNSPECIFIED.,.F.,.F.,.F.,(4,4),(2,2),(2.,3.),(0.,1.),
  .PIECEWISE_BEZIER_KNOTS.);
#8503 = CARTESIAN_POINT('',(10.91,0.636304330217,-2.704005387016));
#8504 = CARTESIAN_POINT('',(10.9,0.636304330217,-2.704005387016));
#8505 = CARTESIAN_POINT('',(10.91,0.646493957799,-2.712496743333));
#8506 = CARTESIAN_POINT('',(10.9,0.646493957799,-2.712496743333));
#8507 = CARTESIAN_POINT('',(10.91,0.651588771588,-2.723171591271));
#8508 = CARTESIAN_POINT('',(10.9,0.651588771588,-2.723171591271));
#8509 = CARTESIAN_POINT('',(10.91,0.651588771588,-2.736272541018));
#8510 = CARTESIAN_POINT('',(10.9,0.651588771588,-2.736272541018));
#8511 = ADVANCED_FACE('',(#8512),#8524,.F.);
#8512 = FACE_BOUND('',#8513,.F.);
#8513 = EDGE_LOOP('',(#8514,#8515,#8522,#8523));
#8514 = ORIENTED_EDGE('',*,*,#8496,.F.);
#8515 = ORIENTED_EDGE('',*,*,#8516,.T.);
#8516 = EDGE_CURVE('',#8488,#7939,#8517,.T.);
#8517 = B_SPLINE_CURVE_WITH_KNOTS('',3,(#8518,#8519,#8520,#8521),
  .UNSPECIFIED.,.F.,.F.,(4,4),(1.,2.),.PIECEWISE_BEZIER_KNOTS.);
#8518 = CARTESIAN_POINT('',(10.91,0.651588771588,-2.736272541018));
#8519 = CARTESIAN_POINT('',(10.91,0.651588771588,-2.766841423758));
#8520 = CARTESIAN_POINT('',(10.91,0.628176889173,-2.782125865127));
#8521 = CARTESIAN_POINT('',(10.91,0.581474429431,-2.782125865127));
#8522 = ORIENTED_EDGE('',*,*,#7938,.T.);
#8523 = ORIENTED_EDGE('',*,*,#1989,.F.);
#8524 = B_SPLINE_SURFACE_WITH_KNOTS('',3,1,(
    (#8525,#8526)
    ,(#8527,#8528)
    ,(#8529,#8530)
    ,(#8531,#8532
    )),.UNSPECIFIED.,.F.,.F.,.F.,(4,4),(2,2),(1.,2.),(0.,1.),
  .PIECEWISE_BEZIER_KNOTS.);
#8525 = CARTESIAN_POINT('',(10.91,0.651588771588,-2.736272541018));
#8526 = CARTESIAN_POINT('',(10.9,0.651588771588,-2.736272541018));
#8527 = CARTESIAN_POINT('',(10.91,0.651588771588,-2.766841423758));
#8528 = CARTESIAN_POINT('',(10.9,0.651588771588,-2.766841423758));
#8529 = CARTESIAN_POINT('',(10.91,0.628176889173,-2.782125865127));
#8530 = CARTESIAN_POINT('',(10.9,0.628176889173,-2.782125865127));
#8531 = CARTESIAN_POINT('',(10.91,0.581474429431,-2.782125865127));
#8532 = CARTESIAN_POINT('',(10.9,0.581474429431,-2.782125865127));
#8533 = ADVANCED_FACE('',(#8534),#8557,.F.);
#8534 = FACE_BOUND('',#8535,.T.);
#8535 = EDGE_LOOP('',(#8536,#8537,#8538,#8539,#8540,#8541,#8542,#8543,
    #8544,#8545,#8546,#8547,#8548,#8549,#8550,#8551,#8552,#8553,#8554,
    #8555,#8556));
#8536 = ORIENTED_EDGE('',*,*,#7946,.T.);
#8537 = ORIENTED_EDGE('',*,*,#7983,.T.);
#8538 = ORIENTED_EDGE('',*,*,#7999,.T.);
#8539 = ORIENTED_EDGE('',*,*,#8028,.T.);
#8540 = ORIENTED_EDGE('',*,*,#8057,.T.);
#8541 = ORIENTED_EDGE('',*,*,#8086,.T.);
#8542 = ORIENTED_EDGE('',*,*,#8115,.T.);
#8543 = ORIENTED_EDGE('',*,*,#8144,.T.);
#8544 = ORIENTED_EDGE('',*,*,#8173,.T.);
#8545 = ORIENTED_EDGE('',*,*,#8202,.T.);
#8546 = ORIENTED_EDGE('',*,*,#8231,.T.);
#8547 = ORIENTED_EDGE('',*,*,#8260,.T.);
#8548 = ORIENTED_EDGE('',*,*,#8297,.T.);
#8549 = ORIENTED_EDGE('',*,*,#8313,.T.);
#8550 = ORIENTED_EDGE('',*,*,#8342,.T.);
#8551 = ORIENTED_EDGE('',*,*,#8371,.T.);
#8552 = ORIENTED_EDGE('',*,*,#8400,.T.);
#8553 = ORIENTED_EDGE('',*,*,#8429,.T.);
#8554 = ORIENTED_EDGE('',*,*,#8458,.T.);
#8555 = ORIENTED_EDGE('',*,*,#8487,.T.);
#8556 = ORIENTED_EDGE('',*,*,#8516,.T.);
#8557 = PLANE('',#8558);
#8558 = AXIS2_PLACEMENT_3D('',#8559,#8560,#8561);
#8559 = CARTESIAN_POINT('',(10.91,0.530859880529,-2.773937771536));
#8560 = DIRECTION('',(-1.,0.,0.));
#8561 = DIRECTION('',(0.,0.,1.));
#8562 = ADVANCED_FACE('',(#8563),#8588,.F.);
#8563 = FACE_BOUND('',#8564,.T.);
#8564 = EDGE_LOOP('',(#8565,#8566,#8574,#8582));
#8565 = ORIENTED_EDGE('',*,*,#1172,.T.);
#8566 = ORIENTED_EDGE('',*,*,#8567,.F.);
#8567 = EDGE_CURVE('',#8568,#1175,#8570,.T.);
#8568 = VERTEX_POINT('',#8569);
#8569 = CARTESIAN_POINT('',(10.91,1.007255296165,-2.483715343144));
#8570 = LINE('',#8571,#8572);
#8571 = CARTESIAN_POINT('',(10.91,1.007255296165,-2.483715343144));
#8572 = VECTOR('',#8573,1.);
#8573 = DIRECTION('',(-1.,-1.27553196763E-16,-3.10696741966E-15));
#8574 = ORIENTED_EDGE('',*,*,#8575,.F.);
#8575 = EDGE_CURVE('',#8576,#8568,#8578,.T.);
#8576 = VERTEX_POINT('',#8577);
#8577 = CARTESIAN_POINT('',(10.91,1.068878282003,-2.483715343144));
#8578 = LINE('',#8579,#8580);
#8579 = CARTESIAN_POINT('',(10.91,1.007255296165,-2.483715343144));
#8580 = VECTOR('',#8581,1.);
#8581 = DIRECTION('',(-0.,-1.,-7.037647772109E-15));
#8582 = ORIENTED_EDGE('',*,*,#8583,.T.);
#8583 = EDGE_CURVE('',#8576,#1173,#8584,.T.);
#8584 = LINE('',#8585,#8586);
#8585 = CARTESIAN_POINT('',(10.91,1.068878282003,-2.483715343144));
#8586 = VECTOR('',#8587,1.);
#8587 = DIRECTION('',(-1.,-1.27553196763E-16,-3.10696741966E-15));
#8588 = PLANE('',#8589);
#8589 = AXIS2_PLACEMENT_3D('',#8590,#8591,#8592);
#8590 = CARTESIAN_POINT('',(10.91,1.007255296165,-2.483715343144));
#8591 = DIRECTION('',(3.10696741966E-15,7.037647772109E-15,-1.));
#8592 = DIRECTION('',(0.,1.,7.037647772109E-15));
#8593 = ADVANCED_FACE('',(#8594),#8612,.F.);
#8594 = FACE_BOUND('',#8595,.T.);
#8595 = EDGE_LOOP('',(#8596,#8597,#8605,#8611));
#8596 = ORIENTED_EDGE('',*,*,#1291,.T.);
#8597 = ORIENTED_EDGE('',*,*,#8598,.F.);
#8598 = EDGE_CURVE('',#8599,#1283,#8601,.T.);
#8599 = VERTEX_POINT('',#8600);
#8600 = CARTESIAN_POINT('',(10.91,0.914699512313,-2.738941253003));
#8601 = LINE('',#8602,#8603);
#8602 = CARTESIAN_POINT('',(10.91,0.914699512313,-2.738941253003));
#8603 = VECTOR('',#8604,1.);
#8604 = DIRECTION('',(-1.,-1.27553196763E-16,-3.10696741966E-15));
#8605 = ORIENTED_EDGE('',*,*,#8606,.F.);
#8606 = EDGE_CURVE('',#8568,#8599,#8607,.T.);
#8607 = LINE('',#8608,#8609);
#8608 = CARTESIAN_POINT('',(10.91,0.914699512313,-2.738941253003));
#8609 = VECTOR('',#8610,1.);
#8610 = DIRECTION('',(-0.,-0.340917796219,-0.9400931104));
#8611 = ORIENTED_EDGE('',*,*,#8567,.T.);
#8612 = PLANE('',#8613);
#8613 = AXIS2_PLACEMENT_3D('',#8614,#8615,#8616);
#8614 = CARTESIAN_POINT('',(10.91,0.914699512313,-2.738941253003));
#8615 = DIRECTION('',(9.393086041475E-16,0.9400931104,-0.340917796219));
#8616 = DIRECTION('',(0.,0.340917796219,0.9400931104));
#8617 = ADVANCED_FACE('',(#8618),#8637,.F.);
#8618 = FACE_BOUND('',#8619,.F.);
#8619 = EDGE_LOOP('',(#8620,#8621,#8630,#8636));
#8620 = ORIENTED_EDGE('',*,*,#8598,.F.);
#8621 = ORIENTED_EDGE('',*,*,#8622,.T.);
#8622 = EDGE_CURVE('',#8599,#8623,#8625,.T.);
#8623 = VERTEX_POINT('',#8624);
#8624 = CARTESIAN_POINT('',(10.91,0.907421206897,-2.766356203398));
#8625 = B_SPLINE_CURVE_WITH_KNOTS('',3,(#8626,#8627,#8628,#8629),
  .UNSPECIFIED.,.F.,.F.,(4,4),(12.,13.),.PIECEWISE_BEZIER_KNOTS.);
#8626 = CARTESIAN_POINT('',(10.91,0.914699512313,-2.738941253003));
#8627 = CARTESIAN_POINT('',(10.91,0.911060359606,-2.750829151846));
#8628 = CARTESIAN_POINT('',(10.91,0.908634257798,-2.760048338703));
#8629 = CARTESIAN_POINT('',(10.91,0.907421206897,-2.766356203398));
#8630 = ORIENTED_EDGE('',*,*,#8631,.T.);
#8631 = EDGE_CURVE('',#8623,#1275,#8632,.T.);
#8632 = LINE('',#8633,#8634);
#8633 = CARTESIAN_POINT('',(10.91,0.907421206897,-2.766356203398));
#8634 = VECTOR('',#8635,1.);
#8635 = DIRECTION('',(-1.,-1.27553196763E-16,-3.10696741966E-15));
#8636 = ORIENTED_EDGE('',*,*,#1282,.F.);
#8637 = B_SPLINE_SURFACE_WITH_KNOTS('',3,1,(
    (#8638,#8639)
    ,(#8640,#8641)
    ,(#8642,#8643)
    ,(#8644,#8645
    )),.UNSPECIFIED.,.F.,.F.,.F.,(4,4),(2,2),(12.,13.),(0.,1.),
  .PIECEWISE_BEZIER_KNOTS.);
#8638 = CARTESIAN_POINT('',(10.91,0.914699512313,-2.738941253003));
#8639 = CARTESIAN_POINT('',(10.9,0.914699512313,-2.738941253003));
#8640 = CARTESIAN_POINT('',(10.91,0.911060359606,-2.750829151846));
#8641 = CARTESIAN_POINT('',(10.9,0.911060359606,-2.750829151846));
#8642 = CARTESIAN_POINT('',(10.91,0.908634257798,-2.760048338703));
#8643 = CARTESIAN_POINT('',(10.9,0.908634257798,-2.760048338703));
#8644 = CARTESIAN_POINT('',(10.91,0.907421206897,-2.766356203398));
#8645 = CARTESIAN_POINT('',(10.9,0.907421206897,-2.766356203398));
#8646 = ADVANCED_FACE('',(#8647),#8665,.F.);
#8647 = FACE_BOUND('',#8648,.T.);
#8648 = EDGE_LOOP('',(#8649,#8650,#8658,#8664));
#8649 = ORIENTED_EDGE('',*,*,#1274,.T.);
#8650 = ORIENTED_EDGE('',*,*,#8651,.F.);
#8651 = EDGE_CURVE('',#8652,#1267,#8654,.T.);
#8652 = VERTEX_POINT('',#8653);
#8653 = CARTESIAN_POINT('',(10.91,0.905844240726,-2.766356203398));
#8654 = LINE('',#8655,#8656);
#8655 = CARTESIAN_POINT('',(10.91,0.905844240726,-2.766356203398));
#8656 = VECTOR('',#8657,1.);
#8657 = DIRECTION('',(-1.,-1.27553196763E-16,-3.10696741966E-15));
#8658 = ORIENTED_EDGE('',*,*,#8659,.F.);
#8659 = EDGE_CURVE('',#8623,#8652,#8660,.T.);
#8660 = LINE('',#8661,#8662);
#8661 = CARTESIAN_POINT('',(10.91,0.905844240726,-2.766356203398));
#8662 = VECTOR('',#8663,1.);
#8663 = DIRECTION('',(-0.,-1.,-0.));
#8664 = ORIENTED_EDGE('',*,*,#8631,.T.);
#8665 = PLANE('',#8666);
#8666 = AXIS2_PLACEMENT_3D('',#8667,#8668,#8669);
#8667 = CARTESIAN_POINT('',(10.91,0.905844240726,-2.766356203398));
#8668 = DIRECTION('',(3.10696741966E-15,0.,-1.));
#8669 = DIRECTION('',(-1.,0.,-3.10696741966E-15));
#8670 = ADVANCED_FACE('',(#8671),#8689,.F.);
#8671 = FACE_BOUND('',#8672,.T.);
#8672 = EDGE_LOOP('',(#8673,#8674,#8682,#8688));
#8673 = ORIENTED_EDGE('',*,*,#1266,.T.);
#8674 = ORIENTED_EDGE('',*,*,#8675,.F.);
#8675 = EDGE_CURVE('',#8676,#1259,#8678,.T.);
#8676 = VERTEX_POINT('',#8677);
#8677 = CARTESIAN_POINT('',(10.91,0.89856593531,-2.738456032643));
#8678 = LINE('',#8679,#8680);
#8679 = CARTESIAN_POINT('',(10.91,0.89856593531,-2.738456032643));
#8680 = VECTOR('',#8681,1.);
#8681 = DIRECTION('',(-1.,-1.27553196763E-16,-3.10696741966E-15));
#8682 = ORIENTED_EDGE('',*,*,#8683,.F.);
#8683 = EDGE_CURVE('',#8652,#8676,#8684,.T.);
#8684 = LINE('',#8685,#8686);
#8685 = CARTESIAN_POINT('',(10.91,0.89856593531,-2.738456032643));
#8686 = VECTOR('',#8687,1.);
#8687 = DIRECTION('',(-0.,-0.252421897188,0.967617272386));
#8688 = ORIENTED_EDGE('',*,*,#8651,.T.);
#8689 = PLANE('',#8690);
#8690 = AXIS2_PLACEMENT_3D('',#8691,#8692,#8693);
#8691 = CARTESIAN_POINT('',(10.91,0.89856593531,-2.738456032643));
#8692 = DIRECTION('',(9.076892869074E-16,-0.967617272386,-0.252421897188
    ));
#8693 = DIRECTION('',(0.,0.252421897188,-0.967617272386));
#8694 = ADVANCED_FACE('',(#8695),#8713,.F.);
#8695 = FACE_BOUND('',#8696,.T.);
#8696 = EDGE_LOOP('',(#8697,#8698,#8706,#8712));
#8697 = ORIENTED_EDGE('',*,*,#1258,.T.);
#8698 = ORIENTED_EDGE('',*,*,#8699,.F.);
#8699 = EDGE_CURVE('',#8700,#1251,#8702,.T.);
#8700 = VERTEX_POINT('',#8701);
#8701 = CARTESIAN_POINT('',(10.91,0.810013219438,-2.483715343144));
#8702 = LINE('',#8703,#8704);
#8703 = CARTESIAN_POINT('',(10.91,0.810013219438,-2.483715343144));
#8704 = VECTOR('',#8705,1.);
#8705 = DIRECTION('',(-1.,-1.27553196763E-16,-3.10696741966E-15));
#8706 = ORIENTED_EDGE('',*,*,#8707,.F.);
#8707 = EDGE_CURVE('',#8676,#8700,#8708,.T.);
#8708 = LINE('',#8709,#8710);
#8709 = CARTESIAN_POINT('',(10.91,0.810013219438,-2.483715343144));
#8710 = VECTOR('',#8711,1.);
#8711 = DIRECTION('',(-0.,-0.328346164813,0.944557460429));
#8712 = ORIENTED_EDGE('',*,*,#8675,.T.);
#8713 = PLANE('',#8714);
#8714 = AXIS2_PLACEMENT_3D('',#8715,#8716,#8717);
#8715 = CARTESIAN_POINT('',(10.91,0.810013219438,-2.483715343144));
#8716 = DIRECTION('',(1.140642160047E-15,-0.944557460429,-0.328346164813
    ));
#8717 = DIRECTION('',(0.,0.328346164813,-0.944557460429));
#8718 = ADVANCED_FACE('',(#8719),#8737,.F.);
#8719 = FACE_BOUND('',#8720,.T.);
#8720 = EDGE_LOOP('',(#8721,#8722,#8730,#8736));
#8721 = ORIENTED_EDGE('',*,*,#1250,.T.);
#8722 = ORIENTED_EDGE('',*,*,#8723,.F.);
#8723 = EDGE_CURVE('',#8724,#1243,#8726,.T.);
#8724 = VERTEX_POINT('',#8725);
#8725 = CARTESIAN_POINT('',(10.91,0.743538029988,-2.483715343144));
#8726 = LINE('',#8727,#8728);
#8727 = CARTESIAN_POINT('',(10.91,0.743538029988,-2.483715343144));
#8728 = VECTOR('',#8729,1.);
#8729 = DIRECTION('',(-1.,-1.27553196763E-16,-3.10696741966E-15));
#8730 = ORIENTED_EDGE('',*,*,#8731,.F.);
#8731 = EDGE_CURVE('',#8700,#8724,#8732,.T.);
#8732 = LINE('',#8733,#8734);
#8733 = CARTESIAN_POINT('',(10.91,0.743538029988,-2.483715343144));
#8734 = VECTOR('',#8735,1.);
#8735 = DIRECTION('',(-0.,-1.,-6.523950854169E-15));
#8736 = ORIENTED_EDGE('',*,*,#8699,.T.);
#8737 = PLANE('',#8738);
#8738 = AXIS2_PLACEMENT_3D('',#8739,#8740,#8741);
#8739 = CARTESIAN_POINT('',(10.91,0.743538029988,-2.483715343144));
#8740 = DIRECTION('',(3.10696741966E-15,6.523950854169E-15,-1.));
#8741 = DIRECTION('',(0.,1.,6.523950854169E-15));
#8742 = ADVANCED_FACE('',(#8743),#8761,.F.);
#8743 = FACE_BOUND('',#8744,.T.);
#8744 = EDGE_LOOP('',(#8745,#8746,#8754,#8760));
#8745 = ORIENTED_EDGE('',*,*,#1242,.T.);
#8746 = ORIENTED_EDGE('',*,*,#8747,.F.);
#8747 = EDGE_CURVE('',#8748,#1235,#8750,.T.);
#8748 = VERTEX_POINT('',#8749);
#8749 = CARTESIAN_POINT('',(10.91,0.876488408888,-2.821913934725));
#8750 = LINE('',#8751,#8752);
#8751 = CARTESIAN_POINT('',(10.91,0.876488408888,-2.821913934725));
#8752 = VECTOR('',#8753,1.);
#8753 = DIRECTION('',(-1.,-1.27553196763E-16,-3.10696741966E-15));
#8754 = ORIENTED_EDGE('',*,*,#8755,.F.);
#8755 = EDGE_CURVE('',#8724,#8748,#8756,.T.);
#8756 = LINE('',#8757,#8758);
#8757 = CARTESIAN_POINT('',(10.91,0.876488408888,-2.821913934725));
#8758 = VECTOR('',#8759,1.);
#8759 = DIRECTION('',(-0.,0.365858921669,-0.930670322636));
#8760 = ORIENTED_EDGE('',*,*,#8723,.T.);
#8761 = PLANE('',#8762);
#8762 = AXIS2_PLACEMENT_3D('',#8763,#8764,#8765);
#8763 = CARTESIAN_POINT('',(10.91,0.876488408888,-2.821913934725));
#8764 = DIRECTION('',(-1.255421724603E-15,0.930670322636,0.365858921669)
  );
#8765 = DIRECTION('',(0.,-0.365858921669,0.930670322636));
#8766 = ADVANCED_FACE('',(#8767),#8785,.F.);
#8767 = FACE_BOUND('',#8768,.T.);
#8768 = EDGE_LOOP('',(#8769,#8770,#8778,#8784));
#8769 = ORIENTED_EDGE('',*,*,#1234,.T.);
#8770 = ORIENTED_EDGE('',*,*,#8771,.F.);
#8771 = EDGE_CURVE('',#8772,#1226,#8774,.T.);
#8772 = VERTEX_POINT('',#8773);
#8773 = CARTESIAN_POINT('',(10.91,0.850407814486,-2.883536920566));
#8774 = LINE('',#8775,#8776);
#8775 = CARTESIAN_POINT('',(10.91,0.850407814486,-2.883536920566));
#8776 = VECTOR('',#8777,1.);
#8777 = DIRECTION('',(-1.,-1.27553196763E-16,-3.10696741966E-15));
#8778 = ORIENTED_EDGE('',*,*,#8779,.F.);
#8779 = EDGE_CURVE('',#8748,#8772,#8780,.T.);
#8780 = LINE('',#8781,#8782);
#8781 = CARTESIAN_POINT('',(10.91,0.850407814486,-2.883536920566));
#8782 = VECTOR('',#8783,1.);
#8783 = DIRECTION('',(-0.,-0.389758265065,-0.920917203017));
#8784 = ORIENTED_EDGE('',*,*,#8747,.T.);
#8785 = PLANE('',#8786);
#8786 = AXIS2_PLACEMENT_3D('',#8787,#8788,#8789);
#8787 = CARTESIAN_POINT('',(10.91,0.850407814486,-2.883536920566));
#8788 = DIRECTION('',(1.093500297903E-15,0.920917203017,-0.389758265065)
  );
#8789 = DIRECTION('',(-9.860761315263E-32,0.389758265065,0.920917203017)
  );
#8790 = ADVANCED_FACE('',(#8791),#8810,.F.);
#8791 = FACE_BOUND('',#8792,.F.);
#8792 = EDGE_LOOP('',(#8793,#8794,#8803,#8809));
#8793 = ORIENTED_EDGE('',*,*,#8771,.F.);
#8794 = ORIENTED_EDGE('',*,*,#8795,.T.);
#8795 = EDGE_CURVE('',#8772,#8796,#8798,.T.);
#8796 = VERTEX_POINT('',#8797);
#8797 = CARTESIAN_POINT('',(10.91,0.789512659187,-2.93133112612));
#8798 = B_SPLINE_CURVE_WITH_KNOTS('',3,(#8799,#8800,#8801,#8802),
  .UNSPECIFIED.,.F.,.F.,(4,4),(5.,6.),.PIECEWISE_BEZIER_KNOTS.);
#8799 = CARTESIAN_POINT('',(10.91,0.850407814486,-2.883536920566));
#8800 = CARTESIAN_POINT('',(10.91,0.83694294947,-2.915561464388));
#8801 = CARTESIAN_POINT('',(10.91,0.816684999401,-2.93133112612));
#8802 = CARTESIAN_POINT('',(10.91,0.789512659187,-2.93133112612));
#8803 = ORIENTED_EDGE('',*,*,#8804,.T.);
#8804 = EDGE_CURVE('',#8796,#1217,#8805,.T.);
#8805 = LINE('',#8806,#8807);
#8806 = CARTESIAN_POINT('',(10.91,0.789512659187,-2.93133112612));
#8807 = VECTOR('',#8808,1.);
#8808 = DIRECTION('',(-1.,-1.27553196763E-16,-3.10696741966E-15));
#8809 = ORIENTED_EDGE('',*,*,#1225,.F.);
#8810 = B_SPLINE_SURFACE_WITH_KNOTS('',3,1,(
    (#8811,#8812)
    ,(#8813,#8814)
    ,(#8815,#8816)
    ,(#8817,#8818
    )),.UNSPECIFIED.,.F.,.F.,.F.,(4,4),(2,2),(5.,6.),(0.,1.),
  .PIECEWISE_BEZIER_KNOTS.);
#8811 = CARTESIAN_POINT('',(10.91,0.850407814486,-2.883536920566));
#8812 = CARTESIAN_POINT('',(10.9,0.850407814486,-2.883536920566));
#8813 = CARTESIAN_POINT('',(10.91,0.83694294947,-2.915561464388));
#8814 = CARTESIAN_POINT('',(10.9,0.83694294947,-2.915561464388));
#8815 = CARTESIAN_POINT('',(10.91,0.816684999401,-2.93133112612));
#8816 = CARTESIAN_POINT('',(10.9,0.816684999401,-2.93133112612));
#8817 = CARTESIAN_POINT('',(10.91,0.789512659187,-2.93133112612));
#8818 = CARTESIAN_POINT('',(10.9,0.789512659187,-2.93133112612));
#8819 = ADVANCED_FACE('',(#8820),#8839,.F.);
#8820 = FACE_BOUND('',#8821,.F.);
#8821 = EDGE_LOOP('',(#8822,#8823,#8832,#8838));
#8822 = ORIENTED_EDGE('',*,*,#8804,.F.);
#8823 = ORIENTED_EDGE('',*,*,#8824,.T.);
#8824 = EDGE_CURVE('',#8796,#8825,#8827,.T.);
#8825 = VERTEX_POINT('',#8826);
#8826 = CARTESIAN_POINT('',(10.91,0.755789844102,-2.924538041065));
#8827 = B_SPLINE_CURVE_WITH_KNOTS('',3,(#8828,#8829,#8830,#8831),
  .UNSPECIFIED.,.F.,.F.,(4,4),(4.,5.),.PIECEWISE_BEZIER_KNOTS.);
#8828 = CARTESIAN_POINT('',(10.91,0.789512659187,-2.93133112612));
#8829 = CARTESIAN_POINT('',(10.91,0.778595201067,-2.93133112612));
#8830 = CARTESIAN_POINT('',(10.91,0.767435132764,-2.929147634495));
#8831 = CARTESIAN_POINT('',(10.91,0.755789844102,-2.924538041065));
#8832 = ORIENTED_EDGE('',*,*,#8833,.T.);
#8833 = EDGE_CURVE('',#8825,#1209,#8834,.T.);
#8834 = LINE('',#8835,#8836);
#8835 = CARTESIAN_POINT('',(10.91,0.755789844102,-2.924538041065));
#8836 = VECTOR('',#8837,1.);
#8837 = DIRECTION('',(-1.,-1.27553196763E-16,-3.10696741966E-15));
#8838 = ORIENTED_EDGE('',*,*,#1216,.F.);
#8839 = B_SPLINE_SURFACE_WITH_KNOTS('',3,1,(
    (#8840,#8841)
    ,(#8842,#8843)
    ,(#8844,#8845)
    ,(#8846,#8847
    )),.UNSPECIFIED.,.F.,.F.,.F.,(4,4),(2,2),(4.,5.),(0.,1.),
  .PIECEWISE_BEZIER_KNOTS.);
#8840 = CARTESIAN_POINT('',(10.91,0.789512659187,-2.93133112612));
#8841 = CARTESIAN_POINT('',(10.9,0.789512659187,-2.93133112612));
#8842 = CARTESIAN_POINT('',(10.91,0.778595201067,-2.93133112612));
#8843 = CARTESIAN_POINT('',(10.9,0.778595201067,-2.93133112612));
#8844 = CARTESIAN_POINT('',(10.91,0.767435132764,-2.929147634495));
#8845 = CARTESIAN_POINT('',(10.9,0.767435132764,-2.929147634495));
#8846 = CARTESIAN_POINT('',(10.91,0.755789844102,-2.924538041065));
#8847 = CARTESIAN_POINT('',(10.9,0.755789844102,-2.924538041065));
#8848 = ADVANCED_FACE('',(#8849),#8867,.F.);
#8849 = FACE_BOUND('',#8850,.T.);
#8850 = EDGE_LOOP('',(#8851,#8852,#8860,#8866));
#8851 = ORIENTED_EDGE('',*,*,#1208,.T.);
#8852 = ORIENTED_EDGE('',*,*,#8853,.F.);
#8853 = EDGE_CURVE('',#8854,#1200,#8856,.T.);
#8854 = VERTEX_POINT('',#8855);
#8855 = CARTESIAN_POINT('',(10.91,0.755789844102,-2.977427060409));
#8856 = LINE('',#8857,#8858);
#8857 = CARTESIAN_POINT('',(10.91,0.755789844102,-2.977427060409));
#8858 = VECTOR('',#8859,1.);
#8859 = DIRECTION('',(-1.,-1.27553196763E-16,-3.10696741966E-15));
#8860 = ORIENTED_EDGE('',*,*,#8861,.F.);
#8861 = EDGE_CURVE('',#8825,#8854,#8862,.T.);
#8862 = LINE('',#8863,#8864);
#8863 = CARTESIAN_POINT('',(10.91,0.755789844102,-2.977427060409));
#8864 = VECTOR('',#8865,1.);
#8865 = DIRECTION('',(-0.,1.639965627531E-14,-1.));
#8866 = ORIENTED_EDGE('',*,*,#8833,.T.);
#8867 = PLANE('',#8868);
#8868 = AXIS2_PLACEMENT_3D('',#8869,#8870,#8871);
#8869 = CARTESIAN_POINT('',(10.91,0.755789844102,-2.977427060409));
#8870 = DIRECTION('',(-1.275531967631E-16,1.,1.639965627531E-14));
#8871 = DIRECTION('',(0.,-1.639965627531E-14,1.));
#8872 = ADVANCED_FACE('',(#8873),#8892,.F.);
#8873 = FACE_BOUND('',#8874,.F.);
#8874 = EDGE_LOOP('',(#8875,#8876,#8885,#8891));
#8875 = ORIENTED_EDGE('',*,*,#8853,.F.);
#8876 = ORIENTED_EDGE('',*,*,#8877,.T.);
#8877 = EDGE_CURVE('',#8854,#8878,#8880,.T.);
#8878 = VERTEX_POINT('',#8879);
#8879 = CARTESIAN_POINT('',(10.91,0.794122252617,-2.98227926402));
#8880 = B_SPLINE_CURVE_WITH_KNOTS('',3,(#8881,#8882,#8883,#8884),
  .UNSPECIFIED.,.F.,.F.,(4,4),(2.,3.),.PIECEWISE_BEZIER_KNOTS.);
#8881 = CARTESIAN_POINT('',(10.91,0.755789844102,-2.977427060409));
#8882 = CARTESIAN_POINT('',(10.91,0.766343386952,-2.980580992755));
#8883 = CARTESIAN_POINT('',(10.91,0.779201726517,-2.98227926402));
#8884 = CARTESIAN_POINT('',(10.91,0.794122252617,-2.98227926402));
#8885 = ORIENTED_EDGE('',*,*,#8886,.T.);
#8886 = EDGE_CURVE('',#8878,#1191,#8887,.T.);
#8887 = LINE('',#8888,#8889);
#8888 = CARTESIAN_POINT('',(10.91,0.794122252617,-2.98227926402));
#8889 = VECTOR('',#8890,1.);
#8890 = DIRECTION('',(-1.,-1.27553196763E-16,-3.10696741966E-15));
#8891 = ORIENTED_EDGE('',*,*,#1199,.F.);
#8892 = B_SPLINE_SURFACE_WITH_KNOTS('',3,1,(
    (#8893,#8894)
    ,(#8895,#8896)
    ,(#8897,#8898)
    ,(#8899,#8900
    )),.UNSPECIFIED.,.F.,.F.,.F.,(4,4),(2,2),(2.,3.),(0.,1.),
  .PIECEWISE_BEZIER_KNOTS.);
#8893 = CARTESIAN_POINT('',(10.91,0.755789844102,-2.977427060409));
#8894 = CARTESIAN_POINT('',(10.9,0.755789844102,-2.977427060409));
#8895 = CARTESIAN_POINT('',(10.91,0.766343386952,-2.980580992755));
#8896 = CARTESIAN_POINT('',(10.9,0.766343386952,-2.980580992755));
#8897 = CARTESIAN_POINT('',(10.91,0.779201726517,-2.98227926402));
#8898 = CARTESIAN_POINT('',(10.9,0.779201726517,-2.98227926402));
#8899 = CARTESIAN_POINT('',(10.91,0.794122252617,-2.98227926402));
#8900 = CARTESIAN_POINT('',(10.9,0.794122252617,-2.98227926402));
#8901 = ADVANCED_FACE('',(#8902),#8921,.F.);
#8902 = FACE_BOUND('',#8903,.F.);
#8903 = EDGE_LOOP('',(#8904,#8905,#8914,#8920));
#8904 = ORIENTED_EDGE('',*,*,#8886,.F.);
#8905 = ORIENTED_EDGE('',*,*,#8906,.T.);
#8906 = EDGE_CURVE('',#8878,#8907,#8909,.T.);
#8907 = VERTEX_POINT('',#8908);
#8908 = CARTESIAN_POINT('',(10.91,0.915063427583,-2.873832513345));
#8909 = B_SPLINE_CURVE_WITH_KNOTS('',3,(#8910,#8911,#8912,#8913),
  .UNSPECIFIED.,.F.,.F.,(4,4),(1.,2.),.PIECEWISE_BEZIER_KNOTS.);
#8910 = CARTESIAN_POINT('',(10.91,0.794122252617,-2.98227926402));
#8911 = CARTESIAN_POINT('',(10.91,0.846162136328,-2.98227926402));
#8912 = CARTESIAN_POINT('',(10.91,0.886435426287,-2.946130347128));
#8913 = CARTESIAN_POINT('',(10.91,0.915063427583,-2.873832513345));
#8914 = ORIENTED_EDGE('',*,*,#8915,.T.);
#8915 = EDGE_CURVE('',#8907,#1183,#8916,.T.);
#8916 = LINE('',#8917,#8918);
#8917 = CARTESIAN_POINT('',(10.91,0.915063427583,-2.873832513345));
#8918 = VECTOR('',#8919,1.);
#8919 = DIRECTION('',(-1.,-1.27553196763E-16,-3.10696741966E-15));
#8920 = ORIENTED_EDGE('',*,*,#1190,.F.);
#8921 = B_SPLINE_SURFACE_WITH_KNOTS('',3,1,(
    (#8922,#8923)
    ,(#8924,#8925)
    ,(#8926,#8927)
    ,(#8928,#8929
    )),.UNSPECIFIED.,.F.,.F.,.F.,(4,4),(2,2),(1.,2.),(0.,1.),
  .PIECEWISE_BEZIER_KNOTS.);
#8922 = CARTESIAN_POINT('',(10.91,0.794122252617,-2.98227926402));
#8923 = CARTESIAN_POINT('',(10.9,0.794122252617,-2.98227926402));
#8924 = CARTESIAN_POINT('',(10.91,0.846162136328,-2.98227926402));
#8925 = CARTESIAN_POINT('',(10.9,0.846162136328,-2.98227926402));
#8926 = CARTESIAN_POINT('',(10.91,0.886435426287,-2.946130347128));
#8927 = CARTESIAN_POINT('',(10.9,0.886435426287,-2.946130347128));
#8928 = CARTESIAN_POINT('',(10.91,0.915063427583,-2.873832513345));
#8929 = CARTESIAN_POINT('',(10.9,0.915063427583,-2.873832513345));
#8930 = ADVANCED_FACE('',(#8931),#8942,.F.);
#8931 = FACE_BOUND('',#8932,.T.);
#8932 = EDGE_LOOP('',(#8933,#8934,#8935,#8941));
#8933 = ORIENTED_EDGE('',*,*,#1182,.T.);
#8934 = ORIENTED_EDGE('',*,*,#8583,.F.);
#8935 = ORIENTED_EDGE('',*,*,#8936,.F.);
#8936 = EDGE_CURVE('',#8907,#8576,#8937,.T.);
#8937 = LINE('',#8938,#8939);
#8938 = CARTESIAN_POINT('',(10.91,1.068878282003,-2.483715343144));
#8939 = VECTOR('',#8940,1.);
#8940 = DIRECTION('',(-0.,0.366797678951,0.930300737781));
#8941 = ORIENTED_EDGE('',*,*,#8915,.T.);
#8942 = PLANE('',#8943);
#8943 = AXIS2_PLACEMENT_3D('',#8944,#8945,#8946);
#8944 = CARTESIAN_POINT('',(10.91,1.068878282003,-2.483715343144));
#8945 = DIRECTION('',(-1.020965605052E-15,-0.930300737781,0.366797678951
    ));
#8946 = DIRECTION('',(9.860761315263E-32,-0.366797678951,-0.930300737781
    ));
#8947 = ADVANCED_FACE('',(#8948),#8965,.T.);
#8948 = FACE_BOUND('',#8949,.T.);
#8949 = EDGE_LOOP('',(#8950,#8951,#8952,#8953,#8954,#8955,#8956,#8957,
    #8958,#8959,#8960,#8961,#8962,#8963,#8964));
#8950 = ORIENTED_EDGE('',*,*,#8575,.T.);
#8951 = ORIENTED_EDGE('',*,*,#8606,.T.);
#8952 = ORIENTED_EDGE('',*,*,#8622,.T.);
#8953 = ORIENTED_EDGE('',*,*,#8659,.T.);
#8954 = ORIENTED_EDGE('',*,*,#8683,.T.);
#8955 = ORIENTED_EDGE('',*,*,#8707,.T.);
#8956 = ORIENTED_EDGE('',*,*,#8731,.T.);
#8957 = ORIENTED_EDGE('',*,*,#8755,.T.);
#8958 = ORIENTED_EDGE('',*,*,#8779,.T.);
#8959 = ORIENTED_EDGE('',*,*,#8795,.T.);
#8960 = ORIENTED_EDGE('',*,*,#8824,.T.);
#8961 = ORIENTED_EDGE('',*,*,#8861,.T.);
#8962 = ORIENTED_EDGE('',*,*,#8877,.T.);
#8963 = ORIENTED_EDGE('',*,*,#8906,.T.);
#8964 = ORIENTED_EDGE('',*,*,#8936,.T.);
#8965 = PLANE('',#8966);
#8966 = AXIS2_PLACEMENT_3D('',#8967,#8968,#8969);
#8967 = CARTESIAN_POINT('',(10.91,0.863372296006,-2.955167576351));
#8968 = DIRECTION('',(1.,-3.341238381254E-14,3.722453498583E-14));
#8969 = DIRECTION('',(3.722453498583E-14,0.,-1.));
#8970 = ADVANCED_FACE('',(#8971),#8996,.F.);
#8971 = FACE_BOUND('',#8972,.T.);
#8972 = EDGE_LOOP('',(#8973,#8974,#8982,#8990));
#8973 = ORIENTED_EDGE('',*,*,#2167,.T.);
#8974 = ORIENTED_EDGE('',*,*,#8975,.F.);
#8975 = EDGE_CURVE('',#8976,#2170,#8978,.T.);
#8976 = VERTEX_POINT('',#8977);
#8977 = CARTESIAN_POINT('',(10.91,1.388153279508,-2.76853969502));
#8978 = LINE('',#8979,#8980);
#8979 = CARTESIAN_POINT('',(10.91,1.388153279508,-2.76853969502));
#8980 = VECTOR('',#8981,1.);
#8981 = DIRECTION('',(-1.,-1.27553196763E-16,-3.10696741966E-15));
#8982 = ORIENTED_EDGE('',*,*,#8983,.F.);
#8983 = EDGE_CURVE('',#8984,#8976,#8986,.T.);
#8984 = VERTEX_POINT('',#8985);
#8985 = CARTESIAN_POINT('',(10.91,1.388153279508,-2.822641765265));
#8986 = LINE('',#8987,#8988);
#8987 = CARTESIAN_POINT('',(10.91,1.388153279508,-2.76853969502));
#8988 = VECTOR('',#8989,1.);
#8989 = DIRECTION('',(-0.,-0.,1.));
#8990 = ORIENTED_EDGE('',*,*,#8991,.T.);
#8991 = EDGE_CURVE('',#8984,#2168,#8992,.T.);
#8992 = LINE('',#8993,#8994);
#8993 = CARTESIAN_POINT('',(10.91,1.388153279508,-2.822641765265));
#8994 = VECTOR('',#8995,1.);
#8995 = DIRECTION('',(-1.,-1.27553196763E-16,-3.10696741966E-15));
#8996 = PLANE('',#8997);
#8997 = AXIS2_PLACEMENT_3D('',#8998,#8999,#9000);
#8998 = CARTESIAN_POINT('',(10.91,1.388153279508,-2.76853969502));
#8999 = DIRECTION('',(1.27553196763E-16,-1.,0.));
#9000 = DIRECTION('',(1.,1.27553196763E-16,0.));
#9001 = ADVANCED_FACE('',(#9002),#9020,.F.);
#9002 = FACE_BOUND('',#9003,.T.);
#9003 = EDGE_LOOP('',(#9004,#9005,#9013,#9019));
#9004 = ORIENTED_EDGE('',*,*,#2257,.T.);
#9005 = ORIENTED_EDGE('',*,*,#9006,.F.);
#9006 = EDGE_CURVE('',#9007,#2250,#9009,.T.);
#9007 = VERTEX_POINT('',#9008);
#9008 = CARTESIAN_POINT('',(10.91,1.19418644022,-2.76853969502));
#9009 = LINE('',#9010,#9011);
#9010 = CARTESIAN_POINT('',(10.91,1.19418644022,-2.76853969502));
#9011 = VECTOR('',#9012,1.);
#9012 = DIRECTION('',(-1.,-1.27553196763E-16,-3.10696741966E-15));
#9013 = ORIENTED_EDGE('',*,*,#9014,.F.);
#9014 = EDGE_CURVE('',#8976,#9007,#9015,.T.);
#9015 = LINE('',#9016,#9017);
#9016 = CARTESIAN_POINT('',(10.91,1.19418644022,-2.76853969502));
#9017 = VECTOR('',#9018,1.);
#9018 = DIRECTION('',(-0.,-1.,-2.235850574183E-15));
#9019 = ORIENTED_EDGE('',*,*,#8975,.T.);
#9020 = PLANE('',#9021);
#9021 = AXIS2_PLACEMENT_3D('',#9022,#9023,#9024);
#9022 = CARTESIAN_POINT('',(10.91,1.19418644022,-2.76853969502));
#9023 = DIRECTION('',(3.10696741966E-15,2.235850574183E-15,-1.));
#9024 = DIRECTION('',(-1.,0.,-3.10696741966E-15));
#9025 = ADVANCED_FACE('',(#9026),#9044,.F.);
#9026 = FACE_BOUND('',#9027,.T.);
#9027 = EDGE_LOOP('',(#9028,#9029,#9037,#9043));
#9028 = ORIENTED_EDGE('',*,*,#2249,.T.);
#9029 = ORIENTED_EDGE('',*,*,#9030,.F.);
#9030 = EDGE_CURVE('',#9031,#2242,#9033,.T.);
#9031 = VERTEX_POINT('',#9032);
#9032 = CARTESIAN_POINT('',(10.91,1.19418644022,-2.608902196269));
#9033 = LINE('',#9034,#9035);
#9034 = CARTESIAN_POINT('',(10.91,1.19418644022,-2.608902196269));
#9035 = VECTOR('',#9036,1.);
#9036 = DIRECTION('',(-1.,-1.27553196763E-16,-3.10696741966E-15));
#9037 = ORIENTED_EDGE('',*,*,#9038,.F.);
#9038 = EDGE_CURVE('',#9007,#9031,#9039,.T.);
#9039 = LINE('',#9040,#9041);
#9040 = CARTESIAN_POINT('',(10.91,1.19418644022,-2.608902196269));
#9041 = VECTOR('',#9042,1.);
#9042 = DIRECTION('',(-0.,-5.433320772214E-15,1.));
#9043 = ORIENTED_EDGE('',*,*,#9006,.T.);
#9044 = PLANE('',#9045);
#9045 = AXIS2_PLACEMENT_3D('',#9046,#9047,#9048);
#9046 = CARTESIAN_POINT('',(10.91,1.19418644022,-2.608902196269));
#9047 = DIRECTION('',(1.27553196763E-16,-1.,-5.433320772214E-15));
#9048 = DIRECTION('',(0.,5.433320772214E-15,-1.));
#9049 = ADVANCED_FACE('',(#9050),#9068,.F.);
#9050 = FACE_BOUND('',#9051,.T.);
#9051 = EDGE_LOOP('',(#9052,#9053,#9061,#9067));
#9052 = ORIENTED_EDGE('',*,*,#2241,.T.);
#9053 = ORIENTED_EDGE('',*,*,#9054,.F.);
#9054 = EDGE_CURVE('',#9055,#2234,#9057,.T.);
#9055 = VERTEX_POINT('',#9056);
#9056 = CARTESIAN_POINT('',(10.91,1.363892261459,-2.608902196269));
#9057 = LINE('',#9058,#9059);
#9058 = CARTESIAN_POINT('',(10.91,1.363892261459,-2.608902196269));
#9059 = VECTOR('',#9060,1.);
#9060 = DIRECTION('',(-1.,-1.27553196763E-16,-3.10696741966E-15));
#9061 = ORIENTED_EDGE('',*,*,#9062,.F.);
#9062 = EDGE_CURVE('',#9031,#9055,#9063,.T.);
#9063 = LINE('',#9064,#9065);
#9064 = CARTESIAN_POINT('',(10.91,1.363892261459,-2.608902196269));
#9065 = VECTOR('',#9066,1.);
#9066 = DIRECTION('',(-0.,1.,2.555486110188E-15));
#9067 = ORIENTED_EDGE('',*,*,#9030,.T.);
#9068 = PLANE('',#9069);
#9069 = AXIS2_PLACEMENT_3D('',#9070,#9071,#9072);
#9070 = CARTESIAN_POINT('',(10.91,1.363892261459,-2.608902196269));
#9071 = DIRECTION('',(-3.10696741966E-15,-2.555486110188E-15,1.));
#9072 = DIRECTION('',(1.,0.,3.10696741966E-15));
#9073 = ADVANCED_FACE('',(#9074),#9092,.F.);
#9074 = FACE_BOUND('',#9075,.T.);
#9075 = EDGE_LOOP('',(#9076,#9077,#9085,#9091));
#9076 = ORIENTED_EDGE('',*,*,#2233,.T.);
#9077 = ORIENTED_EDGE('',*,*,#9078,.F.);
#9078 = EDGE_CURVE('',#9079,#2226,#9081,.T.);
#9079 = VERTEX_POINT('',#9080);
#9080 = CARTESIAN_POINT('',(10.91,1.363892261459,-2.554557515843));
#9081 = LINE('',#9082,#9083);
#9082 = CARTESIAN_POINT('',(10.91,1.363892261459,-2.554557515843));
#9083 = VECTOR('',#9084,1.);
#9084 = DIRECTION('',(-1.,-1.27553196763E-16,-3.10696741966E-15));
#9085 = ORIENTED_EDGE('',*,*,#9086,.F.);
#9086 = EDGE_CURVE('',#9055,#9079,#9087,.T.);
#9087 = LINE('',#9088,#9089);
#9088 = CARTESIAN_POINT('',(10.91,1.363892261459,-2.554557515843));
#9089 = VECTOR('',#9090,1.);
#9090 = DIRECTION('',(-0.,-1.596037976844E-14,1.));
#9091 = ORIENTED_EDGE('',*,*,#9054,.T.);
#9092 = PLANE('',#9093);
#9093 = AXIS2_PLACEMENT_3D('',#9094,#9095,#9096);
#9094 = CARTESIAN_POINT('',(10.91,1.363892261459,-2.554557515843));
#9095 = DIRECTION('',(1.275531967631E-16,-1.,-1.596037976844E-14));
#9096 = DIRECTION('',(0.,1.596037976844E-14,-1.));
#9097 = ADVANCED_FACE('',(#9098),#9116,.F.);
#9098 = FACE_BOUND('',#9099,.T.);
#9099 = EDGE_LOOP('',(#9100,#9101,#9109,#9115));
#9100 = ORIENTED_EDGE('',*,*,#2225,.T.);
#9101 = ORIENTED_EDGE('',*,*,#9102,.F.);
#9102 = EDGE_CURVE('',#9103,#2218,#9105,.T.);
#9103 = VERTEX_POINT('',#9104);
#9104 = CARTESIAN_POINT('',(10.91,1.19418644022,-2.554557515843));
#9105 = LINE('',#9106,#9107);
#9106 = CARTESIAN_POINT('',(10.91,1.19418644022,-2.554557515843));
#9107 = VECTOR('',#9108,1.);
#9108 = DIRECTION('',(-1.,-1.27553196763E-16,-3.10696741966E-15));
#9109 = ORIENTED_EDGE('',*,*,#9110,.F.);
#9110 = EDGE_CURVE('',#9079,#9103,#9111,.T.);
#9111 = LINE('',#9112,#9113);
#9112 = CARTESIAN_POINT('',(10.91,1.19418644022,-2.554557515843));
#9113 = VECTOR('',#9114,1.);
#9114 = DIRECTION('',(-0.,-1.,-2.555486110188E-15));
#9115 = ORIENTED_EDGE('',*,*,#9078,.T.);
#9116 = PLANE('',#9117);
#9117 = AXIS2_PLACEMENT_3D('',#9118,#9119,#9120);
#9118 = CARTESIAN_POINT('',(10.91,1.19418644022,-2.554557515843));
#9119 = DIRECTION('',(3.10696741966E-15,2.555486110188E-15,-1.));
#9120 = DIRECTION('',(-1.,0.,-3.10696741966E-15));
#9121 = ADVANCED_FACE('',(#9122),#9140,.F.);
#9122 = FACE_BOUND('',#9123,.T.);
#9123 = EDGE_LOOP('',(#9124,#9125,#9133,#9139));
#9124 = ORIENTED_EDGE('',*,*,#2217,.T.);
#9125 = ORIENTED_EDGE('',*,*,#9126,.F.);
#9126 = EDGE_CURVE('',#9127,#2210,#9129,.T.);
#9127 = VERTEX_POINT('',#9128);
#9128 = CARTESIAN_POINT('',(10.91,1.19418644022,-2.402683542865));
#9129 = LINE('',#9130,#9131);
#9130 = CARTESIAN_POINT('',(10.91,1.19418644022,-2.402683542865));
#9131 = VECTOR('',#9132,1.);
#9132 = DIRECTION('',(-1.,-1.27553196763E-16,-3.10696741966E-15));
#9133 = ORIENTED_EDGE('',*,*,#9134,.F.);
#9134 = EDGE_CURVE('',#9103,#9127,#9135,.T.);
#9135 = LINE('',#9136,#9137);
#9136 = CARTESIAN_POINT('',(10.91,1.19418644022,-2.402683542865));
#9137 = VECTOR('',#9138,1.);
#9138 = DIRECTION('',(-0.,-5.711062409043E-15,1.));
#9139 = ORIENTED_EDGE('',*,*,#9102,.T.);
#9140 = PLANE('',#9141);
#9141 = AXIS2_PLACEMENT_3D('',#9142,#9143,#9144);
#9142 = CARTESIAN_POINT('',(10.91,1.19418644022,-2.402683542865));
#9143 = DIRECTION('',(1.27553196763E-16,-1.,-5.711062409043E-15));
#9144 = DIRECTION('',(0.,5.711062409043E-15,-1.));
#9145 = ADVANCED_FACE('',(#9146),#9164,.F.);
#9146 = FACE_BOUND('',#9147,.T.);
#9147 = EDGE_LOOP('',(#9148,#9149,#9157,#9163));
#9148 = ORIENTED_EDGE('',*,*,#2209,.T.);
#9149 = ORIENTED_EDGE('',*,*,#9150,.F.);
#9150 = EDGE_CURVE('',#9151,#2202,#9153,.T.);
#9151 = VERTEX_POINT('',#9152);
#9152 = CARTESIAN_POINT('',(10.91,1.377357126476,-2.402683542865));
#9153 = LINE('',#9154,#9155);
#9154 = CARTESIAN_POINT('',(10.91,1.377357126476,-2.402683542865));
#9155 = VECTOR('',#9156,1.);
#9156 = DIRECTION('',(-1.,-1.27553196763E-16,-3.10696741966E-15));
#9157 = ORIENTED_EDGE('',*,*,#9158,.F.);
#9158 = EDGE_CURVE('',#9127,#9151,#9159,.T.);
#9159 = LINE('',#9160,#9161);
#9160 = CARTESIAN_POINT('',(10.91,1.377357126476,-2.402683542865));
#9161 = VECTOR('',#9162,1.);
#9162 = DIRECTION('',(-0.,1.,4.735264990904E-15));
#9163 = ORIENTED_EDGE('',*,*,#9126,.T.);
#9164 = PLANE('',#9165);
#9165 = AXIS2_PLACEMENT_3D('',#9166,#9167,#9168);
#9166 = CARTESIAN_POINT('',(10.91,1.377357126476,-2.402683542865));
#9167 = DIRECTION('',(-3.10696741966E-15,-4.735264990904E-15,1.));
#9168 = DIRECTION('',(0.,-1.,-4.735264990904E-15));
#9169 = ADVANCED_FACE('',(#9170),#9188,.F.);
#9170 = FACE_BOUND('',#9171,.T.);
#9171 = EDGE_LOOP('',(#9172,#9173,#9181,#9187));
#9172 = ORIENTED_EDGE('',*,*,#2201,.T.);
#9173 = ORIENTED_EDGE('',*,*,#9174,.F.);
#9174 = EDGE_CURVE('',#9175,#2194,#9177,.T.);
#9175 = VERTEX_POINT('',#9176);
#9176 = CARTESIAN_POINT('',(10.91,1.377357126476,-2.348096252259));
#9177 = LINE('',#9178,#9179);
#9178 = CARTESIAN_POINT('',(10.91,1.377357126476,-2.348096252259));
#9179 = VECTOR('',#9180,1.);
#9180 = DIRECTION('',(-1.,-1.27553196763E-16,-3.10696741966E-15));
#9181 = ORIENTED_EDGE('',*,*,#9182,.F.);
#9182 = EDGE_CURVE('',#9151,#9175,#9183,.T.);
#9183 = LINE('',#9184,#9185);
#9184 = CARTESIAN_POINT('',(10.91,1.377357126476,-2.348096252259));
#9185 = VECTOR('',#9186,1.);
#9186 = DIRECTION('',(-3.177888949465E-14,-0.,1.));
#9187 = ORIENTED_EDGE('',*,*,#9150,.T.);
#9188 = PLANE('',#9189);
#9189 = AXIS2_PLACEMENT_3D('',#9190,#9191,#9192);
#9190 = CARTESIAN_POINT('',(10.91,1.377357126476,-2.348096252259));
#9191 = DIRECTION('',(1.27553196763E-16,-1.,4.053498944621E-30));
#9192 = DIRECTION('',(1.,1.27553196763E-16,0.));
#9193 = ADVANCED_FACE('',(#9194),#9212,.F.);
#9194 = FACE_BOUND('',#9195,.T.);
#9195 = EDGE_LOOP('',(#9196,#9197,#9205,#9211));
#9196 = ORIENTED_EDGE('',*,*,#2193,.T.);
#9197 = ORIENTED_EDGE('',*,*,#9198,.F.);
#9198 = EDGE_CURVE('',#9199,#2186,#9201,.T.);
#9199 = VERTEX_POINT('',#9200);
#9200 = CARTESIAN_POINT('',(10.91,1.132927369649,-2.348096252259));
#9201 = LINE('',#9202,#9203);
#9202 = CARTESIAN_POINT('',(10.91,1.132927369649,-2.348096252259));
#9203 = VECTOR('',#9204,1.);
#9204 = DIRECTION('',(-1.,-1.27553196763E-16,-3.10696741966E-15));
#9205 = ORIENTED_EDGE('',*,*,#9206,.F.);
#9206 = EDGE_CURVE('',#9175,#9199,#9207,.T.);
#9207 = LINE('',#9208,#9209);
#9208 = CARTESIAN_POINT('',(10.91,1.132927369649,-2.348096252259));
#9209 = VECTOR('',#9210,1.);
#9210 = DIRECTION('',(-0.,-1.,-3.548511233851E-15));
#9211 = ORIENTED_EDGE('',*,*,#9174,.T.);
#9212 = PLANE('',#9213);
#9213 = AXIS2_PLACEMENT_3D('',#9214,#9215,#9216);
#9214 = CARTESIAN_POINT('',(10.91,1.132927369649,-2.348096252259));
#9215 = DIRECTION('',(3.10696741966E-15,3.548511233851E-15,-1.));
#9216 = DIRECTION('',(0.,1.,3.548511233851E-15));
#9217 = ADVANCED_FACE('',(#9218),#9236,.F.);
#9218 = FACE_BOUND('',#9219,.T.);
#9219 = EDGE_LOOP('',(#9220,#9221,#9229,#9235));
#9220 = ORIENTED_EDGE('',*,*,#2185,.T.);
#9221 = ORIENTED_EDGE('',*,*,#9222,.F.);
#9222 = EDGE_CURVE('',#9223,#2178,#9225,.T.);
#9223 = VERTEX_POINT('',#9224);
#9224 = CARTESIAN_POINT('',(10.91,1.132927369649,-2.822641765265));
#9225 = LINE('',#9226,#9227);
#9226 = CARTESIAN_POINT('',(10.91,1.132927369649,-2.822641765265));
#9227 = VECTOR('',#9228,1.);
#9228 = DIRECTION('',(-1.,-1.27553196763E-16,-3.10696741966E-15));
#9229 = ORIENTED_EDGE('',*,*,#9230,.F.);
#9230 = EDGE_CURVE('',#9199,#9223,#9231,.T.);
#9231 = LINE('',#9232,#9233);
#9232 = CARTESIAN_POINT('',(10.91,1.132927369649,-2.822641765265));
#9233 = VECTOR('',#9234,1.);
#9234 = DIRECTION('',(3.6555471044E-15,3.6555471044E-15,-1.));
#9235 = ORIENTED_EDGE('',*,*,#9198,.T.);
#9236 = PLANE('',#9237);
#9237 = AXIS2_PLACEMENT_3D('',#9238,#9239,#9240);
#9238 = CARTESIAN_POINT('',(10.91,1.132927369649,-2.822641765265));
#9239 = DIRECTION('',(-1.27553196763E-16,1.,3.6555471044E-15));
#9240 = DIRECTION('',(0.,-3.6555471044E-15,1.));
#9241 = ADVANCED_FACE('',(#9242),#9253,.F.);
#9242 = FACE_BOUND('',#9243,.T.);
#9243 = EDGE_LOOP('',(#9244,#9245,#9246,#9252));
#9244 = ORIENTED_EDGE('',*,*,#2177,.T.);
#9245 = ORIENTED_EDGE('',*,*,#8991,.F.);
#9246 = ORIENTED_EDGE('',*,*,#9247,.F.);
#9247 = EDGE_CURVE('',#9223,#8984,#9248,.T.);
#9248 = LINE('',#9249,#9250);
#9249 = CARTESIAN_POINT('',(10.91,1.388153279508,-2.822641765265));
#9250 = VECTOR('',#9251,1.);
#9251 = DIRECTION('',(-0.,1.,3.398407859406E-15));
#9252 = ORIENTED_EDGE('',*,*,#9222,.T.);
#9253 = PLANE('',#9254);
#9254 = AXIS2_PLACEMENT_3D('',#9255,#9256,#9257);
#9255 = CARTESIAN_POINT('',(10.91,1.388153279508,-2.822641765265));
#9256 = DIRECTION('',(-3.10696741966E-15,-3.398407859406E-15,1.));
#9257 = DIRECTION('',(0.,-1.,-3.398407859406E-15));
#9258 = ADVANCED_FACE('',(#9259),#9273,.F.);
#9259 = FACE_BOUND('',#9260,.T.);
#9260 = EDGE_LOOP('',(#9261,#9262,#9263,#9264,#9265,#9266,#9267,#9268,
    #9269,#9270,#9271,#9272));
#9261 = ORIENTED_EDGE('',*,*,#8983,.T.);
#9262 = ORIENTED_EDGE('',*,*,#9014,.T.);
#9263 = ORIENTED_EDGE('',*,*,#9038,.T.);
#9264 = ORIENTED_EDGE('',*,*,#9062,.T.);
#9265 = ORIENTED_EDGE('',*,*,#9086,.T.);
#9266 = ORIENTED_EDGE('',*,*,#9110,.T.);
#9267 = ORIENTED_EDGE('',*,*,#9134,.T.);
#9268 = ORIENTED_EDGE('',*,*,#9158,.T.);
#9269 = ORIENTED_EDGE('',*,*,#9182,.T.);
#9270 = ORIENTED_EDGE('',*,*,#9206,.T.);
#9271 = ORIENTED_EDGE('',*,*,#9230,.T.);
#9272 = ORIENTED_EDGE('',*,*,#9247,.T.);
#9273 = PLANE('',#9274);
#9274 = AXIS2_PLACEMENT_3D('',#9275,#9276,#9277);
#9275 = CARTESIAN_POINT('',(10.91,1.27553196763E-18,3.10696741966E-17));
#9276 = DIRECTION('',(-1.,0.,-0.));
#9277 = DIRECTION('',(0.,0.,1.));
#9278 = ADVANCED_FACE('',(#9279,#9341),#9403,.T.);
#9279 = FACE_BOUND('',#9280,.T.);
#9280 = EDGE_LOOP('',(#9281,#9291,#9300,#9309,#9318,#9327,#9335));
#9281 = ORIENTED_EDGE('',*,*,#9282,.T.);
#9282 = EDGE_CURVE('',#9283,#9285,#9287,.T.);
#9283 = VERTEX_POINT('',#9284);
#9284 = CARTESIAN_POINT('',(10.91,1.477797741195,-2.822641765265));
#9285 = VERTEX_POINT('',#9286);
#9286 = CARTESIAN_POINT('',(10.91,1.60832201829,-2.822641765265));
#9287 = LINE('',#9288,#9289);
#9288 = CARTESIAN_POINT('',(10.91,1.60832201829,-2.822641765265));
#9289 = VECTOR('',#9290,1.);
#9290 = DIRECTION('',(-0.,1.,3.322606940611E-15));
#9291 = ORIENTED_EDGE('',*,*,#9292,.T.);
#9292 = EDGE_CURVE('',#9285,#9293,#9295,.T.);
#9293 = VERTEX_POINT('',#9294);
#9294 = CARTESIAN_POINT('',(10.91,1.792584450357,-2.756166575817));
#9295 = B_SPLINE_CURVE_WITH_KNOTS('',3,(#9296,#9297,#9298,#9299),
  .UNSPECIFIED.,.F.,.F.,(4,4),(5.,6.),.PIECEWISE_BEZIER_KNOTS.);
#9296 = CARTESIAN_POINT('',(10.91,1.60832201829,-2.822641765265));
#9297 = CARTESIAN_POINT('',(10.91,1.683409869145,-2.822641765265));
#9298 = CARTESIAN_POINT('',(10.91,1.744911549896,-2.800564238845));
#9299 = CARTESIAN_POINT('',(10.91,1.792584450357,-2.756166575817));
#9300 = ORIENTED_EDGE('',*,*,#9301,.T.);
#9301 = EDGE_CURVE('',#9293,#9302,#9304,.T.);
#9302 = VERTEX_POINT('',#9303);
#9303 = CARTESIAN_POINT('',(10.91,1.864154453599,-2.579303754252));
#9304 = B_SPLINE_CURVE_WITH_KNOTS('',3,(#9305,#9306,#9307,#9308),
  .UNSPECIFIED.,.F.,.F.,(4,4),(4.,5.),.PIECEWISE_BEZIER_KNOTS.);
#9305 = CARTESIAN_POINT('',(10.91,1.792584450357,-2.756166575817));
#9306 = CARTESIAN_POINT('',(10.91,1.84025735082,-2.711768912789));
#9307 = CARTESIAN_POINT('',(10.91,1.864154453599,-2.652814638936));
#9308 = CARTESIAN_POINT('',(10.91,1.864154453599,-2.579303754252));
#9309 = ORIENTED_EDGE('',*,*,#9310,.T.);
#9310 = EDGE_CURVE('',#9302,#9311,#9313,.T.);
#9311 = VERTEX_POINT('',#9312);
#9312 = CARTESIAN_POINT('',(10.91,1.792584450357,-2.410932289001));
#9313 = B_SPLINE_CURVE_WITH_KNOTS('',3,(#9314,#9315,#9316,#9317),
  .UNSPECIFIED.,.F.,.F.,(4,4),(3.,4.),.PIECEWISE_BEZIER_KNOTS.);
#9314 = CARTESIAN_POINT('',(10.91,1.864154453599,-2.579303754252));
#9315 = CARTESIAN_POINT('',(10.91,1.864154453599,-2.508946801914));
#9316 = CARTESIAN_POINT('',(10.91,1.84025735082,-2.452903850224));
#9317 = CARTESIAN_POINT('',(10.91,1.792584450357,-2.410932289001));
#9318 = ORIENTED_EDGE('',*,*,#9319,.T.);
#9319 = EDGE_CURVE('',#9311,#9320,#9322,.T.);
#9320 = VERTEX_POINT('',#9321);
#9321 = CARTESIAN_POINT('',(10.91,1.613174221897,-2.348096252259));
#9322 = B_SPLINE_CURVE_WITH_KNOTS('',3,(#9323,#9324,#9325,#9326),
  .UNSPECIFIED.,.F.,.F.,(4,4),(2.,3.),.PIECEWISE_BEZIER_KNOTS.);
#9323 = CARTESIAN_POINT('',(10.91,1.792584450357,-2.410932289001));
#9324 = CARTESIAN_POINT('',(10.91,1.744911549896,-2.368960727782));
#9325 = CARTESIAN_POINT('',(10.91,1.685108140406,-2.348096252259));
#9326 = CARTESIAN_POINT('',(10.91,1.613174221897,-2.348096252259));
#9327 = ORIENTED_EDGE('',*,*,#9328,.T.);
#9328 = EDGE_CURVE('',#9320,#9329,#9331,.T.);
#9329 = VERTEX_POINT('',#9330);
#9330 = CARTESIAN_POINT('',(10.91,1.477797741195,-2.348096252259));
#9331 = LINE('',#9332,#9333);
#9332 = CARTESIAN_POINT('',(10.91,1.477797741195,-2.348096252259));
#9333 = VECTOR('',#9334,1.);
#9334 = DIRECTION('',(-0.,-1.,-3.203517086163E-15));
#9335 = ORIENTED_EDGE('',*,*,#9336,.T.);
#9336 = EDGE_CURVE('',#9329,#9283,#9337,.T.);
#9337 = LINE('',#9338,#9339);
#9338 = CARTESIAN_POINT('',(10.91,1.477797741195,-2.822641765265));
#9339 = VECTOR('',#9340,1.);
#9340 = DIRECTION('',(3.6555471044E-15,3.6555471044E-15,-1.));
#9341 = FACE_BOUND('',#9342,.T.);
#9342 = EDGE_LOOP('',(#9343,#9353,#9361,#9370,#9379,#9388,#9397));
#9343 = ORIENTED_EDGE('',*,*,#9344,.F.);
#9344 = EDGE_CURVE('',#9345,#9347,#9349,.T.);
#9345 = VERTEX_POINT('',#9346);
#9346 = CARTESIAN_POINT('',(10.91,1.539056811762,-2.402683542865));
#9347 = VERTEX_POINT('',#9348);
#9348 = CARTESIAN_POINT('',(10.91,1.539056811762,-2.76853969502));
#9349 = LINE('',#9350,#9351);
#9350 = CARTESIAN_POINT('',(10.91,1.539056811762,-2.402683542865));
#9351 = VECTOR('',#9352,1.);
#9352 = DIRECTION('',(0.,4.741545183151E-15,-1.));
#9353 = ORIENTED_EDGE('',*,*,#9354,.F.);
#9354 = EDGE_CURVE('',#9355,#9345,#9357,.T.);
#9355 = VERTEX_POINT('',#9356);
#9356 = CARTESIAN_POINT('',(10.91,1.610748120092,-2.402683542865));
#9357 = LINE('',#9358,#9359);
#9358 = CARTESIAN_POINT('',(10.91,1.610748120092,-2.402683542865));
#9359 = VECTOR('',#9360,1.);
#9360 = DIRECTION('',(0.,-1.,-6.049280995161E-15));
#9361 = ORIENTED_EDGE('',*,*,#9362,.F.);
#9362 = EDGE_CURVE('',#9363,#9355,#9365,.T.);
#9363 = VERTEX_POINT('',#9364);
#9364 = CARTESIAN_POINT('',(10.91,1.747701566968,-2.447323816073));
#9365 = B_SPLINE_CURVE_WITH_KNOTS('',3,(#9366,#9367,#9368,#9369),
  .UNSPECIFIED.,.F.,.F.,(4,4),(5.,6.),.PIECEWISE_BEZIER_KNOTS.);
#9366 = CARTESIAN_POINT('',(10.91,1.747701566968,-2.447323816073));
#9367 = CARTESIAN_POINT('',(10.91,1.713008311161,-2.417482763876));
#9368 = CARTESIAN_POINT('',(10.91,1.667276292142,-2.402683542865));
#9369 = CARTESIAN_POINT('',(10.91,1.610748120092,-2.402683542865));
#9370 = ORIENTED_EDGE('',*,*,#9371,.F.);
#9371 = EDGE_CURVE('',#9372,#9363,#9374,.T.);
#9372 = VERTEX_POINT('',#9373);
#9373 = CARTESIAN_POINT('',(10.91,1.799741450679,-2.581002025514));
#9374 = B_SPLINE_CURVE_WITH_KNOTS('',3,(#9375,#9376,#9377,#9378),
  .UNSPECIFIED.,.F.,.F.,(4,4),(4.,5.),.PIECEWISE_BEZIER_KNOTS.);
#9375 = CARTESIAN_POINT('',(10.91,1.799741450679,-2.581002025514));
#9376 = CARTESIAN_POINT('',(10.91,1.799741450679,-2.521805141477));
#9377 = CARTESIAN_POINT('',(10.91,1.782394822775,-2.477164868273));
#9378 = CARTESIAN_POINT('',(10.91,1.747701566968,-2.447323816073));
#9379 = ORIENTED_EDGE('',*,*,#9380,.F.);
#9380 = EDGE_CURVE('',#9381,#9372,#9383,.T.);
#9381 = VERTEX_POINT('',#9382);
#9382 = CARTESIAN_POINT('',(10.91,1.749035922963,-2.719047218204));
#9383 = B_SPLINE_CURVE_WITH_KNOTS('',3,(#9384,#9385,#9386,#9387),
  .UNSPECIFIED.,.F.,.F.,(4,4),(3.,4.),.PIECEWISE_BEZIER_KNOTS.);
#9384 = CARTESIAN_POINT('',(10.91,1.749035922963,-2.719047218204));
#9385 = CARTESIAN_POINT('',(10.91,1.782880043139,-2.686294843839));
#9386 = CARTESIAN_POINT('',(10.91,1.799741450679,-2.64019890955));
#9387 = CARTESIAN_POINT('',(10.91,1.799741450679,-2.581002025514));
#9388 = ORIENTED_EDGE('',*,*,#9389,.F.);
#9389 = EDGE_CURVE('',#9390,#9381,#9392,.T.);
#9390 = VERTEX_POINT('',#9391);
#9391 = CARTESIAN_POINT('',(10.91,1.607958103016,-2.76853969502));
#9392 = B_SPLINE_CURVE_WITH_KNOTS('',3,(#9393,#9394,#9395,#9396),
  .UNSPECIFIED.,.F.,.F.,(4,4),(2.,3.),.PIECEWISE_BEZIER_KNOTS.);
#9393 = CARTESIAN_POINT('',(10.91,1.607958103016,-2.76853969502));
#9394 = CARTESIAN_POINT('',(10.91,1.668246732863,-2.76853969502));
#9395 = CARTESIAN_POINT('',(10.91,1.715313107876,-2.75204220275));
#9396 = CARTESIAN_POINT('',(10.91,1.749035922963,-2.719047218204));
#9397 = ORIENTED_EDGE('',*,*,#9398,.F.);
#9398 = EDGE_CURVE('',#9347,#9390,#9399,.T.);
#9399 = LINE('',#9400,#9401);
#9400 = CARTESIAN_POINT('',(10.91,1.539056811762,-2.76853969502));
#9401 = VECTOR('',#9402,1.);
#9402 = DIRECTION('',(0.,1.,0.));
#9403 = PLANE('',#9404);
#9404 = AXIS2_PLACEMENT_3D('',#9405,#9406,#9407);
#9405 = CARTESIAN_POINT('',(10.91,1.711977217895,-2.363774935173));
#9406 = DIRECTION('',(1.,-0.,0.));
#9407 = DIRECTION('',(0.,0.,-1.));
#9408 = ADVANCED_FACE('',(#9409),#9425,.F.);
#9409 = FACE_BOUND('',#9410,.T.);
#9410 = EDGE_LOOP('',(#9411,#9412,#9418,#9419));
#9411 = ORIENTED_EDGE('',*,*,#2265,.T.);
#9412 = ORIENTED_EDGE('',*,*,#9413,.F.);
#9413 = EDGE_CURVE('',#9285,#2268,#9414,.T.);
#9414 = LINE('',#9415,#9416);
#9415 = CARTESIAN_POINT('',(10.91,1.60832201829,-2.822641765265));
#9416 = VECTOR('',#9417,1.);
#9417 = DIRECTION('',(-1.,-1.27553196763E-16,-3.10696741966E-15));
#9418 = ORIENTED_EDGE('',*,*,#9282,.F.);
#9419 = ORIENTED_EDGE('',*,*,#9420,.T.);
#9420 = EDGE_CURVE('',#9283,#2266,#9421,.T.);
#9421 = LINE('',#9422,#9423);
#9422 = CARTESIAN_POINT('',(10.91,1.477797741195,-2.822641765265));
#9423 = VECTOR('',#9424,1.);
#9424 = DIRECTION('',(-1.,-1.27553196763E-16,-3.10696741966E-15));
#9425 = PLANE('',#9426);
#9426 = AXIS2_PLACEMENT_3D('',#9427,#9428,#9429);
#9427 = CARTESIAN_POINT('',(10.91,1.60832201829,-2.822641765265));
#9428 = DIRECTION('',(-3.10696741966E-15,-3.322606940611E-15,1.));
#9429 = DIRECTION('',(0.,-1.,-3.322606940611E-15));
#9430 = ADVANCED_FACE('',(#9431),#9442,.F.);
#9431 = FACE_BOUND('',#9432,.F.);
#9432 = EDGE_LOOP('',(#9433,#9434,#9435,#9441));
#9433 = ORIENTED_EDGE('',*,*,#9413,.F.);
#9434 = ORIENTED_EDGE('',*,*,#9292,.T.);
#9435 = ORIENTED_EDGE('',*,*,#9436,.T.);
#9436 = EDGE_CURVE('',#9293,#2310,#9437,.T.);
#9437 = LINE('',#9438,#9439);
#9438 = CARTESIAN_POINT('',(10.91,1.792584450357,-2.756166575817));
#9439 = VECTOR('',#9440,1.);
#9440 = DIRECTION('',(-1.,-1.27553196763E-16,-3.10696741966E-15));
#9441 = ORIENTED_EDGE('',*,*,#2318,.F.);
#9442 = B_SPLINE_SURFACE_WITH_KNOTS('',3,1,(
    (#9443,#9444)
    ,(#9445,#9446)
    ,(#9447,#9448)
    ,(#9449,#9450
    )),.UNSPECIFIED.,.F.,.F.,.F.,(4,4),(2,2),(5.,6.),(0.,1.),
  .PIECEWISE_BEZIER_KNOTS.);
#9443 = CARTESIAN_POINT('',(10.91,1.60832201829,-2.822641765265));
#9444 = CARTESIAN_POINT('',(10.9,1.60832201829,-2.822641765265));
#9445 = CARTESIAN_POINT('',(10.91,1.683409869145,-2.822641765265));
#9446 = CARTESIAN_POINT('',(10.9,1.683409869145,-2.822641765265));
#9447 = CARTESIAN_POINT('',(10.91,1.744911549896,-2.800564238845));
#9448 = CARTESIAN_POINT('',(10.9,1.744911549896,-2.800564238845));
#9449 = CARTESIAN_POINT('',(10.91,1.792584450357,-2.756166575817));
#9450 = CARTESIAN_POINT('',(10.9,1.792584450357,-2.756166575817));
#9451 = ADVANCED_FACE('',(#9452),#9463,.F.);
#9452 = FACE_BOUND('',#9453,.F.);
#9453 = EDGE_LOOP('',(#9454,#9455,#9456,#9462));
#9454 = ORIENTED_EDGE('',*,*,#9436,.F.);
#9455 = ORIENTED_EDGE('',*,*,#9301,.T.);
#9456 = ORIENTED_EDGE('',*,*,#9457,.T.);
#9457 = EDGE_CURVE('',#9302,#2301,#9458,.T.);
#9458 = LINE('',#9459,#9460);
#9459 = CARTESIAN_POINT('',(10.91,1.864154453599,-2.579303754252));
#9460 = VECTOR('',#9461,1.);
#9461 = DIRECTION('',(-1.,-1.27553196763E-16,-3.10696741966E-15));
#9462 = ORIENTED_EDGE('',*,*,#2309,.F.);
#9463 = B_SPLINE_SURFACE_WITH_KNOTS('',3,1,(
    (#9464,#9465)
    ,(#9466,#9467)
    ,(#9468,#9469)
    ,(#9470,#9471
    )),.UNSPECIFIED.,.F.,.F.,.F.,(4,4),(2,2),(4.,5.),(0.,1.),
  .PIECEWISE_BEZIER_KNOTS.);
#9464 = CARTESIAN_POINT('',(10.91,1.792584450357,-2.756166575817));
#9465 = CARTESIAN_POINT('',(10.9,1.792584450357,-2.756166575817));
#9466 = CARTESIAN_POINT('',(10.91,1.84025735082,-2.711768912789));
#9467 = CARTESIAN_POINT('',(10.9,1.84025735082,-2.711768912789));
#9468 = CARTESIAN_POINT('',(10.91,1.864154453599,-2.652814638936));
#9469 = CARTESIAN_POINT('',(10.9,1.864154453599,-2.652814638936));
#9470 = CARTESIAN_POINT('',(10.91,1.864154453599,-2.579303754252));
#9471 = CARTESIAN_POINT('',(10.9,1.864154453599,-2.579303754252));
#9472 = ADVANCED_FACE('',(#9473),#9484,.F.);
#9473 = FACE_BOUND('',#9474,.F.);
#9474 = EDGE_LOOP('',(#9475,#9476,#9477,#9483));
#9475 = ORIENTED_EDGE('',*,*,#9457,.F.);
#9476 = ORIENTED_EDGE('',*,*,#9310,.T.);
#9477 = ORIENTED_EDGE('',*,*,#9478,.T.);
#9478 = EDGE_CURVE('',#9311,#2292,#9479,.T.);
#9479 = LINE('',#9480,#9481);
#9480 = CARTESIAN_POINT('',(10.91,1.792584450357,-2.410932289001));
#9481 = VECTOR('',#9482,1.);
#9482 = DIRECTION('',(-1.,-1.27553196763E-16,-3.10696741966E-15));
#9483 = ORIENTED_EDGE('',*,*,#2300,.F.);
#9484 = B_SPLINE_SURFACE_WITH_KNOTS('',3,1,(
    (#9485,#9486)
    ,(#9487,#9488)
    ,(#9489,#9490)
    ,(#9491,#9492
    )),.UNSPECIFIED.,.F.,.F.,.F.,(4,4),(2,2),(3.,4.),(0.,1.),
  .PIECEWISE_BEZIER_KNOTS.);
#9485 = CARTESIAN_POINT('',(10.91,1.864154453599,-2.579303754252));
#9486 = CARTESIAN_POINT('',(10.9,1.864154453599,-2.579303754252));
#9487 = CARTESIAN_POINT('',(10.91,1.864154453599,-2.508946801914));
#9488 = CARTESIAN_POINT('',(10.9,1.864154453599,-2.508946801914));
#9489 = CARTESIAN_POINT('',(10.91,1.84025735082,-2.452903850224));
#9490 = CARTESIAN_POINT('',(10.9,1.84025735082,-2.452903850224));
#9491 = CARTESIAN_POINT('',(10.91,1.792584450357,-2.410932289001));
#9492 = CARTESIAN_POINT('',(10.9,1.792584450357,-2.410932289001));
#9493 = ADVANCED_FACE('',(#9494),#9505,.F.);
#9494 = FACE_BOUND('',#9495,.F.);
#9495 = EDGE_LOOP('',(#9496,#9497,#9498,#9504));
#9496 = ORIENTED_EDGE('',*,*,#9478,.F.);
#9497 = ORIENTED_EDGE('',*,*,#9319,.T.);
#9498 = ORIENTED_EDGE('',*,*,#9499,.T.);
#9499 = EDGE_CURVE('',#9320,#2284,#9500,.T.);
#9500 = LINE('',#9501,#9502);
#9501 = CARTESIAN_POINT('',(10.91,1.613174221897,-2.348096252259));
#9502 = VECTOR('',#9503,1.);
#9503 = DIRECTION('',(-1.,-1.27553196763E-16,-3.10696741966E-15));
#9504 = ORIENTED_EDGE('',*,*,#2291,.F.);
#9505 = B_SPLINE_SURFACE_WITH_KNOTS('',3,1,(
    (#9506,#9507)
    ,(#9508,#9509)
    ,(#9510,#9511)
    ,(#9512,#9513
    )),.UNSPECIFIED.,.F.,.F.,.F.,(4,4),(2,2),(2.,3.),(0.,1.),
  .PIECEWISE_BEZIER_KNOTS.);
#9506 = CARTESIAN_POINT('',(10.91,1.792584450357,-2.410932289001));
#9507 = CARTESIAN_POINT('',(10.9,1.792584450357,-2.410932289001));
#9508 = CARTESIAN_POINT('',(10.91,1.744911549896,-2.368960727782));
#9509 = CARTESIAN_POINT('',(10.9,1.744911549896,-2.368960727782));
#9510 = CARTESIAN_POINT('',(10.91,1.685108140406,-2.348096252259));
#9511 = CARTESIAN_POINT('',(10.9,1.685108140406,-2.348096252259));
#9512 = CARTESIAN_POINT('',(10.91,1.613174221897,-2.348096252259));
#9513 = CARTESIAN_POINT('',(10.9,1.613174221897,-2.348096252259));
#9514 = ADVANCED_FACE('',(#9515),#9526,.F.);
#9515 = FACE_BOUND('',#9516,.T.);
#9516 = EDGE_LOOP('',(#9517,#9518,#9524,#9525));
#9517 = ORIENTED_EDGE('',*,*,#2283,.T.);
#9518 = ORIENTED_EDGE('',*,*,#9519,.F.);
#9519 = EDGE_CURVE('',#9329,#2276,#9520,.T.);
#9520 = LINE('',#9521,#9522);
#9521 = CARTESIAN_POINT('',(10.91,1.477797741195,-2.348096252259));
#9522 = VECTOR('',#9523,1.);
#9523 = DIRECTION('',(-1.,-1.27553196763E-16,-3.10696741966E-15));
#9524 = ORIENTED_EDGE('',*,*,#9328,.F.);
#9525 = ORIENTED_EDGE('',*,*,#9499,.T.);
#9526 = PLANE('',#9527);
#9527 = AXIS2_PLACEMENT_3D('',#9528,#9529,#9530);
#9528 = CARTESIAN_POINT('',(10.91,1.477797741195,-2.348096252259));
#9529 = DIRECTION('',(3.10696741966E-15,3.203517086163E-15,-1.));
#9530 = DIRECTION('',(0.,1.,3.203517086163E-15));
#9531 = ADVANCED_FACE('',(#9532),#9538,.F.);
#9532 = FACE_BOUND('',#9533,.T.);
#9533 = EDGE_LOOP('',(#9534,#9535,#9536,#9537));
#9534 = ORIENTED_EDGE('',*,*,#2275,.T.);
#9535 = ORIENTED_EDGE('',*,*,#9420,.F.);
#9536 = ORIENTED_EDGE('',*,*,#9336,.F.);
#9537 = ORIENTED_EDGE('',*,*,#9519,.T.);
#9538 = PLANE('',#9539);
#9539 = AXIS2_PLACEMENT_3D('',#9540,#9541,#9542);
#9540 = CARTESIAN_POINT('',(10.91,1.477797741195,-2.822641765265));
#9541 = DIRECTION('',(-1.27553196763E-16,1.,3.6555471044E-15));
#9542 = DIRECTION('',(0.,-3.6555471044E-15,1.));
#9543 = ADVANCED_FACE('',(#9544),#9569,.T.);
#9544 = FACE_BOUND('',#9545,.T.);
#9545 = EDGE_LOOP('',(#9546,#9556,#9562,#9563));
#9546 = ORIENTED_EDGE('',*,*,#9547,.F.);
#9547 = EDGE_CURVE('',#9548,#9550,#9552,.T.);
#9548 = VERTEX_POINT('',#9549);
#9549 = CARTESIAN_POINT('',(10.9,1.610748120092,-2.402683542865));
#9550 = VERTEX_POINT('',#9551);
#9551 = CARTESIAN_POINT('',(10.9,1.539056811762,-2.402683542865));
#9552 = LINE('',#9553,#9554);
#9553 = CARTESIAN_POINT('',(10.9,1.610748120092,-2.402683542865));
#9554 = VECTOR('',#9555,1.);
#9555 = DIRECTION('',(0.,-1.,-6.049280995161E-15));
#9556 = ORIENTED_EDGE('',*,*,#9557,.F.);
#9557 = EDGE_CURVE('',#9355,#9548,#9558,.T.);
#9558 = LINE('',#9559,#9560);
#9559 = CARTESIAN_POINT('',(10.91,1.610748120092,-2.402683542865));
#9560 = VECTOR('',#9561,1.);
#9561 = DIRECTION('',(-1.,-1.27553196763E-16,-3.10696741966E-15));
#9562 = ORIENTED_EDGE('',*,*,#9354,.T.);
#9563 = ORIENTED_EDGE('',*,*,#9564,.T.);
#9564 = EDGE_CURVE('',#9345,#9550,#9565,.T.);
#9565 = LINE('',#9566,#9567);
#9566 = CARTESIAN_POINT('',(10.91,1.539056811762,-2.402683542865));
#9567 = VECTOR('',#9568,1.);
#9568 = DIRECTION('',(-1.,-1.27553196763E-16,-3.10696741966E-15));
#9569 = PLANE('',#9570);
#9570 = AXIS2_PLACEMENT_3D('',#9571,#9572,#9573);
#9571 = CARTESIAN_POINT('',(10.91,1.610748120092,-2.402683542865));
#9572 = DIRECTION('',(3.10696741966E-15,6.049280995161E-15,-1.));
#9573 = DIRECTION('',(0.,1.,6.049280995161E-15));
#9574 = ADVANCED_FACE('',(#9575),#9593,.T.);
#9575 = FACE_BOUND('',#9576,.T.);
#9576 = EDGE_LOOP('',(#9577,#9585,#9586,#9587));
#9577 = ORIENTED_EDGE('',*,*,#9578,.F.);
#9578 = EDGE_CURVE('',#9550,#9579,#9581,.T.);
#9579 = VERTEX_POINT('',#9580);
#9580 = CARTESIAN_POINT('',(10.9,1.539056811762,-2.76853969502));
#9581 = LINE('',#9582,#9583);
#9582 = CARTESIAN_POINT('',(10.9,1.539056811762,-2.402683542865));
#9583 = VECTOR('',#9584,1.);
#9584 = DIRECTION('',(0.,4.741545183151E-15,-1.));
#9585 = ORIENTED_EDGE('',*,*,#9564,.F.);
#9586 = ORIENTED_EDGE('',*,*,#9344,.T.);
#9587 = ORIENTED_EDGE('',*,*,#9588,.T.);
#9588 = EDGE_CURVE('',#9347,#9579,#9589,.T.);
#9589 = LINE('',#9590,#9591);
#9590 = CARTESIAN_POINT('',(10.91,1.539056811762,-2.76853969502));
#9591 = VECTOR('',#9592,1.);
#9592 = DIRECTION('',(-1.,-1.27553196763E-16,-3.10696741966E-15));
#9593 = PLANE('',#9594);
#9594 = AXIS2_PLACEMENT_3D('',#9595,#9596,#9597);
#9595 = CARTESIAN_POINT('',(10.91,1.539056811762,-2.402683542865));
#9596 = DIRECTION('',(-1.27553196763E-16,1.,4.741545183151E-15));
#9597 = DIRECTION('',(0.,-4.741545183151E-15,1.));
#9598 = ADVANCED_FACE('',(#9599),#9617,.T.);
#9599 = FACE_BOUND('',#9600,.T.);
#9600 = EDGE_LOOP('',(#9601,#9609,#9610,#9611));
#9601 = ORIENTED_EDGE('',*,*,#9602,.F.);
#9602 = EDGE_CURVE('',#9579,#9603,#9605,.T.);
#9603 = VERTEX_POINT('',#9604);
#9604 = CARTESIAN_POINT('',(10.9,1.607958103016,-2.76853969502));
#9605 = LINE('',#9606,#9607);
#9606 = CARTESIAN_POINT('',(10.9,1.539056811762,-2.76853969502));
#9607 = VECTOR('',#9608,1.);
#9608 = DIRECTION('',(0.,1.,0.));
#9609 = ORIENTED_EDGE('',*,*,#9588,.F.);
#9610 = ORIENTED_EDGE('',*,*,#9398,.T.);
#9611 = ORIENTED_EDGE('',*,*,#9612,.T.);
#9612 = EDGE_CURVE('',#9390,#9603,#9613,.T.);
#9613 = LINE('',#9614,#9615);
#9614 = CARTESIAN_POINT('',(10.91,1.607958103016,-2.76853969502));
#9615 = VECTOR('',#9616,1.);
#9616 = DIRECTION('',(-1.,-1.27553196763E-16,-3.10696741966E-15));
#9617 = PLANE('',#9618);
#9618 = AXIS2_PLACEMENT_3D('',#9619,#9620,#9621);
#9619 = CARTESIAN_POINT('',(10.91,1.539056811762,-2.76853969502));
#9620 = DIRECTION('',(-3.10696741966E-15,0.,1.));
#9621 = DIRECTION('',(1.,0.,3.10696741966E-15));
#9622 = ADVANCED_FACE('',(#9623),#9642,.T.);
#9623 = FACE_BOUND('',#9624,.T.);
#9624 = EDGE_LOOP('',(#9625,#9634,#9635,#9636));
#9625 = ORIENTED_EDGE('',*,*,#9626,.F.);
#9626 = EDGE_CURVE('',#9603,#9627,#9629,.T.);
#9627 = VERTEX_POINT('',#9628);
#9628 = CARTESIAN_POINT('',(10.9,1.749035922963,-2.719047218204));
#9629 = B_SPLINE_CURVE_WITH_KNOTS('',3,(#9630,#9631,#9632,#9633),
  .UNSPECIFIED.,.F.,.F.,(4,4),(2.,3.),.PIECEWISE_BEZIER_KNOTS.);
#9630 = CARTESIAN_POINT('',(10.9,1.607958103016,-2.76853969502));
#9631 = CARTESIAN_POINT('',(10.9,1.668246732863,-2.76853969502));
#9632 = CARTESIAN_POINT('',(10.9,1.715313107876,-2.75204220275));
#9633 = CARTESIAN_POINT('',(10.9,1.749035922963,-2.719047218204));
#9634 = ORIENTED_EDGE('',*,*,#9612,.F.);
#9635 = ORIENTED_EDGE('',*,*,#9389,.T.);
#9636 = ORIENTED_EDGE('',*,*,#9637,.T.);
#9637 = EDGE_CURVE('',#9381,#9627,#9638,.T.);
#9638 = LINE('',#9639,#9640);
#9639 = CARTESIAN_POINT('',(10.91,1.749035922963,-2.719047218204));
#9640 = VECTOR('',#9641,1.);
#9641 = DIRECTION('',(-1.,-1.27553196763E-16,-3.10696741966E-15));
#9642 = B_SPLINE_SURFACE_WITH_KNOTS('',3,1,(
    (#9643,#9644)
    ,(#9645,#9646)
    ,(#9647,#9648)
    ,(#9649,#9650
    )),.UNSPECIFIED.,.F.,.F.,.F.,(4,4),(2,2),(2.,3.),(0.,1.),
  .PIECEWISE_BEZIER_KNOTS.);
#9643 = CARTESIAN_POINT('',(10.91,1.607958103016,-2.76853969502));
#9644 = CARTESIAN_POINT('',(10.9,1.607958103016,-2.76853969502));
#9645 = CARTESIAN_POINT('',(10.91,1.668246732863,-2.76853969502));
#9646 = CARTESIAN_POINT('',(10.9,1.668246732863,-2.76853969502));
#9647 = CARTESIAN_POINT('',(10.91,1.715313107876,-2.75204220275));
#9648 = CARTESIAN_POINT('',(10.9,1.715313107876,-2.75204220275));
#9649 = CARTESIAN_POINT('',(10.91,1.749035922963,-2.719047218204));
#9650 = CARTESIAN_POINT('',(10.9,1.749035922963,-2.719047218204));
#9651 = ADVANCED_FACE('',(#9652),#9671,.T.);
#9652 = FACE_BOUND('',#9653,.T.);
#9653 = EDGE_LOOP('',(#9654,#9663,#9664,#9665));
#9654 = ORIENTED_EDGE('',*,*,#9655,.F.);
#9655 = EDGE_CURVE('',#9627,#9656,#9658,.T.);
#9656 = VERTEX_POINT('',#9657);
#9657 = CARTESIAN_POINT('',(10.9,1.799741450679,-2.581002025514));
#9658 = B_SPLINE_CURVE_WITH_KNOTS('',3,(#9659,#9660,#9661,#9662),
  .UNSPECIFIED.,.F.,.F.,(4,4),(3.,4.),.PIECEWISE_BEZIER_KNOTS.);
#9659 = CARTESIAN_POINT('',(10.9,1.749035922963,-2.719047218204));
#9660 = CARTESIAN_POINT('',(10.9,1.782880043139,-2.686294843839));
#9661 = CARTESIAN_POINT('',(10.9,1.799741450679,-2.64019890955));
#9662 = CARTESIAN_POINT('',(10.9,1.799741450679,-2.581002025514));
#9663 = ORIENTED_EDGE('',*,*,#9637,.F.);
#9664 = ORIENTED_EDGE('',*,*,#9380,.T.);
#9665 = ORIENTED_EDGE('',*,*,#9666,.T.);
#9666 = EDGE_CURVE('',#9372,#9656,#9667,.T.);
#9667 = LINE('',#9668,#9669);
#9668 = CARTESIAN_POINT('',(10.91,1.799741450679,-2.581002025514));
#9669 = VECTOR('',#9670,1.);
#9670 = DIRECTION('',(-1.,-1.27553196763E-16,-3.10696741966E-15));
#9671 = B_SPLINE_SURFACE_WITH_KNOTS('',3,1,(
    (#9672,#9673)
    ,(#9674,#9675)
    ,(#9676,#9677)
    ,(#9678,#9679
    )),.UNSPECIFIED.,.F.,.F.,.F.,(4,4),(2,2),(3.,4.),(0.,1.),
  .PIECEWISE_BEZIER_KNOTS.);
#9672 = CARTESIAN_POINT('',(10.91,1.749035922963,-2.719047218204));
#9673 = CARTESIAN_POINT('',(10.9,1.749035922963,-2.719047218204));
#9674 = CARTESIAN_POINT('',(10.91,1.782880043139,-2.686294843839));
#9675 = CARTESIAN_POINT('',(10.9,1.782880043139,-2.686294843839));
#9676 = CARTESIAN_POINT('',(10.91,1.799741450679,-2.64019890955));
#9677 = CARTESIAN_POINT('',(10.9,1.799741450679,-2.64019890955));
#9678 = CARTESIAN_POINT('',(10.91,1.799741450679,-2.581002025514));
#9679 = CARTESIAN_POINT('',(10.9,1.799741450679,-2.581002025514));
#9680 = ADVANCED_FACE('',(#9681),#9700,.T.);
#9681 = FACE_BOUND('',#9682,.T.);
#9682 = EDGE_LOOP('',(#9683,#9692,#9693,#9694));
#9683 = ORIENTED_EDGE('',*,*,#9684,.F.);
#9684 = EDGE_CURVE('',#9656,#9685,#9687,.T.);
#9685 = VERTEX_POINT('',#9686);
#9686 = CARTESIAN_POINT('',(10.9,1.747701566968,-2.447323816073));
#9687 = B_SPLINE_CURVE_WITH_KNOTS('',3,(#9688,#9689,#9690,#9691),
  .UNSPECIFIED.,.F.,.F.,(4,4),(4.,5.),.PIECEWISE_BEZIER_KNOTS.);
#9688 = CARTESIAN_POINT('',(10.9,1.799741450679,-2.581002025514));
#9689 = CARTESIAN_POINT('',(10.9,1.799741450679,-2.521805141477));
#9690 = CARTESIAN_POINT('',(10.9,1.782394822775,-2.477164868273));
#9691 = CARTESIAN_POINT('',(10.9,1.747701566968,-2.447323816073));
#9692 = ORIENTED_EDGE('',*,*,#9666,.F.);
#9693 = ORIENTED_EDGE('',*,*,#9371,.T.);
#9694 = ORIENTED_EDGE('',*,*,#9695,.T.);
#9695 = EDGE_CURVE('',#9363,#9685,#9696,.T.);
#9696 = LINE('',#9697,#9698);
#9697 = CARTESIAN_POINT('',(10.91,1.747701566968,-2.447323816073));
#9698 = VECTOR('',#9699,1.);
#9699 = DIRECTION('',(-1.,-1.27553196763E-16,-3.10696741966E-15));
#9700 = B_SPLINE_SURFACE_WITH_KNOTS('',3,1,(
    (#9701,#9702)
    ,(#9703,#9704)
    ,(#9705,#9706)
    ,(#9707,#9708
    )),.UNSPECIFIED.,.F.,.F.,.F.,(4,4),(2,2),(4.,5.),(0.,1.),
  .PIECEWISE_BEZIER_KNOTS.);
#9701 = CARTESIAN_POINT('',(10.91,1.799741450679,-2.581002025514));
#9702 = CARTESIAN_POINT('',(10.9,1.799741450679,-2.581002025514));
#9703 = CARTESIAN_POINT('',(10.91,1.799741450679,-2.521805141477));
#9704 = CARTESIAN_POINT('',(10.9,1.799741450679,-2.521805141477));
#9705 = CARTESIAN_POINT('',(10.91,1.782394822775,-2.477164868273));
#9706 = CARTESIAN_POINT('',(10.9,1.782394822775,-2.477164868273));
#9707 = CARTESIAN_POINT('',(10.91,1.747701566968,-2.447323816073));
#9708 = CARTESIAN_POINT('',(10.9,1.747701566968,-2.447323816073));
#9709 = ADVANCED_FACE('',(#9710),#9722,.T.);
#9710 = FACE_BOUND('',#9711,.T.);
#9711 = EDGE_LOOP('',(#9712,#9719,#9720,#9721));
#9712 = ORIENTED_EDGE('',*,*,#9713,.F.);
#9713 = EDGE_CURVE('',#9685,#9548,#9714,.T.);
#9714 = B_SPLINE_CURVE_WITH_KNOTS('',3,(#9715,#9716,#9717,#9718),
  .UNSPECIFIED.,.F.,.F.,(4,4),(5.,6.),.PIECEWISE_BEZIER_KNOTS.);
#9715 = CARTESIAN_POINT('',(10.9,1.747701566968,-2.447323816073));
#9716 = CARTESIAN_POINT('',(10.9,1.713008311161,-2.417482763876));
#9717 = CARTESIAN_POINT('',(10.9,1.667276292142,-2.402683542865));
#9718 = CARTESIAN_POINT('',(10.9,1.610748120092,-2.402683542865));
#9719 = ORIENTED_EDGE('',*,*,#9695,.F.);
#9720 = ORIENTED_EDGE('',*,*,#9362,.T.);
#9721 = ORIENTED_EDGE('',*,*,#9557,.T.);
#9722 = B_SPLINE_SURFACE_WITH_KNOTS('',3,1,(
    (#9723,#9724)
    ,(#9725,#9726)
    ,(#9727,#9728)
    ,(#9729,#9730
    )),.UNSPECIFIED.,.F.,.F.,.F.,(4,4),(2,2),(5.,6.),(0.,1.),
  .PIECEWISE_BEZIER_KNOTS.);
#9723 = CARTESIAN_POINT('',(10.91,1.747701566968,-2.447323816073));
#9724 = CARTESIAN_POINT('',(10.9,1.747701566968,-2.447323816073));
#9725 = CARTESIAN_POINT('',(10.91,1.713008311161,-2.417482763876));
#9726 = CARTESIAN_POINT('',(10.9,1.713008311161,-2.417482763876));
#9727 = CARTESIAN_POINT('',(10.91,1.667276292142,-2.402683542865));
#9728 = CARTESIAN_POINT('',(10.9,1.667276292142,-2.402683542865));
#9729 = CARTESIAN_POINT('',(10.91,1.610748120092,-2.402683542865));
#9730 = CARTESIAN_POINT('',(10.9,1.610748120092,-2.402683542865));
#9731 = ADVANCED_FACE('',(#9732),#9741,.F.);
#9732 = FACE_BOUND('',#9733,.T.);
#9733 = EDGE_LOOP('',(#9734,#9735,#9736,#9737,#9738,#9739,#9740));
#9734 = ORIENTED_EDGE('',*,*,#9713,.T.);
#9735 = ORIENTED_EDGE('',*,*,#9547,.T.);
#9736 = ORIENTED_EDGE('',*,*,#9578,.T.);
#9737 = ORIENTED_EDGE('',*,*,#9602,.T.);
#9738 = ORIENTED_EDGE('',*,*,#9626,.T.);
#9739 = ORIENTED_EDGE('',*,*,#9655,.T.);
#9740 = ORIENTED_EDGE('',*,*,#9684,.T.);
#9741 = PLANE('',#9742);
#9742 = AXIS2_PLACEMENT_3D('',#9743,#9744,#9745);
#9743 = CARTESIAN_POINT('',(10.9,-1.890848588815E-15,3.923791416573E-14)
  );
#9744 = DIRECTION('',(-1.,1.734723475977E-16,-3.519728791837E-15));
#9745 = DIRECTION('',(-3.519728791837E-15,0.,1.));
#9746 = ADVANCED_FACE('',(#9747,#9813),#9865,.F.);
#9747 = FACE_BOUND('',#9748,.T.);
#9748 = EDGE_LOOP('',(#9749,#9759,#9767,#9775,#9783,#9791,#9799,#9807));
#9749 = ORIENTED_EDGE('',*,*,#9750,.T.);
#9750 = EDGE_CURVE('',#9751,#9753,#9755,.T.);
#9751 = VERTEX_POINT('',#9752);
#9752 = CARTESIAN_POINT('',(10.91,2.317471575812,-2.822641765265));
#9753 = VERTEX_POINT('',#9754);
#9754 = CARTESIAN_POINT('',(10.91,2.136726991361,-2.348096252259));
#9755 = LINE('',#9756,#9757);
#9756 = CARTESIAN_POINT('',(10.91,2.136726991361,-2.348096252259));
#9757 = VECTOR('',#9758,1.);
#9758 = DIRECTION('',(-3.416146928382E-15,-0.355935724364,0.934510438744
    ));
#9759 = ORIENTED_EDGE('',*,*,#9760,.T.);
#9760 = EDGE_CURVE('',#9753,#9761,#9763,.T.);
#9761 = VERTEX_POINT('',#9762);
#9762 = CARTESIAN_POINT('',(10.91,2.07122224263,-2.348096252259));
#9763 = LINE('',#9764,#9765);
#9764 = CARTESIAN_POINT('',(10.91,2.07122224263,-2.348096252259));
#9765 = VECTOR('',#9766,1.);
#9766 = DIRECTION('',(-0.,-1.,-6.620601977659E-15));
#9767 = ORIENTED_EDGE('',*,*,#9768,.T.);
#9768 = EDGE_CURVE('',#9761,#9769,#9771,.T.);
#9769 = VERTEX_POINT('',#9770);
#9770 = CARTESIAN_POINT('',(10.91,1.890477658176,-2.822641765265));
#9771 = LINE('',#9772,#9773);
#9772 = CARTESIAN_POINT('',(10.91,1.890477658176,-2.822641765265));
#9773 = VECTOR('',#9774,1.);
#9774 = DIRECTION('',(3.416146928374E-15,-0.35593572437,-0.934510438742)
  );
#9775 = ORIENTED_EDGE('',*,*,#9776,.T.);
#9776 = EDGE_CURVE('',#9769,#9777,#9779,.T.);
#9777 = VERTEX_POINT('',#9778);
#9778 = CARTESIAN_POINT('',(10.91,1.958165898529,-2.822641765265));
#9779 = LINE('',#9780,#9781);
#9780 = CARTESIAN_POINT('',(10.91,1.958165898529,-2.822641765265));
#9781 = VECTOR('',#9782,1.);
#9782 = DIRECTION('',(-0.,1.,6.407034172173E-15));
#9783 = ORIENTED_EDGE('',*,*,#9784,.T.);
#9784 = EDGE_CURVE('',#9777,#9785,#9787,.T.);
#9785 = VERTEX_POINT('',#9786);
#9786 = CARTESIAN_POINT('',(10.91,2.003776612458,-2.692845318714));
#9787 = LINE('',#9788,#9789);
#9788 = CARTESIAN_POINT('',(10.91,2.003776612458,-2.692845318714));
#9789 = VECTOR('',#9790,1.);
#9790 = DIRECTION('',(-0.,0.331528418358,0.94344523308));
#9791 = ORIENTED_EDGE('',*,*,#9792,.T.);
#9792 = EDGE_CURVE('',#9785,#9793,#9795,.T.);
#9793 = VERTEX_POINT('',#9794);
#9794 = CARTESIAN_POINT('',(10.91,2.201382604455,-2.692845318714));
#9795 = LINE('',#9796,#9797);
#9796 = CARTESIAN_POINT('',(10.91,2.201382604455,-2.692845318714));
#9797 = VECTOR('',#9798,1.);
#9798 = DIRECTION('',(-0.,1.,2.194674688813E-15));
#9799 = ORIENTED_EDGE('',*,*,#9800,.T.);
#9800 = EDGE_CURVE('',#9793,#9801,#9803,.T.);
#9801 = VERTEX_POINT('',#9802);
#9802 = CARTESIAN_POINT('',(10.91,2.249783335463,-2.822641765265));
#9803 = LINE('',#9804,#9805);
#9804 = CARTESIAN_POINT('',(10.91,2.249783335463,-2.822641765265));
#9805 = VECTOR('',#9806,1.);
#9806 = DIRECTION('',(-0.,0.349395479497,-0.936975345944));
#9807 = ORIENTED_EDGE('',*,*,#9808,.T.);
#9808 = EDGE_CURVE('',#9801,#9751,#9809,.T.);
#9809 = LINE('',#9810,#9811);
#9810 = CARTESIAN_POINT('',(10.91,2.317471575812,-2.822641765265));
#9811 = VECTOR('',#9812,1.);
#9812 = DIRECTION('',(-0.,1.,6.40703417248E-15));
#9813 = FACE_BOUND('',#9814,.T.);
#9814 = EDGE_LOOP('',(#9815,#9825,#9833,#9842,#9850,#9859));
#9815 = ORIENTED_EDGE('',*,*,#9816,.F.);
#9816 = EDGE_CURVE('',#9817,#9819,#9821,.T.);
#9817 = VERTEX_POINT('',#9818);
#9818 = CARTESIAN_POINT('',(10.91,2.0231854269,-2.639228468829));
#9819 = VERTEX_POINT('',#9820);
#9820 = CARTESIAN_POINT('',(10.91,2.18245901038,-2.639228468829));
#9821 = LINE('',#9822,#9823);
#9822 = CARTESIAN_POINT('',(10.91,2.0231854269,-2.639228468829));
#9823 = VECTOR('',#9824,1.);
#9824 = DIRECTION('',(0.,1.,2.722867530927E-15));
#9825 = ORIENTED_EDGE('',*,*,#9826,.F.);
#9826 = EDGE_CURVE('',#9827,#9817,#9829,.T.);
#9827 = VERTEX_POINT('',#9828);
#9828 = CARTESIAN_POINT('',(10.91,2.094148904685,-2.441986392102));
#9829 = LINE('',#9830,#9831);
#9830 = CARTESIAN_POINT('',(10.91,2.094148904685,-2.441986392102));
#9831 = VECTOR('',#9832,1.);
#9832 = DIRECTION('',(0.,-0.338535034296,-0.940953787683));
#9833 = ORIENTED_EDGE('',*,*,#9834,.F.);
#9834 = EDGE_CURVE('',#9835,#9827,#9837,.T.);
#9835 = VERTEX_POINT('',#9836);
#9836 = CARTESIAN_POINT('',(10.91,2.101912430461,-2.408748797379));
#9837 = B_SPLINE_CURVE_WITH_KNOTS('',3,(#9838,#9839,#9840,#9841),
  .UNSPECIFIED.,.F.,.F.,(4,4),(3.,4.),.PIECEWISE_BEZIER_KNOTS.);
#9838 = CARTESIAN_POINT('',(10.91,2.101912430461,-2.408748797379));
#9839 = CARTESIAN_POINT('',(10.91,2.099607633746,-2.423062798027));
#9840 = CARTESIAN_POINT('',(10.91,2.097060226854,-2.434222866329));
#9841 = CARTESIAN_POINT('',(10.91,2.094148904685,-2.441986392102));
#9842 = ORIENTED_EDGE('',*,*,#9843,.F.);
#9843 = EDGE_CURVE('',#9844,#9835,#9846,.T.);
#9844 = VERTEX_POINT('',#9845);
#9845 = CARTESIAN_POINT('',(10.91,2.103368091545,-2.408748797379));
#9846 = LINE('',#9847,#9848);
#9847 = CARTESIAN_POINT('',(10.91,2.103368091545,-2.408748797379));
#9848 = VECTOR('',#9849,1.);
#9849 = DIRECTION('',(0.,-1.,0.));
#9850 = ORIENTED_EDGE('',*,*,#9851,.F.);
#9851 = EDGE_CURVE('',#9852,#9844,#9854,.T.);
#9852 = VERTEX_POINT('',#9853);
#9853 = CARTESIAN_POINT('',(10.91,2.110767702048,-2.441986392102));
#9854 = B_SPLINE_CURVE_WITH_KNOTS('',3,(#9855,#9856,#9857,#9858),
  .UNSPECIFIED.,.F.,.F.,(4,4),(1.,2.),.PIECEWISE_BEZIER_KNOTS.);
#9855 = CARTESIAN_POINT('',(10.91,2.110767702048,-2.441986392102));
#9856 = CARTESIAN_POINT('',(10.91,2.108462905336,-2.43543591723));
#9857 = CARTESIAN_POINT('',(10.91,2.106036803528,-2.424518459108));
#9858 = CARTESIAN_POINT('',(10.91,2.103368091545,-2.408748797379));
#9859 = ORIENTED_EDGE('',*,*,#9860,.F.);
#9860 = EDGE_CURVE('',#9819,#9852,#9861,.T.);
#9861 = LINE('',#9862,#9863);
#9862 = CARTESIAN_POINT('',(10.91,2.18245901038,-2.639228468829));
#9863 = VECTOR('',#9864,1.);
#9864 = DIRECTION('',(0.,-0.34160383069,0.939844041774));
#9865 = PLANE('',#9866);
#9866 = AXIS2_PLACEMENT_3D('',#9867,#9868,#9869);
#9867 = CARTESIAN_POINT('',(10.91,1.275531967375E-18,3.987653311216E-14)
  );
#9868 = DIRECTION('',(-1.,2.3421215217E-29,-3.6555471044E-15));
#9869 = DIRECTION('',(-3.6555471044E-15,0.,1.));
#9870 = ADVANCED_FACE('',(#9871),#9887,.F.);
#9871 = FACE_BOUND('',#9872,.T.);
#9872 = EDGE_LOOP('',(#9873,#9874,#9880,#9881));
#9873 = ORIENTED_EDGE('',*,*,#2327,.T.);
#9874 = ORIENTED_EDGE('',*,*,#9875,.F.);
#9875 = EDGE_CURVE('',#9753,#2330,#9876,.T.);
#9876 = LINE('',#9877,#9878);
#9877 = CARTESIAN_POINT('',(10.91,2.136726991361,-2.348096252259));
#9878 = VECTOR('',#9879,1.);
#9879 = DIRECTION('',(-1.,-1.27553196763E-16,-3.10696741966E-15));
#9880 = ORIENTED_EDGE('',*,*,#9750,.F.);
#9881 = ORIENTED_EDGE('',*,*,#9882,.T.);
#9882 = EDGE_CURVE('',#9751,#2328,#9883,.T.);
#9883 = LINE('',#9884,#9885);
#9884 = CARTESIAN_POINT('',(10.91,2.317471575812,-2.822641765265));
#9885 = VECTOR('',#9886,1.);
#9886 = DIRECTION('',(-1.,-1.27553196763E-16,-3.10696741966E-15));
#9887 = PLANE('',#9888);
#9888 = AXIS2_PLACEMENT_3D('',#9889,#9890,#9891);
#9889 = CARTESIAN_POINT('',(10.91,2.136726991361,-2.348096252259));
#9890 = DIRECTION('',(1.225080492963E-15,-0.934510438744,-0.355935724364
    ));
#9891 = DIRECTION('',(0.,0.355935724364,-0.934510438744));
#9892 = ADVANCED_FACE('',(#9893),#9904,.F.);
#9893 = FACE_BOUND('',#9894,.T.);
#9894 = EDGE_LOOP('',(#9895,#9896,#9902,#9903));
#9895 = ORIENTED_EDGE('',*,*,#2385,.T.);
#9896 = ORIENTED_EDGE('',*,*,#9897,.F.);
#9897 = EDGE_CURVE('',#9761,#2378,#9898,.T.);
#9898 = LINE('',#9899,#9900);
#9899 = CARTESIAN_POINT('',(10.91,2.07122224263,-2.348096252259));
#9900 = VECTOR('',#9901,1.);
#9901 = DIRECTION('',(-1.,-1.27553196763E-16,-3.10696741966E-15));
#9902 = ORIENTED_EDGE('',*,*,#9760,.F.);
#9903 = ORIENTED_EDGE('',*,*,#9875,.T.);
#9904 = PLANE('',#9905);
#9905 = AXIS2_PLACEMENT_3D('',#9906,#9907,#9908);
#9906 = CARTESIAN_POINT('',(10.91,2.07122224263,-2.348096252259));
#9907 = DIRECTION('',(3.10696741966E-15,6.620601977659E-15,-1.));
#9908 = DIRECTION('',(0.,1.,6.620601977659E-15));
#9909 = ADVANCED_FACE('',(#9910),#9921,.F.);
#9910 = FACE_BOUND('',#9911,.T.);
#9911 = EDGE_LOOP('',(#9912,#9913,#9919,#9920));
#9912 = ORIENTED_EDGE('',*,*,#2377,.T.);
#9913 = ORIENTED_EDGE('',*,*,#9914,.F.);
#9914 = EDGE_CURVE('',#9769,#2370,#9915,.T.);
#9915 = LINE('',#9916,#9917);
#9916 = CARTESIAN_POINT('',(10.91,1.890477658176,-2.822641765265));
#9917 = VECTOR('',#9918,1.);
#9918 = DIRECTION('',(-1.,-1.27553196763E-16,-3.10696741966E-15));
#9919 = ORIENTED_EDGE('',*,*,#9768,.F.);
#9920 = ORIENTED_EDGE('',*,*,#9897,.T.);
#9921 = PLANE('',#9922);
#9922 = AXIS2_PLACEMENT_3D('',#9923,#9924,#9925);
#9923 = CARTESIAN_POINT('',(10.91,1.890477658176,-2.822641765265));
#9924 = DIRECTION('',(9.866809052404E-16,0.934510438742,-0.35593572437)
  );
#9925 = DIRECTION('',(9.860761315263E-32,0.35593572437,0.934510438742));
#9926 = ADVANCED_FACE('',(#9927),#9938,.F.);
#9927 = FACE_BOUND('',#9928,.T.);
#9928 = EDGE_LOOP('',(#9929,#9930,#9936,#9937));
#9929 = ORIENTED_EDGE('',*,*,#2369,.T.);
#9930 = ORIENTED_EDGE('',*,*,#9931,.F.);
#9931 = EDGE_CURVE('',#9777,#2362,#9932,.T.);
#9932 = LINE('',#9933,#9934);
#9933 = CARTESIAN_POINT('',(10.91,1.958165898529,-2.822641765265));
#9934 = VECTOR('',#9935,1.);
#9935 = DIRECTION('',(-1.,-1.27553196763E-16,-3.10696741966E-15));
#9936 = ORIENTED_EDGE('',*,*,#9776,.F.);
#9937 = ORIENTED_EDGE('',*,*,#9914,.T.);
#9938 = PLANE('',#9939);
#9939 = AXIS2_PLACEMENT_3D('',#9940,#9941,#9942);
#9940 = CARTESIAN_POINT('',(10.91,1.958165898529,-2.822641765265));
#9941 = DIRECTION('',(-3.10696741966E-15,-6.407034172173E-15,1.));
#9942 = DIRECTION('',(0.,-1.,-6.407034172173E-15));
#9943 = ADVANCED_FACE('',(#9944),#9955,.F.);
#9944 = FACE_BOUND('',#9945,.T.);
#9945 = EDGE_LOOP('',(#9946,#9947,#9953,#9954));
#9946 = ORIENTED_EDGE('',*,*,#2361,.T.);
#9947 = ORIENTED_EDGE('',*,*,#9948,.F.);
#9948 = EDGE_CURVE('',#9785,#2354,#9949,.T.);
#9949 = LINE('',#9950,#9951);
#9950 = CARTESIAN_POINT('',(10.91,2.003776612458,-2.692845318714));
#9951 = VECTOR('',#9952,1.);
#9952 = DIRECTION('',(-1.,-1.27553196763E-16,-3.10696741966E-15));
#9953 = ORIENTED_EDGE('',*,*,#9784,.F.);
#9954 = ORIENTED_EDGE('',*,*,#9931,.T.);
#9955 = PLANE('',#9956);
#9956 = AXIS2_PLACEMENT_3D('',#9957,#9958,#9959);
#9957 = CARTESIAN_POINT('',(10.91,2.003776612458,-2.692845318714));
#9958 = DIRECTION('',(-9.097085390784E-16,-0.94344523308,0.331528418358)
  );
#9959 = DIRECTION('',(0.,-0.331528418358,-0.94344523308));
#9960 = ADVANCED_FACE('',(#9961),#9972,.F.);
#9961 = FACE_BOUND('',#9962,.T.);
#9962 = EDGE_LOOP('',(#9963,#9964,#9970,#9971));
#9963 = ORIENTED_EDGE('',*,*,#2353,.T.);
#9964 = ORIENTED_EDGE('',*,*,#9965,.F.);
#9965 = EDGE_CURVE('',#9793,#2346,#9966,.T.);
#9966 = LINE('',#9967,#9968);
#9967 = CARTESIAN_POINT('',(10.91,2.201382604455,-2.692845318714));
#9968 = VECTOR('',#9969,1.);
#9969 = DIRECTION('',(-1.,-1.27553196763E-16,-3.10696741966E-15));
#9970 = ORIENTED_EDGE('',*,*,#9792,.F.);
#9971 = ORIENTED_EDGE('',*,*,#9948,.T.);
#9972 = PLANE('',#9973);
#9973 = AXIS2_PLACEMENT_3D('',#9974,#9975,#9976);
#9974 = CARTESIAN_POINT('',(10.91,2.201382604455,-2.692845318714));
#9975 = DIRECTION('',(-3.10696741966E-15,-2.194674688813E-15,1.));
#9976 = DIRECTION('',(1.,0.,3.10696741966E-15));
#9977 = ADVANCED_FACE('',(#9978),#9989,.F.);
#9978 = FACE_BOUND('',#9979,.T.);
#9979 = EDGE_LOOP('',(#9980,#9981,#9987,#9988));
#9980 = ORIENTED_EDGE('',*,*,#2345,.T.);
#9981 = ORIENTED_EDGE('',*,*,#9982,.F.);
#9982 = EDGE_CURVE('',#9801,#2338,#9983,.T.);
#9983 = LINE('',#9984,#9985);
#9984 = CARTESIAN_POINT('',(10.91,2.249783335463,-2.822641765265));
#9985 = VECTOR('',#9986,1.);
#9986 = DIRECTION('',(-1.,-1.27553196763E-16,-3.10696741966E-15));
#9987 = ORIENTED_EDGE('',*,*,#9800,.F.);
#9988 = ORIENTED_EDGE('',*,*,#9965,.T.);
#9989 = PLANE('',#9990);
#9990 = AXIS2_PLACEMENT_3D('',#9991,#9992,#9993);
#9991 = CARTESIAN_POINT('',(10.91,2.249783335463,-2.822641765265));
#9992 = DIRECTION('',(-1.205074572038E-15,0.936975345944,0.349395479497)
  );
#9993 = DIRECTION('',(4.930380657631E-32,-0.349395479497,0.936975345944)
  );
#9994 = ADVANCED_FACE('',(#9995),#10001,.F.);
#9995 = FACE_BOUND('',#9996,.T.);
#9996 = EDGE_LOOP('',(#9997,#9998,#9999,#10000));
#9997 = ORIENTED_EDGE('',*,*,#2337,.T.);
#9998 = ORIENTED_EDGE('',*,*,#9882,.F.);
#9999 = ORIENTED_EDGE('',*,*,#9808,.F.);
#10000 = ORIENTED_EDGE('',*,*,#9982,.T.);
#10001 = PLANE('',#10002);
#10002 = AXIS2_PLACEMENT_3D('',#10003,#10004,#10005);
#10003 = CARTESIAN_POINT('',(10.91,2.317471575812,-2.822641765265));
#10004 = DIRECTION('',(-3.10696741966E-15,-6.40703417248E-15,1.));
#10005 = DIRECTION('',(0.,-1.,-6.40703417248E-15));
#10006 = ADVANCED_FACE('',(#10007),#10032,.T.);
#10007 = FACE_BOUND('',#10008,.T.);
#10008 = EDGE_LOOP('',(#10009,#10019,#10025,#10026));
#10009 = ORIENTED_EDGE('',*,*,#10010,.F.);
#10010 = EDGE_CURVE('',#10011,#10013,#10015,.T.);
#10011 = VERTEX_POINT('',#10012);
#10012 = CARTESIAN_POINT('',(10.9,2.0231854269,-2.639228468829));
#10013 = VERTEX_POINT('',#10014);
#10014 = CARTESIAN_POINT('',(10.9,2.18245901038,-2.639228468829));
#10015 = LINE('',#10016,#10017);
#10016 = CARTESIAN_POINT('',(10.9,2.0231854269,-2.639228468829));
#10017 = VECTOR('',#10018,1.);
#10018 = DIRECTION('',(0.,1.,2.722867530927E-15));
#10019 = ORIENTED_EDGE('',*,*,#10020,.F.);
#10020 = EDGE_CURVE('',#9817,#10011,#10021,.T.);
#10021 = LINE('',#10022,#10023);
#10022 = CARTESIAN_POINT('',(10.91,2.0231854269,-2.639228468829));
#10023 = VECTOR('',#10024,1.);
#10024 = DIRECTION('',(-1.,-1.27553196763E-16,-3.10696741966E-15));
#10025 = ORIENTED_EDGE('',*,*,#9816,.T.);
#10026 = ORIENTED_EDGE('',*,*,#10027,.T.);
#10027 = EDGE_CURVE('',#9819,#10013,#10028,.T.);
#10028 = LINE('',#10029,#10030);
#10029 = CARTESIAN_POINT('',(10.91,2.18245901038,-2.639228468829));
#10030 = VECTOR('',#10031,1.);
#10031 = DIRECTION('',(-1.,-1.27553196763E-16,-3.10696741966E-15));
#10032 = PLANE('',#10033);
#10033 = AXIS2_PLACEMENT_3D('',#10034,#10035,#10036);
#10034 = CARTESIAN_POINT('',(10.91,2.0231854269,-2.639228468829));
#10035 = DIRECTION('',(-3.10696741966E-15,-2.722867530927E-15,1.));
#10036 = DIRECTION('',(1.,0.,3.10696741966E-15));
#10037 = ADVANCED_FACE('',(#10038),#10056,.T.);
#10038 = FACE_BOUND('',#10039,.T.);
#10039 = EDGE_LOOP('',(#10040,#10048,#10049,#10050));
#10040 = ORIENTED_EDGE('',*,*,#10041,.F.);
#10041 = EDGE_CURVE('',#10013,#10042,#10044,.T.);
#10042 = VERTEX_POINT('',#10043);
#10043 = CARTESIAN_POINT('',(10.9,2.110767702048,-2.441986392102));
#10044 = LINE('',#10045,#10046);
#10045 = CARTESIAN_POINT('',(10.9,2.18245901038,-2.639228468829));
#10046 = VECTOR('',#10047,1.);
#10047 = DIRECTION('',(0.,-0.34160383069,0.939844041774));
#10048 = ORIENTED_EDGE('',*,*,#10027,.F.);
#10049 = ORIENTED_EDGE('',*,*,#9860,.T.);
#10050 = ORIENTED_EDGE('',*,*,#10051,.T.);
#10051 = EDGE_CURVE('',#9852,#10042,#10052,.T.);
#10052 = LINE('',#10053,#10054);
#10053 = CARTESIAN_POINT('',(10.91,2.110767702048,-2.441986392102));
#10054 = VECTOR('',#10055,1.);
#10055 = DIRECTION('',(-1.,-1.27553196763E-16,-3.10696741966E-15));
#10056 = PLANE('',#10057);
#10057 = AXIS2_PLACEMENT_3D('',#10058,#10059,#10060);
#10058 = CARTESIAN_POINT('',(10.91,2.18245901038,-2.639228468829));
#10059 = DIRECTION('',(1.181232084373E-15,-0.939844041774,-0.34160383069
    ));
#10060 = DIRECTION('',(0.,0.34160383069,-0.939844041774));
#10061 = ADVANCED_FACE('',(#10062),#10081,.T.);
#10062 = FACE_BOUND('',#10063,.T.);
#10063 = EDGE_LOOP('',(#10064,#10073,#10074,#10075));
#10064 = ORIENTED_EDGE('',*,*,#10065,.F.);
#10065 = EDGE_CURVE('',#10042,#10066,#10068,.T.);
#10066 = VERTEX_POINT('',#10067);
#10067 = CARTESIAN_POINT('',(10.9,2.103368091545,-2.408748797379));
#10068 = B_SPLINE_CURVE_WITH_KNOTS('',3,(#10069,#10070,#10071,#10072),
  .UNSPECIFIED.,.F.,.F.,(4,4),(1.,2.),.PIECEWISE_BEZIER_KNOTS.);
#10069 = CARTESIAN_POINT('',(10.9,2.110767702048,-2.441986392102));
#10070 = CARTESIAN_POINT('',(10.9,2.108462905336,-2.43543591723));
#10071 = CARTESIAN_POINT('',(10.9,2.106036803528,-2.424518459108));
#10072 = CARTESIAN_POINT('',(10.9,2.103368091545,-2.408748797379));
#10073 = ORIENTED_EDGE('',*,*,#10051,.F.);
#10074 = ORIENTED_EDGE('',*,*,#9851,.T.);
#10075 = ORIENTED_EDGE('',*,*,#10076,.T.);
#10076 = EDGE_CURVE('',#9844,#10066,#10077,.T.);
#10077 = LINE('',#10078,#10079);
#10078 = CARTESIAN_POINT('',(10.91,2.103368091545,-2.408748797379));
#10079 = VECTOR('',#10080,1.);
#10080 = DIRECTION('',(-1.,-1.27553196763E-16,-3.10696741966E-15));
#10081 = B_SPLINE_SURFACE_WITH_KNOTS('',3,1,(
    (#10082,#10083)
    ,(#10084,#10085)
    ,(#10086,#10087)
    ,(#10088,#10089
    )),.UNSPECIFIED.,.F.,.F.,.F.,(4,4),(2,2),(1.,2.),(0.,1.),
  .PIECEWISE_BEZIER_KNOTS.);
#10082 = CARTESIAN_POINT('',(10.91,2.110767702048,-2.441986392102));
#10083 = CARTESIAN_POINT('',(10.9,2.110767702048,-2.441986392102));
#10084 = CARTESIAN_POINT('',(10.91,2.108462905336,-2.43543591723));
#10085 = CARTESIAN_POINT('',(10.9,2.108462905336,-2.43543591723));
#10086 = CARTESIAN_POINT('',(10.91,2.106036803528,-2.424518459108));
#10087 = CARTESIAN_POINT('',(10.9,2.106036803528,-2.424518459108));
#10088 = CARTESIAN_POINT('',(10.91,2.103368091545,-2.408748797379));
#10089 = CARTESIAN_POINT('',(10.9,2.103368091545,-2.408748797379));
#10090 = ADVANCED_FACE('',(#10091),#10109,.T.);
#10091 = FACE_BOUND('',#10092,.T.);
#10092 = EDGE_LOOP('',(#10093,#10101,#10102,#10103));
#10093 = ORIENTED_EDGE('',*,*,#10094,.F.);
#10094 = EDGE_CURVE('',#10066,#10095,#10097,.T.);
#10095 = VERTEX_POINT('',#10096);
#10096 = CARTESIAN_POINT('',(10.9,2.101912430461,-2.408748797379));
#10097 = LINE('',#10098,#10099);
#10098 = CARTESIAN_POINT('',(10.9,2.103368091545,-2.408748797379));
#10099 = VECTOR('',#10100,1.);
#10100 = DIRECTION('',(0.,-1.,0.));
#10101 = ORIENTED_EDGE('',*,*,#10076,.F.);
#10102 = ORIENTED_EDGE('',*,*,#9843,.T.);
#10103 = ORIENTED_EDGE('',*,*,#10104,.T.);
#10104 = EDGE_CURVE('',#9835,#10095,#10105,.T.);
#10105 = LINE('',#10106,#10107);
#10106 = CARTESIAN_POINT('',(10.91,2.101912430461,-2.408748797379));
#10107 = VECTOR('',#10108,1.);
#10108 = DIRECTION('',(-1.,-1.27553196763E-16,-3.10696741966E-15));
#10109 = PLANE('',#10110);
#10110 = AXIS2_PLACEMENT_3D('',#10111,#10112,#10113);
#10111 = CARTESIAN_POINT('',(10.91,2.103368091545,-2.408748797379));
#10112 = DIRECTION('',(3.10696741966E-15,0.,-1.));
#10113 = DIRECTION('',(-1.,0.,-3.10696741966E-15));
#10114 = ADVANCED_FACE('',(#10115),#10134,.T.);
#10115 = FACE_BOUND('',#10116,.T.);
#10116 = EDGE_LOOP('',(#10117,#10126,#10127,#10128));
#10117 = ORIENTED_EDGE('',*,*,#10118,.F.);
#10118 = EDGE_CURVE('',#10095,#10119,#10121,.T.);
#10119 = VERTEX_POINT('',#10120);
#10120 = CARTESIAN_POINT('',(10.9,2.094148904685,-2.441986392102));
#10121 = B_SPLINE_CURVE_WITH_KNOTS('',3,(#10122,#10123,#10124,#10125),
  .UNSPECIFIED.,.F.,.F.,(4,4),(3.,4.),.PIECEWISE_BEZIER_KNOTS.);
#10122 = CARTESIAN_POINT('',(10.9,2.101912430461,-2.408748797379));
#10123 = CARTESIAN_POINT('',(10.9,2.099607633746,-2.423062798027));
#10124 = CARTESIAN_POINT('',(10.9,2.097060226854,-2.434222866329));
#10125 = CARTESIAN_POINT('',(10.9,2.094148904685,-2.441986392102));
#10126 = ORIENTED_EDGE('',*,*,#10104,.F.);
#10127 = ORIENTED_EDGE('',*,*,#9834,.T.);
#10128 = ORIENTED_EDGE('',*,*,#10129,.T.);
#10129 = EDGE_CURVE('',#9827,#10119,#10130,.T.);
#10130 = LINE('',#10131,#10132);
#10131 = CARTESIAN_POINT('',(10.91,2.094148904685,-2.441986392102));
#10132 = VECTOR('',#10133,1.);
#10133 = DIRECTION('',(-1.,-1.27553196763E-16,-3.10696741966E-15));
#10134 = B_SPLINE_SURFACE_WITH_KNOTS('',3,1,(
    (#10135,#10136)
    ,(#10137,#10138)
    ,(#10139,#10140)
    ,(#10141,#10142
    )),.UNSPECIFIED.,.F.,.F.,.F.,(4,4),(2,2),(3.,4.),(0.,1.),
  .PIECEWISE_BEZIER_KNOTS.);
#10135 = CARTESIAN_POINT('',(10.91,2.101912430461,-2.408748797379));
#10136 = CARTESIAN_POINT('',(10.9,2.101912430461,-2.408748797379));
#10137 = CARTESIAN_POINT('',(10.91,2.099607633746,-2.423062798027));
#10138 = CARTESIAN_POINT('',(10.9,2.099607633746,-2.423062798027));
#10139 = CARTESIAN_POINT('',(10.91,2.097060226854,-2.434222866329));
#10140 = CARTESIAN_POINT('',(10.9,2.097060226854,-2.434222866329));
#10141 = CARTESIAN_POINT('',(10.91,2.094148904685,-2.441986392102));
#10142 = CARTESIAN_POINT('',(10.9,2.094148904685,-2.441986392102));
#10143 = ADVANCED_FACE('',(#10144),#10155,.T.);
#10144 = FACE_BOUND('',#10145,.T.);
#10145 = EDGE_LOOP('',(#10146,#10152,#10153,#10154));
#10146 = ORIENTED_EDGE('',*,*,#10147,.F.);
#10147 = EDGE_CURVE('',#10119,#10011,#10148,.T.);
#10148 = LINE('',#10149,#10150);
#10149 = CARTESIAN_POINT('',(10.9,2.094148904685,-2.441986392102));
#10150 = VECTOR('',#10151,1.);
#10151 = DIRECTION('',(0.,-0.338535034296,-0.940953787683));
#10152 = ORIENTED_EDGE('',*,*,#10129,.F.);
#10153 = ORIENTED_EDGE('',*,*,#9826,.T.);
#10154 = ORIENTED_EDGE('',*,*,#10020,.T.);
#10155 = PLANE('',#10156);
#10156 = AXIS2_PLACEMENT_3D('',#10157,#10158,#10159);
#10157 = CARTESIAN_POINT('',(10.91,2.094148904685,-2.441986392102));
#10158 = DIRECTION('',(9.317956583449E-16,0.940953787683,-0.338535034296
    ));
#10159 = DIRECTION('',(4.930380657631E-32,0.338535034296,0.940953787683)
  );
#10160 = ADVANCED_FACE('',(#10161),#10169,.F.);
#10161 = FACE_BOUND('',#10162,.T.);
#10162 = EDGE_LOOP('',(#10163,#10164,#10165,#10166,#10167,#10168));
#10163 = ORIENTED_EDGE('',*,*,#10147,.T.);
#10164 = ORIENTED_EDGE('',*,*,#10010,.T.);
#10165 = ORIENTED_EDGE('',*,*,#10041,.T.);
#10166 = ORIENTED_EDGE('',*,*,#10065,.T.);
#10167 = ORIENTED_EDGE('',*,*,#10094,.T.);
#10168 = ORIENTED_EDGE('',*,*,#10118,.T.);
#10169 = PLANE('',#10170);
#10170 = AXIS2_PLACEMENT_3D('',#10171,#10172,#10173);
#10171 = CARTESIAN_POINT('',(10.9,-1.890848588815E-15,3.923791416573E-14
    ));
#10172 = DIRECTION('',(-1.,1.734723475977E-16,-3.519728791837E-15));
#10173 = DIRECTION('',(-3.519728791837E-15,0.,1.));
#10174 = ADVANCED_FACE('',(#10175,#10469),#10494,.F.);
#10175 = FACE_BOUND('',#10176,.T.);
#10176 = EDGE_LOOP('',(#10177,#10188,#10197,#10206,#10215,#10224,#10233,
    #10242,#10251,#10260,#10269,#10278,#10287,#10296,#10304,#10312,
    #10320,#10329,#10338,#10347,#10356,#10365,#10374,#10383,#10392,
    #10401,#10410,#10418,#10427,#10436,#10445,#10453,#10462));
#10177 = ORIENTED_EDGE('',*,*,#10178,.T.);
#10178 = EDGE_CURVE('',#10179,#10181,#10183,.T.);
#10179 = VERTEX_POINT('',#10180);
#10180 = CARTESIAN_POINT('',(10.91,-0.569935548668,-2.351931757576));
#10181 = VERTEX_POINT('',#10182);
#10182 = CARTESIAN_POINT('',(10.91,-0.903958507846,-1.909941794938));
#10183 = B_SPLINE_CURVE_WITH_KNOTS('',3,(#10184,#10185,#10186,#10187),
  .UNSPECIFIED.,.F.,.F.,(4,4),(35.,36.),.PIECEWISE_BEZIER_KNOTS.);
#10184 = CARTESIAN_POINT('',(10.91,-0.569935548668,-2.351931757576));
#10185 = CARTESIAN_POINT('',(10.91,-0.573309467251,-2.149493682402));
#10186 = CARTESIAN_POINT('',(10.91,-0.711642317126,-1.970673230364));
#10187 = CARTESIAN_POINT('',(10.91,-0.903958507846,-1.909941794938));
#10188 = ORIENTED_EDGE('',*,*,#10189,.T.);
#10189 = EDGE_CURVE('',#10181,#10190,#10192,.T.);
#10190 = VERTEX_POINT('',#10191);
#10191 = CARTESIAN_POINT('',(10.91,-1.086152942821,-1.643398156614));
#10192 = B_SPLINE_CURVE_WITH_KNOTS('',3,(#10193,#10194,#10195,#10196),
  .UNSPECIFIED.,.F.,.F.,(4,4),(0.,1.),.PIECEWISE_BEZIER_KNOTS.);
#10193 = CARTESIAN_POINT('',(10.91,-0.903958507846,-1.909941794938));
#10194 = CARTESIAN_POINT('',(10.91,-0.941072127074,-1.808722693001));
#10195 = CARTESIAN_POINT('',(10.91,-1.005177609786,-1.717625507688));
#10196 = CARTESIAN_POINT('',(10.91,-1.086152942821,-1.643398156614));
#10197 = ORIENTED_EDGE('',*,*,#10198,.T.);
#10198 = EDGE_CURVE('',#10190,#10199,#10201,.T.);
#10199 = VERTEX_POINT('',#10200);
#10200 = CARTESIAN_POINT('',(10.91,-1.545012820134,-1.467951703597));
#10201 = B_SPLINE_CURVE_WITH_KNOTS('',3,(#10202,#10203,#10204,#10205),
  .UNSPECIFIED.,.F.,.F.,(4,4),(1.,2.),.PIECEWISE_BEZIER_KNOTS.);
#10202 = CARTESIAN_POINT('',(10.91,-1.086152942821,-1.643398156614));
#10203 = CARTESIAN_POINT('',(10.91,-1.214363779537,-1.532057134021));
#10204 = CARTESIAN_POINT('',(10.91,-1.376314316901,-1.467951703597));
#10205 = CARTESIAN_POINT('',(10.91,-1.545012820134,-1.467951703597));
#10206 = ORIENTED_EDGE('',*,*,#10207,.T.);
#10207 = EDGE_CURVE('',#10199,#10208,#10210,.T.);
#10208 = VERTEX_POINT('',#10209);
#10209 = CARTESIAN_POINT('',(10.91,-1.949889227895,-1.599536539338));
#10210 = B_SPLINE_CURVE_WITH_KNOTS('',3,(#10211,#10212,#10213,#10214),
  .UNSPECIFIED.,.F.,.F.,(4,4),(2.,3.),.PIECEWISE_BEZIER_KNOTS.);
#10211 = CARTESIAN_POINT('',(10.91,-1.545012820134,-1.467951703597));
#10212 = CARTESIAN_POINT('',(10.91,-1.693467490108,-1.467951703597));
#10213 = CARTESIAN_POINT('',(10.91,-1.831800275631,-1.515187283698));
#10214 = CARTESIAN_POINT('',(10.91,-1.949889227895,-1.599536539338));
#10215 = ORIENTED_EDGE('',*,*,#10216,.T.);
#10216 = EDGE_CURVE('',#10208,#10217,#10219,.T.);
#10217 = VERTEX_POINT('',#10218);
#10218 = CARTESIAN_POINT('',(10.91,-2.098343897869,-1.747991225399));
#10219 = B_SPLINE_CURVE_WITH_KNOTS('',3,(#10220,#10221,#10222,#10223),
  .UNSPECIFIED.,.F.,.F.,(4,4),(3.,4.),.PIECEWISE_BEZIER_KNOTS.);
#10220 = CARTESIAN_POINT('',(10.91,-1.949889227895,-1.599536539338));
#10221 = CARTESIAN_POINT('',(10.91,-2.007246744736,-1.640024189767));
#10222 = CARTESIAN_POINT('',(10.91,-2.05448231277,-1.690633740735));
#10223 = CARTESIAN_POINT('',(10.91,-2.098343897869,-1.747991225399));
#10224 = ORIENTED_EDGE('',*,*,#10225,.T.);
#10225 = EDGE_CURVE('',#10217,#10226,#10228,.T.);
#10226 = VERTEX_POINT('',#10227);
#10227 = CARTESIAN_POINT('',(10.91,-2.175945183616,-1.741243291707));
#10228 = B_SPLINE_CURVE_WITH_KNOTS('',3,(#10229,#10230,#10231,#10232),
  .UNSPECIFIED.,.F.,.F.,(4,4),(4.,5.),.PIECEWISE_BEZIER_KNOTS.);
#10229 = CARTESIAN_POINT('',(10.91,-2.098343897869,-1.747991225399));
#10230 = CARTESIAN_POINT('',(10.91,-2.125335632646,-1.744617242465));
#10231 = CARTESIAN_POINT('',(10.91,-2.148953448839,-1.741243291707));
#10232 = CARTESIAN_POINT('',(10.91,-2.175945183616,-1.741243291707));
#10233 = ORIENTED_EDGE('',*,*,#10234,.T.);
#10234 = EDGE_CURVE('',#10226,#10235,#10237,.T.);
#10235 = VERTEX_POINT('',#10236);
#10236 = CARTESIAN_POINT('',(10.91,-2.563951741052,-1.903193861246));
#10237 = B_SPLINE_CURVE_WITH_KNOTS('',3,(#10238,#10239,#10240,#10241),
  .UNSPECIFIED.,.F.,.F.,(4,4),(5.,6.),.PIECEWISE_BEZIER_KNOTS.);
#10238 = CARTESIAN_POINT('',(10.91,-2.175945183616,-1.741243291707));
#10239 = CARTESIAN_POINT('',(10.91,-2.321025902832,-1.741243291707));
#10240 = CARTESIAN_POINT('',(10.91,-2.459358656177,-1.798600776368));
#10241 = CARTESIAN_POINT('',(10.91,-2.563951741052,-1.903193861246));
#10242 = ORIENTED_EDGE('',*,*,#10243,.T.);
#10243 = EDGE_CURVE('',#10235,#10244,#10246,.T.);
#10244 = VERTEX_POINT('',#10245);
#10245 = CARTESIAN_POINT('',(10.91,-2.722528424187,-2.287826403569));
#10246 = B_SPLINE_CURVE_WITH_KNOTS('',3,(#10247,#10248,#10249,#10250),
  .UNSPECIFIED.,.F.,.F.,(4,4),(6.,7.),.PIECEWISE_BEZIER_KNOTS.);
#10247 = CARTESIAN_POINT('',(10.91,-2.563951741052,-1.903193861246));
#10248 = CARTESIAN_POINT('',(10.91,-2.665170931479,-2.004412931009));
#10249 = CARTESIAN_POINT('',(10.91,-2.722528424187,-2.142745716533));
#10250 = CARTESIAN_POINT('',(10.91,-2.722528424187,-2.287826403569));
#10251 = ORIENTED_EDGE('',*,*,#10252,.T.);
#10252 = EDGE_CURVE('',#10244,#10253,#10255,.T.);
#10253 = VERTEX_POINT('',#10254);
#10254 = CARTESIAN_POINT('',(10.91,-2.580821687905,-2.655589063396));
#10255 = B_SPLINE_CURVE_WITH_KNOTS('',3,(#10256,#10257,#10258,#10259),
  .UNSPECIFIED.,.F.,.F.,(4,4),(7.,8.),.PIECEWISE_BEZIER_KNOTS.);
#10256 = CARTESIAN_POINT('',(10.91,-2.722528424187,-2.287826403569));
#10257 = CARTESIAN_POINT('',(10.91,-2.722528424187,-2.422785206158));
#10258 = CARTESIAN_POINT('',(10.91,-2.671918873218,-2.554370090163));
#10259 = CARTESIAN_POINT('',(10.91,-2.580821687905,-2.655589063396));
#10260 = ORIENTED_EDGE('',*,*,#10261,.T.);
#10261 = EDGE_CURVE('',#10253,#10262,#10264,.T.);
#10262 = VERTEX_POINT('',#10263);
#10263 = CARTESIAN_POINT('',(10.91,-2.310904082733,-2.817539600759));
#10264 = B_SPLINE_CURVE_WITH_KNOTS('',3,(#10265,#10266,#10267,#10268),
  .UNSPECIFIED.,.F.,.F.,(4,4),(8.,9.),.PIECEWISE_BEZIER_KNOTS.);
#10265 = CARTESIAN_POINT('',(10.91,-2.580821687905,-2.655589063396));
#10266 = CARTESIAN_POINT('',(10.91,-2.50659435292,-2.736564396432));
#10267 = CARTESIAN_POINT('',(10.91,-2.415497135431,-2.790547865982));
#10268 = CARTESIAN_POINT('',(10.91,-2.310904082733,-2.817539600759));
#10269 = ORIENTED_EDGE('',*,*,#10270,.T.);
#10270 = EDGE_CURVE('',#10262,#10271,#10273,.T.);
#10271 = VERTEX_POINT('',#10272);
#10272 = CARTESIAN_POINT('',(10.91,-1.990376894412,-3.046969539415));
#10273 = B_SPLINE_CURVE_WITH_KNOTS('',3,(#10274,#10275,#10276,#10277),
  .UNSPECIFIED.,.F.,.F.,(4,4),(9.,10.),.PIECEWISE_BEZIER_KNOTS.);
#10274 = CARTESIAN_POINT('',(10.91,-2.310904082733,-2.817539600759));
#10275 = CARTESIAN_POINT('',(10.91,-2.267042465457,-2.952498403348));
#10276 = CARTESIAN_POINT('',(10.91,-2.138831628741,-3.046969539415));
#10277 = CARTESIAN_POINT('',(10.91,-1.990376894412,-3.046969539415));
#10278 = ORIENTED_EDGE('',*,*,#10279,.T.);
#10279 = EDGE_CURVE('',#10271,#10280,#10282,.T.);
#10280 = VERTEX_POINT('',#10281);
#10281 = CARTESIAN_POINT('',(10.91,-1.652979887944,-2.709572532949));
#10282 = B_SPLINE_CURVE_WITH_KNOTS('',3,(#10283,#10284,#10285,#10286),
  .UNSPECIFIED.,.F.,.F.,(4,4),(10.,11.),.PIECEWISE_BEZIER_KNOTS.);
#10283 = CARTESIAN_POINT('',(10.91,-1.990376894412,-3.046969539415));
#10284 = CARTESIAN_POINT('',(10.91,-1.804808540856,-3.046969539415));
#10285 = CARTESIAN_POINT('',(10.91,-1.652979887944,-2.895140886507));
#10286 = CARTESIAN_POINT('',(10.91,-1.652979887944,-2.709572532949));
#10287 = ORIENTED_EDGE('',*,*,#10288,.T.);
#10288 = EDGE_CURVE('',#10280,#10289,#10291,.T.);
#10289 = VERTEX_POINT('',#10290);
#10290 = CARTESIAN_POINT('',(10.91,-1.652979887944,-2.6758328323));
#10291 = B_SPLINE_CURVE_WITH_KNOTS('',3,(#10292,#10293,#10294,#10295),
  .UNSPECIFIED.,.F.,.F.,(4,4),(11.,12.),.PIECEWISE_BEZIER_KNOTS.);
#10292 = CARTESIAN_POINT('',(10.91,-1.652979887944,-2.709572532949));
#10293 = CARTESIAN_POINT('',(10.91,-1.652979887944,-2.699450648496));
#10294 = CARTESIAN_POINT('',(10.91,-1.652979887944,-2.689328764042));
#10295 = CARTESIAN_POINT('',(10.91,-1.652979887944,-2.6758328323));
#10296 = ORIENTED_EDGE('',*,*,#10297,.T.);
#10297 = EDGE_CURVE('',#10289,#10298,#10300,.T.);
#10298 = VERTEX_POINT('',#10299);
#10299 = CARTESIAN_POINT('',(10.91,-1.18062407889,-2.426159060386));
#10300 = LINE('',#10301,#10302);
#10301 = CARTESIAN_POINT('',(10.91,-1.652979887944,-2.6758328323));
#10302 = VECTOR('',#10303,1.);
#10303 = DIRECTION('',(0.,0.884094950248,0.467307306755));
#10304 = ORIENTED_EDGE('',*,*,#10305,.T.);
#10305 = EDGE_CURVE('',#10298,#10306,#10308,.T.);
#10306 = VERTEX_POINT('',#10307);
#10307 = CARTESIAN_POINT('',(10.91,-1.285217099413,-2.247338608348));
#10308 = LINE('',#10309,#10310);
#10309 = CARTESIAN_POINT('',(10.91,-1.18062407889,-2.426159060386));
#10310 = VECTOR('',#10311,1.);
#10311 = DIRECTION('',(-8.373718176759E-15,-0.50488304865,0.863187758941
    ));
#10312 = ORIENTED_EDGE('',*,*,#10313,.T.);
#10313 = EDGE_CURVE('',#10306,#10314,#10316,.T.);
#10314 = VERTEX_POINT('',#10315);
#10315 = CARTESIAN_POINT('',(10.91,-1.737329075208,-2.483516512874));
#10316 = LINE('',#10317,#10318);
#10317 = CARTESIAN_POINT('',(10.91,-1.285217099413,-2.247338608348));
#10318 = VECTOR('',#10319,1.);
#10319 = DIRECTION('',(3.400861352545E-15,-0.886348842796,
    -0.463018065387));
#10320 = ORIENTED_EDGE('',*,*,#10321,.T.);
#10321 = EDGE_CURVE('',#10314,#10322,#10324,.T.);
#10322 = VERTEX_POINT('',#10323);
#10323 = CARTESIAN_POINT('',(10.91,-1.990376830058,-2.368801543545));
#10324 = B_SPLINE_CURVE_WITH_KNOTS('',3,(#10325,#10326,#10327,#10328),
  .UNSPECIFIED.,.F.,.F.,(4,4),(15.,16.),.PIECEWISE_BEZIER_KNOTS.);
#10325 = CARTESIAN_POINT('',(10.91,-1.737329075208,-2.483516512874));
#10326 = CARTESIAN_POINT('',(10.91,-1.798060510631,-2.412663128644));
#10327 = CARTESIAN_POINT('',(10.91,-1.889157728118,-2.368801543545));
#10328 = CARTESIAN_POINT('',(10.91,-1.990376830058,-2.368801543545));
#10329 = ORIENTED_EDGE('',*,*,#10330,.T.);
#10330 = EDGE_CURVE('',#10322,#10331,#10333,.T.);
#10331 = VERTEX_POINT('',#10332);
#10332 = CARTESIAN_POINT('',(10.91,-2.307530003267,-2.591483580683));
#10333 = B_SPLINE_CURVE_WITH_KNOTS('',3,(#10334,#10335,#10336,#10337),
  .UNSPECIFIED.,.F.,.F.,(4,4),(16.,17.),.PIECEWISE_BEZIER_KNOTS.);
#10334 = CARTESIAN_POINT('',(10.91,-1.990376830058,-2.368801543545));
#10335 = CARTESIAN_POINT('',(10.91,-2.135457581451,-2.368801543545));
#10336 = CARTESIAN_POINT('',(10.91,-2.260294435232,-2.463272679613));
#10337 = CARTESIAN_POINT('',(10.91,-2.307530003267,-2.591483580683));
#10338 = ORIENTED_EDGE('',*,*,#10339,.T.);
#10339 = EDGE_CURVE('',#10331,#10340,#10342,.T.);
#10340 = VERTEX_POINT('',#10341);
#10341 = CARTESIAN_POINT('',(10.91,-2.509968207147,-2.281078308993));
#10342 = B_SPLINE_CURVE_WITH_KNOTS('',3,(#10343,#10344,#10345,#10346),
  .UNSPECIFIED.,.F.,.F.,(4,4),(17.,18.),.PIECEWISE_BEZIER_KNOTS.);
#10343 = CARTESIAN_POINT('',(10.91,-2.307530003267,-2.591483580683));
#10344 = CARTESIAN_POINT('',(10.91,-2.42561895553,-2.53750004678));
#10345 = CARTESIAN_POINT('',(10.91,-2.509968207147,-2.419411094517));
#10346 = CARTESIAN_POINT('',(10.91,-2.509968207147,-2.281078308993));
#10347 = ORIENTED_EDGE('',*,*,#10348,.T.);
#10348 = EDGE_CURVE('',#10340,#10349,#10351,.T.);
#10349 = VERTEX_POINT('',#10350);
#10350 = CARTESIAN_POINT('',(10.91,-2.172571200681,-1.943681302527));
#10351 = B_SPLINE_CURVE_WITH_KNOTS('',3,(#10352,#10353,#10354,#10355),
  .UNSPECIFIED.,.F.,.F.,(4,4),(18.,19.),.PIECEWISE_BEZIER_KNOTS.);
#10352 = CARTESIAN_POINT('',(10.91,-2.509968207147,-2.281078308993));
#10353 = CARTESIAN_POINT('',(10.91,-2.509968207147,-2.095509955436));
#10354 = CARTESIAN_POINT('',(10.91,-2.358139554237,-1.943681302527));
#10355 = CARTESIAN_POINT('',(10.91,-2.172571200681,-1.943681302527));
#10356 = ORIENTED_EDGE('',*,*,#10357,.T.);
#10357 = EDGE_CURVE('',#10349,#10358,#10360,.T.);
#10358 = VERTEX_POINT('',#10359);
#10359 = CARTESIAN_POINT('',(10.91,-1.993750812994,-1.994290853499));
#10360 = B_SPLINE_CURVE_WITH_KNOTS('',3,(#10361,#10362,#10363,#10364),
  .UNSPECIFIED.,.F.,.F.,(4,4),(19.,20.),.PIECEWISE_BEZIER_KNOTS.);
#10361 = CARTESIAN_POINT('',(10.91,-2.172571200681,-1.943681302527));
#10362 = CARTESIAN_POINT('',(10.91,-2.108465782321,-1.943681302527));
#10363 = CARTESIAN_POINT('',(10.91,-2.044360363963,-1.963925135784));
#10364 = CARTESIAN_POINT('',(10.91,-1.993750812994,-1.994290853499));
#10365 = ORIENTED_EDGE('',*,*,#10366,.T.);
#10366 = EDGE_CURVE('',#10358,#10367,#10369,.T.);
#10367 = VERTEX_POINT('',#10368);
#10368 = CARTESIAN_POINT('',(10.91,-1.541638901552,-1.670389907478));
#10369 = B_SPLINE_CURVE_WITH_KNOTS('',3,(#10370,#10371,#10372,#10373),
  .UNSPECIFIED.,.F.,.F.,(4,4),(20.,21.),.PIECEWISE_BEZIER_KNOTS.);
#10370 = CARTESIAN_POINT('',(10.91,-1.993750812994,-1.994290853499));
#10371 = CARTESIAN_POINT('',(10.91,-1.929645458989,-1.805348710063));
#10372 = CARTESIAN_POINT('',(10.91,-1.754198989886,-1.670389907478));
#10373 = CARTESIAN_POINT('',(10.91,-1.541638901552,-1.670389907478));
#10374 = ORIENTED_EDGE('',*,*,#10375,.T.);
#10375 = EDGE_CURVE('',#10367,#10376,#10378,.T.);
#10376 = VERTEX_POINT('',#10377);
#10377 = CARTESIAN_POINT('',(10.91,-1.069283092498,-2.092136165561));
#10378 = B_SPLINE_CURVE_WITH_KNOTS('',3,(#10379,#10380,#10381,#10382),
  .UNSPECIFIED.,.F.,.F.,(4,4),(21.,22.),.PIECEWISE_BEZIER_KNOTS.);
#10379 = CARTESIAN_POINT('',(10.91,-1.541638901552,-1.670389907478));
#10380 = CARTESIAN_POINT('',(10.91,-1.298713031153,-1.670389907478));
#10381 = CARTESIAN_POINT('',(10.91,-1.096274827274,-1.855958261035));
#10382 = CARTESIAN_POINT('',(10.91,-1.069283092498,-2.092136165561));
#10383 = ORIENTED_EDGE('',*,*,#10384,.T.);
#10384 = EDGE_CURVE('',#10376,#10385,#10387,.T.);
#10385 = VERTEX_POINT('',#10386);
#10386 = CARTESIAN_POINT('',(10.91,-1.042291357721,-2.092136165561));
#10387 = B_SPLINE_CURVE_WITH_KNOTS('',3,(#10388,#10389,#10390,#10391),
  .UNSPECIFIED.,.F.,.F.,(4,4),(22.,23.),.PIECEWISE_BEZIER_KNOTS.);
#10388 = CARTESIAN_POINT('',(10.91,-1.069283092498,-2.092136165561));
#10389 = CARTESIAN_POINT('',(10.91,-1.059161208046,-2.092136165561));
#10390 = CARTESIAN_POINT('',(10.91,-1.052413242175,-2.092136165561));
#10391 = CARTESIAN_POINT('',(10.91,-1.042291357721,-2.092136165561));
#10392 = ORIENTED_EDGE('',*,*,#10393,.T.);
#10393 = EDGE_CURVE('',#10385,#10394,#10396,.T.);
#10394 = VERTEX_POINT('',#10395);
#10395 = CARTESIAN_POINT('',(10.91,-0.779121718419,-2.355305804864));
#10396 = B_SPLINE_CURVE_WITH_KNOTS('',3,(#10397,#10398,#10399,#10400),
  .UNSPECIFIED.,.F.,.F.,(4,4),(23.,24.),.PIECEWISE_BEZIER_KNOTS.);
#10397 = CARTESIAN_POINT('',(10.91,-1.042291357721,-2.092136165561));
#10398 = CARTESIAN_POINT('',(10.91,-0.897210670682,-2.092136165561));
#10399 = CARTESIAN_POINT('',(10.91,-0.779121718419,-2.210225117824));
#10400 = CARTESIAN_POINT('',(10.91,-0.779121718419,-2.355305804864));
#10401 = ORIENTED_EDGE('',*,*,#10402,.T.);
#10402 = EDGE_CURVE('',#10394,#10403,#10405,.T.);
#10403 = VERTEX_POINT('',#10404);
#10404 = CARTESIAN_POINT('',(10.91,-1.022047588816,-2.618475444166));
#10405 = B_SPLINE_CURVE_WITH_KNOTS('',3,(#10406,#10407,#10408,#10409),
  .UNSPECIFIED.,.F.,.F.,(4,4),(24.,25.),.PIECEWISE_BEZIER_KNOTS.);
#10406 = CARTESIAN_POINT('',(10.91,-0.779121718419,-2.355305804864));
#10407 = CARTESIAN_POINT('',(10.91,-0.779121718419,-2.493638590387));
#10408 = CARTESIAN_POINT('',(10.91,-0.883714738942,-2.608353559713));
#10409 = CARTESIAN_POINT('',(10.91,-1.022047588816,-2.618475444166));
#10410 = ORIENTED_EDGE('',*,*,#10411,.T.);
#10411 = EDGE_CURVE('',#10403,#10412,#10414,.T.);
#10412 = VERTEX_POINT('',#10413);
#10413 = CARTESIAN_POINT('',(10.91,-1.173876241726,-2.618475444166));
#10414 = LINE('',#10415,#10416);
#10415 = CARTESIAN_POINT('',(10.91,-1.022047588816,-2.618475444166));
#10416 = VECTOR('',#10417,1.);
#10417 = DIRECTION('',(0.,-1.,-2.856383565824E-15));
#10418 = ORIENTED_EDGE('',*,*,#10419,.T.);
#10419 = EDGE_CURVE('',#10412,#10420,#10422,.T.);
#10420 = VERTEX_POINT('',#10421);
#10421 = CARTESIAN_POINT('',(10.91,-1.194120010632,-2.615101525585));
#10422 = B_SPLINE_CURVE_WITH_KNOTS('',3,(#10423,#10424,#10425,#10426),
  .UNSPECIFIED.,.F.,.F.,(4,4),(26.,27.),.PIECEWISE_BEZIER_KNOTS.);
#10423 = CARTESIAN_POINT('',(10.91,-1.173876241726,-2.618475444166));
#10424 = CARTESIAN_POINT('',(10.91,-1.180624207597,-2.618475444166));
#10425 = CARTESIAN_POINT('',(10.91,-1.187372173468,-2.615101525585));
#10426 = CARTESIAN_POINT('',(10.91,-1.194120010632,-2.615101525585));
#10427 = ORIENTED_EDGE('',*,*,#10428,.T.);
#10428 = EDGE_CURVE('',#10420,#10429,#10431,.T.);
#10429 = VERTEX_POINT('',#10430);
#10430 = CARTESIAN_POINT('',(10.91,-1.298713031153,-2.719694546106));
#10431 = B_SPLINE_CURVE_WITH_KNOTS('',3,(#10432,#10433,#10434,#10435),
  .UNSPECIFIED.,.F.,.F.,(4,4),(27.,28.),.PIECEWISE_BEZIER_KNOTS.);
#10432 = CARTESIAN_POINT('',(10.91,-1.194120010632,-2.615101525585));
#10433 = CARTESIAN_POINT('',(10.91,-1.251477527473,-2.615101525585));
#10434 = CARTESIAN_POINT('',(10.91,-1.298713031153,-2.662337157972));
#10435 = CARTESIAN_POINT('',(10.91,-1.298713031153,-2.719694546106));
#10436 = ORIENTED_EDGE('',*,*,#10437,.T.);
#10437 = EDGE_CURVE('',#10429,#10438,#10440,.T.);
#10438 = VERTEX_POINT('',#10439);
#10439 = CARTESIAN_POINT('',(10.91,-1.200867847796,-2.824287566631));
#10440 = B_SPLINE_CURVE_WITH_KNOTS('',3,(#10441,#10442,#10443,#10444),
  .UNSPECIFIED.,.F.,.F.,(4,4),(28.,29.),.PIECEWISE_BEZIER_KNOTS.);
#10441 = CARTESIAN_POINT('',(10.91,-1.298713031153,-2.719694546106));
#10442 = CARTESIAN_POINT('',(10.91,-1.298713031153,-2.773678015659));
#10443 = CARTESIAN_POINT('',(10.91,-1.254851446055,-2.82091364805));
#10444 = CARTESIAN_POINT('',(10.91,-1.200867847796,-2.824287566631));
#10445 = ORIENTED_EDGE('',*,*,#10446,.T.);
#10446 = EDGE_CURVE('',#10438,#10447,#10449,.T.);
#10447 = VERTEX_POINT('',#10448);
#10448 = CARTESIAN_POINT('',(10.91,-1.001803691203,-2.824287566631));
#10449 = LINE('',#10450,#10451);
#10450 = CARTESIAN_POINT('',(10.91,-1.200867847796,-2.824287566631));
#10451 = VECTOR('',#10452,1.);
#10452 = DIRECTION('',(0.,1.,2.425231678604E-15));
#10453 = ORIENTED_EDGE('',*,*,#10454,.T.);
#10454 = EDGE_CURVE('',#10447,#10455,#10457,.T.);
#10455 = VERTEX_POINT('',#10456);
#10456 = CARTESIAN_POINT('',(10.91,-0.694772466803,-2.672458913719));
#10457 = B_SPLINE_CURVE_WITH_KNOTS('',3,(#10458,#10459,#10460,#10461),
  .UNSPECIFIED.,.F.,.F.,(4,4),(33.,34.),.PIECEWISE_BEZIER_KNOTS.);
#10458 = CARTESIAN_POINT('',(10.91,-1.001803691203,-2.824287566631));
#10459 = CARTESIAN_POINT('',(10.91,-0.883714738942,-2.814165682177));
#10460 = CARTESIAN_POINT('',(10.91,-0.775747671129,-2.760182083918));
#10461 = CARTESIAN_POINT('',(10.91,-0.694772466803,-2.672458913719));
#10462 = ORIENTED_EDGE('',*,*,#10463,.T.);
#10463 = EDGE_CURVE('',#10455,#10179,#10464,.T.);
#10464 = B_SPLINE_CURVE_WITH_KNOTS('',3,(#10465,#10466,#10467,#10468),
  .UNSPECIFIED.,.F.,.F.,(4,4),(34.,35.),.PIECEWISE_BEZIER_KNOTS.);
#10465 = CARTESIAN_POINT('',(10.91,-0.694772466803,-2.672458913719));
#10466 = CARTESIAN_POINT('',(10.91,-0.613797133767,-2.584735743521));
#10467 = CARTESIAN_POINT('',(10.91,-0.569935548668,-2.470020709839));
#10468 = CARTESIAN_POINT('',(10.91,-0.569935548668,-2.351931757576));
#10469 = FACE_BOUND('',#10470,.T.);
#10470 = EDGE_LOOP('',(#10471,#10485));
#10471 = ORIENTED_EDGE('',*,*,#10472,.F.);
#10472 = EDGE_CURVE('',#10473,#10475,#10477,.T.);
#10473 = VERTEX_POINT('',#10474);
#10474 = CARTESIAN_POINT('',(10.91,-1.993750877348,-2.844531592949));
#10475 = VERTEX_POINT('',#10476);
#10476 = CARTESIAN_POINT('',(10.91,-1.993750877348,-2.581361824939));
#10477 = B_SPLINE_CURVE_WITH_KNOTS('',3,(#10478,#10479,#10480,#10481,
    #10482,#10483,#10484),.UNSPECIFIED.,.F.,.F.,(4,3,4),(0.,1.,2.),
  .PIECEWISE_BEZIER_KNOTS.);
#10478 = CARTESIAN_POINT('',(10.91,-1.993750877348,-2.844531592949));
#10479 = CARTESIAN_POINT('',(10.91,-1.919523574537,-2.844531592949));
#10480 = CARTESIAN_POINT('',(10.91,-1.862166057697,-2.78380002882));
#10481 = CARTESIAN_POINT('',(10.91,-1.862166057697,-2.712946708944));
#10482 = CARTESIAN_POINT('',(10.91,-1.862166057697,-2.63871934178));
#10483 = CARTESIAN_POINT('',(10.91,-1.922897493119,-2.581361824939));
#10484 = CARTESIAN_POINT('',(10.91,-1.993750877348,-2.581361824939));
#10485 = ORIENTED_EDGE('',*,*,#10486,.F.);
#10486 = EDGE_CURVE('',#10475,#10473,#10487,.T.);
#10487 = B_SPLINE_CURVE_WITH_KNOTS('',3,(#10488,#10489,#10490,#10491,
    #10492,#10493),.UNSPECIFIED.,.F.,.F.,(4,2,4),(2.,3.,4.),
  .UNSPECIFIED.);
#10488 = CARTESIAN_POINT('',(10.91,-1.993750877348,-2.581361824939));
#10489 = CARTESIAN_POINT('',(10.91,-2.064604261575,-2.581361824939));
#10490 = CARTESIAN_POINT('',(10.91,-2.125335696999,-2.63871934178));
#10491 = CARTESIAN_POINT('',(10.91,-2.125335696999,-2.787174076108));
#10492 = CARTESIAN_POINT('',(10.91,-2.064604261575,-2.844531592949));
#10493 = CARTESIAN_POINT('',(10.91,-1.993750877348,-2.844531592949));
#10494 = PLANE('',#10495);
#10495 = AXIS2_PLACEMENT_3D('',#10496,#10497,#10498);
#10496 = CARTESIAN_POINT('',(10.91,-0.666093676205,-2.077796786351));
#10497 = DIRECTION('',(-1.,-1.132110437694E-14,-8.757838459448E-15));
#10498 = DIRECTION('',(1.132110437694E-14,-1.,0.));
#10499 = ADVANCED_FACE('',(#10500),#10516,.F.);
#10500 = FACE_BOUND('',#10501,.F.);
#10501 = EDGE_LOOP('',(#10502,#10508,#10509,#10515));
#10502 = ORIENTED_EDGE('',*,*,#10503,.F.);
#10503 = EDGE_CURVE('',#10179,#2394,#10504,.T.);
#10504 = LINE('',#10505,#10506);
#10505 = CARTESIAN_POINT('',(10.91,-0.569935548668,-2.351931757576));
#10506 = VECTOR('',#10507,1.);
#10507 = DIRECTION('',(-1.,-1.27553196763E-16,-3.10696741966E-15));
#10508 = ORIENTED_EDGE('',*,*,#10178,.T.);
#10509 = ORIENTED_EDGE('',*,*,#10510,.T.);
#10510 = EDGE_CURVE('',#10181,#2396,#10511,.T.);
#10511 = LINE('',#10512,#10513);
#10512 = CARTESIAN_POINT('',(10.91,-0.903958507846,-1.909941794938));
#10513 = VECTOR('',#10514,1.);
#10514 = DIRECTION('',(-1.,-1.27553196763E-16,-3.10696741966E-15));
#10515 = ORIENTED_EDGE('',*,*,#2393,.F.);
#10516 = B_SPLINE_SURFACE_WITH_KNOTS('',3,1,(
    (#10517,#10518)
    ,(#10519,#10520)
    ,(#10521,#10522)
    ,(#10523,#10524
    )),.UNSPECIFIED.,.F.,.F.,.F.,(4,4),(2,2),(35.,36.),(0.,1.),
  .PIECEWISE_BEZIER_KNOTS.);
#10517 = CARTESIAN_POINT('',(10.91,-0.569935548668,-2.351931757576));
#10518 = CARTESIAN_POINT('',(10.9,-0.569935548668,-2.351931757576));
#10519 = CARTESIAN_POINT('',(10.91,-0.573309467251,-2.149493682402));
#10520 = CARTESIAN_POINT('',(10.9,-0.573309467251,-2.149493682402));
#10521 = CARTESIAN_POINT('',(10.91,-0.711642317126,-1.970673230364));
#10522 = CARTESIAN_POINT('',(10.9,-0.711642317126,-1.970673230364));
#10523 = CARTESIAN_POINT('',(10.91,-0.903958507846,-1.909941794938));
#10524 = CARTESIAN_POINT('',(10.9,-0.903958507846,-1.909941794938));
#10525 = ADVANCED_FACE('',(#10526),#10537,.F.);
#10526 = FACE_BOUND('',#10527,.F.);
#10527 = EDGE_LOOP('',(#10528,#10529,#10530,#10536));
#10528 = ORIENTED_EDGE('',*,*,#10510,.F.);
#10529 = ORIENTED_EDGE('',*,*,#10189,.T.);
#10530 = ORIENTED_EDGE('',*,*,#10531,.T.);
#10531 = EDGE_CURVE('',#10190,#2670,#10532,.T.);
#10532 = LINE('',#10533,#10534);
#10533 = CARTESIAN_POINT('',(10.91,-1.086152942821,-1.643398156614));
#10534 = VECTOR('',#10535,1.);
#10535 = DIRECTION('',(-1.,-1.27553196763E-16,-3.10696741966E-15));
#10536 = ORIENTED_EDGE('',*,*,#2678,.F.);
#10537 = B_SPLINE_SURFACE_WITH_KNOTS('',3,1,(
    (#10538,#10539)
    ,(#10540,#10541)
    ,(#10542,#10543)
    ,(#10544,#10545
    )),.UNSPECIFIED.,.F.,.F.,.F.,(4,4),(2,2),(0.,1.),(0.,1.),
  .PIECEWISE_BEZIER_KNOTS.);
#10538 = CARTESIAN_POINT('',(10.91,-0.903958507846,-1.909941794938));
#10539 = CARTESIAN_POINT('',(10.9,-0.903958507846,-1.909941794938));
#10540 = CARTESIAN_POINT('',(10.91,-0.941072127074,-1.808722693001));
#10541 = CARTESIAN_POINT('',(10.9,-0.941072127074,-1.808722693001));
#10542 = CARTESIAN_POINT('',(10.91,-1.005177609786,-1.717625507688));
#10543 = CARTESIAN_POINT('',(10.9,-1.005177609786,-1.717625507688));
#10544 = CARTESIAN_POINT('',(10.91,-1.086152942821,-1.643398156614));
#10545 = CARTESIAN_POINT('',(10.9,-1.086152942821,-1.643398156614));
#10546 = ADVANCED_FACE('',(#10547),#10558,.F.);
#10547 = FACE_BOUND('',#10548,.F.);
#10548 = EDGE_LOOP('',(#10549,#10550,#10551,#10557));
#10549 = ORIENTED_EDGE('',*,*,#10531,.F.);
#10550 = ORIENTED_EDGE('',*,*,#10198,.T.);
#10551 = ORIENTED_EDGE('',*,*,#10552,.T.);
#10552 = EDGE_CURVE('',#10199,#2661,#10553,.T.);
#10553 = LINE('',#10554,#10555);
#10554 = CARTESIAN_POINT('',(10.91,-1.545012820134,-1.467951703597));
#10555 = VECTOR('',#10556,1.);
#10556 = DIRECTION('',(-1.,-1.27553196763E-16,-3.10696741966E-15));
#10557 = ORIENTED_EDGE('',*,*,#2669,.F.);
#10558 = B_SPLINE_SURFACE_WITH_KNOTS('',3,1,(
    (#10559,#10560)
    ,(#10561,#10562)
    ,(#10563,#10564)
    ,(#10565,#10566
    )),.UNSPECIFIED.,.F.,.F.,.F.,(4,4),(2,2),(1.,2.),(0.,1.),
  .PIECEWISE_BEZIER_KNOTS.);
#10559 = CARTESIAN_POINT('',(10.91,-1.086152942821,-1.643398156614));
#10560 = CARTESIAN_POINT('',(10.9,-1.086152942821,-1.643398156614));
#10561 = CARTESIAN_POINT('',(10.91,-1.214363779537,-1.532057134021));
#10562 = CARTESIAN_POINT('',(10.9,-1.214363779537,-1.532057134021));
#10563 = CARTESIAN_POINT('',(10.91,-1.376314316901,-1.467951703597));
#10564 = CARTESIAN_POINT('',(10.9,-1.376314316901,-1.467951703597));
#10565 = CARTESIAN_POINT('',(10.91,-1.545012820134,-1.467951703597));
#10566 = CARTESIAN_POINT('',(10.9,-1.545012820134,-1.467951703597));
#10567 = ADVANCED_FACE('',(#10568),#10579,.F.);
#10568 = FACE_BOUND('',#10569,.F.);
#10569 = EDGE_LOOP('',(#10570,#10571,#10572,#10578));
#10570 = ORIENTED_EDGE('',*,*,#10552,.F.);
#10571 = ORIENTED_EDGE('',*,*,#10207,.T.);
#10572 = ORIENTED_EDGE('',*,*,#10573,.T.);
#10573 = EDGE_CURVE('',#10208,#2652,#10574,.T.);
#10574 = LINE('',#10575,#10576);
#10575 = CARTESIAN_POINT('',(10.91,-1.949889227895,-1.599536539338));
#10576 = VECTOR('',#10577,1.);
#10577 = DIRECTION('',(-1.,-1.27553196763E-16,-3.10696741966E-15));
#10578 = ORIENTED_EDGE('',*,*,#2660,.F.);
#10579 = B_SPLINE_SURFACE_WITH_KNOTS('',3,1,(
    (#10580,#10581)
    ,(#10582,#10583)
    ,(#10584,#10585)
    ,(#10586,#10587
    )),.UNSPECIFIED.,.F.,.F.,.F.,(4,4),(2,2),(2.,3.),(0.,1.),
  .PIECEWISE_BEZIER_KNOTS.);
#10580 = CARTESIAN_POINT('',(10.91,-1.545012820134,-1.467951703597));
#10581 = CARTESIAN_POINT('',(10.9,-1.545012820134,-1.467951703597));
#10582 = CARTESIAN_POINT('',(10.91,-1.693467490108,-1.467951703597));
#10583 = CARTESIAN_POINT('',(10.9,-1.693467490108,-1.467951703597));
#10584 = CARTESIAN_POINT('',(10.91,-1.831800275631,-1.515187283698));
#10585 = CARTESIAN_POINT('',(10.9,-1.831800275631,-1.515187283698));
#10586 = CARTESIAN_POINT('',(10.91,-1.949889227895,-1.599536539338));
#10587 = CARTESIAN_POINT('',(10.9,-1.949889227895,-1.599536539338));
#10588 = ADVANCED_FACE('',(#10589),#10600,.F.);
#10589 = FACE_BOUND('',#10590,.F.);
#10590 = EDGE_LOOP('',(#10591,#10592,#10593,#10599));
#10591 = ORIENTED_EDGE('',*,*,#10573,.F.);
#10592 = ORIENTED_EDGE('',*,*,#10216,.T.);
#10593 = ORIENTED_EDGE('',*,*,#10594,.T.);
#10594 = EDGE_CURVE('',#10217,#2643,#10595,.T.);
#10595 = LINE('',#10596,#10597);
#10596 = CARTESIAN_POINT('',(10.91,-2.098343897869,-1.747991225399));
#10597 = VECTOR('',#10598,1.);
#10598 = DIRECTION('',(-1.,-1.27553196763E-16,-3.10696741966E-15));
#10599 = ORIENTED_EDGE('',*,*,#2651,.F.);
#10600 = B_SPLINE_SURFACE_WITH_KNOTS('',3,1,(
    (#10601,#10602)
    ,(#10603,#10604)
    ,(#10605,#10606)
    ,(#10607,#10608
    )),.UNSPECIFIED.,.F.,.F.,.F.,(4,4),(2,2),(3.,4.),(0.,1.),
  .PIECEWISE_BEZIER_KNOTS.);
#10601 = CARTESIAN_POINT('',(10.91,-1.949889227895,-1.599536539338));
#10602 = CARTESIAN_POINT('',(10.9,-1.949889227895,-1.599536539338));
#10603 = CARTESIAN_POINT('',(10.91,-2.007246744736,-1.640024189767));
#10604 = CARTESIAN_POINT('',(10.9,-2.007246744736,-1.640024189767));
#10605 = CARTESIAN_POINT('',(10.91,-2.05448231277,-1.690633740735));
#10606 = CARTESIAN_POINT('',(10.9,-2.05448231277,-1.690633740735));
#10607 = CARTESIAN_POINT('',(10.91,-2.098343897869,-1.747991225399));
#10608 = CARTESIAN_POINT('',(10.9,-2.098343897869,-1.747991225399));
#10609 = ADVANCED_FACE('',(#10610),#10621,.F.);
#10610 = FACE_BOUND('',#10611,.F.);
#10611 = EDGE_LOOP('',(#10612,#10613,#10614,#10620));
#10612 = ORIENTED_EDGE('',*,*,#10594,.F.);
#10613 = ORIENTED_EDGE('',*,*,#10225,.T.);
#10614 = ORIENTED_EDGE('',*,*,#10615,.T.);
#10615 = EDGE_CURVE('',#10226,#2634,#10616,.T.);
#10616 = LINE('',#10617,#10618);
#10617 = CARTESIAN_POINT('',(10.91,-2.175945183616,-1.741243291707));
#10618 = VECTOR('',#10619,1.);
#10619 = DIRECTION('',(-1.,-1.27553196763E-16,-3.10696741966E-15));
#10620 = ORIENTED_EDGE('',*,*,#2642,.F.);
#10621 = B_SPLINE_SURFACE_WITH_KNOTS('',3,1,(
    (#10622,#10623)
    ,(#10624,#10625)
    ,(#10626,#10627)
    ,(#10628,#10629
    )),.UNSPECIFIED.,.F.,.F.,.F.,(4,4),(2,2),(4.,5.),(0.,1.),
  .PIECEWISE_BEZIER_KNOTS.);
#10622 = CARTESIAN_POINT('',(10.91,-2.098343897869,-1.747991225399));
#10623 = CARTESIAN_POINT('',(10.9,-2.098343897869,-1.747991225399));
#10624 = CARTESIAN_POINT('',(10.91,-2.125335632646,-1.744617242465));
#10625 = CARTESIAN_POINT('',(10.9,-2.125335632646,-1.744617242465));
#10626 = CARTESIAN_POINT('',(10.91,-2.148953448839,-1.741243291707));
#10627 = CARTESIAN_POINT('',(10.9,-2.148953448839,-1.741243291707));
#10628 = CARTESIAN_POINT('',(10.91,-2.175945183616,-1.741243291707));
#10629 = CARTESIAN_POINT('',(10.9,-2.175945183616,-1.741243291707));
#10630 = ADVANCED_FACE('',(#10631),#10642,.F.);
#10631 = FACE_BOUND('',#10632,.F.);
#10632 = EDGE_LOOP('',(#10633,#10634,#10635,#10641));
#10633 = ORIENTED_EDGE('',*,*,#10615,.F.);
#10634 = ORIENTED_EDGE('',*,*,#10234,.T.);
#10635 = ORIENTED_EDGE('',*,*,#10636,.T.);
#10636 = EDGE_CURVE('',#10235,#2625,#10637,.T.);
#10637 = LINE('',#10638,#10639);
#10638 = CARTESIAN_POINT('',(10.91,-2.563951741052,-1.903193861246));
#10639 = VECTOR('',#10640,1.);
#10640 = DIRECTION('',(-1.,-1.27553196763E-16,-3.10696741966E-15));
#10641 = ORIENTED_EDGE('',*,*,#2633,.F.);
#10642 = B_SPLINE_SURFACE_WITH_KNOTS('',3,1,(
    (#10643,#10644)
    ,(#10645,#10646)
    ,(#10647,#10648)
    ,(#10649,#10650
    )),.UNSPECIFIED.,.F.,.F.,.F.,(4,4),(2,2),(5.,6.),(0.,1.),
  .PIECEWISE_BEZIER_KNOTS.);
#10643 = CARTESIAN_POINT('',(10.91,-2.175945183616,-1.741243291707));
#10644 = CARTESIAN_POINT('',(10.9,-2.175945183616,-1.741243291707));
#10645 = CARTESIAN_POINT('',(10.91,-2.321025902832,-1.741243291707));
#10646 = CARTESIAN_POINT('',(10.9,-2.321025902832,-1.741243291707));
#10647 = CARTESIAN_POINT('',(10.91,-2.459358656177,-1.798600776368));
#10648 = CARTESIAN_POINT('',(10.9,-2.459358656177,-1.798600776368));
#10649 = CARTESIAN_POINT('',(10.91,-2.563951741052,-1.903193861246));
#10650 = CARTESIAN_POINT('',(10.9,-2.563951741052,-1.903193861246));
#10651 = ADVANCED_FACE('',(#10652),#10663,.F.);
#10652 = FACE_BOUND('',#10653,.F.);
#10653 = EDGE_LOOP('',(#10654,#10655,#10656,#10662));
#10654 = ORIENTED_EDGE('',*,*,#10636,.F.);
#10655 = ORIENTED_EDGE('',*,*,#10243,.T.);
#10656 = ORIENTED_EDGE('',*,*,#10657,.T.);
#10657 = EDGE_CURVE('',#10244,#2616,#10658,.T.);
#10658 = LINE('',#10659,#10660);
#10659 = CARTESIAN_POINT('',(10.91,-2.722528424187,-2.287826403569));
#10660 = VECTOR('',#10661,1.);
#10661 = DIRECTION('',(-1.,-1.27553196763E-16,-3.10696741966E-15));
#10662 = ORIENTED_EDGE('',*,*,#2624,.F.);
#10663 = B_SPLINE_SURFACE_WITH_KNOTS('',3,1,(
    (#10664,#10665)
    ,(#10666,#10667)
    ,(#10668,#10669)
    ,(#10670,#10671
    )),.UNSPECIFIED.,.F.,.F.,.F.,(4,4),(2,2),(6.,7.),(0.,1.),
  .PIECEWISE_BEZIER_KNOTS.);
#10664 = CARTESIAN_POINT('',(10.91,-2.563951741052,-1.903193861246));
#10665 = CARTESIAN_POINT('',(10.9,-2.563951741052,-1.903193861246));
#10666 = CARTESIAN_POINT('',(10.91,-2.665170931479,-2.004412931009));
#10667 = CARTESIAN_POINT('',(10.9,-2.665170931479,-2.004412931009));
#10668 = CARTESIAN_POINT('',(10.91,-2.722528424187,-2.142745716533));
#10669 = CARTESIAN_POINT('',(10.9,-2.722528424187,-2.142745716533));
#10670 = CARTESIAN_POINT('',(10.91,-2.722528424187,-2.287826403569));
#10671 = CARTESIAN_POINT('',(10.9,-2.722528424187,-2.287826403569));
#10672 = ADVANCED_FACE('',(#10673),#10684,.F.);
#10673 = FACE_BOUND('',#10674,.F.);
#10674 = EDGE_LOOP('',(#10675,#10676,#10677,#10683));
#10675 = ORIENTED_EDGE('',*,*,#10657,.F.);
#10676 = ORIENTED_EDGE('',*,*,#10252,.T.);
#10677 = ORIENTED_EDGE('',*,*,#10678,.T.);
#10678 = EDGE_CURVE('',#10253,#2607,#10679,.T.);
#10679 = LINE('',#10680,#10681);
#10680 = CARTESIAN_POINT('',(10.91,-2.580821687905,-2.655589063396));
#10681 = VECTOR('',#10682,1.);
#10682 = DIRECTION('',(-1.,-1.27553196763E-16,-3.10696741966E-15));
#10683 = ORIENTED_EDGE('',*,*,#2615,.F.);
#10684 = B_SPLINE_SURFACE_WITH_KNOTS('',3,1,(
    (#10685,#10686)
    ,(#10687,#10688)
    ,(#10689,#10690)
    ,(#10691,#10692
    )),.UNSPECIFIED.,.F.,.F.,.F.,(4,4),(2,2),(7.,8.),(0.,1.),
  .PIECEWISE_BEZIER_KNOTS.);
#10685 = CARTESIAN_POINT('',(10.91,-2.722528424187,-2.287826403569));
#10686 = CARTESIAN_POINT('',(10.9,-2.722528424187,-2.287826403569));
#10687 = CARTESIAN_POINT('',(10.91,-2.722528424187,-2.422785206158));
#10688 = CARTESIAN_POINT('',(10.9,-2.722528424187,-2.422785206158));
#10689 = CARTESIAN_POINT('',(10.91,-2.671918873218,-2.554370090163));
#10690 = CARTESIAN_POINT('',(10.9,-2.671918873218,-2.554370090163));
#10691 = CARTESIAN_POINT('',(10.91,-2.580821687905,-2.655589063396));
#10692 = CARTESIAN_POINT('',(10.9,-2.580821687905,-2.655589063396));
#10693 = ADVANCED_FACE('',(#10694),#10705,.F.);
#10694 = FACE_BOUND('',#10695,.F.);
#10695 = EDGE_LOOP('',(#10696,#10697,#10698,#10704));
#10696 = ORIENTED_EDGE('',*,*,#10678,.F.);
#10697 = ORIENTED_EDGE('',*,*,#10261,.T.);
#10698 = ORIENTED_EDGE('',*,*,#10699,.T.);
#10699 = EDGE_CURVE('',#10262,#2598,#10700,.T.);
#10700 = LINE('',#10701,#10702);
#10701 = CARTESIAN_POINT('',(10.91,-2.310904082733,-2.817539600759));
#10702 = VECTOR('',#10703,1.);
#10703 = DIRECTION('',(-1.,-1.27553196763E-16,-3.10696741966E-15));
#10704 = ORIENTED_EDGE('',*,*,#2606,.F.);
#10705 = B_SPLINE_SURFACE_WITH_KNOTS('',3,1,(
    (#10706,#10707)
    ,(#10708,#10709)
    ,(#10710,#10711)
    ,(#10712,#10713
    )),.UNSPECIFIED.,.F.,.F.,.F.,(4,4),(2,2),(8.,9.),(0.,1.),
  .PIECEWISE_BEZIER_KNOTS.);
#10706 = CARTESIAN_POINT('',(10.91,-2.580821687905,-2.655589063396));
#10707 = CARTESIAN_POINT('',(10.9,-2.580821687905,-2.655589063396));
#10708 = CARTESIAN_POINT('',(10.91,-2.50659435292,-2.736564396432));
#10709 = CARTESIAN_POINT('',(10.9,-2.50659435292,-2.736564396432));
#10710 = CARTESIAN_POINT('',(10.91,-2.415497135431,-2.790547865982));
#10711 = CARTESIAN_POINT('',(10.9,-2.415497135431,-2.790547865982));
#10712 = CARTESIAN_POINT('',(10.91,-2.310904082733,-2.817539600759));
#10713 = CARTESIAN_POINT('',(10.9,-2.310904082733,-2.817539600759));
#10714 = ADVANCED_FACE('',(#10715),#10726,.F.);
#10715 = FACE_BOUND('',#10716,.F.);
#10716 = EDGE_LOOP('',(#10717,#10718,#10719,#10725));
#10717 = ORIENTED_EDGE('',*,*,#10699,.F.);
#10718 = ORIENTED_EDGE('',*,*,#10270,.T.);
#10719 = ORIENTED_EDGE('',*,*,#10720,.T.);
#10720 = EDGE_CURVE('',#10271,#2589,#10721,.T.);
#10721 = LINE('',#10722,#10723);
#10722 = CARTESIAN_POINT('',(10.91,-1.990376894412,-3.046969539415));
#10723 = VECTOR('',#10724,1.);
#10724 = DIRECTION('',(-1.,-1.27553196763E-16,-3.10696741966E-15));
#10725 = ORIENTED_EDGE('',*,*,#2597,.F.);
#10726 = B_SPLINE_SURFACE_WITH_KNOTS('',3,1,(
    (#10727,#10728)
    ,(#10729,#10730)
    ,(#10731,#10732)
    ,(#10733,#10734
    )),.UNSPECIFIED.,.F.,.F.,.F.,(4,4),(2,2),(9.,10.),(0.,1.),
  .PIECEWISE_BEZIER_KNOTS.);
#10727 = CARTESIAN_POINT('',(10.91,-2.310904082733,-2.817539600759));
#10728 = CARTESIAN_POINT('',(10.9,-2.310904082733,-2.817539600759));
#10729 = CARTESIAN_POINT('',(10.91,-2.267042465457,-2.952498403348));
#10730 = CARTESIAN_POINT('',(10.9,-2.267042465457,-2.952498403348));
#10731 = CARTESIAN_POINT('',(10.91,-2.138831628741,-3.046969539415));
#10732 = CARTESIAN_POINT('',(10.9,-2.138831628741,-3.046969539415));
#10733 = CARTESIAN_POINT('',(10.91,-1.990376894412,-3.046969539415));
#10734 = CARTESIAN_POINT('',(10.9,-1.990376894412,-3.046969539415));
#10735 = ADVANCED_FACE('',(#10736),#10747,.F.);
#10736 = FACE_BOUND('',#10737,.F.);
#10737 = EDGE_LOOP('',(#10738,#10739,#10740,#10746));
#10738 = ORIENTED_EDGE('',*,*,#10720,.F.);
#10739 = ORIENTED_EDGE('',*,*,#10279,.T.);
#10740 = ORIENTED_EDGE('',*,*,#10741,.T.);
#10741 = EDGE_CURVE('',#10280,#2580,#10742,.T.);
#10742 = LINE('',#10743,#10744);
#10743 = CARTESIAN_POINT('',(10.91,-1.652979887944,-2.709572532949));
#10744 = VECTOR('',#10745,1.);
#10745 = DIRECTION('',(-1.,-1.27553196763E-16,-3.10696741966E-15));
#10746 = ORIENTED_EDGE('',*,*,#2588,.F.);
#10747 = B_SPLINE_SURFACE_WITH_KNOTS('',3,1,(
    (#10748,#10749)
    ,(#10750,#10751)
    ,(#10752,#10753)
    ,(#10754,#10755
    )),.UNSPECIFIED.,.F.,.F.,.F.,(4,4),(2,2),(10.,11.),(0.,1.),
  .PIECEWISE_BEZIER_KNOTS.);
#10748 = CARTESIAN_POINT('',(10.91,-1.990376894412,-3.046969539415));
#10749 = CARTESIAN_POINT('',(10.9,-1.990376894412,-3.046969539415));
#10750 = CARTESIAN_POINT('',(10.91,-1.804808540856,-3.046969539415));
#10751 = CARTESIAN_POINT('',(10.9,-1.804808540856,-3.046969539415));
#10752 = CARTESIAN_POINT('',(10.91,-1.652979887944,-2.895140886507));
#10753 = CARTESIAN_POINT('',(10.9,-1.652979887944,-2.895140886507));
#10754 = CARTESIAN_POINT('',(10.91,-1.652979887944,-2.709572532949));
#10755 = CARTESIAN_POINT('',(10.9,-1.652979887944,-2.709572532949));
#10756 = ADVANCED_FACE('',(#10757),#10768,.F.);
#10757 = FACE_BOUND('',#10758,.T.);
#10758 = EDGE_LOOP('',(#10759,#10760,#10766,#10767));
#10759 = ORIENTED_EDGE('',*,*,#2579,.T.);
#10760 = ORIENTED_EDGE('',*,*,#10761,.F.);
#10761 = EDGE_CURVE('',#10289,#2572,#10762,.T.);
#10762 = LINE('',#10763,#10764);
#10763 = CARTESIAN_POINT('',(10.91,-1.652979887944,-2.6758328323));
#10764 = VECTOR('',#10765,1.);
#10765 = DIRECTION('',(-1.,-1.27553196763E-16,-3.10696741966E-15));
#10766 = ORIENTED_EDGE('',*,*,#10288,.F.);
#10767 = ORIENTED_EDGE('',*,*,#10741,.T.);
#10768 = PLANE('',#10769);
#10769 = AXIS2_PLACEMENT_3D('',#10770,#10771,#10772);
#10770 = CARTESIAN_POINT('',(10.91,-1.652979887944,-2.709572532949));
#10771 = DIRECTION('',(1.27553196763E-16,-1.,-6.426863022694E-15));
#10772 = DIRECTION('',(0.,6.426863022694E-15,-1.));
#10773 = ADVANCED_FACE('',(#10774),#10785,.F.);
#10774 = FACE_BOUND('',#10775,.T.);
#10775 = EDGE_LOOP('',(#10776,#10777,#10783,#10784));
#10776 = ORIENTED_EDGE('',*,*,#2571,.T.);
#10777 = ORIENTED_EDGE('',*,*,#10778,.F.);
#10778 = EDGE_CURVE('',#10298,#2564,#10779,.T.);
#10779 = LINE('',#10780,#10781);
#10780 = CARTESIAN_POINT('',(10.91,-1.18062407889,-2.426159060386));
#10781 = VECTOR('',#10782,1.);
#10782 = DIRECTION('',(-1.,-1.27553196763E-16,-3.10696741966E-15));
#10783 = ORIENTED_EDGE('',*,*,#10297,.F.);
#10784 = ORIENTED_EDGE('',*,*,#10761,.T.);
#10785 = PLANE('',#10786);
#10786 = AXIS2_PLACEMENT_3D('',#10787,#10788,#10789);
#10787 = CARTESIAN_POINT('',(10.91,-1.652979887944,-2.6758328323));
#10788 = DIRECTION('',(-2.687247665459E-15,-0.467307306755,
    0.884094950248));
#10789 = DIRECTION('',(1.972152263053E-31,-0.884094950248,
    -0.467307306755));
#10790 = ADVANCED_FACE('',(#10791),#10802,.F.);
#10791 = FACE_BOUND('',#10792,.T.);
#10792 = EDGE_LOOP('',(#10793,#10794,#10800,#10801));
#10793 = ORIENTED_EDGE('',*,*,#2563,.T.);
#10794 = ORIENTED_EDGE('',*,*,#10795,.F.);
#10795 = EDGE_CURVE('',#10306,#2556,#10796,.T.);
#10796 = LINE('',#10797,#10798);
#10797 = CARTESIAN_POINT('',(10.91,-1.285217099413,-2.247338608348));
#10798 = VECTOR('',#10799,1.);
#10799 = DIRECTION('',(-1.,-1.27553196763E-16,-3.10696741966E-15));
#10800 = ORIENTED_EDGE('',*,*,#10305,.F.);
#10801 = ORIENTED_EDGE('',*,*,#10778,.T.);
#10802 = PLANE('',#10803);
#10803 = AXIS2_PLACEMENT_3D('',#10804,#10805,#10806);
#10804 = CARTESIAN_POINT('',(10.91,-1.18062407889,-2.426159060386));
#10805 = DIRECTION('',(1.678757540954E-15,-0.863187758941,-0.50488304865
    ));
#10806 = DIRECTION('',(0.,0.50488304865,-0.863187758941));
#10807 = ADVANCED_FACE('',(#10808),#10819,.F.);
#10808 = FACE_BOUND('',#10809,.T.);
#10809 = EDGE_LOOP('',(#10810,#10811,#10817,#10818));
#10810 = ORIENTED_EDGE('',*,*,#2555,.T.);
#10811 = ORIENTED_EDGE('',*,*,#10812,.F.);
#10812 = EDGE_CURVE('',#10314,#2547,#10813,.T.);
#10813 = LINE('',#10814,#10815);
#10814 = CARTESIAN_POINT('',(10.91,-1.737329075208,-2.483516512874));
#10815 = VECTOR('',#10816,1.);
#10816 = DIRECTION('',(-1.,-1.27553196763E-16,-3.10696741966E-15));
#10817 = ORIENTED_EDGE('',*,*,#10313,.F.);
#10818 = ORIENTED_EDGE('',*,*,#10795,.T.);
#10819 = PLANE('',#10820);
#10820 = AXIS2_PLACEMENT_3D('',#10821,#10822,#10823);
#10821 = CARTESIAN_POINT('',(10.91,-1.285217099413,-2.247338608348));
#10822 = DIRECTION('',(2.694797542621E-15,0.463018065387,-0.886348842796
    ));
#10823 = DIRECTION('',(3.944304526105E-31,0.886348842796,0.463018065387)
  );
#10824 = ADVANCED_FACE('',(#10825),#10836,.F.);
#10825 = FACE_BOUND('',#10826,.F.);
#10826 = EDGE_LOOP('',(#10827,#10828,#10829,#10835));
#10827 = ORIENTED_EDGE('',*,*,#10812,.F.);
#10828 = ORIENTED_EDGE('',*,*,#10321,.T.);
#10829 = ORIENTED_EDGE('',*,*,#10830,.T.);
#10830 = EDGE_CURVE('',#10322,#2538,#10831,.T.);
#10831 = LINE('',#10832,#10833);
#10832 = CARTESIAN_POINT('',(10.91,-1.990376830058,-2.368801543545));
#10833 = VECTOR('',#10834,1.);
#10834 = DIRECTION('',(-1.,-1.27553196763E-16,-3.10696741966E-15));
#10835 = ORIENTED_EDGE('',*,*,#2546,.F.);
#10836 = B_SPLINE_SURFACE_WITH_KNOTS('',3,1,(
    (#10837,#10838)
    ,(#10839,#10840)
    ,(#10841,#10842)
    ,(#10843,#10844
    )),.UNSPECIFIED.,.F.,.F.,.F.,(4,4),(2,2),(15.,16.),(0.,1.),
  .PIECEWISE_BEZIER_KNOTS.);
#10837 = CARTESIAN_POINT('',(10.91,-1.737329075208,-2.483516512874));
#10838 = CARTESIAN_POINT('',(10.9,-1.737329075208,-2.483516512874));
#10839 = CARTESIAN_POINT('',(10.91,-1.798060510631,-2.412663128644));
#10840 = CARTESIAN_POINT('',(10.9,-1.798060510631,-2.412663128644));
#10841 = CARTESIAN_POINT('',(10.91,-1.889157728118,-2.368801543545));
#10842 = CARTESIAN_POINT('',(10.9,-1.889157728118,-2.368801543545));
#10843 = CARTESIAN_POINT('',(10.91,-1.990376830058,-2.368801543545));
#10844 = CARTESIAN_POINT('',(10.9,-1.990376830058,-2.368801543545));
#10845 = ADVANCED_FACE('',(#10846),#10857,.F.);
#10846 = FACE_BOUND('',#10847,.F.);
#10847 = EDGE_LOOP('',(#10848,#10849,#10850,#10856));
#10848 = ORIENTED_EDGE('',*,*,#10830,.F.);
#10849 = ORIENTED_EDGE('',*,*,#10330,.T.);
#10850 = ORIENTED_EDGE('',*,*,#10851,.T.);
#10851 = EDGE_CURVE('',#10331,#2529,#10852,.T.);
#10852 = LINE('',#10853,#10854);
#10853 = CARTESIAN_POINT('',(10.91,-2.307530003267,-2.591483580683));
#10854 = VECTOR('',#10855,1.);
#10855 = DIRECTION('',(-1.,-1.27553196763E-16,-3.10696741966E-15));
#10856 = ORIENTED_EDGE('',*,*,#2537,.F.);
#10857 = B_SPLINE_SURFACE_WITH_KNOTS('',3,1,(
    (#10858,#10859)
    ,(#10860,#10861)
    ,(#10862,#10863)
    ,(#10864,#10865
    )),.UNSPECIFIED.,.F.,.F.,.F.,(4,4),(2,2),(16.,17.),(0.,1.),
  .PIECEWISE_BEZIER_KNOTS.);
#10858 = CARTESIAN_POINT('',(10.91,-1.990376830058,-2.368801543545));
#10859 = CARTESIAN_POINT('',(10.9,-1.990376830058,-2.368801543545));
#10860 = CARTESIAN_POINT('',(10.91,-2.135457581451,-2.368801543545));
#10861 = CARTESIAN_POINT('',(10.9,-2.135457581451,-2.368801543545));
#10862 = CARTESIAN_POINT('',(10.91,-2.260294435232,-2.463272679613));
#10863 = CARTESIAN_POINT('',(10.9,-2.260294435232,-2.463272679613));
#10864 = CARTESIAN_POINT('',(10.91,-2.307530003267,-2.591483580683));
#10865 = CARTESIAN_POINT('',(10.9,-2.307530003267,-2.591483580683));
#10866 = ADVANCED_FACE('',(#10867),#10878,.F.);
#10867 = FACE_BOUND('',#10868,.F.);
#10868 = EDGE_LOOP('',(#10869,#10870,#10871,#10877));
#10869 = ORIENTED_EDGE('',*,*,#10851,.F.);
#10870 = ORIENTED_EDGE('',*,*,#10339,.T.);
#10871 = ORIENTED_EDGE('',*,*,#10872,.T.);
#10872 = EDGE_CURVE('',#10340,#2520,#10873,.T.);
#10873 = LINE('',#10874,#10875);
#10874 = CARTESIAN_POINT('',(10.91,-2.509968207147,-2.281078308993));
#10875 = VECTOR('',#10876,1.);
#10876 = DIRECTION('',(-1.,-1.27553196763E-16,-3.10696741966E-15));
#10877 = ORIENTED_EDGE('',*,*,#2528,.F.);
#10878 = B_SPLINE_SURFACE_WITH_KNOTS('',3,1,(
    (#10879,#10880)
    ,(#10881,#10882)
    ,(#10883,#10884)
    ,(#10885,#10886
    )),.UNSPECIFIED.,.F.,.F.,.F.,(4,4),(2,2),(17.,18.),(0.,1.),
  .PIECEWISE_BEZIER_KNOTS.);
#10879 = CARTESIAN_POINT('',(10.91,-2.307530003267,-2.591483580683));
#10880 = CARTESIAN_POINT('',(10.9,-2.307530003267,-2.591483580683));
#10881 = CARTESIAN_POINT('',(10.91,-2.42561895553,-2.53750004678));
#10882 = CARTESIAN_POINT('',(10.9,-2.42561895553,-2.53750004678));
#10883 = CARTESIAN_POINT('',(10.91,-2.509968207147,-2.419411094517));
#10884 = CARTESIAN_POINT('',(10.9,-2.509968207147,-2.419411094517));
#10885 = CARTESIAN_POINT('',(10.91,-2.509968207147,-2.281078308993));
#10886 = CARTESIAN_POINT('',(10.9,-2.509968207147,-2.281078308993));
#10887 = ADVANCED_FACE('',(#10888),#10899,.F.);
#10888 = FACE_BOUND('',#10889,.F.);
#10889 = EDGE_LOOP('',(#10890,#10891,#10892,#10898));
#10890 = ORIENTED_EDGE('',*,*,#10872,.F.);
#10891 = ORIENTED_EDGE('',*,*,#10348,.T.);
#10892 = ORIENTED_EDGE('',*,*,#10893,.T.);
#10893 = EDGE_CURVE('',#10349,#2511,#10894,.T.);
#10894 = LINE('',#10895,#10896);
#10895 = CARTESIAN_POINT('',(10.91,-2.172571200681,-1.943681302527));
#10896 = VECTOR('',#10897,1.);
#10897 = DIRECTION('',(-1.,-1.27553196763E-16,-3.10696741966E-15));
#10898 = ORIENTED_EDGE('',*,*,#2519,.F.);
#10899 = B_SPLINE_SURFACE_WITH_KNOTS('',3,1,(
    (#10900,#10901)
    ,(#10902,#10903)
    ,(#10904,#10905)
    ,(#10906,#10907
    )),.UNSPECIFIED.,.F.,.F.,.F.,(4,4),(2,2),(18.,19.),(0.,1.),
  .PIECEWISE_BEZIER_KNOTS.);
#10900 = CARTESIAN_POINT('',(10.91,-2.509968207147,-2.281078308993));
#10901 = CARTESIAN_POINT('',(10.9,-2.509968207147,-2.281078308993));
#10902 = CARTESIAN_POINT('',(10.91,-2.509968207147,-2.095509955436));
#10903 = CARTESIAN_POINT('',(10.9,-2.509968207147,-2.095509955436));
#10904 = CARTESIAN_POINT('',(10.91,-2.358139554237,-1.943681302527));
#10905 = CARTESIAN_POINT('',(10.9,-2.358139554237,-1.943681302527));
#10906 = CARTESIAN_POINT('',(10.91,-2.172571200681,-1.943681302527));
#10907 = CARTESIAN_POINT('',(10.9,-2.172571200681,-1.943681302527));
#10908 = ADVANCED_FACE('',(#10909),#10920,.F.);
#10909 = FACE_BOUND('',#10910,.F.);
#10910 = EDGE_LOOP('',(#10911,#10912,#10913,#10919));
#10911 = ORIENTED_EDGE('',*,*,#10893,.F.);
#10912 = ORIENTED_EDGE('',*,*,#10357,.T.);
#10913 = ORIENTED_EDGE('',*,*,#10914,.T.);
#10914 = EDGE_CURVE('',#10358,#2502,#10915,.T.);
#10915 = LINE('',#10916,#10917);
#10916 = CARTESIAN_POINT('',(10.91,-1.993750812994,-1.994290853499));
#10917 = VECTOR('',#10918,1.);
#10918 = DIRECTION('',(-1.,-1.27553196763E-16,-3.10696741966E-15));
#10919 = ORIENTED_EDGE('',*,*,#2510,.F.);
#10920 = B_SPLINE_SURFACE_WITH_KNOTS('',3,1,(
    (#10921,#10922)
    ,(#10923,#10924)
    ,(#10925,#10926)
    ,(#10927,#10928
    )),.UNSPECIFIED.,.F.,.F.,.F.,(4,4),(2,2),(19.,20.),(0.,1.),
  .PIECEWISE_BEZIER_KNOTS.);
#10921 = CARTESIAN_POINT('',(10.91,-2.172571200681,-1.943681302527));
#10922 = CARTESIAN_POINT('',(10.9,-2.172571200681,-1.943681302527));
#10923 = CARTESIAN_POINT('',(10.91,-2.108465782321,-1.943681302527));
#10924 = CARTESIAN_POINT('',(10.9,-2.108465782321,-1.943681302527));
#10925 = CARTESIAN_POINT('',(10.91,-2.044360363963,-1.963925135784));
#10926 = CARTESIAN_POINT('',(10.9,-2.044360363963,-1.963925135784));
#10927 = CARTESIAN_POINT('',(10.91,-1.993750812994,-1.994290853499));
#10928 = CARTESIAN_POINT('',(10.9,-1.993750812994,-1.994290853499));
#10929 = ADVANCED_FACE('',(#10930),#10941,.F.);
#10930 = FACE_BOUND('',#10931,.F.);
#10931 = EDGE_LOOP('',(#10932,#10933,#10934,#10940));
#10932 = ORIENTED_EDGE('',*,*,#10914,.F.);
#10933 = ORIENTED_EDGE('',*,*,#10366,.T.);
#10934 = ORIENTED_EDGE('',*,*,#10935,.T.);
#10935 = EDGE_CURVE('',#10367,#2493,#10936,.T.);
#10936 = LINE('',#10937,#10938);
#10937 = CARTESIAN_POINT('',(10.91,-1.541638901552,-1.670389907478));
#10938 = VECTOR('',#10939,1.);
#10939 = DIRECTION('',(-1.,-1.27553196763E-16,-3.10696741966E-15));
#10940 = ORIENTED_EDGE('',*,*,#2501,.F.);
#10941 = B_SPLINE_SURFACE_WITH_KNOTS('',3,1,(
    (#10942,#10943)
    ,(#10944,#10945)
    ,(#10946,#10947)
    ,(#10948,#10949
    )),.UNSPECIFIED.,.F.,.F.,.F.,(4,4),(2,2),(20.,21.),(0.,1.),
  .PIECEWISE_BEZIER_KNOTS.);
#10942 = CARTESIAN_POINT('',(10.91,-1.993750812994,-1.994290853499));
#10943 = CARTESIAN_POINT('',(10.9,-1.993750812994,-1.994290853499));
#10944 = CARTESIAN_POINT('',(10.91,-1.929645458989,-1.805348710063));
#10945 = CARTESIAN_POINT('',(10.9,-1.929645458989,-1.805348710063));
#10946 = CARTESIAN_POINT('',(10.91,-1.754198989886,-1.670389907478));
#10947 = CARTESIAN_POINT('',(10.9,-1.754198989886,-1.670389907478));
#10948 = CARTESIAN_POINT('',(10.91,-1.541638901552,-1.670389907478));
#10949 = CARTESIAN_POINT('',(10.9,-1.541638901552,-1.670389907478));
#10950 = ADVANCED_FACE('',(#10951),#10962,.F.);
#10951 = FACE_BOUND('',#10952,.F.);
#10952 = EDGE_LOOP('',(#10953,#10954,#10955,#10961));
#10953 = ORIENTED_EDGE('',*,*,#10935,.F.);
#10954 = ORIENTED_EDGE('',*,*,#10375,.T.);
#10955 = ORIENTED_EDGE('',*,*,#10956,.T.);
#10956 = EDGE_CURVE('',#10376,#2484,#10957,.T.);
#10957 = LINE('',#10958,#10959);
#10958 = CARTESIAN_POINT('',(10.91,-1.069283092498,-2.092136165561));
#10959 = VECTOR('',#10960,1.);
#10960 = DIRECTION('',(-1.,-1.27553196763E-16,-3.10696741966E-15));
#10961 = ORIENTED_EDGE('',*,*,#2492,.F.);
#10962 = B_SPLINE_SURFACE_WITH_KNOTS('',3,1,(
    (#10963,#10964)
    ,(#10965,#10966)
    ,(#10967,#10968)
    ,(#10969,#10970
    )),.UNSPECIFIED.,.F.,.F.,.F.,(4,4),(2,2),(21.,22.),(0.,1.),
  .PIECEWISE_BEZIER_KNOTS.);
#10963 = CARTESIAN_POINT('',(10.91,-1.541638901552,-1.670389907478));
#10964 = CARTESIAN_POINT('',(10.9,-1.541638901552,-1.670389907478));
#10965 = CARTESIAN_POINT('',(10.91,-1.298713031153,-1.670389907478));
#10966 = CARTESIAN_POINT('',(10.9,-1.298713031153,-1.670389907478));
#10967 = CARTESIAN_POINT('',(10.91,-1.096274827274,-1.855958261035));
#10968 = CARTESIAN_POINT('',(10.9,-1.096274827274,-1.855958261035));
#10969 = CARTESIAN_POINT('',(10.91,-1.069283092498,-2.092136165561));
#10970 = CARTESIAN_POINT('',(10.9,-1.069283092498,-2.092136165561));
#10971 = ADVANCED_FACE('',(#10972),#10983,.F.);
#10972 = FACE_BOUND('',#10973,.T.);
#10973 = EDGE_LOOP('',(#10974,#10975,#10981,#10982));
#10974 = ORIENTED_EDGE('',*,*,#2483,.T.);
#10975 = ORIENTED_EDGE('',*,*,#10976,.F.);
#10976 = EDGE_CURVE('',#10385,#2475,#10977,.T.);
#10977 = LINE('',#10978,#10979);
#10978 = CARTESIAN_POINT('',(10.91,-1.042291357721,-2.092136165561));
#10979 = VECTOR('',#10980,1.);
#10980 = DIRECTION('',(-1.,-1.27553196763E-16,-3.10696741966E-15));
#10981 = ORIENTED_EDGE('',*,*,#10384,.F.);
#10982 = ORIENTED_EDGE('',*,*,#10956,.T.);
#10983 = PLANE('',#10984);
#10984 = AXIS2_PLACEMENT_3D('',#10985,#10986,#10987);
#10985 = CARTESIAN_POINT('',(10.91,-1.069283092498,-2.092136165561));
#10986 = DIRECTION('',(-3.10696741966E-15,0.,1.));
#10987 = DIRECTION('',(1.,0.,3.10696741966E-15));
#10988 = ADVANCED_FACE('',(#10989),#11000,.F.);
#10989 = FACE_BOUND('',#10990,.F.);
#10990 = EDGE_LOOP('',(#10991,#10992,#10993,#10999));
#10991 = ORIENTED_EDGE('',*,*,#10976,.F.);
#10992 = ORIENTED_EDGE('',*,*,#10393,.T.);
#10993 = ORIENTED_EDGE('',*,*,#10994,.T.);
#10994 = EDGE_CURVE('',#10394,#2466,#10995,.T.);
#10995 = LINE('',#10996,#10997);
#10996 = CARTESIAN_POINT('',(10.91,-0.779121718419,-2.355305804864));
#10997 = VECTOR('',#10998,1.);
#10998 = DIRECTION('',(-1.,-1.27553196763E-16,-3.10696741966E-15));
#10999 = ORIENTED_EDGE('',*,*,#2474,.F.);
#11000 = B_SPLINE_SURFACE_WITH_KNOTS('',3,1,(
    (#11001,#11002)
    ,(#11003,#11004)
    ,(#11005,#11006)
    ,(#11007,#11008
    )),.UNSPECIFIED.,.F.,.F.,.F.,(4,4),(2,2),(23.,24.),(0.,1.),
  .PIECEWISE_BEZIER_KNOTS.);
#11001 = CARTESIAN_POINT('',(10.91,-1.042291357721,-2.092136165561));
#11002 = CARTESIAN_POINT('',(10.9,-1.042291357721,-2.092136165561));
#11003 = CARTESIAN_POINT('',(10.91,-0.897210670682,-2.092136165561));
#11004 = CARTESIAN_POINT('',(10.9,-0.897210670682,-2.092136165561));
#11005 = CARTESIAN_POINT('',(10.91,-0.779121718419,-2.210225117824));
#11006 = CARTESIAN_POINT('',(10.9,-0.779121718419,-2.210225117824));
#11007 = CARTESIAN_POINT('',(10.91,-0.779121718419,-2.355305804864));
#11008 = CARTESIAN_POINT('',(10.9,-0.779121718419,-2.355305804864));
#11009 = ADVANCED_FACE('',(#11010),#11021,.F.);
#11010 = FACE_BOUND('',#11011,.F.);
#11011 = EDGE_LOOP('',(#11012,#11013,#11014,#11020));
#11012 = ORIENTED_EDGE('',*,*,#10994,.F.);
#11013 = ORIENTED_EDGE('',*,*,#10402,.T.);
#11014 = ORIENTED_EDGE('',*,*,#11015,.T.);
#11015 = EDGE_CURVE('',#10403,#2458,#11016,.T.);
#11016 = LINE('',#11017,#11018);
#11017 = CARTESIAN_POINT('',(10.91,-1.022047588816,-2.618475444166));
#11018 = VECTOR('',#11019,1.);
#11019 = DIRECTION('',(-1.,-1.27553196763E-16,-3.10696741966E-15));
#11020 = ORIENTED_EDGE('',*,*,#2465,.F.);
#11021 = B_SPLINE_SURFACE_WITH_KNOTS('',3,1,(
    (#11022,#11023)
    ,(#11024,#11025)
    ,(#11026,#11027)
    ,(#11028,#11029
    )),.UNSPECIFIED.,.F.,.F.,.F.,(4,4),(2,2),(24.,25.),(0.,1.),
  .PIECEWISE_BEZIER_KNOTS.);
#11022 = CARTESIAN_POINT('',(10.91,-0.779121718419,-2.355305804864));
#11023 = CARTESIAN_POINT('',(10.9,-0.779121718419,-2.355305804864));
#11024 = CARTESIAN_POINT('',(10.91,-0.779121718419,-2.493638590387));
#11025 = CARTESIAN_POINT('',(10.9,-0.779121718419,-2.493638590387));
#11026 = CARTESIAN_POINT('',(10.91,-0.883714738942,-2.608353559713));
#11027 = CARTESIAN_POINT('',(10.9,-0.883714738942,-2.608353559713));
#11028 = CARTESIAN_POINT('',(10.91,-1.022047588816,-2.618475444166));
#11029 = CARTESIAN_POINT('',(10.9,-1.022047588816,-2.618475444166));
#11030 = ADVANCED_FACE('',(#11031),#11042,.F.);
#11031 = FACE_BOUND('',#11032,.T.);
#11032 = EDGE_LOOP('',(#11033,#11034,#11040,#11041));
#11033 = ORIENTED_EDGE('',*,*,#2457,.T.);
#11034 = ORIENTED_EDGE('',*,*,#11035,.F.);
#11035 = EDGE_CURVE('',#10412,#2449,#11036,.T.);
#11036 = LINE('',#11037,#11038);
#11037 = CARTESIAN_POINT('',(10.91,-1.173876241726,-2.618475444166));
#11038 = VECTOR('',#11039,1.);
#11039 = DIRECTION('',(-1.,-1.27553196763E-16,-3.10696741966E-15));
#11040 = ORIENTED_EDGE('',*,*,#10411,.F.);
#11041 = ORIENTED_EDGE('',*,*,#11015,.T.);
#11042 = PLANE('',#11043);
#11043 = AXIS2_PLACEMENT_3D('',#11044,#11045,#11046);
#11044 = CARTESIAN_POINT('',(10.91,-1.022047588816,-2.618475444166));
#11045 = DIRECTION('',(3.10696741966E-15,2.856383565824E-15,-1.));
#11046 = DIRECTION('',(-1.,0.,-3.10696741966E-15));
#11047 = ADVANCED_FACE('',(#11048),#11059,.F.);
#11048 = FACE_BOUND('',#11049,.F.);
#11049 = EDGE_LOOP('',(#11050,#11051,#11052,#11058));
#11050 = ORIENTED_EDGE('',*,*,#11035,.F.);
#11051 = ORIENTED_EDGE('',*,*,#10419,.T.);
#11052 = ORIENTED_EDGE('',*,*,#11053,.T.);
#11053 = EDGE_CURVE('',#10420,#2440,#11054,.T.);
#11054 = LINE('',#11055,#11056);
#11055 = CARTESIAN_POINT('',(10.91,-1.194120010632,-2.615101525585));
#11056 = VECTOR('',#11057,1.);
#11057 = DIRECTION('',(-1.,-1.27553196763E-16,-3.10696741966E-15));
#11058 = ORIENTED_EDGE('',*,*,#2448,.F.);
#11059 = B_SPLINE_SURFACE_WITH_KNOTS('',3,1,(
    (#11060,#11061)
    ,(#11062,#11063)
    ,(#11064,#11065)
    ,(#11066,#11067
    )),.UNSPECIFIED.,.F.,.F.,.F.,(4,4),(2,2),(26.,27.),(0.,1.),
  .PIECEWISE_BEZIER_KNOTS.);
#11060 = CARTESIAN_POINT('',(10.91,-1.173876241726,-2.618475444166));
#11061 = CARTESIAN_POINT('',(10.9,-1.173876241726,-2.618475444166));
#11062 = CARTESIAN_POINT('',(10.91,-1.180624207597,-2.618475444166));
#11063 = CARTESIAN_POINT('',(10.9,-1.180624207597,-2.618475444166));
#11064 = CARTESIAN_POINT('',(10.91,-1.187372173468,-2.615101525585));
#11065 = CARTESIAN_POINT('',(10.9,-1.187372173468,-2.615101525585));
#11066 = CARTESIAN_POINT('',(10.91,-1.194120010632,-2.615101525585));
#11067 = CARTESIAN_POINT('',(10.9,-1.194120010632,-2.615101525585));
#11068 = ADVANCED_FACE('',(#11069),#11080,.F.);
#11069 = FACE_BOUND('',#11070,.F.);
#11070 = EDGE_LOOP('',(#11071,#11072,#11073,#11079));
#11071 = ORIENTED_EDGE('',*,*,#11053,.F.);
#11072 = ORIENTED_EDGE('',*,*,#10428,.T.);
#11073 = ORIENTED_EDGE('',*,*,#11074,.T.);
#11074 = EDGE_CURVE('',#10429,#2431,#11075,.T.);
#11075 = LINE('',#11076,#11077);
#11076 = CARTESIAN_POINT('',(10.91,-1.298713031153,-2.719694546106));
#11077 = VECTOR('',#11078,1.);
#11078 = DIRECTION('',(-1.,-1.27553196763E-16,-3.10696741966E-15));
#11079 = ORIENTED_EDGE('',*,*,#2439,.F.);
#11080 = B_SPLINE_SURFACE_WITH_KNOTS('',3,1,(
    (#11081,#11082)
    ,(#11083,#11084)
    ,(#11085,#11086)
    ,(#11087,#11088
    )),.UNSPECIFIED.,.F.,.F.,.F.,(4,4),(2,2),(27.,28.),(0.,1.),
  .PIECEWISE_BEZIER_KNOTS.);
#11081 = CARTESIAN_POINT('',(10.91,-1.194120010632,-2.615101525585));
#11082 = CARTESIAN_POINT('',(10.9,-1.194120010632,-2.615101525585));
#11083 = CARTESIAN_POINT('',(10.91,-1.251477527473,-2.615101525585));
#11084 = CARTESIAN_POINT('',(10.9,-1.251477527473,-2.615101525585));
#11085 = CARTESIAN_POINT('',(10.91,-1.298713031153,-2.662337157972));
#11086 = CARTESIAN_POINT('',(10.9,-1.298713031153,-2.662337157972));
#11087 = CARTESIAN_POINT('',(10.91,-1.298713031153,-2.719694546106));
#11088 = CARTESIAN_POINT('',(10.9,-1.298713031153,-2.719694546106));
#11089 = ADVANCED_FACE('',(#11090),#11101,.F.);
#11090 = FACE_BOUND('',#11091,.F.);
#11091 = EDGE_LOOP('',(#11092,#11093,#11094,#11100));
#11092 = ORIENTED_EDGE('',*,*,#11074,.F.);
#11093 = ORIENTED_EDGE('',*,*,#10437,.T.);
#11094 = ORIENTED_EDGE('',*,*,#11095,.T.);
#11095 = EDGE_CURVE('',#10438,#2423,#11096,.T.);
#11096 = LINE('',#11097,#11098);
#11097 = CARTESIAN_POINT('',(10.91,-1.200867847796,-2.824287566631));
#11098 = VECTOR('',#11099,1.);
#11099 = DIRECTION('',(-1.,-1.27553196763E-16,-3.10696741966E-15));
#11100 = ORIENTED_EDGE('',*,*,#2430,.F.);
#11101 = B_SPLINE_SURFACE_WITH_KNOTS('',3,1,(
    (#11102,#11103)
    ,(#11104,#11105)
    ,(#11106,#11107)
    ,(#11108,#11109
    )),.UNSPECIFIED.,.F.,.F.,.F.,(4,4),(2,2),(28.,29.),(0.,1.),
  .PIECEWISE_BEZIER_KNOTS.);
#11102 = CARTESIAN_POINT('',(10.91,-1.298713031153,-2.719694546106));
#11103 = CARTESIAN_POINT('',(10.9,-1.298713031153,-2.719694546106));
#11104 = CARTESIAN_POINT('',(10.91,-1.298713031153,-2.773678015659));
#11105 = CARTESIAN_POINT('',(10.9,-1.298713031153,-2.773678015659));
#11106 = CARTESIAN_POINT('',(10.91,-1.254851446055,-2.82091364805));
#11107 = CARTESIAN_POINT('',(10.9,-1.254851446055,-2.82091364805));
#11108 = CARTESIAN_POINT('',(10.91,-1.200867847796,-2.824287566631));
#11109 = CARTESIAN_POINT('',(10.9,-1.200867847796,-2.824287566631));
#11110 = ADVANCED_FACE('',(#11111),#11122,.F.);
#11111 = FACE_BOUND('',#11112,.T.);
#11112 = EDGE_LOOP('',(#11113,#11114,#11120,#11121));
#11113 = ORIENTED_EDGE('',*,*,#2422,.T.);
#11114 = ORIENTED_EDGE('',*,*,#11115,.F.);
#11115 = EDGE_CURVE('',#10447,#2414,#11116,.T.);
#11116 = LINE('',#11117,#11118);
#11117 = CARTESIAN_POINT('',(10.91,-1.001803691203,-2.824287566631));
#11118 = VECTOR('',#11119,1.);
#11119 = DIRECTION('',(-1.,-1.27553196763E-16,-3.10696741966E-15));
#11120 = ORIENTED_EDGE('',*,*,#10446,.F.);
#11121 = ORIENTED_EDGE('',*,*,#11095,.T.);
#11122 = PLANE('',#11123);
#11123 = AXIS2_PLACEMENT_3D('',#11124,#11125,#11126);
#11124 = CARTESIAN_POINT('',(10.91,-1.011925575657,-2.824287566631));
#11125 = DIRECTION('',(-3.10696741966E-15,0.,1.));
#11126 = DIRECTION('',(1.,0.,3.10696741966E-15));
#11127 = ADVANCED_FACE('',(#11128),#11139,.F.);
#11128 = FACE_BOUND('',#11129,.F.);
#11129 = EDGE_LOOP('',(#11130,#11131,#11132,#11138));
#11130 = ORIENTED_EDGE('',*,*,#11115,.F.);
#11131 = ORIENTED_EDGE('',*,*,#10454,.T.);
#11132 = ORIENTED_EDGE('',*,*,#11133,.T.);
#11133 = EDGE_CURVE('',#10455,#2405,#11134,.T.);
#11134 = LINE('',#11135,#11136);
#11135 = CARTESIAN_POINT('',(10.91,-0.694772466803,-2.672458913719));
#11136 = VECTOR('',#11137,1.);
#11137 = DIRECTION('',(-1.,-1.27553196763E-16,-3.10696741966E-15));
#11138 = ORIENTED_EDGE('',*,*,#2413,.F.);
#11139 = B_SPLINE_SURFACE_WITH_KNOTS('',3,1,(
    (#11140,#11141)
    ,(#11142,#11143)
    ,(#11144,#11145)
    ,(#11146,#11147
    )),.UNSPECIFIED.,.F.,.F.,.F.,(4,4),(2,2),(33.,34.),(0.,1.),
  .PIECEWISE_BEZIER_KNOTS.);
#11140 = CARTESIAN_POINT('',(10.91,-1.001803691203,-2.824287566631));
#11141 = CARTESIAN_POINT('',(10.9,-1.001803691203,-2.824287566631));
#11142 = CARTESIAN_POINT('',(10.91,-0.883714738942,-2.814165682177));
#11143 = CARTESIAN_POINT('',(10.9,-0.883714738942,-2.814165682177));
#11144 = CARTESIAN_POINT('',(10.91,-0.775747671129,-2.760182083918));
#11145 = CARTESIAN_POINT('',(10.9,-0.775747671129,-2.760182083918));
#11146 = CARTESIAN_POINT('',(10.91,-0.694772466803,-2.672458913719));
#11147 = CARTESIAN_POINT('',(10.9,-0.694772466803,-2.672458913719));
#11148 = ADVANCED_FACE('',(#11149),#11155,.F.);
#11149 = FACE_BOUND('',#11150,.F.);
#11150 = EDGE_LOOP('',(#11151,#11152,#11153,#11154));
#11151 = ORIENTED_EDGE('',*,*,#11133,.F.);
#11152 = ORIENTED_EDGE('',*,*,#10463,.T.);
#11153 = ORIENTED_EDGE('',*,*,#10503,.T.);
#11154 = ORIENTED_EDGE('',*,*,#2404,.F.);
#11155 = B_SPLINE_SURFACE_WITH_KNOTS('',3,1,(
    (#11156,#11157)
    ,(#11158,#11159)
    ,(#11160,#11161)
    ,(#11162,#11163
    )),.UNSPECIFIED.,.F.,.F.,.F.,(4,4),(2,2),(34.,35.),(0.,1.),
  .PIECEWISE_BEZIER_KNOTS.);
#11156 = CARTESIAN_POINT('',(10.91,-0.694772466803,-2.672458913719));
#11157 = CARTESIAN_POINT('',(10.9,-0.694772466803,-2.672458913719));
#11158 = CARTESIAN_POINT('',(10.91,-0.613797133767,-2.584735743521));
#11159 = CARTESIAN_POINT('',(10.9,-0.613797133767,-2.584735743521));
#11160 = CARTESIAN_POINT('',(10.91,-0.569935548668,-2.470020709839));
#11161 = CARTESIAN_POINT('',(10.9,-0.569935548668,-2.470020709839));
#11162 = CARTESIAN_POINT('',(10.91,-0.569935548668,-2.351931757576));
#11163 = CARTESIAN_POINT('',(10.9,-0.569935548668,-2.351931757576));
#11164 = ADVANCED_FACE('',(#11165),#11194,.T.);
#11165 = FACE_BOUND('',#11166,.T.);
#11166 = EDGE_LOOP('',(#11167,#11181,#11187,#11188));
#11167 = ORIENTED_EDGE('',*,*,#11168,.F.);
#11168 = EDGE_CURVE('',#11169,#11171,#11173,.T.);
#11169 = VERTEX_POINT('',#11170);
#11170 = CARTESIAN_POINT('',(10.9,-1.993750877348,-2.844531592949));
#11171 = VERTEX_POINT('',#11172);
#11172 = CARTESIAN_POINT('',(10.9,-1.993750877348,-2.581361824939));
#11173 = B_SPLINE_CURVE_WITH_KNOTS('',3,(#11174,#11175,#11176,#11177,
    #11178,#11179,#11180),.UNSPECIFIED.,.F.,.F.,(4,3,4),(0.,1.,2.),
  .PIECEWISE_BEZIER_KNOTS.);
#11174 = CARTESIAN_POINT('',(10.9,-1.993750877348,-2.844531592949));
#11175 = CARTESIAN_POINT('',(10.9,-1.919523574537,-2.844531592949));
#11176 = CARTESIAN_POINT('',(10.9,-1.862166057697,-2.78380002882));
#11177 = CARTESIAN_POINT('',(10.9,-1.862166057697,-2.712946708944));
#11178 = CARTESIAN_POINT('',(10.9,-1.862166057697,-2.63871934178));
#11179 = CARTESIAN_POINT('',(10.9,-1.922897493119,-2.581361824939));
#11180 = CARTESIAN_POINT('',(10.9,-1.993750877348,-2.581361824939));
#11181 = ORIENTED_EDGE('',*,*,#11182,.F.);
#11182 = EDGE_CURVE('',#10473,#11169,#11183,.T.);
#11183 = LINE('',#11184,#11185);
#11184 = CARTESIAN_POINT('',(10.91,-1.993750877348,-2.844531592949));
#11185 = VECTOR('',#11186,1.);
#11186 = DIRECTION('',(-1.,-1.27553196763E-16,-3.10696741966E-15));
#11187 = ORIENTED_EDGE('',*,*,#10472,.T.);
#11188 = ORIENTED_EDGE('',*,*,#11189,.T.);
#11189 = EDGE_CURVE('',#10475,#11171,#11190,.T.);
#11190 = LINE('',#11191,#11192);
#11191 = CARTESIAN_POINT('',(10.91,-1.993750877348,-2.581361824939));
#11192 = VECTOR('',#11193,1.);
#11193 = DIRECTION('',(-1.,-1.27553196763E-16,-3.10696741966E-15));
#11194 = B_SPLINE_SURFACE_WITH_KNOTS('',3,1,(
    (#11195,#11196)
    ,(#11197,#11198)
    ,(#11199,#11200)
    ,(#11201,#11202)
    ,(#11203,#11204)
    ,(#11205,#11206)
    ,(#11207,#11208
  )),.UNSPECIFIED.,.F.,.F.,.F.,(4,3,4),(2,2),(0.,1.,2.),(0.,1.),
  .PIECEWISE_BEZIER_KNOTS.);
#11195 = CARTESIAN_POINT('',(10.91,-1.993750877348,-2.844531592949));
#11196 = CARTESIAN_POINT('',(10.9,-1.993750877348,-2.844531592949));
#11197 = CARTESIAN_POINT('',(10.91,-1.919523574537,-2.844531592949));
#11198 = CARTESIAN_POINT('',(10.9,-1.919523574537,-2.844531592949));
#11199 = CARTESIAN_POINT('',(10.91,-1.862166057697,-2.78380002882));
#11200 = CARTESIAN_POINT('',(10.9,-1.862166057697,-2.78380002882));
#11201 = CARTESIAN_POINT('',(10.91,-1.862166057697,-2.712946708944));
#11202 = CARTESIAN_POINT('',(10.9,-1.862166057697,-2.712946708944));
#11203 = CARTESIAN_POINT('',(10.91,-1.862166057697,-2.63871934178));
#11204 = CARTESIAN_POINT('',(10.9,-1.862166057697,-2.63871934178));
#11205 = CARTESIAN_POINT('',(10.91,-1.922897493119,-2.581361824939));
#11206 = CARTESIAN_POINT('',(10.9,-1.922897493119,-2.581361824939));
#11207 = CARTESIAN_POINT('',(10.91,-1.993750877348,-2.581361824939));
#11208 = CARTESIAN_POINT('',(10.9,-1.993750877348,-2.581361824939));
#11209 = ADVANCED_FACE('',(#11210),#11224,.T.);
#11210 = FACE_BOUND('',#11211,.T.);
#11211 = EDGE_LOOP('',(#11212,#11221,#11222,#11223));
#11212 = ORIENTED_EDGE('',*,*,#11213,.F.);
#11213 = EDGE_CURVE('',#11171,#11169,#11214,.T.);
#11214 = B_SPLINE_CURVE_WITH_KNOTS('',3,(#11215,#11216,#11217,#11218,
    #11219,#11220),.UNSPECIFIED.,.F.,.F.,(4,2,4),(2.,3.,4.),
  .UNSPECIFIED.);
#11215 = CARTESIAN_POINT('',(10.9,-1.993750877348,-2.581361824939));
#11216 = CARTESIAN_POINT('',(10.9,-2.064604261575,-2.581361824939));
#11217 = CARTESIAN_POINT('',(10.9,-2.125335696999,-2.63871934178));
#11218 = CARTESIAN_POINT('',(10.9,-2.125335696999,-2.787174076108));
#11219 = CARTESIAN_POINT('',(10.9,-2.064604261575,-2.844531592949));
#11220 = CARTESIAN_POINT('',(10.9,-1.993750877348,-2.844531592949));
#11221 = ORIENTED_EDGE('',*,*,#11189,.F.);
#11222 = ORIENTED_EDGE('',*,*,#10486,.T.);
#11223 = ORIENTED_EDGE('',*,*,#11182,.T.);
#11224 = B_SPLINE_SURFACE_WITH_KNOTS('',3,1,(
    (#11225,#11226)
    ,(#11227,#11228)
    ,(#11229,#11230)
    ,(#11231,#11232)
    ,(#11233,#11234)
    ,(#11235,#11236
  )),.UNSPECIFIED.,.F.,.F.,.F.,(4,2,4),(2,2),(2.,3.,4.),(0.,1.),
  .UNSPECIFIED.);
#11225 = CARTESIAN_POINT('',(10.91,-1.993750877348,-2.581361824939));
#11226 = CARTESIAN_POINT('',(10.9,-1.993750877348,-2.581361824939));
#11227 = CARTESIAN_POINT('',(10.91,-2.064604261575,-2.581361824939));
#11228 = CARTESIAN_POINT('',(10.9,-2.064604261575,-2.581361824939));
#11229 = CARTESIAN_POINT('',(10.91,-2.125335696999,-2.63871934178));
#11230 = CARTESIAN_POINT('',(10.9,-2.125335696999,-2.63871934178));
#11231 = CARTESIAN_POINT('',(10.91,-2.125335696999,-2.787174076108));
#11232 = CARTESIAN_POINT('',(10.9,-2.125335696999,-2.787174076108));
#11233 = CARTESIAN_POINT('',(10.91,-2.064604261575,-2.844531592949));
#11234 = CARTESIAN_POINT('',(10.9,-2.064604261575,-2.844531592949));
#11235 = CARTESIAN_POINT('',(10.91,-1.993750877348,-2.844531592949));
#11236 = CARTESIAN_POINT('',(10.9,-1.993750877348,-2.844531592949));
#11237 = ADVANCED_FACE('',(#11238),#11242,.F.);
#11238 = FACE_BOUND('',#11239,.T.);
#11239 = EDGE_LOOP('',(#11240,#11241));
#11240 = ORIENTED_EDGE('',*,*,#11213,.T.);
#11241 = ORIENTED_EDGE('',*,*,#11168,.T.);
#11242 = PLANE('',#11243);
#11243 = AXIS2_PLACEMENT_3D('',#11244,#11245,#11246);
#11244 = CARTESIAN_POINT('',(10.9,-1.890848588815E-15,3.923791416573E-14
    ));
#11245 = DIRECTION('',(-1.,1.734723475977E-16,-3.519728791837E-15));
#11246 = DIRECTION('',(-3.519728791837E-15,0.,1.));
#11247 = ADVANCED_FACE('',(#11248),#11259,.T.);
#11248 = FACE_BOUND('',#11249,.T.);
#11249 = EDGE_LOOP('',(#11250,#11251,#11257,#11258));
#11250 = ORIENTED_EDGE('',*,*,#3680,.F.);
#11251 = ORIENTED_EDGE('',*,*,#11252,.F.);
#11252 = EDGE_CURVE('',#3711,#3673,#11253,.T.);
#11253 = LINE('',#11254,#11255);
#11254 = CARTESIAN_POINT('',(-10.65,-0.8,-4.7));
#11255 = VECTOR('',#11256,1.);
#11256 = DIRECTION('',(-1.,1.734723475977E-16,3.519728791837E-15));
#11257 = ORIENTED_EDGE('',*,*,#3710,.T.);
#11258 = ORIENTED_EDGE('',*,*,#1122,.T.);
#11259 = PLANE('',#11260);
#11260 = AXIS2_PLACEMENT_3D('',#11261,#11262,#11263);
#11261 = CARTESIAN_POINT('',(-10.65,-0.8,-4.7));
#11262 = DIRECTION('',(-1.734723475977E-16,-1.,6.01853107621E-31));
#11263 = DIRECTION('',(1.,-1.734723475977E-16,0.));
#11264 = ADVANCED_FACE('',(#11265),#11276,.T.);
#11265 = FACE_BOUND('',#11266,.T.);
#11266 = EDGE_LOOP('',(#11267,#11268,#11274,#11275));
#11267 = ORIENTED_EDGE('',*,*,#3672,.F.);
#11268 = ORIENTED_EDGE('',*,*,#11269,.F.);
#11269 = EDGE_CURVE('',#3719,#3665,#11270,.T.);
#11270 = LINE('',#11271,#11272);
#11271 = CARTESIAN_POINT('',(-10.65,2.7,-4.7));
#11272 = VECTOR('',#11273,1.);
#11273 = DIRECTION('',(-1.,1.734723475977E-16,3.519728791837E-15));
#11274 = ORIENTED_EDGE('',*,*,#3718,.T.);
#11275 = ORIENTED_EDGE('',*,*,#11252,.T.);
#11276 = PLANE('',#11277);
#11277 = AXIS2_PLACEMENT_3D('',#11278,#11279,#11280);
#11278 = CARTESIAN_POINT('',(-10.65,2.7,-4.7));
#11279 = DIRECTION('',(-3.519728791837E-15,1.74450176122E-30,-1.));
#11280 = DIRECTION('',(-1.,0.,3.519728791837E-15));
#11281 = ADVANCED_FACE('',(#11282),#11288,.T.);
#11282 = FACE_BOUND('',#11283,.T.);
#11283 = EDGE_LOOP('',(#11284,#11285,#11286,#11287));
#11284 = ORIENTED_EDGE('',*,*,#3664,.F.);
#11285 = ORIENTED_EDGE('',*,*,#3749,.F.);
#11286 = ORIENTED_EDGE('',*,*,#3726,.T.);
#11287 = ORIENTED_EDGE('',*,*,#11269,.T.);
#11288 = PLANE('',#11289);
#11289 = AXIS2_PLACEMENT_3D('',#11290,#11291,#11292);
#11290 = CARTESIAN_POINT('',(-10.65,2.7,-4.7));
#11291 = DIRECTION('',(1.734723475977E-16,1.,-6.01853107621E-31));
#11292 = DIRECTION('',(-1.,1.734723475977E-16,0.));
#11293 = ADVANCED_FACE('',(#11294),#11305,.F.);
#11294 = FACE_BOUND('',#11295,.T.);
#11295 = EDGE_LOOP('',(#11296,#11297,#11303,#11304));
#11296 = ORIENTED_EDGE('',*,*,#1687,.T.);
#11297 = ORIENTED_EDGE('',*,*,#11298,.F.);
#11298 = EDGE_CURVE('',#3914,#1680,#11299,.T.);
#11299 = LINE('',#11300,#11301);
#11300 = CARTESIAN_POINT('',(10.65,2.7,-4.7));
#11301 = VECTOR('',#11302,1.);
#11302 = DIRECTION('',(1.,1.734723475977E-16,3.519728791837E-15));
#11303 = ORIENTED_EDGE('',*,*,#3913,.F.);
#11304 = ORIENTED_EDGE('',*,*,#1082,.T.);
#11305 = PLANE('',#11306);
#11306 = AXIS2_PLACEMENT_3D('',#11307,#11308,#11309);
#11307 = CARTESIAN_POINT('',(10.65,2.7,-4.7));
#11308 = DIRECTION('',(1.734723475977E-16,-1.,6.01853107621E-31));
#11309 = DIRECTION('',(1.,1.734723475977E-16,0.));
#11310 = ADVANCED_FACE('',(#11311),#11322,.F.);
#11311 = FACE_BOUND('',#11312,.T.);
#11312 = EDGE_LOOP('',(#11313,#11314,#11320,#11321));
#11313 = ORIENTED_EDGE('',*,*,#1679,.T.);
#11314 = ORIENTED_EDGE('',*,*,#11315,.F.);
#11315 = EDGE_CURVE('',#3922,#1672,#11316,.T.);
#11316 = LINE('',#11317,#11318);
#11317 = CARTESIAN_POINT('',(10.65,-0.8,-4.7));
#11318 = VECTOR('',#11319,1.);
#11319 = DIRECTION('',(1.,1.734723475977E-16,3.519728791837E-15));
#11320 = ORIENTED_EDGE('',*,*,#3921,.F.);
#11321 = ORIENTED_EDGE('',*,*,#11298,.T.);
#11322 = PLANE('',#11323);
#11323 = AXIS2_PLACEMENT_3D('',#11324,#11325,#11326);
#11324 = CARTESIAN_POINT('',(10.65,2.7,-4.7));
#11325 = DIRECTION('',(-3.519728791837E-15,-1.74450176122E-30,1.));
#11326 = DIRECTION('',(1.,0.,3.519728791837E-15));
#11327 = ADVANCED_FACE('',(#11328),#11334,.F.);
#11328 = FACE_BOUND('',#11329,.T.);
#11329 = EDGE_LOOP('',(#11330,#11331,#11332,#11333));
#11330 = ORIENTED_EDGE('',*,*,#1671,.T.);
#11331 = ORIENTED_EDGE('',*,*,#3952,.F.);
#11332 = ORIENTED_EDGE('',*,*,#3929,.F.);
#11333 = ORIENTED_EDGE('',*,*,#11315,.T.);
#11334 = PLANE('',#11335);
#11335 = AXIS2_PLACEMENT_3D('',#11336,#11337,#11338);
#11336 = CARTESIAN_POINT('',(10.65,-0.8,-4.7));
#11337 = DIRECTION('',(-1.734723475977E-16,1.,-6.01853107621E-31));
#11338 = DIRECTION('',(-1.,-1.734723475977E-16,0.));
#11339 = ADVANCED_FACE('',(#11340),#11346,.F.);
#11340 = FACE_BOUND('',#11341,.F.);
#11341 = EDGE_LOOP('',(#11342,#11343,#11344,#11345));
#11342 = ORIENTED_EDGE('',*,*,#3899,.F.);
#11343 = ORIENTED_EDGE('',*,*,#890,.F.);
#11344 = ORIENTED_EDGE('',*,*,#1162,.T.);
#11345 = ORIENTED_EDGE('',*,*,#909,.T.);
#11346 = CYLINDRICAL_SURFACE('',#11347,0.262126375673);
#11347 = AXIS2_PLACEMENT_3D('',#11348,#11349,#11350);
#11348 = CARTESIAN_POINT('',(10.910384757729,0.95,-3.651722501822));
#11349 = DIRECTION('',(-1.,1.734723475977E-16,3.519728791837E-15));
#11350 = DIRECTION('',(3.519728791837E-15,5.374452686822E-31,1.));
#11351 = ADVANCED_FACE('',(#11352),#11358,.F.);
#11352 = FACE_BOUND('',#11353,.F.);
#11353 = EDGE_LOOP('',(#11354,#11355,#11356,#11357));
#11354 = ORIENTED_EDGE('',*,*,#3644,.F.);
#11355 = ORIENTED_EDGE('',*,*,#848,.F.);
#11356 = ORIENTED_EDGE('',*,*,#3697,.F.);
#11357 = ORIENTED_EDGE('',*,*,#867,.T.);
#11358 = CYLINDRICAL_SURFACE('',#11359,0.262126375673);
#11359 = AXIS2_PLACEMENT_3D('',#11360,#11361,#11362);
#11360 = CARTESIAN_POINT('',(10.910384757729,0.95,-3.651722501822));
#11361 = DIRECTION('',(-1.,1.734723475977E-16,3.519728791837E-15));
#11362 = DIRECTION('',(3.519728791837E-15,5.374452686822E-31,1.));
#11363 = ( GEOMETRIC_REPRESENTATION_CONTEXT(3) 
GLOBAL_UNCERTAINTY_ASSIGNED_CONTEXT((#11367)) 
GLOBAL_UNIT_ASSIGNED_CONTEXT((#11364,#11365,#11366)) 
REPRESENTATION_CONTEXT('Context #1',
  '3D Context with UNIT and UNCERTAINTY') );
#11364 = ( LENGTH_UNIT() NAMED_UNIT(*) SI_UNIT(.MILLI.,.METRE.) );
#11365 = ( NAMED_UNIT(*) PLANE_ANGLE_UNIT() SI_UNIT($,.RADIAN.) );
#11366 = ( NAMED_UNIT(*) SI_UNIT($,.STERADIAN.) SOLID_ANGLE_UNIT() );
#11367 = UNCERTAINTY_MEASURE_WITH_UNIT(LENGTH_MEASURE(1.E-06),#11364,
  'distance_accuracy_value','confusion accuracy');
#11368 = SHAPE_DEFINITION_REPRESENTATION(#11369,#841);
#11369 = PRODUCT_DEFINITION_SHAPE('','',#11370);
#11370 = PRODUCT_DEFINITION('design','',#11371,#11374);
#11371 = PRODUCT_DEFINITION_FORMATION('','',#11372);
#11372 = PRODUCT('BAT-TH_MY-2032-22','BAT-TH_MY-2032-22','',(#11373));
#11373 = PRODUCT_CONTEXT('',#2,'mechanical');
#11374 = PRODUCT_DEFINITION_CONTEXT('part definition',#2,'design');
#11375 = CONTEXT_DEPENDENT_SHAPE_REPRESENTATION(#11376,#11378);
#11376 = ( REPRESENTATION_RELATIONSHIP('','',#841,#10) 
REPRESENTATION_RELATIONSHIP_WITH_TRANSFORMATION(#11377) 
SHAPE_REPRESENTATION_RELATIONSHIP() );
#11377 = ITEM_DEFINED_TRANSFORMATION('','',#11,#31);
#11378 = PRODUCT_DEFINITION_SHAPE('Placement','Placement of an item',
  #11379);
#11379 = NEXT_ASSEMBLY_USAGE_OCCURRENCE('5','','',#5,#11370,$);
#11380 = PRODUCT_RELATED_PRODUCT_CATEGORY('part',$,(#11372));
#11381 = SHAPE_REPRESENTATION('',(#11,#11382,#11532,#11682,#11832,#12126
    ,#12420,#12714,#13008,#13302,#13596,#13649,#13799,#13949,#14099,
    #14288,#14477,#14569,#14719,#14772,#14961,#15150,#15242,#15392,
    #15542,#15595,#15745,#15798,#15948,#16001,#16151,#16204,#16354,
    #16407,#16557,#16746,#16935,#17027,#17177,#17366,#17555,#17647,
    #17797,#17947,#18097,#18247,#18397,#18547,#18697,#18847,#18997,
    #19147,#19297,#19447,#19597),#19747);
#11382 = MANIFOLD_SOLID_BREP('',#11383);
#11383 = CLOSED_SHELL('',(#11384,#11424,#11455,#11486,#11508,#11520));
#11384 = ADVANCED_FACE('',(#11385),#11419,.T.);
#11385 = FACE_BOUND('',#11386,.T.);
#11386 = EDGE_LOOP('',(#11387,#11397,#11405,#11413));
#11387 = ORIENTED_EDGE('',*,*,#11388,.T.);
#11388 = EDGE_CURVE('',#11389,#11391,#11393,.T.);
#11389 = VERTEX_POINT('',#11390);
#11390 = CARTESIAN_POINT('',(100.15,-111.05,1.51));
#11391 = VERTEX_POINT('',#11392);
#11392 = CARTESIAN_POINT('',(100.15,-111.05,1.55));
#11393 = LINE('',#11394,#11395);
#11394 = CARTESIAN_POINT('',(100.15,-111.05,1.51));
#11395 = VECTOR('',#11396,1.);
#11396 = DIRECTION('',(0.,0.,1.));
#11397 = ORIENTED_EDGE('',*,*,#11398,.T.);
#11398 = EDGE_CURVE('',#11391,#11399,#11401,.T.);
#11399 = VERTEX_POINT('',#11400);
#11400 = CARTESIAN_POINT('',(100.15,-110.15,1.55));
#11401 = LINE('',#11402,#11403);
#11402 = CARTESIAN_POINT('',(100.15,-111.05,1.55));
#11403 = VECTOR('',#11404,1.);
#11404 = DIRECTION('',(0.,1.,0.));
#11405 = ORIENTED_EDGE('',*,*,#11406,.F.);
#11406 = EDGE_CURVE('',#11407,#11399,#11409,.T.);
#11407 = VERTEX_POINT('',#11408);
#11408 = CARTESIAN_POINT('',(100.15,-110.15,1.51));
#11409 = LINE('',#11410,#11411);
#11410 = CARTESIAN_POINT('',(100.15,-110.15,1.51));
#11411 = VECTOR('',#11412,1.);
#11412 = DIRECTION('',(0.,0.,1.));
#11413 = ORIENTED_EDGE('',*,*,#11414,.F.);
#11414 = EDGE_CURVE('',#11389,#11407,#11415,.T.);
#11415 = LINE('',#11416,#11417);
#11416 = CARTESIAN_POINT('',(100.15,-111.05,1.51));
#11417 = VECTOR('',#11418,1.);
#11418 = DIRECTION('',(0.,1.,0.));
#11419 = PLANE('',#11420);
#11420 = AXIS2_PLACEMENT_3D('',#11421,#11422,#11423);
#11421 = CARTESIAN_POINT('',(100.15,-111.05,1.51));
#11422 = DIRECTION('',(-1.,0.,0.));
#11423 = DIRECTION('',(0.,1.,0.));
#11424 = ADVANCED_FACE('',(#11425),#11450,.T.);
#11425 = FACE_BOUND('',#11426,.T.);
#11426 = EDGE_LOOP('',(#11427,#11428,#11436,#11444));
#11427 = ORIENTED_EDGE('',*,*,#11406,.T.);
#11428 = ORIENTED_EDGE('',*,*,#11429,.T.);
#11429 = EDGE_CURVE('',#11399,#11430,#11432,.T.);
#11430 = VERTEX_POINT('',#11431);
#11431 = CARTESIAN_POINT('',(100.95,-110.15,1.55));
#11432 = LINE('',#11433,#11434);
#11433 = CARTESIAN_POINT('',(100.15,-110.15,1.55));
#11434 = VECTOR('',#11435,1.);
#11435 = DIRECTION('',(1.,0.,0.));
#11436 = ORIENTED_EDGE('',*,*,#11437,.F.);
#11437 = EDGE_CURVE('',#11438,#11430,#11440,.T.);
#11438 = VERTEX_POINT('',#11439);
#11439 = CARTESIAN_POINT('',(100.95,-110.15,1.51));
#11440 = LINE('',#11441,#11442);
#11441 = CARTESIAN_POINT('',(100.95,-110.15,1.51));
#11442 = VECTOR('',#11443,1.);
#11443 = DIRECTION('',(0.,0.,1.));
#11444 = ORIENTED_EDGE('',*,*,#11445,.F.);
#11445 = EDGE_CURVE('',#11407,#11438,#11446,.T.);
#11446 = LINE('',#11447,#11448);
#11447 = CARTESIAN_POINT('',(100.15,-110.15,1.51));
#11448 = VECTOR('',#11449,1.);
#11449 = DIRECTION('',(1.,0.,0.));
#11450 = PLANE('',#11451);
#11451 = AXIS2_PLACEMENT_3D('',#11452,#11453,#11454);
#11452 = CARTESIAN_POINT('',(100.15,-110.15,1.51));
#11453 = DIRECTION('',(0.,1.,0.));
#11454 = DIRECTION('',(1.,0.,0.));
#11455 = ADVANCED_FACE('',(#11456),#11481,.T.);
#11456 = FACE_BOUND('',#11457,.T.);
#11457 = EDGE_LOOP('',(#11458,#11459,#11467,#11475));
#11458 = ORIENTED_EDGE('',*,*,#11437,.T.);
#11459 = ORIENTED_EDGE('',*,*,#11460,.T.);
#11460 = EDGE_CURVE('',#11430,#11461,#11463,.T.);
#11461 = VERTEX_POINT('',#11462);
#11462 = CARTESIAN_POINT('',(100.95,-111.05,1.55));
#11463 = LINE('',#11464,#11465);
#11464 = CARTESIAN_POINT('',(100.95,-110.15,1.55));
#11465 = VECTOR('',#11466,1.);
#11466 = DIRECTION('',(0.,-1.,0.));
#11467 = ORIENTED_EDGE('',*,*,#11468,.F.);
#11468 = EDGE_CURVE('',#11469,#11461,#11471,.T.);
#11469 = VERTEX_POINT('',#11470);
#11470 = CARTESIAN_POINT('',(100.95,-111.05,1.51));
#11471 = LINE('',#11472,#11473);
#11472 = CARTESIAN_POINT('',(100.95,-111.05,1.51));
#11473 = VECTOR('',#11474,1.);
#11474 = DIRECTION('',(0.,0.,1.));
#11475 = ORIENTED_EDGE('',*,*,#11476,.F.);
#11476 = EDGE_CURVE('',#11438,#11469,#11477,.T.);
#11477 = LINE('',#11478,#11479);
#11478 = CARTESIAN_POINT('',(100.95,-110.15,1.51));
#11479 = VECTOR('',#11480,1.);
#11480 = DIRECTION('',(0.,-1.,0.));
#11481 = PLANE('',#11482);
#11482 = AXIS2_PLACEMENT_3D('',#11483,#11484,#11485);
#11483 = CARTESIAN_POINT('',(100.95,-110.15,1.51));
#11484 = DIRECTION('',(1.,0.,-0.));
#11485 = DIRECTION('',(0.,-1.,0.));
#11486 = ADVANCED_FACE('',(#11487),#11503,.T.);
#11487 = FACE_BOUND('',#11488,.T.);
#11488 = EDGE_LOOP('',(#11489,#11490,#11496,#11497));
#11489 = ORIENTED_EDGE('',*,*,#11468,.T.);
#11490 = ORIENTED_EDGE('',*,*,#11491,.T.);
#11491 = EDGE_CURVE('',#11461,#11391,#11492,.T.);
#11492 = LINE('',#11493,#11494);
#11493 = CARTESIAN_POINT('',(100.95,-111.05,1.55));
#11494 = VECTOR('',#11495,1.);
#11495 = DIRECTION('',(-1.,0.,0.));
#11496 = ORIENTED_EDGE('',*,*,#11388,.F.);
#11497 = ORIENTED_EDGE('',*,*,#11498,.F.);
#11498 = EDGE_CURVE('',#11469,#11389,#11499,.T.);
#11499 = LINE('',#11500,#11501);
#11500 = CARTESIAN_POINT('',(100.95,-111.05,1.51));
#11501 = VECTOR('',#11502,1.);
#11502 = DIRECTION('',(-1.,0.,0.));
#11503 = PLANE('',#11504);
#11504 = AXIS2_PLACEMENT_3D('',#11505,#11506,#11507);
#11505 = CARTESIAN_POINT('',(100.95,-111.05,1.51));
#11506 = DIRECTION('',(0.,-1.,0.));
#11507 = DIRECTION('',(-1.,0.,0.));
#11508 = ADVANCED_FACE('',(#11509),#11515,.F.);
#11509 = FACE_BOUND('',#11510,.T.);
#11510 = EDGE_LOOP('',(#11511,#11512,#11513,#11514));
#11511 = ORIENTED_EDGE('',*,*,#11414,.T.);
#11512 = ORIENTED_EDGE('',*,*,#11445,.T.);
#11513 = ORIENTED_EDGE('',*,*,#11476,.T.);
#11514 = ORIENTED_EDGE('',*,*,#11498,.T.);
#11515 = PLANE('',#11516);
#11516 = AXIS2_PLACEMENT_3D('',#11517,#11518,#11519);
#11517 = CARTESIAN_POINT('',(0.,0.,1.51));
#11518 = DIRECTION('',(0.,0.,1.));
#11519 = DIRECTION('',(1.,0.,-0.));
#11520 = ADVANCED_FACE('',(#11521),#11527,.T.);
#11521 = FACE_BOUND('',#11522,.F.);
#11522 = EDGE_LOOP('',(#11523,#11524,#11525,#11526));
#11523 = ORIENTED_EDGE('',*,*,#11398,.T.);
#11524 = ORIENTED_EDGE('',*,*,#11429,.T.);
#11525 = ORIENTED_EDGE('',*,*,#11460,.T.);
#11526 = ORIENTED_EDGE('',*,*,#11491,.T.);
#11527 = PLANE('',#11528);
#11528 = AXIS2_PLACEMENT_3D('',#11529,#11530,#11531);
#11529 = CARTESIAN_POINT('',(0.,0.,1.55));
#11530 = DIRECTION('',(0.,0.,1.));
#11531 = DIRECTION('',(1.,0.,-0.));
#11532 = MANIFOLD_SOLID_BREP('',#11533);
#11533 = CLOSED_SHELL('',(#11534,#11574,#11605,#11636,#11658,#11670));
#11534 = ADVANCED_FACE('',(#11535),#11569,.T.);
#11535 = FACE_BOUND('',#11536,.T.);
#11536 = EDGE_LOOP('',(#11537,#11547,#11555,#11563));
#11537 = ORIENTED_EDGE('',*,*,#11538,.T.);
#11538 = EDGE_CURVE('',#11539,#11541,#11543,.T.);
#11539 = VERTEX_POINT('',#11540);
#11540 = CARTESIAN_POINT('',(91.65,-96.8,1.51));
#11541 = VERTEX_POINT('',#11542);
#11542 = CARTESIAN_POINT('',(91.65,-96.8,1.55));
#11543 = LINE('',#11544,#11545);
#11544 = CARTESIAN_POINT('',(91.65,-96.8,1.51));
#11545 = VECTOR('',#11546,1.);
#11546 = DIRECTION('',(0.,0.,1.));
#11547 = ORIENTED_EDGE('',*,*,#11548,.T.);
#11548 = EDGE_CURVE('',#11541,#11549,#11551,.T.);
#11549 = VERTEX_POINT('',#11550);
#11550 = CARTESIAN_POINT('',(91.65,-95.9,1.55));
#11551 = LINE('',#11552,#11553);
#11552 = CARTESIAN_POINT('',(91.65,-96.8,1.55));
#11553 = VECTOR('',#11554,1.);
#11554 = DIRECTION('',(0.,1.,0.));
#11555 = ORIENTED_EDGE('',*,*,#11556,.F.);
#11556 = EDGE_CURVE('',#11557,#11549,#11559,.T.);
#11557 = VERTEX_POINT('',#11558);
#11558 = CARTESIAN_POINT('',(91.65,-95.9,1.51));
#11559 = LINE('',#11560,#11561);
#11560 = CARTESIAN_POINT('',(91.65,-95.9,1.51));
#11561 = VECTOR('',#11562,1.);
#11562 = DIRECTION('',(0.,0.,1.));
#11563 = ORIENTED_EDGE('',*,*,#11564,.F.);
#11564 = EDGE_CURVE('',#11539,#11557,#11565,.T.);
#11565 = LINE('',#11566,#11567);
#11566 = CARTESIAN_POINT('',(91.65,-96.8,1.51));
#11567 = VECTOR('',#11568,1.);
#11568 = DIRECTION('',(0.,1.,0.));
#11569 = PLANE('',#11570);
#11570 = AXIS2_PLACEMENT_3D('',#11571,#11572,#11573);
#11571 = CARTESIAN_POINT('',(91.65,-96.8,1.51));
#11572 = DIRECTION('',(-1.,0.,0.));
#11573 = DIRECTION('',(0.,1.,0.));
#11574 = ADVANCED_FACE('',(#11575),#11600,.T.);
#11575 = FACE_BOUND('',#11576,.T.);
#11576 = EDGE_LOOP('',(#11577,#11578,#11586,#11594));
#11577 = ORIENTED_EDGE('',*,*,#11556,.T.);
#11578 = ORIENTED_EDGE('',*,*,#11579,.T.);
#11579 = EDGE_CURVE('',#11549,#11580,#11582,.T.);
#11580 = VERTEX_POINT('',#11581);
#11581 = CARTESIAN_POINT('',(94.65,-95.9,1.55));
#11582 = LINE('',#11583,#11584);
#11583 = CARTESIAN_POINT('',(91.65,-95.9,1.55));
#11584 = VECTOR('',#11585,1.);
#11585 = DIRECTION('',(1.,0.,0.));
#11586 = ORIENTED_EDGE('',*,*,#11587,.F.);
#11587 = EDGE_CURVE('',#11588,#11580,#11590,.T.);
#11588 = VERTEX_POINT('',#11589);
#11589 = CARTESIAN_POINT('',(94.65,-95.9,1.51));
#11590 = LINE('',#11591,#11592);
#11591 = CARTESIAN_POINT('',(94.65,-95.9,1.51));
#11592 = VECTOR('',#11593,1.);
#11593 = DIRECTION('',(0.,0.,1.));
#11594 = ORIENTED_EDGE('',*,*,#11595,.F.);
#11595 = EDGE_CURVE('',#11557,#11588,#11596,.T.);
#11596 = LINE('',#11597,#11598);
#11597 = CARTESIAN_POINT('',(91.65,-95.9,1.51));
#11598 = VECTOR('',#11599,1.);
#11599 = DIRECTION('',(1.,0.,0.));
#11600 = PLANE('',#11601);
#11601 = AXIS2_PLACEMENT_3D('',#11602,#11603,#11604);
#11602 = CARTESIAN_POINT('',(91.65,-95.9,1.51));
#11603 = DIRECTION('',(0.,1.,0.));
#11604 = DIRECTION('',(1.,0.,0.));
#11605 = ADVANCED_FACE('',(#11606),#11631,.T.);
#11606 = FACE_BOUND('',#11607,.T.);
#11607 = EDGE_LOOP('',(#11608,#11609,#11617,#11625));
#11608 = ORIENTED_EDGE('',*,*,#11587,.T.);
#11609 = ORIENTED_EDGE('',*,*,#11610,.T.);
#11610 = EDGE_CURVE('',#11580,#11611,#11613,.T.);
#11611 = VERTEX_POINT('',#11612);
#11612 = CARTESIAN_POINT('',(94.65,-96.8,1.55));
#11613 = LINE('',#11614,#11615);
#11614 = CARTESIAN_POINT('',(94.65,-95.9,1.55));
#11615 = VECTOR('',#11616,1.);
#11616 = DIRECTION('',(0.,-1.,0.));
#11617 = ORIENTED_EDGE('',*,*,#11618,.F.);
#11618 = EDGE_CURVE('',#11619,#11611,#11621,.T.);
#11619 = VERTEX_POINT('',#11620);
#11620 = CARTESIAN_POINT('',(94.65,-96.8,1.51));
#11621 = LINE('',#11622,#11623);
#11622 = CARTESIAN_POINT('',(94.65,-96.8,1.51));
#11623 = VECTOR('',#11624,1.);
#11624 = DIRECTION('',(0.,0.,1.));
#11625 = ORIENTED_EDGE('',*,*,#11626,.F.);
#11626 = EDGE_CURVE('',#11588,#11619,#11627,.T.);
#11627 = LINE('',#11628,#11629);
#11628 = CARTESIAN_POINT('',(94.65,-95.9,1.51));
#11629 = VECTOR('',#11630,1.);
#11630 = DIRECTION('',(0.,-1.,0.));
#11631 = PLANE('',#11632);
#11632 = AXIS2_PLACEMENT_3D('',#11633,#11634,#11635);
#11633 = CARTESIAN_POINT('',(94.65,-95.9,1.51));
#11634 = DIRECTION('',(1.,0.,-0.));
#11635 = DIRECTION('',(0.,-1.,0.));
#11636 = ADVANCED_FACE('',(#11637),#11653,.T.);
#11637 = FACE_BOUND('',#11638,.T.);
#11638 = EDGE_LOOP('',(#11639,#11640,#11646,#11647));
#11639 = ORIENTED_EDGE('',*,*,#11618,.T.);
#11640 = ORIENTED_EDGE('',*,*,#11641,.T.);
#11641 = EDGE_CURVE('',#11611,#11541,#11642,.T.);
#11642 = LINE('',#11643,#11644);
#11643 = CARTESIAN_POINT('',(94.65,-96.8,1.55));
#11644 = VECTOR('',#11645,1.);
#11645 = DIRECTION('',(-1.,0.,0.));
#11646 = ORIENTED_EDGE('',*,*,#11538,.F.);
#11647 = ORIENTED_EDGE('',*,*,#11648,.F.);
#11648 = EDGE_CURVE('',#11619,#11539,#11649,.T.);
#11649 = LINE('',#11650,#11651);
#11650 = CARTESIAN_POINT('',(94.65,-96.8,1.51));
#11651 = VECTOR('',#11652,1.);
#11652 = DIRECTION('',(-1.,0.,0.));
#11653 = PLANE('',#11654);
#11654 = AXIS2_PLACEMENT_3D('',#11655,#11656,#11657);
#11655 = CARTESIAN_POINT('',(94.65,-96.8,1.51));
#11656 = DIRECTION('',(0.,-1.,0.));
#11657 = DIRECTION('',(-1.,0.,0.));
#11658 = ADVANCED_FACE('',(#11659),#11665,.F.);
#11659 = FACE_BOUND('',#11660,.T.);
#11660 = EDGE_LOOP('',(#11661,#11662,#11663,#11664));
#11661 = ORIENTED_EDGE('',*,*,#11564,.T.);
#11662 = ORIENTED_EDGE('',*,*,#11595,.T.);
#11663 = ORIENTED_EDGE('',*,*,#11626,.T.);
#11664 = ORIENTED_EDGE('',*,*,#11648,.T.);
#11665 = PLANE('',#11666);
#11666 = AXIS2_PLACEMENT_3D('',#11667,#11668,#11669);
#11667 = CARTESIAN_POINT('',(0.,0.,1.51));
#11668 = DIRECTION('',(0.,0.,1.));
#11669 = DIRECTION('',(1.,0.,-0.));
#11670 = ADVANCED_FACE('',(#11671),#11677,.T.);
#11671 = FACE_BOUND('',#11672,.F.);
#11672 = EDGE_LOOP('',(#11673,#11674,#11675,#11676));
#11673 = ORIENTED_EDGE('',*,*,#11548,.T.);
#11674 = ORIENTED_EDGE('',*,*,#11579,.T.);
#11675 = ORIENTED_EDGE('',*,*,#11610,.T.);
#11676 = ORIENTED_EDGE('',*,*,#11641,.T.);
#11677 = PLANE('',#11678);
#11678 = AXIS2_PLACEMENT_3D('',#11679,#11680,#11681);
#11679 = CARTESIAN_POINT('',(0.,0.,1.55));
#11680 = DIRECTION('',(0.,0.,1.));
#11681 = DIRECTION('',(1.,0.,-0.));
#11682 = MANIFOLD_SOLID_BREP('',#11683);
#11683 = CLOSED_SHELL('',(#11684,#11724,#11755,#11786,#11808,#11820));
#11684 = ADVANCED_FACE('',(#11685),#11719,.T.);
#11685 = FACE_BOUND('',#11686,.T.);
#11686 = EDGE_LOOP('',(#11687,#11697,#11705,#11713));
#11687 = ORIENTED_EDGE('',*,*,#11688,.T.);
#11688 = EDGE_CURVE('',#11689,#11691,#11693,.T.);
#11689 = VERTEX_POINT('',#11690);
#11690 = CARTESIAN_POINT('',(96.8,-111.1,1.51));
#11691 = VERTEX_POINT('',#11692);
#11692 = CARTESIAN_POINT('',(96.8,-111.1,1.55));
#11693 = LINE('',#11694,#11695);
#11694 = CARTESIAN_POINT('',(96.8,-111.1,1.51));
#11695 = VECTOR('',#11696,1.);
#11696 = DIRECTION('',(0.,0.,1.));
#11697 = ORIENTED_EDGE('',*,*,#11698,.T.);
#11698 = EDGE_CURVE('',#11691,#11699,#11701,.T.);
#11699 = VERTEX_POINT('',#11700);
#11700 = CARTESIAN_POINT('',(96.8,-110.2,1.55));
#11701 = LINE('',#11702,#11703);
#11702 = CARTESIAN_POINT('',(96.8,-111.1,1.55));
#11703 = VECTOR('',#11704,1.);
#11704 = DIRECTION('',(0.,1.,0.));
#11705 = ORIENTED_EDGE('',*,*,#11706,.F.);
#11706 = EDGE_CURVE('',#11707,#11699,#11709,.T.);
#11707 = VERTEX_POINT('',#11708);
#11708 = CARTESIAN_POINT('',(96.8,-110.2,1.51));
#11709 = LINE('',#11710,#11711);
#11710 = CARTESIAN_POINT('',(96.8,-110.2,1.51));
#11711 = VECTOR('',#11712,1.);
#11712 = DIRECTION('',(0.,0.,1.));
#11713 = ORIENTED_EDGE('',*,*,#11714,.F.);
#11714 = EDGE_CURVE('',#11689,#11707,#11715,.T.);
#11715 = LINE('',#11716,#11717);
#11716 = CARTESIAN_POINT('',(96.8,-111.1,1.51));
#11717 = VECTOR('',#11718,1.);
#11718 = DIRECTION('',(0.,1.,0.));
#11719 = PLANE('',#11720);
#11720 = AXIS2_PLACEMENT_3D('',#11721,#11722,#11723);
#11721 = CARTESIAN_POINT('',(96.8,-111.1,1.51));
#11722 = DIRECTION('',(-1.,0.,0.));
#11723 = DIRECTION('',(0.,1.,0.));
#11724 = ADVANCED_FACE('',(#11725),#11750,.T.);
#11725 = FACE_BOUND('',#11726,.T.);
#11726 = EDGE_LOOP('',(#11727,#11728,#11736,#11744));
#11727 = ORIENTED_EDGE('',*,*,#11706,.T.);
#11728 = ORIENTED_EDGE('',*,*,#11729,.T.);
#11729 = EDGE_CURVE('',#11699,#11730,#11732,.T.);
#11730 = VERTEX_POINT('',#11731);
#11731 = CARTESIAN_POINT('',(97.6,-110.2,1.55));
#11732 = LINE('',#11733,#11734);
#11733 = CARTESIAN_POINT('',(96.8,-110.2,1.55));
#11734 = VECTOR('',#11735,1.);
#11735 = DIRECTION('',(1.,0.,0.));
#11736 = ORIENTED_EDGE('',*,*,#11737,.F.);
#11737 = EDGE_CURVE('',#11738,#11730,#11740,.T.);
#11738 = VERTEX_POINT('',#11739);
#11739 = CARTESIAN_POINT('',(97.6,-110.2,1.51));
#11740 = LINE('',#11741,#11742);
#11741 = CARTESIAN_POINT('',(97.6,-110.2,1.51));
#11742 = VECTOR('',#11743,1.);
#11743 = DIRECTION('',(0.,0.,1.));
#11744 = ORIENTED_EDGE('',*,*,#11745,.F.);
#11745 = EDGE_CURVE('',#11707,#11738,#11746,.T.);
#11746 = LINE('',#11747,#11748);
#11747 = CARTESIAN_POINT('',(96.8,-110.2,1.51));
#11748 = VECTOR('',#11749,1.);
#11749 = DIRECTION('',(1.,0.,0.));
#11750 = PLANE('',#11751);
#11751 = AXIS2_PLACEMENT_3D('',#11752,#11753,#11754);
#11752 = CARTESIAN_POINT('',(96.8,-110.2,1.51));
#11753 = DIRECTION('',(0.,1.,0.));
#11754 = DIRECTION('',(1.,0.,0.));
#11755 = ADVANCED_FACE('',(#11756),#11781,.T.);
#11756 = FACE_BOUND('',#11757,.T.);
#11757 = EDGE_LOOP('',(#11758,#11759,#11767,#11775));
#11758 = ORIENTED_EDGE('',*,*,#11737,.T.);
#11759 = ORIENTED_EDGE('',*,*,#11760,.T.);
#11760 = EDGE_CURVE('',#11730,#11761,#11763,.T.);
#11761 = VERTEX_POINT('',#11762);
#11762 = CARTESIAN_POINT('',(97.6,-111.1,1.55));
#11763 = LINE('',#11764,#11765);
#11764 = CARTESIAN_POINT('',(97.6,-110.2,1.55));
#11765 = VECTOR('',#11766,1.);
#11766 = DIRECTION('',(0.,-1.,0.));
#11767 = ORIENTED_EDGE('',*,*,#11768,.F.);
#11768 = EDGE_CURVE('',#11769,#11761,#11771,.T.);
#11769 = VERTEX_POINT('',#11770);
#11770 = CARTESIAN_POINT('',(97.6,-111.1,1.51));
#11771 = LINE('',#11772,#11773);
#11772 = CARTESIAN_POINT('',(97.6,-111.1,1.51));
#11773 = VECTOR('',#11774,1.);
#11774 = DIRECTION('',(0.,0.,1.));
#11775 = ORIENTED_EDGE('',*,*,#11776,.F.);
#11776 = EDGE_CURVE('',#11738,#11769,#11777,.T.);
#11777 = LINE('',#11778,#11779);
#11778 = CARTESIAN_POINT('',(97.6,-110.2,1.51));
#11779 = VECTOR('',#11780,1.);
#11780 = DIRECTION('',(0.,-1.,0.));
#11781 = PLANE('',#11782);
#11782 = AXIS2_PLACEMENT_3D('',#11783,#11784,#11785);
#11783 = CARTESIAN_POINT('',(97.6,-110.2,1.51));
#11784 = DIRECTION('',(1.,0.,-0.));
#11785 = DIRECTION('',(0.,-1.,0.));
#11786 = ADVANCED_FACE('',(#11787),#11803,.T.);
#11787 = FACE_BOUND('',#11788,.T.);
#11788 = EDGE_LOOP('',(#11789,#11790,#11796,#11797));
#11789 = ORIENTED_EDGE('',*,*,#11768,.T.);
#11790 = ORIENTED_EDGE('',*,*,#11791,.T.);
#11791 = EDGE_CURVE('',#11761,#11691,#11792,.T.);
#11792 = LINE('',#11793,#11794);
#11793 = CARTESIAN_POINT('',(97.6,-111.1,1.55));
#11794 = VECTOR('',#11795,1.);
#11795 = DIRECTION('',(-1.,0.,0.));
#11796 = ORIENTED_EDGE('',*,*,#11688,.F.);
#11797 = ORIENTED_EDGE('',*,*,#11798,.F.);
#11798 = EDGE_CURVE('',#11769,#11689,#11799,.T.);
#11799 = LINE('',#11800,#11801);
#11800 = CARTESIAN_POINT('',(97.6,-111.1,1.51));
#11801 = VECTOR('',#11802,1.);
#11802 = DIRECTION('',(-1.,0.,0.));
#11803 = PLANE('',#11804);
#11804 = AXIS2_PLACEMENT_3D('',#11805,#11806,#11807);
#11805 = CARTESIAN_POINT('',(97.6,-111.1,1.51));
#11806 = DIRECTION('',(0.,-1.,0.));
#11807 = DIRECTION('',(-1.,0.,0.));
#11808 = ADVANCED_FACE('',(#11809),#11815,.F.);
#11809 = FACE_BOUND('',#11810,.T.);
#11810 = EDGE_LOOP('',(#11811,#11812,#11813,#11814));
#11811 = ORIENTED_EDGE('',*,*,#11714,.T.);
#11812 = ORIENTED_EDGE('',*,*,#11745,.T.);
#11813 = ORIENTED_EDGE('',*,*,#11776,.T.);
#11814 = ORIENTED_EDGE('',*,*,#11798,.T.);
#11815 = PLANE('',#11816);
#11816 = AXIS2_PLACEMENT_3D('',#11817,#11818,#11819);
#11817 = CARTESIAN_POINT('',(0.,0.,1.51));
#11818 = DIRECTION('',(0.,0.,1.));
#11819 = DIRECTION('',(1.,0.,-0.));
#11820 = ADVANCED_FACE('',(#11821),#11827,.T.);
#11821 = FACE_BOUND('',#11822,.F.);
#11822 = EDGE_LOOP('',(#11823,#11824,#11825,#11826));
#11823 = ORIENTED_EDGE('',*,*,#11698,.T.);
#11824 = ORIENTED_EDGE('',*,*,#11729,.T.);
#11825 = ORIENTED_EDGE('',*,*,#11760,.T.);
#11826 = ORIENTED_EDGE('',*,*,#11791,.T.);
#11827 = PLANE('',#11828);
#11828 = AXIS2_PLACEMENT_3D('',#11829,#11830,#11831);
#11829 = CARTESIAN_POINT('',(0.,0.,1.55));
#11830 = DIRECTION('',(0.,0.,1.));
#11831 = DIRECTION('',(1.,0.,-0.));
#11832 = MANIFOLD_SOLID_BREP('',#11833);
#11833 = CLOSED_SHELL('',(#11834,#11876,#11907,#11938,#11992,#12046,
    #12058,#12080,#12097,#12114));
#11834 = ADVANCED_FACE('',(#11835),#11871,.T.);
#11835 = FACE_BOUND('',#11836,.T.);
#11836 = EDGE_LOOP('',(#11837,#11847,#11856,#11864));
#11837 = ORIENTED_EDGE('',*,*,#11838,.T.);
#11838 = EDGE_CURVE('',#11839,#11841,#11843,.T.);
#11839 = VERTEX_POINT('',#11840);
#11840 = CARTESIAN_POINT('',(90.5,-101.,1.51));
#11841 = VERTEX_POINT('',#11842);
#11842 = CARTESIAN_POINT('',(90.5,-101.,1.55));
#11843 = LINE('',#11844,#11845);
#11844 = CARTESIAN_POINT('',(90.5,-101.,1.51));
#11845 = VECTOR('',#11846,1.);
#11846 = DIRECTION('',(0.,0.,1.));
#11847 = ORIENTED_EDGE('',*,*,#11848,.T.);
#11848 = EDGE_CURVE('',#11841,#11849,#11851,.T.);
#11849 = VERTEX_POINT('',#11850);
#11850 = CARTESIAN_POINT('',(88.,-101.,1.55));
#11851 = CIRCLE('',#11852,1.25);
#11852 = AXIS2_PLACEMENT_3D('',#11853,#11854,#11855);
#11853 = CARTESIAN_POINT('',(89.25,-101.000000343,1.55));
#11854 = DIRECTION('',(0.,0.,-1.));
#11855 = DIRECTION('',(1.,2.744732341853E-07,0.));
#11856 = ORIENTED_EDGE('',*,*,#11857,.F.);
#11857 = EDGE_CURVE('',#11858,#11849,#11860,.T.);
#11858 = VERTEX_POINT('',#11859);
#11859 = CARTESIAN_POINT('',(88.,-101.,1.51));
#11860 = LINE('',#11861,#11862);
#11861 = CARTESIAN_POINT('',(88.,-101.,1.51));
#11862 = VECTOR('',#11863,1.);
#11863 = DIRECTION('',(0.,0.,1.));
#11864 = ORIENTED_EDGE('',*,*,#11865,.F.);
#11865 = EDGE_CURVE('',#11839,#11858,#11866,.T.);
#11866 = CIRCLE('',#11867,1.25);
#11867 = AXIS2_PLACEMENT_3D('',#11868,#11869,#11870);
#11868 = CARTESIAN_POINT('',(89.25,-101.000000343,1.51));
#11869 = DIRECTION('',(0.,0.,-1.));
#11870 = DIRECTION('',(1.,2.744732341853E-07,0.));
#11871 = CYLINDRICAL_SURFACE('',#11872,1.25);
#11872 = AXIS2_PLACEMENT_3D('',#11873,#11874,#11875);
#11873 = CARTESIAN_POINT('',(89.25,-101.000000343,1.51));
#11874 = DIRECTION('',(0.,0.,-1.));
#11875 = DIRECTION('',(1.,2.744732341853E-07,0.));
#11876 = ADVANCED_FACE('',(#11877),#11902,.T.);
#11877 = FACE_BOUND('',#11878,.T.);
#11878 = EDGE_LOOP('',(#11879,#11889,#11895,#11896));
#11879 = ORIENTED_EDGE('',*,*,#11880,.T.);
#11880 = EDGE_CURVE('',#11881,#11883,#11885,.T.);
#11881 = VERTEX_POINT('',#11882);
#11882 = CARTESIAN_POINT('',(90.5,-98.5,1.51));
#11883 = VERTEX_POINT('',#11884);
#11884 = CARTESIAN_POINT('',(90.5,-98.5,1.55));
#11885 = LINE('',#11886,#11887);
#11886 = CARTESIAN_POINT('',(90.5,-98.5,1.51));
#11887 = VECTOR('',#11888,1.);
#11888 = DIRECTION('',(0.,0.,1.));
#11889 = ORIENTED_EDGE('',*,*,#11890,.T.);
#11890 = EDGE_CURVE('',#11883,#11841,#11891,.T.);
#11891 = LINE('',#11892,#11893);
#11892 = CARTESIAN_POINT('',(90.5,-98.5,1.55));
#11893 = VECTOR('',#11894,1.);
#11894 = DIRECTION('',(0.,-1.,0.));
#11895 = ORIENTED_EDGE('',*,*,#11838,.F.);
#11896 = ORIENTED_EDGE('',*,*,#11897,.F.);
#11897 = EDGE_CURVE('',#11881,#11839,#11898,.T.);
#11898 = LINE('',#11899,#11900);
#11899 = CARTESIAN_POINT('',(90.5,-98.5,1.51));
#11900 = VECTOR('',#11901,1.);
#11901 = DIRECTION('',(0.,-1.,0.));
#11902 = PLANE('',#11903);
#11903 = AXIS2_PLACEMENT_3D('',#11904,#11905,#11906);
#11904 = CARTESIAN_POINT('',(90.5,-98.5,1.51));
#11905 = DIRECTION('',(1.,0.,-0.));
#11906 = DIRECTION('',(0.,-1.,0.));
#11907 = ADVANCED_FACE('',(#11908),#11933,.T.);
#11908 = FACE_BOUND('',#11909,.T.);
#11909 = EDGE_LOOP('',(#11910,#11911,#11919,#11927));
#11910 = ORIENTED_EDGE('',*,*,#11857,.T.);
#11911 = ORIENTED_EDGE('',*,*,#11912,.T.);
#11912 = EDGE_CURVE('',#11849,#11913,#11915,.T.);
#11913 = VERTEX_POINT('',#11914);
#11914 = CARTESIAN_POINT('',(88.,-98.5,1.55));
#11915 = LINE('',#11916,#11917);
#11916 = CARTESIAN_POINT('',(88.,-101.,1.55));
#11917 = VECTOR('',#11918,1.);
#11918 = DIRECTION('',(0.,1.,0.));
#11919 = ORIENTED_EDGE('',*,*,#11920,.F.);
#11920 = EDGE_CURVE('',#11921,#11913,#11923,.T.);
#11921 = VERTEX_POINT('',#11922);
#11922 = CARTESIAN_POINT('',(88.,-98.5,1.51));
#11923 = LINE('',#11924,#11925);
#11924 = CARTESIAN_POINT('',(88.,-98.5,1.51));
#11925 = VECTOR('',#11926,1.);
#11926 = DIRECTION('',(0.,0.,1.));
#11927 = ORIENTED_EDGE('',*,*,#11928,.F.);
#11928 = EDGE_CURVE('',#11858,#11921,#11929,.T.);
#11929 = LINE('',#11930,#11931);
#11930 = CARTESIAN_POINT('',(88.,-101.,1.51));
#11931 = VECTOR('',#11932,1.);
#11932 = DIRECTION('',(0.,1.,0.));
#11933 = PLANE('',#11934);
#11934 = AXIS2_PLACEMENT_3D('',#11935,#11936,#11937);
#11935 = CARTESIAN_POINT('',(88.,-101.,1.51));
#11936 = DIRECTION('',(-1.,0.,0.));
#11937 = DIRECTION('',(0.,1.,0.));
#11938 = ADVANCED_FACE('',(#11939,#11951),#11987,.F.);
#11939 = FACE_BOUND('',#11940,.F.);
#11940 = EDGE_LOOP('',(#11941,#11942,#11943,#11950));
#11941 = ORIENTED_EDGE('',*,*,#11865,.F.);
#11942 = ORIENTED_EDGE('',*,*,#11897,.F.);
#11943 = ORIENTED_EDGE('',*,*,#11944,.F.);
#11944 = EDGE_CURVE('',#11921,#11881,#11945,.T.);
#11945 = CIRCLE('',#11946,1.25);
#11946 = AXIS2_PLACEMENT_3D('',#11947,#11948,#11949);
#11947 = CARTESIAN_POINT('',(89.25,-98.50000054114,1.51));
#11948 = DIRECTION('',(0.,0.,-1.));
#11949 = DIRECTION('',(-1.,4.329175453676E-07,0.));
#11950 = ORIENTED_EDGE('',*,*,#11928,.F.);
#11951 = FACE_BOUND('',#11952,.F.);
#11952 = EDGE_LOOP('',(#11953,#11964,#11972,#11981));
#11953 = ORIENTED_EDGE('',*,*,#11954,.T.);
#11954 = EDGE_CURVE('',#11955,#11957,#11959,.T.);
#11955 = VERTEX_POINT('',#11956);
#11956 = CARTESIAN_POINT('',(89.975011,-100.999985,1.51));
#11957 = VERTEX_POINT('',#11958);
#11958 = CARTESIAN_POINT('',(88.524989,-100.999985,1.51));
#11959 = CIRCLE('',#11960,0.725011);
#11960 = AXIS2_PLACEMENT_3D('',#11961,#11962,#11963);
#11961 = CARTESIAN_POINT('',(89.25,-100.999985,1.51));
#11962 = DIRECTION('',(-0.,0.,-1.));
#11963 = DIRECTION('',(-1.,1.960088152483E-14,0.));
#11964 = ORIENTED_EDGE('',*,*,#11965,.T.);
#11965 = EDGE_CURVE('',#11957,#11966,#11968,.T.);
#11966 = VERTEX_POINT('',#11967);
#11967 = CARTESIAN_POINT('',(88.524989,-98.500015,1.51));
#11968 = LINE('',#11969,#11970);
#11969 = CARTESIAN_POINT('',(88.524989,-49.2500075,1.51));
#11970 = VECTOR('',#11971,1.);
#11971 = DIRECTION('',(-0.,1.,0.));
#11972 = ORIENTED_EDGE('',*,*,#11973,.T.);
#11973 = EDGE_CURVE('',#11966,#11974,#11976,.T.);
#11974 = VERTEX_POINT('',#11975);
#11975 = CARTESIAN_POINT('',(89.975011,-98.500015,1.51));
#11976 = CIRCLE('',#11977,0.725011);
#11977 = AXIS2_PLACEMENT_3D('',#11978,#11979,#11980);
#11978 = CARTESIAN_POINT('',(89.25,-98.500015,1.51));
#11979 = DIRECTION('',(0.,-0.,-1.));
#11980 = DIRECTION('',(1.,-1.960088152483E-14,0.));
#11981 = ORIENTED_EDGE('',*,*,#11982,.T.);
#11982 = EDGE_CURVE('',#11974,#11955,#11983,.T.);
#11983 = LINE('',#11984,#11985);
#11984 = CARTESIAN_POINT('',(89.975011,-50.4999925,1.51));
#11985 = VECTOR('',#11986,1.);
#11986 = DIRECTION('',(0.,-1.,0.));
#11987 = PLANE('',#11988);
#11988 = AXIS2_PLACEMENT_3D('',#11989,#11990,#11991);
#11989 = CARTESIAN_POINT('',(0.,0.,1.51));
#11990 = DIRECTION('',(0.,0.,1.));
#11991 = DIRECTION('',(1.,0.,-0.));
#11992 = ADVANCED_FACE('',(#11993,#12005),#12041,.T.);
#11993 = FACE_BOUND('',#11994,.T.);
#11994 = EDGE_LOOP('',(#11995,#11996,#11997,#12004));
#11995 = ORIENTED_EDGE('',*,*,#11848,.F.);
#11996 = ORIENTED_EDGE('',*,*,#11890,.F.);
#11997 = ORIENTED_EDGE('',*,*,#11998,.F.);
#11998 = EDGE_CURVE('',#11913,#11883,#11999,.T.);
#11999 = CIRCLE('',#12000,1.25);
#12000 = AXIS2_PLACEMENT_3D('',#12001,#12002,#12003);
#12001 = CARTESIAN_POINT('',(89.25,-98.50000054114,1.55));
#12002 = DIRECTION('',(0.,0.,-1.));
#12003 = DIRECTION('',(-1.,4.329175453676E-07,0.));
#12004 = ORIENTED_EDGE('',*,*,#11912,.F.);
#12005 = FACE_BOUND('',#12006,.T.);
#12006 = EDGE_LOOP('',(#12007,#12018,#12026,#12035));
#12007 = ORIENTED_EDGE('',*,*,#12008,.T.);
#12008 = EDGE_CURVE('',#12009,#12011,#12013,.T.);
#12009 = VERTEX_POINT('',#12010);
#12010 = CARTESIAN_POINT('',(89.975011,-100.999985,1.55));
#12011 = VERTEX_POINT('',#12012);
#12012 = CARTESIAN_POINT('',(88.524989,-100.999985,1.55));
#12013 = CIRCLE('',#12014,0.725011);
#12014 = AXIS2_PLACEMENT_3D('',#12015,#12016,#12017);
#12015 = CARTESIAN_POINT('',(89.25,-100.999985,1.55));
#12016 = DIRECTION('',(-0.,0.,-1.));
#12017 = DIRECTION('',(-1.,1.960088152483E-14,0.));
#12018 = ORIENTED_EDGE('',*,*,#12019,.T.);
#12019 = EDGE_CURVE('',#12011,#12020,#12022,.T.);
#12020 = VERTEX_POINT('',#12021);
#12021 = CARTESIAN_POINT('',(88.524989,-98.500015,1.55));
#12022 = LINE('',#12023,#12024);
#12023 = CARTESIAN_POINT('',(88.524989,-49.2500075,1.55));
#12024 = VECTOR('',#12025,1.);
#12025 = DIRECTION('',(-0.,1.,0.));
#12026 = ORIENTED_EDGE('',*,*,#12027,.T.);
#12027 = EDGE_CURVE('',#12020,#12028,#12030,.T.);
#12028 = VERTEX_POINT('',#12029);
#12029 = CARTESIAN_POINT('',(89.975011,-98.500015,1.55));
#12030 = CIRCLE('',#12031,0.725011);
#12031 = AXIS2_PLACEMENT_3D('',#12032,#12033,#12034);
#12032 = CARTESIAN_POINT('',(89.25,-98.500015,1.55));
#12033 = DIRECTION('',(0.,-0.,-1.));
#12034 = DIRECTION('',(1.,-1.960088152483E-14,0.));
#12035 = ORIENTED_EDGE('',*,*,#12036,.T.);
#12036 = EDGE_CURVE('',#12028,#12009,#12037,.T.);
#12037 = LINE('',#12038,#12039);
#12038 = CARTESIAN_POINT('',(89.975011,-50.4999925,1.55));
#12039 = VECTOR('',#12040,1.);
#12040 = DIRECTION('',(0.,-1.,0.));
#12041 = PLANE('',#12042);
#12042 = AXIS2_PLACEMENT_3D('',#12043,#12044,#12045);
#12043 = CARTESIAN_POINT('',(0.,0.,1.55));
#12044 = DIRECTION('',(0.,0.,1.));
#12045 = DIRECTION('',(1.,0.,-0.));
#12046 = ADVANCED_FACE('',(#12047),#12053,.T.);
#12047 = FACE_BOUND('',#12048,.T.);
#12048 = EDGE_LOOP('',(#12049,#12050,#12051,#12052));
#12049 = ORIENTED_EDGE('',*,*,#11920,.T.);
#12050 = ORIENTED_EDGE('',*,*,#11998,.T.);
#12051 = ORIENTED_EDGE('',*,*,#11880,.F.);
#12052 = ORIENTED_EDGE('',*,*,#11944,.F.);
#12053 = CYLINDRICAL_SURFACE('',#12054,1.25);
#12054 = AXIS2_PLACEMENT_3D('',#12055,#12056,#12057);
#12055 = CARTESIAN_POINT('',(89.25,-98.50000054114,1.51));
#12056 = DIRECTION('',(0.,0.,-1.));
#12057 = DIRECTION('',(-1.,4.329175453676E-07,0.));
#12058 = ADVANCED_FACE('',(#12059),#12075,.F.);
#12059 = FACE_BOUND('',#12060,.T.);
#12060 = EDGE_LOOP('',(#12061,#12062,#12068,#12069));
#12061 = ORIENTED_EDGE('',*,*,#11954,.T.);
#12062 = ORIENTED_EDGE('',*,*,#12063,.T.);
#12063 = EDGE_CURVE('',#11957,#12011,#12064,.T.);
#12064 = LINE('',#12065,#12066);
#12065 = CARTESIAN_POINT('',(88.524989,-100.999985,-4.6E-02));
#12066 = VECTOR('',#12067,1.);
#12067 = DIRECTION('',(0.,0.,1.));
#12068 = ORIENTED_EDGE('',*,*,#12008,.F.);
#12069 = ORIENTED_EDGE('',*,*,#12070,.F.);
#12070 = EDGE_CURVE('',#11955,#12009,#12071,.T.);
#12071 = LINE('',#12072,#12073);
#12072 = CARTESIAN_POINT('',(89.975011,-100.999985,-4.6E-02));
#12073 = VECTOR('',#12074,1.);
#12074 = DIRECTION('',(0.,0.,1.));
#12075 = CYLINDRICAL_SURFACE('',#12076,0.725011);
#12076 = AXIS2_PLACEMENT_3D('',#12077,#12078,#12079);
#12077 = CARTESIAN_POINT('',(89.25,-100.999985,-4.6E-02));
#12078 = DIRECTION('',(-0.,-0.,-1.));
#12079 = DIRECTION('',(-1.,1.960088152483E-14,-0.));
#12080 = ADVANCED_FACE('',(#12081),#12092,.T.);
#12081 = FACE_BOUND('',#12082,.T.);
#12082 = EDGE_LOOP('',(#12083,#12084,#12085,#12086));
#12083 = ORIENTED_EDGE('',*,*,#11982,.T.);
#12084 = ORIENTED_EDGE('',*,*,#12070,.T.);
#12085 = ORIENTED_EDGE('',*,*,#12036,.F.);
#12086 = ORIENTED_EDGE('',*,*,#12087,.F.);
#12087 = EDGE_CURVE('',#11974,#12028,#12088,.T.);
#12088 = LINE('',#12089,#12090);
#12089 = CARTESIAN_POINT('',(89.975011,-98.500015,-4.6E-02));
#12090 = VECTOR('',#12091,1.);
#12091 = DIRECTION('',(0.,0.,1.));
#12092 = PLANE('',#12093);
#12093 = AXIS2_PLACEMENT_3D('',#12094,#12095,#12096);
#12094 = CARTESIAN_POINT('',(89.975011,-100.999985,-4.6E-02));
#12095 = DIRECTION('',(-1.,0.,0.));
#12096 = DIRECTION('',(0.,1.,0.));
#12097 = ADVANCED_FACE('',(#12098),#12109,.F.);
#12098 = FACE_BOUND('',#12099,.T.);
#12099 = EDGE_LOOP('',(#12100,#12101,#12102,#12103));
#12100 = ORIENTED_EDGE('',*,*,#11973,.T.);
#12101 = ORIENTED_EDGE('',*,*,#12087,.T.);
#12102 = ORIENTED_EDGE('',*,*,#12027,.F.);
#12103 = ORIENTED_EDGE('',*,*,#12104,.F.);
#12104 = EDGE_CURVE('',#11966,#12020,#12105,.T.);
#12105 = LINE('',#12106,#12107);
#12106 = CARTESIAN_POINT('',(88.524989,-98.500015,-4.6E-02));
#12107 = VECTOR('',#12108,1.);
#12108 = DIRECTION('',(0.,0.,1.));
#12109 = CYLINDRICAL_SURFACE('',#12110,0.725011);
#12110 = AXIS2_PLACEMENT_3D('',#12111,#12112,#12113);
#12111 = CARTESIAN_POINT('',(89.25,-98.500015,-4.6E-02));
#12112 = DIRECTION('',(-0.,-0.,-1.));
#12113 = DIRECTION('',(1.,-1.960088152483E-14,0.));
#12114 = ADVANCED_FACE('',(#12115),#12121,.T.);
#12115 = FACE_BOUND('',#12116,.T.);
#12116 = EDGE_LOOP('',(#12117,#12118,#12119,#12120));
#12117 = ORIENTED_EDGE('',*,*,#11965,.T.);
#12118 = ORIENTED_EDGE('',*,*,#12104,.T.);
#12119 = ORIENTED_EDGE('',*,*,#12019,.F.);
#12120 = ORIENTED_EDGE('',*,*,#12063,.F.);
#12121 = PLANE('',#12122);
#12122 = AXIS2_PLACEMENT_3D('',#12123,#12124,#12125);
#12123 = CARTESIAN_POINT('',(88.524989,-98.500015,-4.6E-02));
#12124 = DIRECTION('',(1.,0.,-0.));
#12125 = DIRECTION('',(0.,-1.,0.));
#12126 = MANIFOLD_SOLID_BREP('',#12127);
#12127 = CLOSED_SHELL('',(#12128,#12170,#12201,#12232,#12286,#12340,
    #12352,#12374,#12391,#12408));
#12128 = ADVANCED_FACE('',(#12129),#12165,.T.);
#12129 = FACE_BOUND('',#12130,.F.);
#12130 = EDGE_LOOP('',(#12131,#12141,#12150,#12158));
#12131 = ORIENTED_EDGE('',*,*,#12132,.T.);
#12132 = EDGE_CURVE('',#12133,#12135,#12137,.T.);
#12133 = VERTEX_POINT('',#12134);
#12134 = CARTESIAN_POINT('',(90.5,-101.,0.));
#12135 = VERTEX_POINT('',#12136);
#12136 = CARTESIAN_POINT('',(90.5,-101.,-4.E-02));
#12137 = LINE('',#12138,#12139);
#12138 = CARTESIAN_POINT('',(90.5,-101.,0.));
#12139 = VECTOR('',#12140,1.);
#12140 = DIRECTION('',(0.,0.,-1.));
#12141 = ORIENTED_EDGE('',*,*,#12142,.T.);
#12142 = EDGE_CURVE('',#12135,#12143,#12145,.T.);
#12143 = VERTEX_POINT('',#12144);
#12144 = CARTESIAN_POINT('',(88.,-101.,-4.E-02));
#12145 = CIRCLE('',#12146,1.25);
#12146 = AXIS2_PLACEMENT_3D('',#12147,#12148,#12149);
#12147 = CARTESIAN_POINT('',(89.25,-101.000000343,-4.E-02));
#12148 = DIRECTION('',(0.,0.,-1.));
#12149 = DIRECTION('',(1.,2.744732341853E-07,0.));
#12150 = ORIENTED_EDGE('',*,*,#12151,.F.);
#12151 = EDGE_CURVE('',#12152,#12143,#12154,.T.);
#12152 = VERTEX_POINT('',#12153);
#12153 = CARTESIAN_POINT('',(88.,-101.,0.));
#12154 = LINE('',#12155,#12156);
#12155 = CARTESIAN_POINT('',(88.,-101.,0.));
#12156 = VECTOR('',#12157,1.);
#12157 = DIRECTION('',(0.,0.,-1.));
#12158 = ORIENTED_EDGE('',*,*,#12159,.F.);
#12159 = EDGE_CURVE('',#12133,#12152,#12160,.T.);
#12160 = CIRCLE('',#12161,1.25);
#12161 = AXIS2_PLACEMENT_3D('',#12162,#12163,#12164);
#12162 = CARTESIAN_POINT('',(89.25,-101.000000343,0.));
#12163 = DIRECTION('',(0.,0.,-1.));
#12164 = DIRECTION('',(1.,2.744732341853E-07,0.));
#12165 = CYLINDRICAL_SURFACE('',#12166,1.25);
#12166 = AXIS2_PLACEMENT_3D('',#12167,#12168,#12169);
#12167 = CARTESIAN_POINT('',(89.25,-101.000000343,0.));
#12168 = DIRECTION('',(-0.,-0.,1.));
#12169 = DIRECTION('',(1.,2.744732341853E-07,0.));
#12170 = ADVANCED_FACE('',(#12171),#12196,.F.);
#12171 = FACE_BOUND('',#12172,.F.);
#12172 = EDGE_LOOP('',(#12173,#12183,#12189,#12190));
#12173 = ORIENTED_EDGE('',*,*,#12174,.T.);
#12174 = EDGE_CURVE('',#12175,#12177,#12179,.T.);
#12175 = VERTEX_POINT('',#12176);
#12176 = CARTESIAN_POINT('',(90.5,-98.5,0.));
#12177 = VERTEX_POINT('',#12178);
#12178 = CARTESIAN_POINT('',(90.5,-98.5,-4.E-02));
#12179 = LINE('',#12180,#12181);
#12180 = CARTESIAN_POINT('',(90.5,-98.5,0.));
#12181 = VECTOR('',#12182,1.);
#12182 = DIRECTION('',(0.,0.,-1.));
#12183 = ORIENTED_EDGE('',*,*,#12184,.T.);
#12184 = EDGE_CURVE('',#12177,#12135,#12185,.T.);
#12185 = LINE('',#12186,#12187);
#12186 = CARTESIAN_POINT('',(90.5,-98.5,-4.E-02));
#12187 = VECTOR('',#12188,1.);
#12188 = DIRECTION('',(0.,-1.,0.));
#12189 = ORIENTED_EDGE('',*,*,#12132,.F.);
#12190 = ORIENTED_EDGE('',*,*,#12191,.F.);
#12191 = EDGE_CURVE('',#12175,#12133,#12192,.T.);
#12192 = LINE('',#12193,#12194);
#12193 = CARTESIAN_POINT('',(90.5,-98.5,0.));
#12194 = VECTOR('',#12195,1.);
#12195 = DIRECTION('',(0.,-1.,0.));
#12196 = PLANE('',#12197);
#12197 = AXIS2_PLACEMENT_3D('',#12198,#12199,#12200);
#12198 = CARTESIAN_POINT('',(90.5,-98.5,0.));
#12199 = DIRECTION('',(-1.,-0.,-0.));
#12200 = DIRECTION('',(0.,-1.,0.));
#12201 = ADVANCED_FACE('',(#12202),#12227,.F.);
#12202 = FACE_BOUND('',#12203,.F.);
#12203 = EDGE_LOOP('',(#12204,#12205,#12213,#12221));
#12204 = ORIENTED_EDGE('',*,*,#12151,.T.);
#12205 = ORIENTED_EDGE('',*,*,#12206,.T.);
#12206 = EDGE_CURVE('',#12143,#12207,#12209,.T.);
#12207 = VERTEX_POINT('',#12208);
#12208 = CARTESIAN_POINT('',(88.,-98.5,-4.E-02));
#12209 = LINE('',#12210,#12211);
#12210 = CARTESIAN_POINT('',(88.,-101.,-4.E-02));
#12211 = VECTOR('',#12212,1.);
#12212 = DIRECTION('',(0.,1.,0.));
#12213 = ORIENTED_EDGE('',*,*,#12214,.F.);
#12214 = EDGE_CURVE('',#12215,#12207,#12217,.T.);
#12215 = VERTEX_POINT('',#12216);
#12216 = CARTESIAN_POINT('',(88.,-98.5,0.));
#12217 = LINE('',#12218,#12219);
#12218 = CARTESIAN_POINT('',(88.,-98.5,0.));
#12219 = VECTOR('',#12220,1.);
#12220 = DIRECTION('',(0.,0.,-1.));
#12221 = ORIENTED_EDGE('',*,*,#12222,.F.);
#12222 = EDGE_CURVE('',#12152,#12215,#12223,.T.);
#12223 = LINE('',#12224,#12225);
#12224 = CARTESIAN_POINT('',(88.,-101.,0.));
#12225 = VECTOR('',#12226,1.);
#12226 = DIRECTION('',(0.,1.,0.));
#12227 = PLANE('',#12228);
#12228 = AXIS2_PLACEMENT_3D('',#12229,#12230,#12231);
#12229 = CARTESIAN_POINT('',(88.,-101.,0.));
#12230 = DIRECTION('',(1.,-0.,0.));
#12231 = DIRECTION('',(0.,1.,0.));
#12232 = ADVANCED_FACE('',(#12233,#12245),#12281,.F.);
#12233 = FACE_BOUND('',#12234,.F.);
#12234 = EDGE_LOOP('',(#12235,#12236,#12237,#12244));
#12235 = ORIENTED_EDGE('',*,*,#12159,.T.);
#12236 = ORIENTED_EDGE('',*,*,#12222,.T.);
#12237 = ORIENTED_EDGE('',*,*,#12238,.T.);
#12238 = EDGE_CURVE('',#12215,#12175,#12239,.T.);
#12239 = CIRCLE('',#12240,1.25);
#12240 = AXIS2_PLACEMENT_3D('',#12241,#12242,#12243);
#12241 = CARTESIAN_POINT('',(89.25,-98.50000054114,0.));
#12242 = DIRECTION('',(0.,0.,-1.));
#12243 = DIRECTION('',(-1.,4.329175453676E-07,0.));
#12244 = ORIENTED_EDGE('',*,*,#12191,.T.);
#12245 = FACE_BOUND('',#12246,.F.);
#12246 = EDGE_LOOP('',(#12247,#12258,#12266,#12275));
#12247 = ORIENTED_EDGE('',*,*,#12248,.F.);
#12248 = EDGE_CURVE('',#12249,#12251,#12253,.T.);
#12249 = VERTEX_POINT('',#12250);
#12250 = CARTESIAN_POINT('',(88.524989,-98.500015,0.));
#12251 = VERTEX_POINT('',#12252);
#12252 = CARTESIAN_POINT('',(89.975011,-98.500015,0.));
#12253 = CIRCLE('',#12254,0.725011);
#12254 = AXIS2_PLACEMENT_3D('',#12255,#12256,#12257);
#12255 = CARTESIAN_POINT('',(89.25,-98.500015,0.));
#12256 = DIRECTION('',(0.,-0.,-1.));
#12257 = DIRECTION('',(1.,-1.960088152483E-14,0.));
#12258 = ORIENTED_EDGE('',*,*,#12259,.T.);
#12259 = EDGE_CURVE('',#12249,#12260,#12262,.T.);
#12260 = VERTEX_POINT('',#12261);
#12261 = CARTESIAN_POINT('',(88.524989,-100.999985,0.));
#12262 = LINE('',#12263,#12264);
#12263 = CARTESIAN_POINT('',(88.524989,-49.2500075,0.));
#12264 = VECTOR('',#12265,1.);
#12265 = DIRECTION('',(0.,-1.,0.));
#12266 = ORIENTED_EDGE('',*,*,#12267,.F.);
#12267 = EDGE_CURVE('',#12268,#12260,#12270,.T.);
#12268 = VERTEX_POINT('',#12269);
#12269 = CARTESIAN_POINT('',(89.975011,-100.999985,0.));
#12270 = CIRCLE('',#12271,0.725011);
#12271 = AXIS2_PLACEMENT_3D('',#12272,#12273,#12274);
#12272 = CARTESIAN_POINT('',(89.25,-100.999985,0.));
#12273 = DIRECTION('',(-0.,0.,-1.));
#12274 = DIRECTION('',(-1.,1.960088152483E-14,0.));
#12275 = ORIENTED_EDGE('',*,*,#12276,.T.);
#12276 = EDGE_CURVE('',#12268,#12251,#12277,.T.);
#12277 = LINE('',#12278,#12279);
#12278 = CARTESIAN_POINT('',(89.975011,-50.4999925,0.));
#12279 = VECTOR('',#12280,1.);
#12280 = DIRECTION('',(0.,1.,-0.));
#12281 = PLANE('',#12282);
#12282 = AXIS2_PLACEMENT_3D('',#12283,#12284,#12285);
#12283 = CARTESIAN_POINT('',(0.,0.,0.));
#12284 = DIRECTION('',(-0.,-0.,-1.));
#12285 = DIRECTION('',(-1.,0.,0.));
#12286 = ADVANCED_FACE('',(#12287,#12299),#12335,.T.);
#12287 = FACE_BOUND('',#12288,.T.);
#12288 = EDGE_LOOP('',(#12289,#12290,#12291,#12298));
#12289 = ORIENTED_EDGE('',*,*,#12142,.T.);
#12290 = ORIENTED_EDGE('',*,*,#12206,.T.);
#12291 = ORIENTED_EDGE('',*,*,#12292,.T.);
#12292 = EDGE_CURVE('',#12207,#12177,#12293,.T.);
#12293 = CIRCLE('',#12294,1.25);
#12294 = AXIS2_PLACEMENT_3D('',#12295,#12296,#12297);
#12295 = CARTESIAN_POINT('',(89.25,-98.50000054114,-4.E-02));
#12296 = DIRECTION('',(0.,0.,-1.));
#12297 = DIRECTION('',(-1.,4.329175453676E-07,0.));
#12298 = ORIENTED_EDGE('',*,*,#12184,.T.);
#12299 = FACE_BOUND('',#12300,.T.);
#12300 = EDGE_LOOP('',(#12301,#12312,#12320,#12329));
#12301 = ORIENTED_EDGE('',*,*,#12302,.F.);
#12302 = EDGE_CURVE('',#12303,#12305,#12307,.T.);
#12303 = VERTEX_POINT('',#12304);
#12304 = CARTESIAN_POINT('',(88.524989,-98.500015,-4.E-02));
#12305 = VERTEX_POINT('',#12306);
#12306 = CARTESIAN_POINT('',(89.975011,-98.500015,-4.E-02));
#12307 = CIRCLE('',#12308,0.725011);
#12308 = AXIS2_PLACEMENT_3D('',#12309,#12310,#12311);
#12309 = CARTESIAN_POINT('',(89.25,-98.500015,-4.E-02));
#12310 = DIRECTION('',(0.,-0.,-1.));
#12311 = DIRECTION('',(1.,-1.960088152483E-14,0.));
#12312 = ORIENTED_EDGE('',*,*,#12313,.T.);
#12313 = EDGE_CURVE('',#12303,#12314,#12316,.T.);
#12314 = VERTEX_POINT('',#12315);
#12315 = CARTESIAN_POINT('',(88.524989,-100.999985,-4.E-02));
#12316 = LINE('',#12317,#12318);
#12317 = CARTESIAN_POINT('',(88.524989,-49.2500075,-4.E-02));
#12318 = VECTOR('',#12319,1.);
#12319 = DIRECTION('',(0.,-1.,0.));
#12320 = ORIENTED_EDGE('',*,*,#12321,.F.);
#12321 = EDGE_CURVE('',#12322,#12314,#12324,.T.);
#12322 = VERTEX_POINT('',#12323);
#12323 = CARTESIAN_POINT('',(89.975011,-100.999985,-4.E-02));
#12324 = CIRCLE('',#12325,0.725011);
#12325 = AXIS2_PLACEMENT_3D('',#12326,#12327,#12328);
#12326 = CARTESIAN_POINT('',(89.25,-100.999985,-4.E-02));
#12327 = DIRECTION('',(-0.,0.,-1.));
#12328 = DIRECTION('',(-1.,1.960088152483E-14,0.));
#12329 = ORIENTED_EDGE('',*,*,#12330,.T.);
#12330 = EDGE_CURVE('',#12322,#12305,#12331,.T.);
#12331 = LINE('',#12332,#12333);
#12332 = CARTESIAN_POINT('',(89.975011,-50.4999925,-4.E-02));
#12333 = VECTOR('',#12334,1.);
#12334 = DIRECTION('',(0.,1.,-0.));
#12335 = PLANE('',#12336);
#12336 = AXIS2_PLACEMENT_3D('',#12337,#12338,#12339);
#12337 = CARTESIAN_POINT('',(0.,0.,-4.E-02));
#12338 = DIRECTION('',(-0.,-0.,-1.));
#12339 = DIRECTION('',(-1.,0.,0.));
#12340 = ADVANCED_FACE('',(#12341),#12347,.T.);
#12341 = FACE_BOUND('',#12342,.F.);
#12342 = EDGE_LOOP('',(#12343,#12344,#12345,#12346));
#12343 = ORIENTED_EDGE('',*,*,#12214,.T.);
#12344 = ORIENTED_EDGE('',*,*,#12292,.T.);
#12345 = ORIENTED_EDGE('',*,*,#12174,.F.);
#12346 = ORIENTED_EDGE('',*,*,#12238,.F.);
#12347 = CYLINDRICAL_SURFACE('',#12348,1.25);
#12348 = AXIS2_PLACEMENT_3D('',#12349,#12350,#12351);
#12349 = CARTESIAN_POINT('',(89.25,-98.50000054114,0.));
#12350 = DIRECTION('',(-0.,-0.,1.));
#12351 = DIRECTION('',(-1.,4.329175453676E-07,0.));
#12352 = ADVANCED_FACE('',(#12353),#12369,.F.);
#12353 = FACE_BOUND('',#12354,.T.);
#12354 = EDGE_LOOP('',(#12355,#12356,#12362,#12363));
#12355 = ORIENTED_EDGE('',*,*,#12302,.T.);
#12356 = ORIENTED_EDGE('',*,*,#12357,.T.);
#12357 = EDGE_CURVE('',#12305,#12251,#12358,.T.);
#12358 = LINE('',#12359,#12360);
#12359 = CARTESIAN_POINT('',(89.975011,-98.500015,-4.6E-02));
#12360 = VECTOR('',#12361,1.);
#12361 = DIRECTION('',(0.,0.,1.));
#12362 = ORIENTED_EDGE('',*,*,#12248,.F.);
#12363 = ORIENTED_EDGE('',*,*,#12364,.F.);
#12364 = EDGE_CURVE('',#12303,#12249,#12365,.T.);
#12365 = LINE('',#12366,#12367);
#12366 = CARTESIAN_POINT('',(88.524989,-98.500015,-4.6E-02));
#12367 = VECTOR('',#12368,1.);
#12368 = DIRECTION('',(0.,0.,1.));
#12369 = CYLINDRICAL_SURFACE('',#12370,0.725011);
#12370 = AXIS2_PLACEMENT_3D('',#12371,#12372,#12373);
#12371 = CARTESIAN_POINT('',(89.25,-98.500015,-4.6E-02));
#12372 = DIRECTION('',(-0.,-0.,-1.));
#12373 = DIRECTION('',(1.,-1.960088152483E-14,0.));
#12374 = ADVANCED_FACE('',(#12375),#12386,.T.);
#12375 = FACE_BOUND('',#12376,.T.);
#12376 = EDGE_LOOP('',(#12377,#12378,#12384,#12385));
#12377 = ORIENTED_EDGE('',*,*,#12330,.F.);
#12378 = ORIENTED_EDGE('',*,*,#12379,.T.);
#12379 = EDGE_CURVE('',#12322,#12268,#12380,.T.);
#12380 = LINE('',#12381,#12382);
#12381 = CARTESIAN_POINT('',(89.975011,-100.999985,-4.6E-02));
#12382 = VECTOR('',#12383,1.);
#12383 = DIRECTION('',(0.,0.,1.));
#12384 = ORIENTED_EDGE('',*,*,#12276,.T.);
#12385 = ORIENTED_EDGE('',*,*,#12357,.F.);
#12386 = PLANE('',#12387);
#12387 = AXIS2_PLACEMENT_3D('',#12388,#12389,#12390);
#12388 = CARTESIAN_POINT('',(89.975011,-100.999985,-4.6E-02));
#12389 = DIRECTION('',(-1.,0.,0.));
#12390 = DIRECTION('',(0.,1.,0.));
#12391 = ADVANCED_FACE('',(#12392),#12403,.F.);
#12392 = FACE_BOUND('',#12393,.T.);
#12393 = EDGE_LOOP('',(#12394,#12395,#12401,#12402));
#12394 = ORIENTED_EDGE('',*,*,#12321,.T.);
#12395 = ORIENTED_EDGE('',*,*,#12396,.T.);
#12396 = EDGE_CURVE('',#12314,#12260,#12397,.T.);
#12397 = LINE('',#12398,#12399);
#12398 = CARTESIAN_POINT('',(88.524989,-100.999985,-4.6E-02));
#12399 = VECTOR('',#12400,1.);
#12400 = DIRECTION('',(0.,0.,1.));
#12401 = ORIENTED_EDGE('',*,*,#12267,.F.);
#12402 = ORIENTED_EDGE('',*,*,#12379,.F.);
#12403 = CYLINDRICAL_SURFACE('',#12404,0.725011);
#12404 = AXIS2_PLACEMENT_3D('',#12405,#12406,#12407);
#12405 = CARTESIAN_POINT('',(89.25,-100.999985,-4.6E-02));
#12406 = DIRECTION('',(-0.,-0.,-1.));
#12407 = DIRECTION('',(-1.,1.960088152483E-14,-0.));
#12408 = ADVANCED_FACE('',(#12409),#12415,.T.);
#12409 = FACE_BOUND('',#12410,.T.);
#12410 = EDGE_LOOP('',(#12411,#12412,#12413,#12414));
#12411 = ORIENTED_EDGE('',*,*,#12313,.F.);
#12412 = ORIENTED_EDGE('',*,*,#12364,.T.);
#12413 = ORIENTED_EDGE('',*,*,#12259,.T.);
#12414 = ORIENTED_EDGE('',*,*,#12396,.F.);
#12415 = PLANE('',#12416);
#12416 = AXIS2_PLACEMENT_3D('',#12417,#12418,#12419);
#12417 = CARTESIAN_POINT('',(88.524989,-98.500015,-4.6E-02));
#12418 = DIRECTION('',(1.,0.,-0.));
#12419 = DIRECTION('',(0.,-1.,0.));
#12420 = MANIFOLD_SOLID_BREP('',#12421);
#12421 = CLOSED_SHELL('',(#12422,#12462,#12495,#12528,#12581,#12634,
    #12646,#12668,#12685,#12702));
#12422 = ADVANCED_FACE('',(#12423),#12457,.F.);
#12423 = FACE_BOUND('',#12424,.F.);
#12424 = EDGE_LOOP('',(#12425,#12435,#12443,#12451));
#12425 = ORIENTED_EDGE('',*,*,#12426,.T.);
#12426 = EDGE_CURVE('',#12427,#12429,#12431,.T.);
#12427 = VERTEX_POINT('',#12428);
#12428 = CARTESIAN_POINT('',(88.499989,-98.500015,-4.E-02));
#12429 = VERTEX_POINT('',#12430);
#12430 = CARTESIAN_POINT('',(88.499989,-98.500015,1.55));
#12431 = LINE('',#12432,#12433);
#12432 = CARTESIAN_POINT('',(88.499989,-98.500015,-4.E-02));
#12433 = VECTOR('',#12434,1.);
#12434 = DIRECTION('',(0.,0.,1.));
#12435 = ORIENTED_EDGE('',*,*,#12436,.T.);
#12436 = EDGE_CURVE('',#12429,#12437,#12439,.T.);
#12437 = VERTEX_POINT('',#12438);
#12438 = CARTESIAN_POINT('',(88.499989,-100.999985,1.55));
#12439 = LINE('',#12440,#12441);
#12440 = CARTESIAN_POINT('',(88.499989,-98.500015,1.55));
#12441 = VECTOR('',#12442,1.);
#12442 = DIRECTION('',(0.,-1.,0.));
#12443 = ORIENTED_EDGE('',*,*,#12444,.F.);
#12444 = EDGE_CURVE('',#12445,#12437,#12447,.T.);
#12445 = VERTEX_POINT('',#12446);
#12446 = CARTESIAN_POINT('',(88.499989,-100.999985,-4.E-02));
#12447 = LINE('',#12448,#12449);
#12448 = CARTESIAN_POINT('',(88.499989,-100.999985,-4.E-02));
#12449 = VECTOR('',#12450,1.);
#12450 = DIRECTION('',(0.,0.,1.));
#12451 = ORIENTED_EDGE('',*,*,#12452,.F.);
#12452 = EDGE_CURVE('',#12427,#12445,#12453,.T.);
#12453 = LINE('',#12454,#12455);
#12454 = CARTESIAN_POINT('',(88.499989,-98.500015,-4.E-02));
#12455 = VECTOR('',#12456,1.);
#12456 = DIRECTION('',(0.,-1.,0.));
#12457 = PLANE('',#12458);
#12458 = AXIS2_PLACEMENT_3D('',#12459,#12460,#12461);
#12459 = CARTESIAN_POINT('',(88.499989,-98.500015,-4.E-02));
#12460 = DIRECTION('',(1.,0.,-0.));
#12461 = DIRECTION('',(0.,-1.,0.));
#12462 = ADVANCED_FACE('',(#12463),#12490,.T.);
#12463 = FACE_BOUND('',#12464,.F.);
#12464 = EDGE_LOOP('',(#12465,#12475,#12482,#12483));
#12465 = ORIENTED_EDGE('',*,*,#12466,.T.);
#12466 = EDGE_CURVE('',#12467,#12469,#12471,.T.);
#12467 = VERTEX_POINT('',#12468);
#12468 = CARTESIAN_POINT('',(90.000011,-98.500015,-4.E-02));
#12469 = VERTEX_POINT('',#12470);
#12470 = CARTESIAN_POINT('',(90.000011,-98.500015,1.55));
#12471 = LINE('',#12472,#12473);
#12472 = CARTESIAN_POINT('',(90.000011,-98.500015,-4.E-02));
#12473 = VECTOR('',#12474,1.);
#12474 = DIRECTION('',(0.,0.,1.));
#12475 = ORIENTED_EDGE('',*,*,#12476,.T.);
#12476 = EDGE_CURVE('',#12469,#12429,#12477,.T.);
#12477 = CIRCLE('',#12478,0.750011);
#12478 = AXIS2_PLACEMENT_3D('',#12479,#12480,#12481);
#12479 = CARTESIAN_POINT('',(89.25,-98.500015,1.55));
#12480 = DIRECTION('',(0.,0.,1.));
#12481 = DIRECTION('',(1.,0.,-0.));
#12482 = ORIENTED_EDGE('',*,*,#12426,.F.);
#12483 = ORIENTED_EDGE('',*,*,#12484,.F.);
#12484 = EDGE_CURVE('',#12467,#12427,#12485,.T.);
#12485 = CIRCLE('',#12486,0.750011);
#12486 = AXIS2_PLACEMENT_3D('',#12487,#12488,#12489);
#12487 = CARTESIAN_POINT('',(89.25,-98.500015,-4.E-02));
#12488 = DIRECTION('',(0.,0.,1.));
#12489 = DIRECTION('',(1.,0.,-0.));
#12490 = CYLINDRICAL_SURFACE('',#12491,0.750011);
#12491 = AXIS2_PLACEMENT_3D('',#12492,#12493,#12494);
#12492 = CARTESIAN_POINT('',(89.25,-98.500015,-4.E-02));
#12493 = DIRECTION('',(-0.,-0.,-1.));
#12494 = DIRECTION('',(1.,0.,-0.));
#12495 = ADVANCED_FACE('',(#12496),#12523,.T.);
#12496 = FACE_BOUND('',#12497,.F.);
#12497 = EDGE_LOOP('',(#12498,#12499,#12508,#12516));
#12498 = ORIENTED_EDGE('',*,*,#12444,.T.);
#12499 = ORIENTED_EDGE('',*,*,#12500,.T.);
#12500 = EDGE_CURVE('',#12437,#12501,#12503,.T.);
#12501 = VERTEX_POINT('',#12502);
#12502 = CARTESIAN_POINT('',(90.000011,-100.999985,1.55));
#12503 = CIRCLE('',#12504,0.750011);
#12504 = AXIS2_PLACEMENT_3D('',#12505,#12506,#12507);
#12505 = CARTESIAN_POINT('',(89.25,-100.999985,1.55));
#12506 = DIRECTION('',(0.,0.,1.));
#12507 = DIRECTION('',(-1.,0.,-0.));
#12508 = ORIENTED_EDGE('',*,*,#12509,.F.);
#12509 = EDGE_CURVE('',#12510,#12501,#12512,.T.);
#12510 = VERTEX_POINT('',#12511);
#12511 = CARTESIAN_POINT('',(90.000011,-100.999985,-4.E-02));
#12512 = LINE('',#12513,#12514);
#12513 = CARTESIAN_POINT('',(90.000011,-100.999985,-4.E-02));
#12514 = VECTOR('',#12515,1.);
#12515 = DIRECTION('',(0.,0.,1.));
#12516 = ORIENTED_EDGE('',*,*,#12517,.F.);
#12517 = EDGE_CURVE('',#12445,#12510,#12518,.T.);
#12518 = CIRCLE('',#12519,0.750011);
#12519 = AXIS2_PLACEMENT_3D('',#12520,#12521,#12522);
#12520 = CARTESIAN_POINT('',(89.25,-100.999985,-4.E-02));
#12521 = DIRECTION('',(0.,0.,1.));
#12522 = DIRECTION('',(-1.,0.,-0.));
#12523 = CYLINDRICAL_SURFACE('',#12524,0.750011);
#12524 = AXIS2_PLACEMENT_3D('',#12525,#12526,#12527);
#12525 = CARTESIAN_POINT('',(89.25,-100.999985,-4.E-02));
#12526 = DIRECTION('',(-0.,-0.,-1.));
#12527 = DIRECTION('',(-1.,0.,-0.));
#12528 = ADVANCED_FACE('',(#12529,#12540),#12576,.F.);
#12529 = FACE_BOUND('',#12530,.F.);
#12530 = EDGE_LOOP('',(#12531,#12532,#12533,#12539));
#12531 = ORIENTED_EDGE('',*,*,#12452,.T.);
#12532 = ORIENTED_EDGE('',*,*,#12517,.T.);
#12533 = ORIENTED_EDGE('',*,*,#12534,.T.);
#12534 = EDGE_CURVE('',#12510,#12467,#12535,.T.);
#12535 = LINE('',#12536,#12537);
#12536 = CARTESIAN_POINT('',(90.000011,-100.999985,-4.E-02));
#12537 = VECTOR('',#12538,1.);
#12538 = DIRECTION('',(0.,1.,0.));
#12539 = ORIENTED_EDGE('',*,*,#12484,.T.);
#12540 = FACE_BOUND('',#12541,.F.);
#12541 = EDGE_LOOP('',(#12542,#12553,#12561,#12570));
#12542 = ORIENTED_EDGE('',*,*,#12543,.T.);
#12543 = EDGE_CURVE('',#12544,#12546,#12548,.T.);
#12544 = VERTEX_POINT('',#12545);
#12545 = CARTESIAN_POINT('',(89.975011,-100.999985,-4.E-02));
#12546 = VERTEX_POINT('',#12547);
#12547 = CARTESIAN_POINT('',(88.524989,-100.999985,-4.E-02));
#12548 = CIRCLE('',#12549,0.725011);
#12549 = AXIS2_PLACEMENT_3D('',#12550,#12551,#12552);
#12550 = CARTESIAN_POINT('',(89.25,-100.999985,-4.E-02));
#12551 = DIRECTION('',(-0.,0.,-1.));
#12552 = DIRECTION('',(-1.,1.960088152483E-14,0.));
#12553 = ORIENTED_EDGE('',*,*,#12554,.T.);
#12554 = EDGE_CURVE('',#12546,#12555,#12557,.T.);
#12555 = VERTEX_POINT('',#12556);
#12556 = CARTESIAN_POINT('',(88.524989,-98.500015,-4.E-02));
#12557 = LINE('',#12558,#12559);
#12558 = CARTESIAN_POINT('',(88.524989,-98.500015,-4.E-02));
#12559 = VECTOR('',#12560,1.);
#12560 = DIRECTION('',(-0.,1.,0.));
#12561 = ORIENTED_EDGE('',*,*,#12562,.T.);
#12562 = EDGE_CURVE('',#12555,#12563,#12565,.T.);
#12563 = VERTEX_POINT('',#12564);
#12564 = CARTESIAN_POINT('',(89.975011,-98.500015,-4.E-02));
#12565 = CIRCLE('',#12566,0.725011);
#12566 = AXIS2_PLACEMENT_3D('',#12567,#12568,#12569);
#12567 = CARTESIAN_POINT('',(89.25,-98.500015,-4.E-02));
#12568 = DIRECTION('',(0.,-0.,-1.));
#12569 = DIRECTION('',(1.,-1.960088152483E-14,0.));
#12570 = ORIENTED_EDGE('',*,*,#12571,.T.);
#12571 = EDGE_CURVE('',#12563,#12544,#12572,.T.);
#12572 = LINE('',#12573,#12574);
#12573 = CARTESIAN_POINT('',(89.975011,-99.75,-4.E-02));
#12574 = VECTOR('',#12575,1.);
#12575 = DIRECTION('',(0.,-1.,0.));
#12576 = PLANE('',#12577);
#12577 = AXIS2_PLACEMENT_3D('',#12578,#12579,#12580);
#12578 = CARTESIAN_POINT('',(88.499989,-98.500015,-4.E-02));
#12579 = DIRECTION('',(0.,0.,1.));
#12580 = DIRECTION('',(1.,0.,-0.));
#12581 = ADVANCED_FACE('',(#12582,#12593),#12629,.T.);
#12582 = FACE_BOUND('',#12583,.T.);
#12583 = EDGE_LOOP('',(#12584,#12585,#12586,#12592));
#12584 = ORIENTED_EDGE('',*,*,#12436,.T.);
#12585 = ORIENTED_EDGE('',*,*,#12500,.T.);
#12586 = ORIENTED_EDGE('',*,*,#12587,.T.);
#12587 = EDGE_CURVE('',#12501,#12469,#12588,.T.);
#12588 = LINE('',#12589,#12590);
#12589 = CARTESIAN_POINT('',(90.000011,-100.999985,1.55));
#12590 = VECTOR('',#12591,1.);
#12591 = DIRECTION('',(0.,1.,0.));
#12592 = ORIENTED_EDGE('',*,*,#12476,.T.);
#12593 = FACE_BOUND('',#12594,.T.);
#12594 = EDGE_LOOP('',(#12595,#12606,#12614,#12623));
#12595 = ORIENTED_EDGE('',*,*,#12596,.T.);
#12596 = EDGE_CURVE('',#12597,#12599,#12601,.T.);
#12597 = VERTEX_POINT('',#12598);
#12598 = CARTESIAN_POINT('',(89.975011,-100.999985,1.55));
#12599 = VERTEX_POINT('',#12600);
#12600 = CARTESIAN_POINT('',(88.524989,-100.999985,1.55));
#12601 = CIRCLE('',#12602,0.725011);
#12602 = AXIS2_PLACEMENT_3D('',#12603,#12604,#12605);
#12603 = CARTESIAN_POINT('',(89.25,-100.999985,1.55));
#12604 = DIRECTION('',(-0.,0.,-1.));
#12605 = DIRECTION('',(-1.,1.960088152483E-14,0.));
#12606 = ORIENTED_EDGE('',*,*,#12607,.T.);
#12607 = EDGE_CURVE('',#12599,#12608,#12610,.T.);
#12608 = VERTEX_POINT('',#12609);
#12609 = CARTESIAN_POINT('',(88.524989,-98.500015,1.55));
#12610 = LINE('',#12611,#12612);
#12611 = CARTESIAN_POINT('',(88.524989,-98.500015,1.55));
#12612 = VECTOR('',#12613,1.);
#12613 = DIRECTION('',(-0.,1.,0.));
#12614 = ORIENTED_EDGE('',*,*,#12615,.T.);
#12615 = EDGE_CURVE('',#12608,#12616,#12618,.T.);
#12616 = VERTEX_POINT('',#12617);
#12617 = CARTESIAN_POINT('',(89.975011,-98.500015,1.55));
#12618 = CIRCLE('',#12619,0.725011);
#12619 = AXIS2_PLACEMENT_3D('',#12620,#12621,#12622);
#12620 = CARTESIAN_POINT('',(89.25,-98.500015,1.55));
#12621 = DIRECTION('',(0.,-0.,-1.));
#12622 = DIRECTION('',(1.,-1.960088152483E-14,0.));
#12623 = ORIENTED_EDGE('',*,*,#12624,.T.);
#12624 = EDGE_CURVE('',#12616,#12597,#12625,.T.);
#12625 = LINE('',#12626,#12627);
#12626 = CARTESIAN_POINT('',(89.975011,-99.75,1.55));
#12627 = VECTOR('',#12628,1.);
#12628 = DIRECTION('',(0.,-1.,0.));
#12629 = PLANE('',#12630);
#12630 = AXIS2_PLACEMENT_3D('',#12631,#12632,#12633);
#12631 = CARTESIAN_POINT('',(88.499989,-98.500015,1.55));
#12632 = DIRECTION('',(0.,0.,1.));
#12633 = DIRECTION('',(1.,0.,-0.));
#12634 = ADVANCED_FACE('',(#12635),#12641,.F.);
#12635 = FACE_BOUND('',#12636,.F.);
#12636 = EDGE_LOOP('',(#12637,#12638,#12639,#12640));
#12637 = ORIENTED_EDGE('',*,*,#12509,.T.);
#12638 = ORIENTED_EDGE('',*,*,#12587,.T.);
#12639 = ORIENTED_EDGE('',*,*,#12466,.F.);
#12640 = ORIENTED_EDGE('',*,*,#12534,.F.);
#12641 = PLANE('',#12642);
#12642 = AXIS2_PLACEMENT_3D('',#12643,#12644,#12645);
#12643 = CARTESIAN_POINT('',(90.000011,-100.999985,-4.E-02));
#12644 = DIRECTION('',(-1.,0.,0.));
#12645 = DIRECTION('',(0.,1.,0.));
#12646 = ADVANCED_FACE('',(#12647),#12663,.F.);
#12647 = FACE_BOUND('',#12648,.T.);
#12648 = EDGE_LOOP('',(#12649,#12650,#12656,#12657));
#12649 = ORIENTED_EDGE('',*,*,#12543,.T.);
#12650 = ORIENTED_EDGE('',*,*,#12651,.T.);
#12651 = EDGE_CURVE('',#12546,#12599,#12652,.T.);
#12652 = LINE('',#12653,#12654);
#12653 = CARTESIAN_POINT('',(88.524989,-100.999985,-4.6E-02));
#12654 = VECTOR('',#12655,1.);
#12655 = DIRECTION('',(0.,0.,1.));
#12656 = ORIENTED_EDGE('',*,*,#12596,.F.);
#12657 = ORIENTED_EDGE('',*,*,#12658,.F.);
#12658 = EDGE_CURVE('',#12544,#12597,#12659,.T.);
#12659 = LINE('',#12660,#12661);
#12660 = CARTESIAN_POINT('',(89.975011,-100.999985,-4.6E-02));
#12661 = VECTOR('',#12662,1.);
#12662 = DIRECTION('',(0.,0.,1.));
#12663 = CYLINDRICAL_SURFACE('',#12664,0.725011);
#12664 = AXIS2_PLACEMENT_3D('',#12665,#12666,#12667);
#12665 = CARTESIAN_POINT('',(89.25,-100.999985,-4.6E-02));
#12666 = DIRECTION('',(-0.,-0.,-1.));
#12667 = DIRECTION('',(-1.,1.960088152483E-14,-0.));
#12668 = ADVANCED_FACE('',(#12669),#12680,.T.);
#12669 = FACE_BOUND('',#12670,.T.);
#12670 = EDGE_LOOP('',(#12671,#12672,#12673,#12674));
#12671 = ORIENTED_EDGE('',*,*,#12571,.T.);
#12672 = ORIENTED_EDGE('',*,*,#12658,.T.);
#12673 = ORIENTED_EDGE('',*,*,#12624,.F.);
#12674 = ORIENTED_EDGE('',*,*,#12675,.F.);
#12675 = EDGE_CURVE('',#12563,#12616,#12676,.T.);
#12676 = LINE('',#12677,#12678);
#12677 = CARTESIAN_POINT('',(89.975011,-98.500015,-4.6E-02));
#12678 = VECTOR('',#12679,1.);
#12679 = DIRECTION('',(0.,0.,1.));
#12680 = PLANE('',#12681);
#12681 = AXIS2_PLACEMENT_3D('',#12682,#12683,#12684);
#12682 = CARTESIAN_POINT('',(89.975011,-100.999985,-4.6E-02));
#12683 = DIRECTION('',(-1.,0.,0.));
#12684 = DIRECTION('',(0.,1.,0.));
#12685 = ADVANCED_FACE('',(#12686),#12697,.F.);
#12686 = FACE_BOUND('',#12687,.T.);
#12687 = EDGE_LOOP('',(#12688,#12689,#12690,#12691));
#12688 = ORIENTED_EDGE('',*,*,#12562,.T.);
#12689 = ORIENTED_EDGE('',*,*,#12675,.T.);
#12690 = ORIENTED_EDGE('',*,*,#12615,.F.);
#12691 = ORIENTED_EDGE('',*,*,#12692,.F.);
#12692 = EDGE_CURVE('',#12555,#12608,#12693,.T.);
#12693 = LINE('',#12694,#12695);
#12694 = CARTESIAN_POINT('',(88.524989,-98.500015,-4.6E-02));
#12695 = VECTOR('',#12696,1.);
#12696 = DIRECTION('',(0.,0.,1.));
#12697 = CYLINDRICAL_SURFACE('',#12698,0.725011);
#12698 = AXIS2_PLACEMENT_3D('',#12699,#12700,#12701);
#12699 = CARTESIAN_POINT('',(89.25,-98.500015,-4.6E-02));
#12700 = DIRECTION('',(-0.,-0.,-1.));
#12701 = DIRECTION('',(1.,-1.960088152483E-14,0.));
#12702 = ADVANCED_FACE('',(#12703),#12709,.T.);
#12703 = FACE_BOUND('',#12704,.T.);
#12704 = EDGE_LOOP('',(#12705,#12706,#12707,#12708));
#12705 = ORIENTED_EDGE('',*,*,#12554,.T.);
#12706 = ORIENTED_EDGE('',*,*,#12692,.T.);
#12707 = ORIENTED_EDGE('',*,*,#12607,.F.);
#12708 = ORIENTED_EDGE('',*,*,#12651,.F.);
#12709 = PLANE('',#12710);
#12710 = AXIS2_PLACEMENT_3D('',#12711,#12712,#12713);
#12711 = CARTESIAN_POINT('',(88.524989,-98.500015,-4.6E-02));
#12712 = DIRECTION('',(1.,0.,-0.));
#12713 = DIRECTION('',(0.,-1.,0.));
#12714 = MANIFOLD_SOLID_BREP('',#12715);
#12715 = CLOSED_SHELL('',(#12716,#12758,#12789,#12820,#12874,#12928,
    #12940,#12962,#12979,#12996));
#12716 = ADVANCED_FACE('',(#12717),#12753,.T.);
#12717 = FACE_BOUND('',#12718,.T.);
#12718 = EDGE_LOOP('',(#12719,#12729,#12738,#12746));
#12719 = ORIENTED_EDGE('',*,*,#12720,.T.);
#12720 = EDGE_CURVE('',#12721,#12723,#12725,.T.);
#12721 = VERTEX_POINT('',#12722);
#12722 = CARTESIAN_POINT('',(112.,-101.,1.51));
#12723 = VERTEX_POINT('',#12724);
#12724 = CARTESIAN_POINT('',(112.,-101.,1.55));
#12725 = LINE('',#12726,#12727);
#12726 = CARTESIAN_POINT('',(112.,-101.,1.51));
#12727 = VECTOR('',#12728,1.);
#12728 = DIRECTION('',(0.,0.,1.));
#12729 = ORIENTED_EDGE('',*,*,#12730,.T.);
#12730 = EDGE_CURVE('',#12723,#12731,#12733,.T.);
#12731 = VERTEX_POINT('',#12732);
#12732 = CARTESIAN_POINT('',(109.5,-101.,1.55));
#12733 = CIRCLE('',#12734,1.25);
#12734 = AXIS2_PLACEMENT_3D('',#12735,#12736,#12737);
#12735 = CARTESIAN_POINT('',(110.75,-101.000000343,1.55));
#12736 = DIRECTION('',(0.,0.,-1.));
#12737 = DIRECTION('',(1.,2.744732341853E-07,0.));
#12738 = ORIENTED_EDGE('',*,*,#12739,.F.);
#12739 = EDGE_CURVE('',#12740,#12731,#12742,.T.);
#12740 = VERTEX_POINT('',#12741);
#12741 = CARTESIAN_POINT('',(109.5,-101.,1.51));
#12742 = LINE('',#12743,#12744);
#12743 = CARTESIAN_POINT('',(109.5,-101.,1.51));
#12744 = VECTOR('',#12745,1.);
#12745 = DIRECTION('',(0.,0.,1.));
#12746 = ORIENTED_EDGE('',*,*,#12747,.F.);
#12747 = EDGE_CURVE('',#12721,#12740,#12748,.T.);
#12748 = CIRCLE('',#12749,1.25);
#12749 = AXIS2_PLACEMENT_3D('',#12750,#12751,#12752);
#12750 = CARTESIAN_POINT('',(110.75,-101.000000343,1.51));
#12751 = DIRECTION('',(0.,0.,-1.));
#12752 = DIRECTION('',(1.,2.744732341853E-07,0.));
#12753 = CYLINDRICAL_SURFACE('',#12754,1.25);
#12754 = AXIS2_PLACEMENT_3D('',#12755,#12756,#12757);
#12755 = CARTESIAN_POINT('',(110.75,-101.000000343,1.51));
#12756 = DIRECTION('',(0.,0.,-1.));
#12757 = DIRECTION('',(1.,2.744732341853E-07,0.));
#12758 = ADVANCED_FACE('',(#12759),#12784,.T.);
#12759 = FACE_BOUND('',#12760,.T.);
#12760 = EDGE_LOOP('',(#12761,#12771,#12777,#12778));
#12761 = ORIENTED_EDGE('',*,*,#12762,.T.);
#12762 = EDGE_CURVE('',#12763,#12765,#12767,.T.);
#12763 = VERTEX_POINT('',#12764);
#12764 = CARTESIAN_POINT('',(112.,-98.5,1.51));
#12765 = VERTEX_POINT('',#12766);
#12766 = CARTESIAN_POINT('',(112.,-98.5,1.55));
#12767 = LINE('',#12768,#12769);
#12768 = CARTESIAN_POINT('',(112.,-98.5,1.51));
#12769 = VECTOR('',#12770,1.);
#12770 = DIRECTION('',(0.,0.,1.));
#12771 = ORIENTED_EDGE('',*,*,#12772,.T.);
#12772 = EDGE_CURVE('',#12765,#12723,#12773,.T.);
#12773 = LINE('',#12774,#12775);
#12774 = CARTESIAN_POINT('',(112.,-98.5,1.55));
#12775 = VECTOR('',#12776,1.);
#12776 = DIRECTION('',(0.,-1.,0.));
#12777 = ORIENTED_EDGE('',*,*,#12720,.F.);
#12778 = ORIENTED_EDGE('',*,*,#12779,.F.);
#12779 = EDGE_CURVE('',#12763,#12721,#12780,.T.);
#12780 = LINE('',#12781,#12782);
#12781 = CARTESIAN_POINT('',(112.,-98.5,1.51));
#12782 = VECTOR('',#12783,1.);
#12783 = DIRECTION('',(0.,-1.,0.));
#12784 = PLANE('',#12785);
#12785 = AXIS2_PLACEMENT_3D('',#12786,#12787,#12788);
#12786 = CARTESIAN_POINT('',(112.,-98.5,1.51));
#12787 = DIRECTION('',(1.,0.,-0.));
#12788 = DIRECTION('',(0.,-1.,0.));
#12789 = ADVANCED_FACE('',(#12790),#12815,.T.);
#12790 = FACE_BOUND('',#12791,.T.);
#12791 = EDGE_LOOP('',(#12792,#12793,#12801,#12809));
#12792 = ORIENTED_EDGE('',*,*,#12739,.T.);
#12793 = ORIENTED_EDGE('',*,*,#12794,.T.);
#12794 = EDGE_CURVE('',#12731,#12795,#12797,.T.);
#12795 = VERTEX_POINT('',#12796);
#12796 = CARTESIAN_POINT('',(109.5,-98.5,1.55));
#12797 = LINE('',#12798,#12799);
#12798 = CARTESIAN_POINT('',(109.5,-101.,1.55));
#12799 = VECTOR('',#12800,1.);
#12800 = DIRECTION('',(0.,1.,0.));
#12801 = ORIENTED_EDGE('',*,*,#12802,.F.);
#12802 = EDGE_CURVE('',#12803,#12795,#12805,.T.);
#12803 = VERTEX_POINT('',#12804);
#12804 = CARTESIAN_POINT('',(109.5,-98.5,1.51));
#12805 = LINE('',#12806,#12807);
#12806 = CARTESIAN_POINT('',(109.5,-98.5,1.51));
#12807 = VECTOR('',#12808,1.);
#12808 = DIRECTION('',(0.,0.,1.));
#12809 = ORIENTED_EDGE('',*,*,#12810,.F.);
#12810 = EDGE_CURVE('',#12740,#12803,#12811,.T.);
#12811 = LINE('',#12812,#12813);
#12812 = CARTESIAN_POINT('',(109.5,-101.,1.51));
#12813 = VECTOR('',#12814,1.);
#12814 = DIRECTION('',(0.,1.,0.));
#12815 = PLANE('',#12816);
#12816 = AXIS2_PLACEMENT_3D('',#12817,#12818,#12819);
#12817 = CARTESIAN_POINT('',(109.5,-101.,1.51));
#12818 = DIRECTION('',(-1.,0.,0.));
#12819 = DIRECTION('',(0.,1.,0.));
#12820 = ADVANCED_FACE('',(#12821,#12833),#12869,.F.);
#12821 = FACE_BOUND('',#12822,.F.);
#12822 = EDGE_LOOP('',(#12823,#12824,#12825,#12832));
#12823 = ORIENTED_EDGE('',*,*,#12747,.F.);
#12824 = ORIENTED_EDGE('',*,*,#12779,.F.);
#12825 = ORIENTED_EDGE('',*,*,#12826,.F.);
#12826 = EDGE_CURVE('',#12803,#12763,#12827,.T.);
#12827 = CIRCLE('',#12828,1.25);
#12828 = AXIS2_PLACEMENT_3D('',#12829,#12830,#12831);
#12829 = CARTESIAN_POINT('',(110.75,-98.50000054114,1.51));
#12830 = DIRECTION('',(0.,0.,-1.));
#12831 = DIRECTION('',(-1.,4.329175453676E-07,0.));
#12832 = ORIENTED_EDGE('',*,*,#12810,.F.);
#12833 = FACE_BOUND('',#12834,.F.);
#12834 = EDGE_LOOP('',(#12835,#12846,#12854,#12863));
#12835 = ORIENTED_EDGE('',*,*,#12836,.T.);
#12836 = EDGE_CURVE('',#12837,#12839,#12841,.T.);
#12837 = VERTEX_POINT('',#12838);
#12838 = CARTESIAN_POINT('',(111.475011,-100.999985,1.51));
#12839 = VERTEX_POINT('',#12840);
#12840 = CARTESIAN_POINT('',(110.024989,-100.999985,1.51));
#12841 = CIRCLE('',#12842,0.725011);
#12842 = AXIS2_PLACEMENT_3D('',#12843,#12844,#12845);
#12843 = CARTESIAN_POINT('',(110.75,-100.999985,1.51));
#12844 = DIRECTION('',(-0.,0.,-1.));
#12845 = DIRECTION('',(-1.,1.960088152483E-14,0.));
#12846 = ORIENTED_EDGE('',*,*,#12847,.T.);
#12847 = EDGE_CURVE('',#12839,#12848,#12850,.T.);
#12848 = VERTEX_POINT('',#12849);
#12849 = CARTESIAN_POINT('',(110.024989,-98.500015,1.51));
#12850 = LINE('',#12851,#12852);
#12851 = CARTESIAN_POINT('',(110.024989,-49.2500075,1.51));
#12852 = VECTOR('',#12853,1.);
#12853 = DIRECTION('',(-0.,1.,0.));
#12854 = ORIENTED_EDGE('',*,*,#12855,.T.);
#12855 = EDGE_CURVE('',#12848,#12856,#12858,.T.);
#12856 = VERTEX_POINT('',#12857);
#12857 = CARTESIAN_POINT('',(111.475011,-98.500015,1.51));
#12858 = CIRCLE('',#12859,0.725011);
#12859 = AXIS2_PLACEMENT_3D('',#12860,#12861,#12862);
#12860 = CARTESIAN_POINT('',(110.75,-98.500015,1.51));
#12861 = DIRECTION('',(0.,-0.,-1.));
#12862 = DIRECTION('',(1.,-1.960088152483E-14,0.));
#12863 = ORIENTED_EDGE('',*,*,#12864,.T.);
#12864 = EDGE_CURVE('',#12856,#12837,#12865,.T.);
#12865 = LINE('',#12866,#12867);
#12866 = CARTESIAN_POINT('',(111.475011,-50.4999925,1.51));
#12867 = VECTOR('',#12868,1.);
#12868 = DIRECTION('',(0.,-1.,0.));
#12869 = PLANE('',#12870);
#12870 = AXIS2_PLACEMENT_3D('',#12871,#12872,#12873);
#12871 = CARTESIAN_POINT('',(0.,0.,1.51));
#12872 = DIRECTION('',(0.,0.,1.));
#12873 = DIRECTION('',(1.,0.,-0.));
#12874 = ADVANCED_FACE('',(#12875,#12887),#12923,.T.);
#12875 = FACE_BOUND('',#12876,.T.);
#12876 = EDGE_LOOP('',(#12877,#12878,#12879,#12886));
#12877 = ORIENTED_EDGE('',*,*,#12730,.F.);
#12878 = ORIENTED_EDGE('',*,*,#12772,.F.);
#12879 = ORIENTED_EDGE('',*,*,#12880,.F.);
#12880 = EDGE_CURVE('',#12795,#12765,#12881,.T.);
#12881 = CIRCLE('',#12882,1.25);
#12882 = AXIS2_PLACEMENT_3D('',#12883,#12884,#12885);
#12883 = CARTESIAN_POINT('',(110.75,-98.50000054114,1.55));
#12884 = DIRECTION('',(0.,0.,-1.));
#12885 = DIRECTION('',(-1.,4.329175453676E-07,0.));
#12886 = ORIENTED_EDGE('',*,*,#12794,.F.);
#12887 = FACE_BOUND('',#12888,.T.);
#12888 = EDGE_LOOP('',(#12889,#12900,#12908,#12917));
#12889 = ORIENTED_EDGE('',*,*,#12890,.T.);
#12890 = EDGE_CURVE('',#12891,#12893,#12895,.T.);
#12891 = VERTEX_POINT('',#12892);
#12892 = CARTESIAN_POINT('',(111.475011,-100.999985,1.55));
#12893 = VERTEX_POINT('',#12894);
#12894 = CARTESIAN_POINT('',(110.024989,-100.999985,1.55));
#12895 = CIRCLE('',#12896,0.725011);
#12896 = AXIS2_PLACEMENT_3D('',#12897,#12898,#12899);
#12897 = CARTESIAN_POINT('',(110.75,-100.999985,1.55));
#12898 = DIRECTION('',(-0.,0.,-1.));
#12899 = DIRECTION('',(-1.,1.960088152483E-14,0.));
#12900 = ORIENTED_EDGE('',*,*,#12901,.T.);
#12901 = EDGE_CURVE('',#12893,#12902,#12904,.T.);
#12902 = VERTEX_POINT('',#12903);
#12903 = CARTESIAN_POINT('',(110.024989,-98.500015,1.55));
#12904 = LINE('',#12905,#12906);
#12905 = CARTESIAN_POINT('',(110.024989,-49.2500075,1.55));
#12906 = VECTOR('',#12907,1.);
#12907 = DIRECTION('',(-0.,1.,0.));
#12908 = ORIENTED_EDGE('',*,*,#12909,.T.);
#12909 = EDGE_CURVE('',#12902,#12910,#12912,.T.);
#12910 = VERTEX_POINT('',#12911);
#12911 = CARTESIAN_POINT('',(111.475011,-98.500015,1.55));
#12912 = CIRCLE('',#12913,0.725011);
#12913 = AXIS2_PLACEMENT_3D('',#12914,#12915,#12916);
#12914 = CARTESIAN_POINT('',(110.75,-98.500015,1.55));
#12915 = DIRECTION('',(0.,-0.,-1.));
#12916 = DIRECTION('',(1.,-1.960088152483E-14,0.));
#12917 = ORIENTED_EDGE('',*,*,#12918,.T.);
#12918 = EDGE_CURVE('',#12910,#12891,#12919,.T.);
#12919 = LINE('',#12920,#12921);
#12920 = CARTESIAN_POINT('',(111.475011,-50.4999925,1.55));
#12921 = VECTOR('',#12922,1.);
#12922 = DIRECTION('',(0.,-1.,0.));
#12923 = PLANE('',#12924);
#12924 = AXIS2_PLACEMENT_3D('',#12925,#12926,#12927);
#12925 = CARTESIAN_POINT('',(0.,0.,1.55));
#12926 = DIRECTION('',(0.,0.,1.));
#12927 = DIRECTION('',(1.,0.,-0.));
#12928 = ADVANCED_FACE('',(#12929),#12935,.T.);
#12929 = FACE_BOUND('',#12930,.T.);
#12930 = EDGE_LOOP('',(#12931,#12932,#12933,#12934));
#12931 = ORIENTED_EDGE('',*,*,#12802,.T.);
#12932 = ORIENTED_EDGE('',*,*,#12880,.T.);
#12933 = ORIENTED_EDGE('',*,*,#12762,.F.);
#12934 = ORIENTED_EDGE('',*,*,#12826,.F.);
#12935 = CYLINDRICAL_SURFACE('',#12936,1.25);
#12936 = AXIS2_PLACEMENT_3D('',#12937,#12938,#12939);
#12937 = CARTESIAN_POINT('',(110.75,-98.50000054114,1.51));
#12938 = DIRECTION('',(0.,0.,-1.));
#12939 = DIRECTION('',(-1.,4.329175453676E-07,0.));
#12940 = ADVANCED_FACE('',(#12941),#12957,.F.);
#12941 = FACE_BOUND('',#12942,.T.);
#12942 = EDGE_LOOP('',(#12943,#12944,#12950,#12951));
#12943 = ORIENTED_EDGE('',*,*,#12836,.T.);
#12944 = ORIENTED_EDGE('',*,*,#12945,.T.);
#12945 = EDGE_CURVE('',#12839,#12893,#12946,.T.);
#12946 = LINE('',#12947,#12948);
#12947 = CARTESIAN_POINT('',(110.024989,-100.999985,-4.6E-02));
#12948 = VECTOR('',#12949,1.);
#12949 = DIRECTION('',(0.,0.,1.));
#12950 = ORIENTED_EDGE('',*,*,#12890,.F.);
#12951 = ORIENTED_EDGE('',*,*,#12952,.F.);
#12952 = EDGE_CURVE('',#12837,#12891,#12953,.T.);
#12953 = LINE('',#12954,#12955);
#12954 = CARTESIAN_POINT('',(111.475011,-100.999985,-4.6E-02));
#12955 = VECTOR('',#12956,1.);
#12956 = DIRECTION('',(0.,0.,1.));
#12957 = CYLINDRICAL_SURFACE('',#12958,0.725011);
#12958 = AXIS2_PLACEMENT_3D('',#12959,#12960,#12961);
#12959 = CARTESIAN_POINT('',(110.75,-100.999985,-4.6E-02));
#12960 = DIRECTION('',(-0.,-0.,-1.));
#12961 = DIRECTION('',(-1.,1.960088152483E-14,-0.));
#12962 = ADVANCED_FACE('',(#12963),#12974,.T.);
#12963 = FACE_BOUND('',#12964,.T.);
#12964 = EDGE_LOOP('',(#12965,#12966,#12967,#12968));
#12965 = ORIENTED_EDGE('',*,*,#12864,.T.);
#12966 = ORIENTED_EDGE('',*,*,#12952,.T.);
#12967 = ORIENTED_EDGE('',*,*,#12918,.F.);
#12968 = ORIENTED_EDGE('',*,*,#12969,.F.);
#12969 = EDGE_CURVE('',#12856,#12910,#12970,.T.);
#12970 = LINE('',#12971,#12972);
#12971 = CARTESIAN_POINT('',(111.475011,-98.500015,-4.6E-02));
#12972 = VECTOR('',#12973,1.);
#12973 = DIRECTION('',(0.,0.,1.));
#12974 = PLANE('',#12975);
#12975 = AXIS2_PLACEMENT_3D('',#12976,#12977,#12978);
#12976 = CARTESIAN_POINT('',(111.475011,-100.999985,-4.6E-02));
#12977 = DIRECTION('',(-1.,0.,0.));
#12978 = DIRECTION('',(0.,1.,0.));
#12979 = ADVANCED_FACE('',(#12980),#12991,.F.);
#12980 = FACE_BOUND('',#12981,.T.);
#12981 = EDGE_LOOP('',(#12982,#12983,#12984,#12985));
#12982 = ORIENTED_EDGE('',*,*,#12855,.T.);
#12983 = ORIENTED_EDGE('',*,*,#12969,.T.);
#12984 = ORIENTED_EDGE('',*,*,#12909,.F.);
#12985 = ORIENTED_EDGE('',*,*,#12986,.F.);
#12986 = EDGE_CURVE('',#12848,#12902,#12987,.T.);
#12987 = LINE('',#12988,#12989);
#12988 = CARTESIAN_POINT('',(110.024989,-98.500015,-4.6E-02));
#12989 = VECTOR('',#12990,1.);
#12990 = DIRECTION('',(0.,0.,1.));
#12991 = CYLINDRICAL_SURFACE('',#12992,0.725011);
#12992 = AXIS2_PLACEMENT_3D('',#12993,#12994,#12995);
#12993 = CARTESIAN_POINT('',(110.75,-98.500015,-4.6E-02));
#12994 = DIRECTION('',(-0.,-0.,-1.));
#12995 = DIRECTION('',(1.,-1.960088152483E-14,0.));
#12996 = ADVANCED_FACE('',(#12997),#13003,.T.);
#12997 = FACE_BOUND('',#12998,.T.);
#12998 = EDGE_LOOP('',(#12999,#13000,#13001,#13002));
#12999 = ORIENTED_EDGE('',*,*,#12847,.T.);
#13000 = ORIENTED_EDGE('',*,*,#12986,.T.);
#13001 = ORIENTED_EDGE('',*,*,#12901,.F.);
#13002 = ORIENTED_EDGE('',*,*,#12945,.F.);
#13003 = PLANE('',#13004);
#13004 = AXIS2_PLACEMENT_3D('',#13005,#13006,#13007);
#13005 = CARTESIAN_POINT('',(110.024989,-98.500015,-4.6E-02));
#13006 = DIRECTION('',(1.,0.,-0.));
#13007 = DIRECTION('',(0.,-1.,0.));
#13008 = MANIFOLD_SOLID_BREP('',#13009);
#13009 = CLOSED_SHELL('',(#13010,#13052,#13083,#13114,#13168,#13222,
    #13234,#13256,#13273,#13290));
#13010 = ADVANCED_FACE('',(#13011),#13047,.T.);
#13011 = FACE_BOUND('',#13012,.F.);
#13012 = EDGE_LOOP('',(#13013,#13023,#13032,#13040));
#13013 = ORIENTED_EDGE('',*,*,#13014,.T.);
#13014 = EDGE_CURVE('',#13015,#13017,#13019,.T.);
#13015 = VERTEX_POINT('',#13016);
#13016 = CARTESIAN_POINT('',(112.,-101.,0.));
#13017 = VERTEX_POINT('',#13018);
#13018 = CARTESIAN_POINT('',(112.,-101.,-4.E-02));
#13019 = LINE('',#13020,#13021);
#13020 = CARTESIAN_POINT('',(112.,-101.,0.));
#13021 = VECTOR('',#13022,1.);
#13022 = DIRECTION('',(0.,0.,-1.));
#13023 = ORIENTED_EDGE('',*,*,#13024,.T.);
#13024 = EDGE_CURVE('',#13017,#13025,#13027,.T.);
#13025 = VERTEX_POINT('',#13026);
#13026 = CARTESIAN_POINT('',(109.5,-101.,-4.E-02));
#13027 = CIRCLE('',#13028,1.25);
#13028 = AXIS2_PLACEMENT_3D('',#13029,#13030,#13031);
#13029 = CARTESIAN_POINT('',(110.75,-101.000000343,-4.E-02));
#13030 = DIRECTION('',(0.,0.,-1.));
#13031 = DIRECTION('',(1.,2.744732341853E-07,0.));
#13032 = ORIENTED_EDGE('',*,*,#13033,.F.);
#13033 = EDGE_CURVE('',#13034,#13025,#13036,.T.);
#13034 = VERTEX_POINT('',#13035);
#13035 = CARTESIAN_POINT('',(109.5,-101.,0.));
#13036 = LINE('',#13037,#13038);
#13037 = CARTESIAN_POINT('',(109.5,-101.,0.));
#13038 = VECTOR('',#13039,1.);
#13039 = DIRECTION('',(0.,0.,-1.));
#13040 = ORIENTED_EDGE('',*,*,#13041,.F.);
#13041 = EDGE_CURVE('',#13015,#13034,#13042,.T.);
#13042 = CIRCLE('',#13043,1.25);
#13043 = AXIS2_PLACEMENT_3D('',#13044,#13045,#13046);
#13044 = CARTESIAN_POINT('',(110.75,-101.000000343,0.));
#13045 = DIRECTION('',(0.,0.,-1.));
#13046 = DIRECTION('',(1.,2.744732341853E-07,0.));
#13047 = CYLINDRICAL_SURFACE('',#13048,1.25);
#13048 = AXIS2_PLACEMENT_3D('',#13049,#13050,#13051);
#13049 = CARTESIAN_POINT('',(110.75,-101.000000343,0.));
#13050 = DIRECTION('',(-0.,-0.,1.));
#13051 = DIRECTION('',(1.,2.744732341853E-07,0.));
#13052 = ADVANCED_FACE('',(#13053),#13078,.F.);
#13053 = FACE_BOUND('',#13054,.F.);
#13054 = EDGE_LOOP('',(#13055,#13065,#13071,#13072));
#13055 = ORIENTED_EDGE('',*,*,#13056,.T.);
#13056 = EDGE_CURVE('',#13057,#13059,#13061,.T.);
#13057 = VERTEX_POINT('',#13058);
#13058 = CARTESIAN_POINT('',(112.,-98.5,0.));
#13059 = VERTEX_POINT('',#13060);
#13060 = CARTESIAN_POINT('',(112.,-98.5,-4.E-02));
#13061 = LINE('',#13062,#13063);
#13062 = CARTESIAN_POINT('',(112.,-98.5,0.));
#13063 = VECTOR('',#13064,1.);
#13064 = DIRECTION('',(0.,0.,-1.));
#13065 = ORIENTED_EDGE('',*,*,#13066,.T.);
#13066 = EDGE_CURVE('',#13059,#13017,#13067,.T.);
#13067 = LINE('',#13068,#13069);
#13068 = CARTESIAN_POINT('',(112.,-98.5,-4.E-02));
#13069 = VECTOR('',#13070,1.);
#13070 = DIRECTION('',(0.,-1.,0.));
#13071 = ORIENTED_EDGE('',*,*,#13014,.F.);
#13072 = ORIENTED_EDGE('',*,*,#13073,.F.);
#13073 = EDGE_CURVE('',#13057,#13015,#13074,.T.);
#13074 = LINE('',#13075,#13076);
#13075 = CARTESIAN_POINT('',(112.,-98.5,0.));
#13076 = VECTOR('',#13077,1.);
#13077 = DIRECTION('',(0.,-1.,0.));
#13078 = PLANE('',#13079);
#13079 = AXIS2_PLACEMENT_3D('',#13080,#13081,#13082);
#13080 = CARTESIAN_POINT('',(112.,-98.5,0.));
#13081 = DIRECTION('',(-1.,-0.,-0.));
#13082 = DIRECTION('',(0.,-1.,0.));
#13083 = ADVANCED_FACE('',(#13084),#13109,.F.);
#13084 = FACE_BOUND('',#13085,.F.);
#13085 = EDGE_LOOP('',(#13086,#13087,#13095,#13103));
#13086 = ORIENTED_EDGE('',*,*,#13033,.T.);
#13087 = ORIENTED_EDGE('',*,*,#13088,.T.);
#13088 = EDGE_CURVE('',#13025,#13089,#13091,.T.);
#13089 = VERTEX_POINT('',#13090);
#13090 = CARTESIAN_POINT('',(109.5,-98.5,-4.E-02));
#13091 = LINE('',#13092,#13093);
#13092 = CARTESIAN_POINT('',(109.5,-101.,-4.E-02));
#13093 = VECTOR('',#13094,1.);
#13094 = DIRECTION('',(0.,1.,0.));
#13095 = ORIENTED_EDGE('',*,*,#13096,.F.);
#13096 = EDGE_CURVE('',#13097,#13089,#13099,.T.);
#13097 = VERTEX_POINT('',#13098);
#13098 = CARTESIAN_POINT('',(109.5,-98.5,0.));
#13099 = LINE('',#13100,#13101);
#13100 = CARTESIAN_POINT('',(109.5,-98.5,0.));
#13101 = VECTOR('',#13102,1.);
#13102 = DIRECTION('',(0.,0.,-1.));
#13103 = ORIENTED_EDGE('',*,*,#13104,.F.);
#13104 = EDGE_CURVE('',#13034,#13097,#13105,.T.);
#13105 = LINE('',#13106,#13107);
#13106 = CARTESIAN_POINT('',(109.5,-101.,0.));
#13107 = VECTOR('',#13108,1.);
#13108 = DIRECTION('',(0.,1.,0.));
#13109 = PLANE('',#13110);
#13110 = AXIS2_PLACEMENT_3D('',#13111,#13112,#13113);
#13111 = CARTESIAN_POINT('',(109.5,-101.,0.));
#13112 = DIRECTION('',(1.,-0.,0.));
#13113 = DIRECTION('',(0.,1.,0.));
#13114 = ADVANCED_FACE('',(#13115,#13127),#13163,.F.);
#13115 = FACE_BOUND('',#13116,.F.);
#13116 = EDGE_LOOP('',(#13117,#13118,#13119,#13126));
#13117 = ORIENTED_EDGE('',*,*,#13041,.T.);
#13118 = ORIENTED_EDGE('',*,*,#13104,.T.);
#13119 = ORIENTED_EDGE('',*,*,#13120,.T.);
#13120 = EDGE_CURVE('',#13097,#13057,#13121,.T.);
#13121 = CIRCLE('',#13122,1.25);
#13122 = AXIS2_PLACEMENT_3D('',#13123,#13124,#13125);
#13123 = CARTESIAN_POINT('',(110.75,-98.50000054114,0.));
#13124 = DIRECTION('',(0.,0.,-1.));
#13125 = DIRECTION('',(-1.,4.329175453676E-07,0.));
#13126 = ORIENTED_EDGE('',*,*,#13073,.T.);
#13127 = FACE_BOUND('',#13128,.F.);
#13128 = EDGE_LOOP('',(#13129,#13140,#13148,#13157));
#13129 = ORIENTED_EDGE('',*,*,#13130,.F.);
#13130 = EDGE_CURVE('',#13131,#13133,#13135,.T.);
#13131 = VERTEX_POINT('',#13132);
#13132 = CARTESIAN_POINT('',(110.024989,-98.500015,0.));
#13133 = VERTEX_POINT('',#13134);
#13134 = CARTESIAN_POINT('',(111.475011,-98.500015,0.));
#13135 = CIRCLE('',#13136,0.725011);
#13136 = AXIS2_PLACEMENT_3D('',#13137,#13138,#13139);
#13137 = CARTESIAN_POINT('',(110.75,-98.500015,0.));
#13138 = DIRECTION('',(0.,-0.,-1.));
#13139 = DIRECTION('',(1.,-1.960088152483E-14,0.));
#13140 = ORIENTED_EDGE('',*,*,#13141,.T.);
#13141 = EDGE_CURVE('',#13131,#13142,#13144,.T.);
#13142 = VERTEX_POINT('',#13143);
#13143 = CARTESIAN_POINT('',(110.024989,-100.999985,0.));
#13144 = LINE('',#13145,#13146);
#13145 = CARTESIAN_POINT('',(110.024989,-49.2500075,0.));
#13146 = VECTOR('',#13147,1.);
#13147 = DIRECTION('',(0.,-1.,0.));
#13148 = ORIENTED_EDGE('',*,*,#13149,.F.);
#13149 = EDGE_CURVE('',#13150,#13142,#13152,.T.);
#13150 = VERTEX_POINT('',#13151);
#13151 = CARTESIAN_POINT('',(111.475011,-100.999985,0.));
#13152 = CIRCLE('',#13153,0.725011);
#13153 = AXIS2_PLACEMENT_3D('',#13154,#13155,#13156);
#13154 = CARTESIAN_POINT('',(110.75,-100.999985,0.));
#13155 = DIRECTION('',(-0.,0.,-1.));
#13156 = DIRECTION('',(-1.,1.960088152483E-14,0.));
#13157 = ORIENTED_EDGE('',*,*,#13158,.T.);
#13158 = EDGE_CURVE('',#13150,#13133,#13159,.T.);
#13159 = LINE('',#13160,#13161);
#13160 = CARTESIAN_POINT('',(111.475011,-50.4999925,0.));
#13161 = VECTOR('',#13162,1.);
#13162 = DIRECTION('',(0.,1.,-0.));
#13163 = PLANE('',#13164);
#13164 = AXIS2_PLACEMENT_3D('',#13165,#13166,#13167);
#13165 = CARTESIAN_POINT('',(0.,0.,0.));
#13166 = DIRECTION('',(-0.,-0.,-1.));
#13167 = DIRECTION('',(-1.,0.,0.));
#13168 = ADVANCED_FACE('',(#13169,#13181),#13217,.T.);
#13169 = FACE_BOUND('',#13170,.T.);
#13170 = EDGE_LOOP('',(#13171,#13172,#13173,#13180));
#13171 = ORIENTED_EDGE('',*,*,#13024,.T.);
#13172 = ORIENTED_EDGE('',*,*,#13088,.T.);
#13173 = ORIENTED_EDGE('',*,*,#13174,.T.);
#13174 = EDGE_CURVE('',#13089,#13059,#13175,.T.);
#13175 = CIRCLE('',#13176,1.25);
#13176 = AXIS2_PLACEMENT_3D('',#13177,#13178,#13179);
#13177 = CARTESIAN_POINT('',(110.75,-98.50000054114,-4.E-02));
#13178 = DIRECTION('',(0.,0.,-1.));
#13179 = DIRECTION('',(-1.,4.329175453676E-07,0.));
#13180 = ORIENTED_EDGE('',*,*,#13066,.T.);
#13181 = FACE_BOUND('',#13182,.T.);
#13182 = EDGE_LOOP('',(#13183,#13194,#13202,#13211));
#13183 = ORIENTED_EDGE('',*,*,#13184,.F.);
#13184 = EDGE_CURVE('',#13185,#13187,#13189,.T.);
#13185 = VERTEX_POINT('',#13186);
#13186 = CARTESIAN_POINT('',(110.024989,-98.500015,-4.E-02));
#13187 = VERTEX_POINT('',#13188);
#13188 = CARTESIAN_POINT('',(111.475011,-98.500015,-4.E-02));
#13189 = CIRCLE('',#13190,0.725011);
#13190 = AXIS2_PLACEMENT_3D('',#13191,#13192,#13193);
#13191 = CARTESIAN_POINT('',(110.75,-98.500015,-4.E-02));
#13192 = DIRECTION('',(0.,-0.,-1.));
#13193 = DIRECTION('',(1.,-1.960088152483E-14,0.));
#13194 = ORIENTED_EDGE('',*,*,#13195,.T.);
#13195 = EDGE_CURVE('',#13185,#13196,#13198,.T.);
#13196 = VERTEX_POINT('',#13197);
#13197 = CARTESIAN_POINT('',(110.024989,-100.999985,-4.E-02));
#13198 = LINE('',#13199,#13200);
#13199 = CARTESIAN_POINT('',(110.024989,-49.2500075,-4.E-02));
#13200 = VECTOR('',#13201,1.);
#13201 = DIRECTION('',(0.,-1.,0.));
#13202 = ORIENTED_EDGE('',*,*,#13203,.F.);
#13203 = EDGE_CURVE('',#13204,#13196,#13206,.T.);
#13204 = VERTEX_POINT('',#13205);
#13205 = CARTESIAN_POINT('',(111.475011,-100.999985,-4.E-02));
#13206 = CIRCLE('',#13207,0.725011);
#13207 = AXIS2_PLACEMENT_3D('',#13208,#13209,#13210);
#13208 = CARTESIAN_POINT('',(110.75,-100.999985,-4.E-02));
#13209 = DIRECTION('',(-0.,0.,-1.));
#13210 = DIRECTION('',(-1.,1.960088152483E-14,0.));
#13211 = ORIENTED_EDGE('',*,*,#13212,.T.);
#13212 = EDGE_CURVE('',#13204,#13187,#13213,.T.);
#13213 = LINE('',#13214,#13215);
#13214 = CARTESIAN_POINT('',(111.475011,-50.4999925,-4.E-02));
#13215 = VECTOR('',#13216,1.);
#13216 = DIRECTION('',(0.,1.,-0.));
#13217 = PLANE('',#13218);
#13218 = AXIS2_PLACEMENT_3D('',#13219,#13220,#13221);
#13219 = CARTESIAN_POINT('',(0.,0.,-4.E-02));
#13220 = DIRECTION('',(-0.,-0.,-1.));
#13221 = DIRECTION('',(-1.,0.,0.));
#13222 = ADVANCED_FACE('',(#13223),#13229,.T.);
#13223 = FACE_BOUND('',#13224,.F.);
#13224 = EDGE_LOOP('',(#13225,#13226,#13227,#13228));
#13225 = ORIENTED_EDGE('',*,*,#13096,.T.);
#13226 = ORIENTED_EDGE('',*,*,#13174,.T.);
#13227 = ORIENTED_EDGE('',*,*,#13056,.F.);
#13228 = ORIENTED_EDGE('',*,*,#13120,.F.);
#13229 = CYLINDRICAL_SURFACE('',#13230,1.25);
#13230 = AXIS2_PLACEMENT_3D('',#13231,#13232,#13233);
#13231 = CARTESIAN_POINT('',(110.75,-98.50000054114,0.));
#13232 = DIRECTION('',(-0.,-0.,1.));
#13233 = DIRECTION('',(-1.,4.329175453676E-07,0.));
#13234 = ADVANCED_FACE('',(#13235),#13251,.F.);
#13235 = FACE_BOUND('',#13236,.T.);
#13236 = EDGE_LOOP('',(#13237,#13238,#13244,#13245));
#13237 = ORIENTED_EDGE('',*,*,#13184,.T.);
#13238 = ORIENTED_EDGE('',*,*,#13239,.T.);
#13239 = EDGE_CURVE('',#13187,#13133,#13240,.T.);
#13240 = LINE('',#13241,#13242);
#13241 = CARTESIAN_POINT('',(111.475011,-98.500015,-4.6E-02));
#13242 = VECTOR('',#13243,1.);
#13243 = DIRECTION('',(0.,0.,1.));
#13244 = ORIENTED_EDGE('',*,*,#13130,.F.);
#13245 = ORIENTED_EDGE('',*,*,#13246,.F.);
#13246 = EDGE_CURVE('',#13185,#13131,#13247,.T.);
#13247 = LINE('',#13248,#13249);
#13248 = CARTESIAN_POINT('',(110.024989,-98.500015,-4.6E-02));
#13249 = VECTOR('',#13250,1.);
#13250 = DIRECTION('',(0.,0.,1.));
#13251 = CYLINDRICAL_SURFACE('',#13252,0.725011);
#13252 = AXIS2_PLACEMENT_3D('',#13253,#13254,#13255);
#13253 = CARTESIAN_POINT('',(110.75,-98.500015,-4.6E-02));
#13254 = DIRECTION('',(-0.,-0.,-1.));
#13255 = DIRECTION('',(1.,-1.960088152483E-14,0.));
#13256 = ADVANCED_FACE('',(#13257),#13268,.T.);
#13257 = FACE_BOUND('',#13258,.T.);
#13258 = EDGE_LOOP('',(#13259,#13260,#13266,#13267));
#13259 = ORIENTED_EDGE('',*,*,#13212,.F.);
#13260 = ORIENTED_EDGE('',*,*,#13261,.T.);
#13261 = EDGE_CURVE('',#13204,#13150,#13262,.T.);
#13262 = LINE('',#13263,#13264);
#13263 = CARTESIAN_POINT('',(111.475011,-100.999985,-4.6E-02));
#13264 = VECTOR('',#13265,1.);
#13265 = DIRECTION('',(0.,0.,1.));
#13266 = ORIENTED_EDGE('',*,*,#13158,.T.);
#13267 = ORIENTED_EDGE('',*,*,#13239,.F.);
#13268 = PLANE('',#13269);
#13269 = AXIS2_PLACEMENT_3D('',#13270,#13271,#13272);
#13270 = CARTESIAN_POINT('',(111.475011,-100.999985,-4.6E-02));
#13271 = DIRECTION('',(-1.,0.,0.));
#13272 = DIRECTION('',(0.,1.,0.));
#13273 = ADVANCED_FACE('',(#13274),#13285,.F.);
#13274 = FACE_BOUND('',#13275,.T.);
#13275 = EDGE_LOOP('',(#13276,#13277,#13283,#13284));
#13276 = ORIENTED_EDGE('',*,*,#13203,.T.);
#13277 = ORIENTED_EDGE('',*,*,#13278,.T.);
#13278 = EDGE_CURVE('',#13196,#13142,#13279,.T.);
#13279 = LINE('',#13280,#13281);
#13280 = CARTESIAN_POINT('',(110.024989,-100.999985,-4.6E-02));
#13281 = VECTOR('',#13282,1.);
#13282 = DIRECTION('',(0.,0.,1.));
#13283 = ORIENTED_EDGE('',*,*,#13149,.F.);
#13284 = ORIENTED_EDGE('',*,*,#13261,.F.);
#13285 = CYLINDRICAL_SURFACE('',#13286,0.725011);
#13286 = AXIS2_PLACEMENT_3D('',#13287,#13288,#13289);
#13287 = CARTESIAN_POINT('',(110.75,-100.999985,-4.6E-02));
#13288 = DIRECTION('',(-0.,-0.,-1.));
#13289 = DIRECTION('',(-1.,1.960088152483E-14,-0.));
#13290 = ADVANCED_FACE('',(#13291),#13297,.T.);
#13291 = FACE_BOUND('',#13292,.T.);
#13292 = EDGE_LOOP('',(#13293,#13294,#13295,#13296));
#13293 = ORIENTED_EDGE('',*,*,#13195,.F.);
#13294 = ORIENTED_EDGE('',*,*,#13246,.T.);
#13295 = ORIENTED_EDGE('',*,*,#13141,.T.);
#13296 = ORIENTED_EDGE('',*,*,#13278,.F.);
#13297 = PLANE('',#13298);
#13298 = AXIS2_PLACEMENT_3D('',#13299,#13300,#13301);
#13299 = CARTESIAN_POINT('',(110.024989,-98.500015,-4.6E-02));
#13300 = DIRECTION('',(1.,0.,-0.));
#13301 = DIRECTION('',(0.,-1.,0.));
#13302 = MANIFOLD_SOLID_BREP('',#13303);
#13303 = CLOSED_SHELL('',(#13304,#13344,#13377,#13410,#13463,#13516,
    #13528,#13550,#13567,#13584));
#13304 = ADVANCED_FACE('',(#13305),#13339,.F.);
#13305 = FACE_BOUND('',#13306,.F.);
#13306 = EDGE_LOOP('',(#13307,#13317,#13325,#13333));
#13307 = ORIENTED_EDGE('',*,*,#13308,.T.);
#13308 = EDGE_CURVE('',#13309,#13311,#13313,.T.);
#13309 = VERTEX_POINT('',#13310);
#13310 = CARTESIAN_POINT('',(109.999989,-98.500015,-4.E-02));
#13311 = VERTEX_POINT('',#13312);
#13312 = CARTESIAN_POINT('',(109.999989,-98.500015,1.55));
#13313 = LINE('',#13314,#13315);
#13314 = CARTESIAN_POINT('',(109.999989,-98.500015,-4.E-02));
#13315 = VECTOR('',#13316,1.);
#13316 = DIRECTION('',(0.,0.,1.));
#13317 = ORIENTED_EDGE('',*,*,#13318,.T.);
#13318 = EDGE_CURVE('',#13311,#13319,#13321,.T.);
#13319 = VERTEX_POINT('',#13320);
#13320 = CARTESIAN_POINT('',(109.999989,-100.999985,1.55));
#13321 = LINE('',#13322,#13323);
#13322 = CARTESIAN_POINT('',(109.999989,-98.500015,1.55));
#13323 = VECTOR('',#13324,1.);
#13324 = DIRECTION('',(0.,-1.,0.));
#13325 = ORIENTED_EDGE('',*,*,#13326,.F.);
#13326 = EDGE_CURVE('',#13327,#13319,#13329,.T.);
#13327 = VERTEX_POINT('',#13328);
#13328 = CARTESIAN_POINT('',(109.999989,-100.999985,-4.E-02));
#13329 = LINE('',#13330,#13331);
#13330 = CARTESIAN_POINT('',(109.999989,-100.999985,-4.E-02));
#13331 = VECTOR('',#13332,1.);
#13332 = DIRECTION('',(0.,0.,1.));
#13333 = ORIENTED_EDGE('',*,*,#13334,.F.);
#13334 = EDGE_CURVE('',#13309,#13327,#13335,.T.);
#13335 = LINE('',#13336,#13337);
#13336 = CARTESIAN_POINT('',(109.999989,-98.500015,-4.E-02));
#13337 = VECTOR('',#13338,1.);
#13338 = DIRECTION('',(0.,-1.,0.));
#13339 = PLANE('',#13340);
#13340 = AXIS2_PLACEMENT_3D('',#13341,#13342,#13343);
#13341 = CARTESIAN_POINT('',(109.999989,-98.500015,-4.E-02));
#13342 = DIRECTION('',(1.,0.,-0.));
#13343 = DIRECTION('',(0.,-1.,0.));
#13344 = ADVANCED_FACE('',(#13345),#13372,.T.);
#13345 = FACE_BOUND('',#13346,.F.);
#13346 = EDGE_LOOP('',(#13347,#13357,#13364,#13365));
#13347 = ORIENTED_EDGE('',*,*,#13348,.T.);
#13348 = EDGE_CURVE('',#13349,#13351,#13353,.T.);
#13349 = VERTEX_POINT('',#13350);
#13350 = CARTESIAN_POINT('',(111.500011,-98.500015,-4.E-02));
#13351 = VERTEX_POINT('',#13352);
#13352 = CARTESIAN_POINT('',(111.500011,-98.500015,1.55));
#13353 = LINE('',#13354,#13355);
#13354 = CARTESIAN_POINT('',(111.500011,-98.500015,-4.E-02));
#13355 = VECTOR('',#13356,1.);
#13356 = DIRECTION('',(0.,0.,1.));
#13357 = ORIENTED_EDGE('',*,*,#13358,.T.);
#13358 = EDGE_CURVE('',#13351,#13311,#13359,.T.);
#13359 = CIRCLE('',#13360,0.750011);
#13360 = AXIS2_PLACEMENT_3D('',#13361,#13362,#13363);
#13361 = CARTESIAN_POINT('',(110.75,-98.500015,1.55));
#13362 = DIRECTION('',(0.,0.,1.));
#13363 = DIRECTION('',(1.,0.,-0.));
#13364 = ORIENTED_EDGE('',*,*,#13308,.F.);
#13365 = ORIENTED_EDGE('',*,*,#13366,.F.);
#13366 = EDGE_CURVE('',#13349,#13309,#13367,.T.);
#13367 = CIRCLE('',#13368,0.750011);
#13368 = AXIS2_PLACEMENT_3D('',#13369,#13370,#13371);
#13369 = CARTESIAN_POINT('',(110.75,-98.500015,-4.E-02));
#13370 = DIRECTION('',(0.,0.,1.));
#13371 = DIRECTION('',(1.,0.,-0.));
#13372 = CYLINDRICAL_SURFACE('',#13373,0.750011);
#13373 = AXIS2_PLACEMENT_3D('',#13374,#13375,#13376);
#13374 = CARTESIAN_POINT('',(110.75,-98.500015,-4.E-02));
#13375 = DIRECTION('',(-0.,-0.,-1.));
#13376 = DIRECTION('',(1.,0.,-0.));
#13377 = ADVANCED_FACE('',(#13378),#13405,.T.);
#13378 = FACE_BOUND('',#13379,.F.);
#13379 = EDGE_LOOP('',(#13380,#13381,#13390,#13398));
#13380 = ORIENTED_EDGE('',*,*,#13326,.T.);
#13381 = ORIENTED_EDGE('',*,*,#13382,.T.);
#13382 = EDGE_CURVE('',#13319,#13383,#13385,.T.);
#13383 = VERTEX_POINT('',#13384);
#13384 = CARTESIAN_POINT('',(111.500011,-100.999985,1.55));
#13385 = CIRCLE('',#13386,0.750011);
#13386 = AXIS2_PLACEMENT_3D('',#13387,#13388,#13389);
#13387 = CARTESIAN_POINT('',(110.75,-100.999985,1.55));
#13388 = DIRECTION('',(0.,0.,1.));
#13389 = DIRECTION('',(-1.,0.,-0.));
#13390 = ORIENTED_EDGE('',*,*,#13391,.F.);
#13391 = EDGE_CURVE('',#13392,#13383,#13394,.T.);
#13392 = VERTEX_POINT('',#13393);
#13393 = CARTESIAN_POINT('',(111.500011,-100.999985,-4.E-02));
#13394 = LINE('',#13395,#13396);
#13395 = CARTESIAN_POINT('',(111.500011,-100.999985,-4.E-02));
#13396 = VECTOR('',#13397,1.);
#13397 = DIRECTION('',(0.,0.,1.));
#13398 = ORIENTED_EDGE('',*,*,#13399,.F.);
#13399 = EDGE_CURVE('',#13327,#13392,#13400,.T.);
#13400 = CIRCLE('',#13401,0.750011);
#13401 = AXIS2_PLACEMENT_3D('',#13402,#13403,#13404);
#13402 = CARTESIAN_POINT('',(110.75,-100.999985,-4.E-02));
#13403 = DIRECTION('',(0.,0.,1.));
#13404 = DIRECTION('',(-1.,0.,-0.));
#13405 = CYLINDRICAL_SURFACE('',#13406,0.750011);
#13406 = AXIS2_PLACEMENT_3D('',#13407,#13408,#13409);
#13407 = CARTESIAN_POINT('',(110.75,-100.999985,-4.E-02));
#13408 = DIRECTION('',(-0.,-0.,-1.));
#13409 = DIRECTION('',(-1.,0.,-0.));
#13410 = ADVANCED_FACE('',(#13411,#13422),#13458,.F.);
#13411 = FACE_BOUND('',#13412,.F.);
#13412 = EDGE_LOOP('',(#13413,#13414,#13415,#13421));
#13413 = ORIENTED_EDGE('',*,*,#13334,.T.);
#13414 = ORIENTED_EDGE('',*,*,#13399,.T.);
#13415 = ORIENTED_EDGE('',*,*,#13416,.T.);
#13416 = EDGE_CURVE('',#13392,#13349,#13417,.T.);
#13417 = LINE('',#13418,#13419);
#13418 = CARTESIAN_POINT('',(111.500011,-100.999985,-4.E-02));
#13419 = VECTOR('',#13420,1.);
#13420 = DIRECTION('',(0.,1.,0.));
#13421 = ORIENTED_EDGE('',*,*,#13366,.T.);
#13422 = FACE_BOUND('',#13423,.F.);
#13423 = EDGE_LOOP('',(#13424,#13435,#13443,#13452));
#13424 = ORIENTED_EDGE('',*,*,#13425,.T.);
#13425 = EDGE_CURVE('',#13426,#13428,#13430,.T.);
#13426 = VERTEX_POINT('',#13427);
#13427 = CARTESIAN_POINT('',(111.475011,-100.999985,-4.E-02));
#13428 = VERTEX_POINT('',#13429);
#13429 = CARTESIAN_POINT('',(110.024989,-100.999985,-4.E-02));
#13430 = CIRCLE('',#13431,0.725011);
#13431 = AXIS2_PLACEMENT_3D('',#13432,#13433,#13434);
#13432 = CARTESIAN_POINT('',(110.75,-100.999985,-4.E-02));
#13433 = DIRECTION('',(-0.,0.,-1.));
#13434 = DIRECTION('',(-1.,1.960088152483E-14,0.));
#13435 = ORIENTED_EDGE('',*,*,#13436,.T.);
#13436 = EDGE_CURVE('',#13428,#13437,#13439,.T.);
#13437 = VERTEX_POINT('',#13438);
#13438 = CARTESIAN_POINT('',(110.024989,-98.500015,-4.E-02));
#13439 = LINE('',#13440,#13441);
#13440 = CARTESIAN_POINT('',(110.024989,-98.500015,-4.E-02));
#13441 = VECTOR('',#13442,1.);
#13442 = DIRECTION('',(-0.,1.,0.));
#13443 = ORIENTED_EDGE('',*,*,#13444,.T.);
#13444 = EDGE_CURVE('',#13437,#13445,#13447,.T.);
#13445 = VERTEX_POINT('',#13446);
#13446 = CARTESIAN_POINT('',(111.475011,-98.500015,-4.E-02));
#13447 = CIRCLE('',#13448,0.725011);
#13448 = AXIS2_PLACEMENT_3D('',#13449,#13450,#13451);
#13449 = CARTESIAN_POINT('',(110.75,-98.500015,-4.E-02));
#13450 = DIRECTION('',(0.,-0.,-1.));
#13451 = DIRECTION('',(1.,-1.960088152483E-14,0.));
#13452 = ORIENTED_EDGE('',*,*,#13453,.T.);
#13453 = EDGE_CURVE('',#13445,#13426,#13454,.T.);
#13454 = LINE('',#13455,#13456);
#13455 = CARTESIAN_POINT('',(111.475011,-99.75,-4.E-02));
#13456 = VECTOR('',#13457,1.);
#13457 = DIRECTION('',(0.,-1.,0.));
#13458 = PLANE('',#13459);
#13459 = AXIS2_PLACEMENT_3D('',#13460,#13461,#13462);
#13460 = CARTESIAN_POINT('',(109.999989,-98.500015,-4.E-02));
#13461 = DIRECTION('',(0.,0.,1.));
#13462 = DIRECTION('',(1.,0.,-0.));
#13463 = ADVANCED_FACE('',(#13464,#13475),#13511,.T.);
#13464 = FACE_BOUND('',#13465,.T.);
#13465 = EDGE_LOOP('',(#13466,#13467,#13468,#13474));
#13466 = ORIENTED_EDGE('',*,*,#13318,.T.);
#13467 = ORIENTED_EDGE('',*,*,#13382,.T.);
#13468 = ORIENTED_EDGE('',*,*,#13469,.T.);
#13469 = EDGE_CURVE('',#13383,#13351,#13470,.T.);
#13470 = LINE('',#13471,#13472);
#13471 = CARTESIAN_POINT('',(111.500011,-100.999985,1.55));
#13472 = VECTOR('',#13473,1.);
#13473 = DIRECTION('',(0.,1.,0.));
#13474 = ORIENTED_EDGE('',*,*,#13358,.T.);
#13475 = FACE_BOUND('',#13476,.T.);
#13476 = EDGE_LOOP('',(#13477,#13488,#13496,#13505));
#13477 = ORIENTED_EDGE('',*,*,#13478,.T.);
#13478 = EDGE_CURVE('',#13479,#13481,#13483,.T.);
#13479 = VERTEX_POINT('',#13480);
#13480 = CARTESIAN_POINT('',(111.475011,-100.999985,1.55));
#13481 = VERTEX_POINT('',#13482);
#13482 = CARTESIAN_POINT('',(110.024989,-100.999985,1.55));
#13483 = CIRCLE('',#13484,0.725011);
#13484 = AXIS2_PLACEMENT_3D('',#13485,#13486,#13487);
#13485 = CARTESIAN_POINT('',(110.75,-100.999985,1.55));
#13486 = DIRECTION('',(-0.,0.,-1.));
#13487 = DIRECTION('',(-1.,1.960088152483E-14,0.));
#13488 = ORIENTED_EDGE('',*,*,#13489,.T.);
#13489 = EDGE_CURVE('',#13481,#13490,#13492,.T.);
#13490 = VERTEX_POINT('',#13491);
#13491 = CARTESIAN_POINT('',(110.024989,-98.500015,1.55));
#13492 = LINE('',#13493,#13494);
#13493 = CARTESIAN_POINT('',(110.024989,-98.500015,1.55));
#13494 = VECTOR('',#13495,1.);
#13495 = DIRECTION('',(-0.,1.,0.));
#13496 = ORIENTED_EDGE('',*,*,#13497,.T.);
#13497 = EDGE_CURVE('',#13490,#13498,#13500,.T.);
#13498 = VERTEX_POINT('',#13499);
#13499 = CARTESIAN_POINT('',(111.475011,-98.500015,1.55));
#13500 = CIRCLE('',#13501,0.725011);
#13501 = AXIS2_PLACEMENT_3D('',#13502,#13503,#13504);
#13502 = CARTESIAN_POINT('',(110.75,-98.500015,1.55));
#13503 = DIRECTION('',(0.,-0.,-1.));
#13504 = DIRECTION('',(1.,-1.960088152483E-14,0.));
#13505 = ORIENTED_EDGE('',*,*,#13506,.T.);
#13506 = EDGE_CURVE('',#13498,#13479,#13507,.T.);
#13507 = LINE('',#13508,#13509);
#13508 = CARTESIAN_POINT('',(111.475011,-99.75,1.55));
#13509 = VECTOR('',#13510,1.);
#13510 = DIRECTION('',(0.,-1.,0.));
#13511 = PLANE('',#13512);
#13512 = AXIS2_PLACEMENT_3D('',#13513,#13514,#13515);
#13513 = CARTESIAN_POINT('',(109.999989,-98.500015,1.55));
#13514 = DIRECTION('',(0.,0.,1.));
#13515 = DIRECTION('',(1.,0.,-0.));
#13516 = ADVANCED_FACE('',(#13517),#13523,.F.);
#13517 = FACE_BOUND('',#13518,.F.);
#13518 = EDGE_LOOP('',(#13519,#13520,#13521,#13522));
#13519 = ORIENTED_EDGE('',*,*,#13391,.T.);
#13520 = ORIENTED_EDGE('',*,*,#13469,.T.);
#13521 = ORIENTED_EDGE('',*,*,#13348,.F.);
#13522 = ORIENTED_EDGE('',*,*,#13416,.F.);
#13523 = PLANE('',#13524);
#13524 = AXIS2_PLACEMENT_3D('',#13525,#13526,#13527);
#13525 = CARTESIAN_POINT('',(111.500011,-100.999985,-4.E-02));
#13526 = DIRECTION('',(-1.,0.,0.));
#13527 = DIRECTION('',(0.,1.,0.));
#13528 = ADVANCED_FACE('',(#13529),#13545,.F.);
#13529 = FACE_BOUND('',#13530,.T.);
#13530 = EDGE_LOOP('',(#13531,#13532,#13538,#13539));
#13531 = ORIENTED_EDGE('',*,*,#13425,.T.);
#13532 = ORIENTED_EDGE('',*,*,#13533,.T.);
#13533 = EDGE_CURVE('',#13428,#13481,#13534,.T.);
#13534 = LINE('',#13535,#13536);
#13535 = CARTESIAN_POINT('',(110.024989,-100.999985,-4.6E-02));
#13536 = VECTOR('',#13537,1.);
#13537 = DIRECTION('',(0.,0.,1.));
#13538 = ORIENTED_EDGE('',*,*,#13478,.F.);
#13539 = ORIENTED_EDGE('',*,*,#13540,.F.);
#13540 = EDGE_CURVE('',#13426,#13479,#13541,.T.);
#13541 = LINE('',#13542,#13543);
#13542 = CARTESIAN_POINT('',(111.475011,-100.999985,-4.6E-02));
#13543 = VECTOR('',#13544,1.);
#13544 = DIRECTION('',(0.,0.,1.));
#13545 = CYLINDRICAL_SURFACE('',#13546,0.725011);
#13546 = AXIS2_PLACEMENT_3D('',#13547,#13548,#13549);
#13547 = CARTESIAN_POINT('',(110.75,-100.999985,-4.6E-02));
#13548 = DIRECTION('',(-0.,-0.,-1.));
#13549 = DIRECTION('',(-1.,1.960088152483E-14,-0.));
#13550 = ADVANCED_FACE('',(#13551),#13562,.T.);
#13551 = FACE_BOUND('',#13552,.T.);
#13552 = EDGE_LOOP('',(#13553,#13554,#13555,#13556));
#13553 = ORIENTED_EDGE('',*,*,#13453,.T.);
#13554 = ORIENTED_EDGE('',*,*,#13540,.T.);
#13555 = ORIENTED_EDGE('',*,*,#13506,.F.);
#13556 = ORIENTED_EDGE('',*,*,#13557,.F.);
#13557 = EDGE_CURVE('',#13445,#13498,#13558,.T.);
#13558 = LINE('',#13559,#13560);
#13559 = CARTESIAN_POINT('',(111.475011,-98.500015,-4.6E-02));
#13560 = VECTOR('',#13561,1.);
#13561 = DIRECTION('',(0.,0.,1.));
#13562 = PLANE('',#13563);
#13563 = AXIS2_PLACEMENT_3D('',#13564,#13565,#13566);
#13564 = CARTESIAN_POINT('',(111.475011,-100.999985,-4.6E-02));
#13565 = DIRECTION('',(-1.,0.,0.));
#13566 = DIRECTION('',(0.,1.,0.));
#13567 = ADVANCED_FACE('',(#13568),#13579,.F.);
#13568 = FACE_BOUND('',#13569,.T.);
#13569 = EDGE_LOOP('',(#13570,#13571,#13572,#13573));
#13570 = ORIENTED_EDGE('',*,*,#13444,.T.);
#13571 = ORIENTED_EDGE('',*,*,#13557,.T.);
#13572 = ORIENTED_EDGE('',*,*,#13497,.F.);
#13573 = ORIENTED_EDGE('',*,*,#13574,.F.);
#13574 = EDGE_CURVE('',#13437,#13490,#13575,.T.);
#13575 = LINE('',#13576,#13577);
#13576 = CARTESIAN_POINT('',(110.024989,-98.500015,-4.6E-02));
#13577 = VECTOR('',#13578,1.);
#13578 = DIRECTION('',(0.,0.,1.));
#13579 = CYLINDRICAL_SURFACE('',#13580,0.725011);
#13580 = AXIS2_PLACEMENT_3D('',#13581,#13582,#13583);
#13581 = CARTESIAN_POINT('',(110.75,-98.500015,-4.6E-02));
#13582 = DIRECTION('',(-0.,-0.,-1.));
#13583 = DIRECTION('',(1.,-1.960088152483E-14,0.));
#13584 = ADVANCED_FACE('',(#13585),#13591,.T.);
#13585 = FACE_BOUND('',#13586,.T.);
#13586 = EDGE_LOOP('',(#13587,#13588,#13589,#13590));
#13587 = ORIENTED_EDGE('',*,*,#13436,.T.);
#13588 = ORIENTED_EDGE('',*,*,#13574,.T.);
#13589 = ORIENTED_EDGE('',*,*,#13489,.F.);
#13590 = ORIENTED_EDGE('',*,*,#13533,.F.);
#13591 = PLANE('',#13592);
#13592 = AXIS2_PLACEMENT_3D('',#13593,#13594,#13595);
#13593 = CARTESIAN_POINT('',(110.024989,-98.500015,-4.6E-02));
#13594 = DIRECTION('',(1.,0.,-0.));
#13595 = DIRECTION('',(0.,-1.,0.));
#13596 = MANIFOLD_SOLID_BREP('',#13597);
#13597 = CLOSED_SHELL('',(#13598,#13631,#13640));
#13598 = ADVANCED_FACE('',(#13599),#13626,.T.);
#13599 = FACE_BOUND('',#13600,.T.);
#13600 = EDGE_LOOP('',(#13601,#13611,#13618,#13619));
#13601 = ORIENTED_EDGE('',*,*,#13602,.T.);
#13602 = EDGE_CURVE('',#13603,#13605,#13607,.T.);
#13603 = VERTEX_POINT('',#13604);
#13604 = CARTESIAN_POINT('',(102.95,-111.1,0.));
#13605 = VERTEX_POINT('',#13606);
#13606 = CARTESIAN_POINT('',(102.95,-111.1,-4.E-02));
#13607 = LINE('',#13608,#13609);
#13608 = CARTESIAN_POINT('',(102.95,-111.1,0.));
#13609 = VECTOR('',#13610,1.);
#13610 = DIRECTION('',(0.,0.,-1.));
#13611 = ORIENTED_EDGE('',*,*,#13612,.T.);
#13612 = EDGE_CURVE('',#13605,#13605,#13613,.T.);
#13613 = CIRCLE('',#13614,0.5);
#13614 = AXIS2_PLACEMENT_3D('',#13615,#13616,#13617);
#13615 = CARTESIAN_POINT('',(102.45,-111.1,-4.E-02));
#13616 = DIRECTION('',(0.,0.,1.));
#13617 = DIRECTION('',(1.,0.,-0.));
#13618 = ORIENTED_EDGE('',*,*,#13602,.F.);
#13619 = ORIENTED_EDGE('',*,*,#13620,.F.);
#13620 = EDGE_CURVE('',#13603,#13603,#13621,.T.);
#13621 = CIRCLE('',#13622,0.5);
#13622 = AXIS2_PLACEMENT_3D('',#13623,#13624,#13625);
#13623 = CARTESIAN_POINT('',(102.45,-111.1,0.));
#13624 = DIRECTION('',(0.,0.,1.));
#13625 = DIRECTION('',(1.,0.,-0.));
#13626 = CYLINDRICAL_SURFACE('',#13627,0.5);
#13627 = AXIS2_PLACEMENT_3D('',#13628,#13629,#13630);
#13628 = CARTESIAN_POINT('',(102.45,-111.1,0.));
#13629 = DIRECTION('',(0.,0.,1.));
#13630 = DIRECTION('',(1.,0.,-0.));
#13631 = ADVANCED_FACE('',(#13632),#13635,.F.);
#13632 = FACE_BOUND('',#13633,.T.);
#13633 = EDGE_LOOP('',(#13634));
#13634 = ORIENTED_EDGE('',*,*,#13620,.T.);
#13635 = PLANE('',#13636);
#13636 = AXIS2_PLACEMENT_3D('',#13637,#13638,#13639);
#13637 = CARTESIAN_POINT('',(0.,0.,0.));
#13638 = DIRECTION('',(-0.,-0.,-1.));
#13639 = DIRECTION('',(-1.,0.,0.));
#13640 = ADVANCED_FACE('',(#13641),#13644,.T.);
#13641 = FACE_BOUND('',#13642,.F.);
#13642 = EDGE_LOOP('',(#13643));
#13643 = ORIENTED_EDGE('',*,*,#13612,.T.);
#13644 = PLANE('',#13645);
#13645 = AXIS2_PLACEMENT_3D('',#13646,#13647,#13648);
#13646 = CARTESIAN_POINT('',(0.,0.,-4.E-02));
#13647 = DIRECTION('',(-0.,-0.,-1.));
#13648 = DIRECTION('',(-1.,0.,0.));
#13649 = MANIFOLD_SOLID_BREP('',#13650);
#13650 = CLOSED_SHELL('',(#13651,#13691,#13722,#13753,#13775,#13787));
#13651 = ADVANCED_FACE('',(#13652),#13686,.T.);
#13652 = FACE_BOUND('',#13653,.T.);
#13653 = EDGE_LOOP('',(#13654,#13664,#13672,#13680));
#13654 = ORIENTED_EDGE('',*,*,#13655,.T.);
#13655 = EDGE_CURVE('',#13656,#13658,#13660,.T.);
#13656 = VERTEX_POINT('',#13657);
#13657 = CARTESIAN_POINT('',(101.55,-111.05,1.51));
#13658 = VERTEX_POINT('',#13659);
#13659 = CARTESIAN_POINT('',(101.55,-111.05,1.55));
#13660 = LINE('',#13661,#13662);
#13661 = CARTESIAN_POINT('',(101.55,-111.05,1.51));
#13662 = VECTOR('',#13663,1.);
#13663 = DIRECTION('',(0.,0.,1.));
#13664 = ORIENTED_EDGE('',*,*,#13665,.T.);
#13665 = EDGE_CURVE('',#13658,#13666,#13668,.T.);
#13666 = VERTEX_POINT('',#13667);
#13667 = CARTESIAN_POINT('',(101.55,-110.15,1.55));
#13668 = LINE('',#13669,#13670);
#13669 = CARTESIAN_POINT('',(101.55,-111.05,1.55));
#13670 = VECTOR('',#13671,1.);
#13671 = DIRECTION('',(0.,1.,0.));
#13672 = ORIENTED_EDGE('',*,*,#13673,.F.);
#13673 = EDGE_CURVE('',#13674,#13666,#13676,.T.);
#13674 = VERTEX_POINT('',#13675);
#13675 = CARTESIAN_POINT('',(101.55,-110.15,1.51));
#13676 = LINE('',#13677,#13678);
#13677 = CARTESIAN_POINT('',(101.55,-110.15,1.51));
#13678 = VECTOR('',#13679,1.);
#13679 = DIRECTION('',(0.,0.,1.));
#13680 = ORIENTED_EDGE('',*,*,#13681,.F.);
#13681 = EDGE_CURVE('',#13656,#13674,#13682,.T.);
#13682 = LINE('',#13683,#13684);
#13683 = CARTESIAN_POINT('',(101.55,-111.05,1.51));
#13684 = VECTOR('',#13685,1.);
#13685 = DIRECTION('',(0.,1.,0.));
#13686 = PLANE('',#13687);
#13687 = AXIS2_PLACEMENT_3D('',#13688,#13689,#13690);
#13688 = CARTESIAN_POINT('',(101.55,-111.05,1.51));
#13689 = DIRECTION('',(-1.,0.,0.));
#13690 = DIRECTION('',(0.,1.,0.));
#13691 = ADVANCED_FACE('',(#13692),#13717,.T.);
#13692 = FACE_BOUND('',#13693,.T.);
#13693 = EDGE_LOOP('',(#13694,#13695,#13703,#13711));
#13694 = ORIENTED_EDGE('',*,*,#13673,.T.);
#13695 = ORIENTED_EDGE('',*,*,#13696,.T.);
#13696 = EDGE_CURVE('',#13666,#13697,#13699,.T.);
#13697 = VERTEX_POINT('',#13698);
#13698 = CARTESIAN_POINT('',(102.35,-110.15,1.55));
#13699 = LINE('',#13700,#13701);
#13700 = CARTESIAN_POINT('',(101.55,-110.15,1.55));
#13701 = VECTOR('',#13702,1.);
#13702 = DIRECTION('',(1.,0.,0.));
#13703 = ORIENTED_EDGE('',*,*,#13704,.F.);
#13704 = EDGE_CURVE('',#13705,#13697,#13707,.T.);
#13705 = VERTEX_POINT('',#13706);
#13706 = CARTESIAN_POINT('',(102.35,-110.15,1.51));
#13707 = LINE('',#13708,#13709);
#13708 = CARTESIAN_POINT('',(102.35,-110.15,1.51));
#13709 = VECTOR('',#13710,1.);
#13710 = DIRECTION('',(0.,0.,1.));
#13711 = ORIENTED_EDGE('',*,*,#13712,.F.);
#13712 = EDGE_CURVE('',#13674,#13705,#13713,.T.);
#13713 = LINE('',#13714,#13715);
#13714 = CARTESIAN_POINT('',(101.55,-110.15,1.51));
#13715 = VECTOR('',#13716,1.);
#13716 = DIRECTION('',(1.,0.,0.));
#13717 = PLANE('',#13718);
#13718 = AXIS2_PLACEMENT_3D('',#13719,#13720,#13721);
#13719 = CARTESIAN_POINT('',(101.55,-110.15,1.51));
#13720 = DIRECTION('',(0.,1.,0.));
#13721 = DIRECTION('',(1.,0.,0.));
#13722 = ADVANCED_FACE('',(#13723),#13748,.T.);
#13723 = FACE_BOUND('',#13724,.T.);
#13724 = EDGE_LOOP('',(#13725,#13726,#13734,#13742));
#13725 = ORIENTED_EDGE('',*,*,#13704,.T.);
#13726 = ORIENTED_EDGE('',*,*,#13727,.T.);
#13727 = EDGE_CURVE('',#13697,#13728,#13730,.T.);
#13728 = VERTEX_POINT('',#13729);
#13729 = CARTESIAN_POINT('',(102.35,-111.05,1.55));
#13730 = LINE('',#13731,#13732);
#13731 = CARTESIAN_POINT('',(102.35,-110.15,1.55));
#13732 = VECTOR('',#13733,1.);
#13733 = DIRECTION('',(0.,-1.,0.));
#13734 = ORIENTED_EDGE('',*,*,#13735,.F.);
#13735 = EDGE_CURVE('',#13736,#13728,#13738,.T.);
#13736 = VERTEX_POINT('',#13737);
#13737 = CARTESIAN_POINT('',(102.35,-111.05,1.51));
#13738 = LINE('',#13739,#13740);
#13739 = CARTESIAN_POINT('',(102.35,-111.05,1.51));
#13740 = VECTOR('',#13741,1.);
#13741 = DIRECTION('',(0.,0.,1.));
#13742 = ORIENTED_EDGE('',*,*,#13743,.F.);
#13743 = EDGE_CURVE('',#13705,#13736,#13744,.T.);
#13744 = LINE('',#13745,#13746);
#13745 = CARTESIAN_POINT('',(102.35,-110.15,1.51));
#13746 = VECTOR('',#13747,1.);
#13747 = DIRECTION('',(0.,-1.,0.));
#13748 = PLANE('',#13749);
#13749 = AXIS2_PLACEMENT_3D('',#13750,#13751,#13752);
#13750 = CARTESIAN_POINT('',(102.35,-110.15,1.51));
#13751 = DIRECTION('',(1.,0.,-0.));
#13752 = DIRECTION('',(0.,-1.,0.));
#13753 = ADVANCED_FACE('',(#13754),#13770,.T.);
#13754 = FACE_BOUND('',#13755,.T.);
#13755 = EDGE_LOOP('',(#13756,#13757,#13763,#13764));
#13756 = ORIENTED_EDGE('',*,*,#13735,.T.);
#13757 = ORIENTED_EDGE('',*,*,#13758,.T.);
#13758 = EDGE_CURVE('',#13728,#13658,#13759,.T.);
#13759 = LINE('',#13760,#13761);
#13760 = CARTESIAN_POINT('',(102.35,-111.05,1.55));
#13761 = VECTOR('',#13762,1.);
#13762 = DIRECTION('',(-1.,0.,0.));
#13763 = ORIENTED_EDGE('',*,*,#13655,.F.);
#13764 = ORIENTED_EDGE('',*,*,#13765,.F.);
#13765 = EDGE_CURVE('',#13736,#13656,#13766,.T.);
#13766 = LINE('',#13767,#13768);
#13767 = CARTESIAN_POINT('',(102.35,-111.05,1.51));
#13768 = VECTOR('',#13769,1.);
#13769 = DIRECTION('',(-1.,0.,0.));
#13770 = PLANE('',#13771);
#13771 = AXIS2_PLACEMENT_3D('',#13772,#13773,#13774);
#13772 = CARTESIAN_POINT('',(102.35,-111.05,1.51));
#13773 = DIRECTION('',(0.,-1.,0.));
#13774 = DIRECTION('',(-1.,0.,0.));
#13775 = ADVANCED_FACE('',(#13776),#13782,.F.);
#13776 = FACE_BOUND('',#13777,.T.);
#13777 = EDGE_LOOP('',(#13778,#13779,#13780,#13781));
#13778 = ORIENTED_EDGE('',*,*,#13681,.T.);
#13779 = ORIENTED_EDGE('',*,*,#13712,.T.);
#13780 = ORIENTED_EDGE('',*,*,#13743,.T.);
#13781 = ORIENTED_EDGE('',*,*,#13765,.T.);
#13782 = PLANE('',#13783);
#13783 = AXIS2_PLACEMENT_3D('',#13784,#13785,#13786);
#13784 = CARTESIAN_POINT('',(0.,0.,1.51));
#13785 = DIRECTION('',(0.,0.,1.));
#13786 = DIRECTION('',(1.,0.,-0.));
#13787 = ADVANCED_FACE('',(#13788),#13794,.T.);
#13788 = FACE_BOUND('',#13789,.F.);
#13789 = EDGE_LOOP('',(#13790,#13791,#13792,#13793));
#13790 = ORIENTED_EDGE('',*,*,#13665,.T.);
#13791 = ORIENTED_EDGE('',*,*,#13696,.T.);
#13792 = ORIENTED_EDGE('',*,*,#13727,.T.);
#13793 = ORIENTED_EDGE('',*,*,#13758,.T.);
#13794 = PLANE('',#13795);
#13795 = AXIS2_PLACEMENT_3D('',#13796,#13797,#13798);
#13796 = CARTESIAN_POINT('',(0.,0.,1.55));
#13797 = DIRECTION('',(0.,0.,1.));
#13798 = DIRECTION('',(1.,0.,-0.));
#13799 = MANIFOLD_SOLID_BREP('',#13800);
#13800 = CLOSED_SHELL('',(#13801,#13841,#13872,#13903,#13925,#13937));
#13801 = ADVANCED_FACE('',(#13802),#13836,.T.);
#13802 = FACE_BOUND('',#13803,.T.);
#13803 = EDGE_LOOP('',(#13804,#13814,#13822,#13830));
#13804 = ORIENTED_EDGE('',*,*,#13805,.T.);
#13805 = EDGE_CURVE('',#13806,#13808,#13810,.T.);
#13806 = VERTEX_POINT('',#13807);
#13807 = CARTESIAN_POINT('',(91.65,-95.53,1.51));
#13808 = VERTEX_POINT('',#13809);
#13809 = CARTESIAN_POINT('',(91.65,-95.53,1.55));
#13810 = LINE('',#13811,#13812);
#13811 = CARTESIAN_POINT('',(91.65,-95.53,1.51));
#13812 = VECTOR('',#13813,1.);
#13813 = DIRECTION('',(0.,0.,1.));
#13814 = ORIENTED_EDGE('',*,*,#13815,.T.);
#13815 = EDGE_CURVE('',#13808,#13816,#13818,.T.);
#13816 = VERTEX_POINT('',#13817);
#13817 = CARTESIAN_POINT('',(91.65,-94.63,1.55));
#13818 = LINE('',#13819,#13820);
#13819 = CARTESIAN_POINT('',(91.65,-95.53,1.55));
#13820 = VECTOR('',#13821,1.);
#13821 = DIRECTION('',(0.,1.,0.));
#13822 = ORIENTED_EDGE('',*,*,#13823,.F.);
#13823 = EDGE_CURVE('',#13824,#13816,#13826,.T.);
#13824 = VERTEX_POINT('',#13825);
#13825 = CARTESIAN_POINT('',(91.65,-94.63,1.51));
#13826 = LINE('',#13827,#13828);
#13827 = CARTESIAN_POINT('',(91.65,-94.63,1.51));
#13828 = VECTOR('',#13829,1.);
#13829 = DIRECTION('',(0.,0.,1.));
#13830 = ORIENTED_EDGE('',*,*,#13831,.F.);
#13831 = EDGE_CURVE('',#13806,#13824,#13832,.T.);
#13832 = LINE('',#13833,#13834);
#13833 = CARTESIAN_POINT('',(91.65,-95.53,1.51));
#13834 = VECTOR('',#13835,1.);
#13835 = DIRECTION('',(0.,1.,0.));
#13836 = PLANE('',#13837);
#13837 = AXIS2_PLACEMENT_3D('',#13838,#13839,#13840);
#13838 = CARTESIAN_POINT('',(91.65,-95.53,1.51));
#13839 = DIRECTION('',(-1.,0.,0.));
#13840 = DIRECTION('',(0.,1.,0.));
#13841 = ADVANCED_FACE('',(#13842),#13867,.T.);
#13842 = FACE_BOUND('',#13843,.T.);
#13843 = EDGE_LOOP('',(#13844,#13845,#13853,#13861));
#13844 = ORIENTED_EDGE('',*,*,#13823,.T.);
#13845 = ORIENTED_EDGE('',*,*,#13846,.T.);
#13846 = EDGE_CURVE('',#13816,#13847,#13849,.T.);
#13847 = VERTEX_POINT('',#13848);
#13848 = CARTESIAN_POINT('',(94.65,-94.63,1.55));
#13849 = LINE('',#13850,#13851);
#13850 = CARTESIAN_POINT('',(91.65,-94.63,1.55));
#13851 = VECTOR('',#13852,1.);
#13852 = DIRECTION('',(1.,0.,0.));
#13853 = ORIENTED_EDGE('',*,*,#13854,.F.);
#13854 = EDGE_CURVE('',#13855,#13847,#13857,.T.);
#13855 = VERTEX_POINT('',#13856);
#13856 = CARTESIAN_POINT('',(94.65,-94.63,1.51));
#13857 = LINE('',#13858,#13859);
#13858 = CARTESIAN_POINT('',(94.65,-94.63,1.51));
#13859 = VECTOR('',#13860,1.);
#13860 = DIRECTION('',(0.,0.,1.));
#13861 = ORIENTED_EDGE('',*,*,#13862,.F.);
#13862 = EDGE_CURVE('',#13824,#13855,#13863,.T.);
#13863 = LINE('',#13864,#13865);
#13864 = CARTESIAN_POINT('',(91.65,-94.63,1.51));
#13865 = VECTOR('',#13866,1.);
#13866 = DIRECTION('',(1.,0.,0.));
#13867 = PLANE('',#13868);
#13868 = AXIS2_PLACEMENT_3D('',#13869,#13870,#13871);
#13869 = CARTESIAN_POINT('',(91.65,-94.63,1.51));
#13870 = DIRECTION('',(0.,1.,0.));
#13871 = DIRECTION('',(1.,0.,0.));
#13872 = ADVANCED_FACE('',(#13873),#13898,.T.);
#13873 = FACE_BOUND('',#13874,.T.);
#13874 = EDGE_LOOP('',(#13875,#13876,#13884,#13892));
#13875 = ORIENTED_EDGE('',*,*,#13854,.T.);
#13876 = ORIENTED_EDGE('',*,*,#13877,.T.);
#13877 = EDGE_CURVE('',#13847,#13878,#13880,.T.);
#13878 = VERTEX_POINT('',#13879);
#13879 = CARTESIAN_POINT('',(94.65,-95.53,1.55));
#13880 = LINE('',#13881,#13882);
#13881 = CARTESIAN_POINT('',(94.65,-94.63,1.55));
#13882 = VECTOR('',#13883,1.);
#13883 = DIRECTION('',(0.,-1.,0.));
#13884 = ORIENTED_EDGE('',*,*,#13885,.F.);
#13885 = EDGE_CURVE('',#13886,#13878,#13888,.T.);
#13886 = VERTEX_POINT('',#13887);
#13887 = CARTESIAN_POINT('',(94.65,-95.53,1.51));
#13888 = LINE('',#13889,#13890);
#13889 = CARTESIAN_POINT('',(94.65,-95.53,1.51));
#13890 = VECTOR('',#13891,1.);
#13891 = DIRECTION('',(0.,0.,1.));
#13892 = ORIENTED_EDGE('',*,*,#13893,.F.);
#13893 = EDGE_CURVE('',#13855,#13886,#13894,.T.);
#13894 = LINE('',#13895,#13896);
#13895 = CARTESIAN_POINT('',(94.65,-94.63,1.51));
#13896 = VECTOR('',#13897,1.);
#13897 = DIRECTION('',(0.,-1.,0.));
#13898 = PLANE('',#13899);
#13899 = AXIS2_PLACEMENT_3D('',#13900,#13901,#13902);
#13900 = CARTESIAN_POINT('',(94.65,-94.63,1.51));
#13901 = DIRECTION('',(1.,0.,-0.));
#13902 = DIRECTION('',(0.,-1.,0.));
#13903 = ADVANCED_FACE('',(#13904),#13920,.T.);
#13904 = FACE_BOUND('',#13905,.T.);
#13905 = EDGE_LOOP('',(#13906,#13907,#13913,#13914));
#13906 = ORIENTED_EDGE('',*,*,#13885,.T.);
#13907 = ORIENTED_EDGE('',*,*,#13908,.T.);
#13908 = EDGE_CURVE('',#13878,#13808,#13909,.T.);
#13909 = LINE('',#13910,#13911);
#13910 = CARTESIAN_POINT('',(94.65,-95.53,1.55));
#13911 = VECTOR('',#13912,1.);
#13912 = DIRECTION('',(-1.,0.,0.));
#13913 = ORIENTED_EDGE('',*,*,#13805,.F.);
#13914 = ORIENTED_EDGE('',*,*,#13915,.F.);
#13915 = EDGE_CURVE('',#13886,#13806,#13916,.T.);
#13916 = LINE('',#13917,#13918);
#13917 = CARTESIAN_POINT('',(94.65,-95.53,1.51));
#13918 = VECTOR('',#13919,1.);
#13919 = DIRECTION('',(-1.,0.,0.));
#13920 = PLANE('',#13921);
#13921 = AXIS2_PLACEMENT_3D('',#13922,#13923,#13924);
#13922 = CARTESIAN_POINT('',(94.65,-95.53,1.51));
#13923 = DIRECTION('',(0.,-1.,0.));
#13924 = DIRECTION('',(-1.,0.,0.));
#13925 = ADVANCED_FACE('',(#13926),#13932,.F.);
#13926 = FACE_BOUND('',#13927,.T.);
#13927 = EDGE_LOOP('',(#13928,#13929,#13930,#13931));
#13928 = ORIENTED_EDGE('',*,*,#13831,.T.);
#13929 = ORIENTED_EDGE('',*,*,#13862,.T.);
#13930 = ORIENTED_EDGE('',*,*,#13893,.T.);
#13931 = ORIENTED_EDGE('',*,*,#13915,.T.);
#13932 = PLANE('',#13933);
#13933 = AXIS2_PLACEMENT_3D('',#13934,#13935,#13936);
#13934 = CARTESIAN_POINT('',(0.,0.,1.51));
#13935 = DIRECTION('',(0.,0.,1.));
#13936 = DIRECTION('',(1.,0.,-0.));
#13937 = ADVANCED_FACE('',(#13938),#13944,.T.);
#13938 = FACE_BOUND('',#13939,.F.);
#13939 = EDGE_LOOP('',(#13940,#13941,#13942,#13943));
#13940 = ORIENTED_EDGE('',*,*,#13815,.T.);
#13941 = ORIENTED_EDGE('',*,*,#13846,.T.);
#13942 = ORIENTED_EDGE('',*,*,#13877,.T.);
#13943 = ORIENTED_EDGE('',*,*,#13908,.T.);
#13944 = PLANE('',#13945);
#13945 = AXIS2_PLACEMENT_3D('',#13946,#13947,#13948);
#13946 = CARTESIAN_POINT('',(0.,0.,1.55));
#13947 = DIRECTION('',(0.,0.,1.));
#13948 = DIRECTION('',(1.,0.,-0.));
#13949 = MANIFOLD_SOLID_BREP('',#13950);
#13950 = CLOSED_SHELL('',(#13951,#13991,#14022,#14053,#14075,#14087));
#13951 = ADVANCED_FACE('',(#13952),#13986,.T.);
#13952 = FACE_BOUND('',#13953,.T.);
#13953 = EDGE_LOOP('',(#13954,#13964,#13972,#13980));
#13954 = ORIENTED_EDGE('',*,*,#13955,.T.);
#13955 = EDGE_CURVE('',#13956,#13958,#13960,.T.);
#13956 = VERTEX_POINT('',#13957);
#13957 = CARTESIAN_POINT('',(91.65,-106.96,1.51));
#13958 = VERTEX_POINT('',#13959);
#13959 = CARTESIAN_POINT('',(91.65,-106.96,1.55));
#13960 = LINE('',#13961,#13962);
#13961 = CARTESIAN_POINT('',(91.65,-106.96,1.51));
#13962 = VECTOR('',#13963,1.);
#13963 = DIRECTION('',(0.,0.,1.));
#13964 = ORIENTED_EDGE('',*,*,#13965,.T.);
#13965 = EDGE_CURVE('',#13958,#13966,#13968,.T.);
#13966 = VERTEX_POINT('',#13967);
#13967 = CARTESIAN_POINT('',(91.65,-106.06,1.55));
#13968 = LINE('',#13969,#13970);
#13969 = CARTESIAN_POINT('',(91.65,-106.96,1.55));
#13970 = VECTOR('',#13971,1.);
#13971 = DIRECTION('',(0.,1.,0.));
#13972 = ORIENTED_EDGE('',*,*,#13973,.F.);
#13973 = EDGE_CURVE('',#13974,#13966,#13976,.T.);
#13974 = VERTEX_POINT('',#13975);
#13975 = CARTESIAN_POINT('',(91.65,-106.06,1.51));
#13976 = LINE('',#13977,#13978);
#13977 = CARTESIAN_POINT('',(91.65,-106.06,1.51));
#13978 = VECTOR('',#13979,1.);
#13979 = DIRECTION('',(0.,0.,1.));
#13980 = ORIENTED_EDGE('',*,*,#13981,.F.);
#13981 = EDGE_CURVE('',#13956,#13974,#13982,.T.);
#13982 = LINE('',#13983,#13984);
#13983 = CARTESIAN_POINT('',(91.65,-106.96,1.51));
#13984 = VECTOR('',#13985,1.);
#13985 = DIRECTION('',(0.,1.,0.));
#13986 = PLANE('',#13987);
#13987 = AXIS2_PLACEMENT_3D('',#13988,#13989,#13990);
#13988 = CARTESIAN_POINT('',(91.65,-106.96,1.51));
#13989 = DIRECTION('',(-1.,0.,0.));
#13990 = DIRECTION('',(0.,1.,0.));
#13991 = ADVANCED_FACE('',(#13992),#14017,.T.);
#13992 = FACE_BOUND('',#13993,.T.);
#13993 = EDGE_LOOP('',(#13994,#13995,#14003,#14011));
#13994 = ORIENTED_EDGE('',*,*,#13973,.T.);
#13995 = ORIENTED_EDGE('',*,*,#13996,.T.);
#13996 = EDGE_CURVE('',#13966,#13997,#13999,.T.);
#13997 = VERTEX_POINT('',#13998);
#13998 = CARTESIAN_POINT('',(94.65,-106.06,1.55));
#13999 = LINE('',#14000,#14001);
#14000 = CARTESIAN_POINT('',(91.65,-106.06,1.55));
#14001 = VECTOR('',#14002,1.);
#14002 = DIRECTION('',(1.,0.,0.));
#14003 = ORIENTED_EDGE('',*,*,#14004,.F.);
#14004 = EDGE_CURVE('',#14005,#13997,#14007,.T.);
#14005 = VERTEX_POINT('',#14006);
#14006 = CARTESIAN_POINT('',(94.65,-106.06,1.51));
#14007 = LINE('',#14008,#14009);
#14008 = CARTESIAN_POINT('',(94.65,-106.06,1.51));
#14009 = VECTOR('',#14010,1.);
#14010 = DIRECTION('',(0.,0.,1.));
#14011 = ORIENTED_EDGE('',*,*,#14012,.F.);
#14012 = EDGE_CURVE('',#13974,#14005,#14013,.T.);
#14013 = LINE('',#14014,#14015);
#14014 = CARTESIAN_POINT('',(91.65,-106.06,1.51));
#14015 = VECTOR('',#14016,1.);
#14016 = DIRECTION('',(1.,0.,0.));
#14017 = PLANE('',#14018);
#14018 = AXIS2_PLACEMENT_3D('',#14019,#14020,#14021);
#14019 = CARTESIAN_POINT('',(91.65,-106.06,1.51));
#14020 = DIRECTION('',(0.,1.,0.));
#14021 = DIRECTION('',(1.,0.,0.));
#14022 = ADVANCED_FACE('',(#14023),#14048,.T.);
#14023 = FACE_BOUND('',#14024,.T.);
#14024 = EDGE_LOOP('',(#14025,#14026,#14034,#14042));
#14025 = ORIENTED_EDGE('',*,*,#14004,.T.);
#14026 = ORIENTED_EDGE('',*,*,#14027,.T.);
#14027 = EDGE_CURVE('',#13997,#14028,#14030,.T.);
#14028 = VERTEX_POINT('',#14029);
#14029 = CARTESIAN_POINT('',(94.65,-106.96,1.55));
#14030 = LINE('',#14031,#14032);
#14031 = CARTESIAN_POINT('',(94.65,-106.06,1.55));
#14032 = VECTOR('',#14033,1.);
#14033 = DIRECTION('',(0.,-1.,0.));
#14034 = ORIENTED_EDGE('',*,*,#14035,.F.);
#14035 = EDGE_CURVE('',#14036,#14028,#14038,.T.);
#14036 = VERTEX_POINT('',#14037);
#14037 = CARTESIAN_POINT('',(94.65,-106.96,1.51));
#14038 = LINE('',#14039,#14040);
#14039 = CARTESIAN_POINT('',(94.65,-106.96,1.51));
#14040 = VECTOR('',#14041,1.);
#14041 = DIRECTION('',(0.,0.,1.));
#14042 = ORIENTED_EDGE('',*,*,#14043,.F.);
#14043 = EDGE_CURVE('',#14005,#14036,#14044,.T.);
#14044 = LINE('',#14045,#14046);
#14045 = CARTESIAN_POINT('',(94.65,-106.06,1.51));
#14046 = VECTOR('',#14047,1.);
#14047 = DIRECTION('',(0.,-1.,0.));
#14048 = PLANE('',#14049);
#14049 = AXIS2_PLACEMENT_3D('',#14050,#14051,#14052);
#14050 = CARTESIAN_POINT('',(94.65,-106.06,1.51));
#14051 = DIRECTION('',(1.,0.,-0.));
#14052 = DIRECTION('',(0.,-1.,0.));
#14053 = ADVANCED_FACE('',(#14054),#14070,.T.);
#14054 = FACE_BOUND('',#14055,.T.);
#14055 = EDGE_LOOP('',(#14056,#14057,#14063,#14064));
#14056 = ORIENTED_EDGE('',*,*,#14035,.T.);
#14057 = ORIENTED_EDGE('',*,*,#14058,.T.);
#14058 = EDGE_CURVE('',#14028,#13958,#14059,.T.);
#14059 = LINE('',#14060,#14061);
#14060 = CARTESIAN_POINT('',(94.65,-106.96,1.55));
#14061 = VECTOR('',#14062,1.);
#14062 = DIRECTION('',(-1.,0.,0.));
#14063 = ORIENTED_EDGE('',*,*,#13955,.F.);
#14064 = ORIENTED_EDGE('',*,*,#14065,.F.);
#14065 = EDGE_CURVE('',#14036,#13956,#14066,.T.);
#14066 = LINE('',#14067,#14068);
#14067 = CARTESIAN_POINT('',(94.65,-106.96,1.51));
#14068 = VECTOR('',#14069,1.);
#14069 = DIRECTION('',(-1.,0.,0.));
#14070 = PLANE('',#14071);
#14071 = AXIS2_PLACEMENT_3D('',#14072,#14073,#14074);
#14072 = CARTESIAN_POINT('',(94.65,-106.96,1.51));
#14073 = DIRECTION('',(0.,-1.,0.));
#14074 = DIRECTION('',(-1.,0.,0.));
#14075 = ADVANCED_FACE('',(#14076),#14082,.F.);
#14076 = FACE_BOUND('',#14077,.T.);
#14077 = EDGE_LOOP('',(#14078,#14079,#14080,#14081));
#14078 = ORIENTED_EDGE('',*,*,#13981,.T.);
#14079 = ORIENTED_EDGE('',*,*,#14012,.T.);
#14080 = ORIENTED_EDGE('',*,*,#14043,.T.);
#14081 = ORIENTED_EDGE('',*,*,#14065,.T.);
#14082 = PLANE('',#14083);
#14083 = AXIS2_PLACEMENT_3D('',#14084,#14085,#14086);
#14084 = CARTESIAN_POINT('',(0.,0.,1.51));
#14085 = DIRECTION('',(0.,0.,1.));
#14086 = DIRECTION('',(1.,0.,-0.));
#14087 = ADVANCED_FACE('',(#14088),#14094,.T.);
#14088 = FACE_BOUND('',#14089,.F.);
#14089 = EDGE_LOOP('',(#14090,#14091,#14092,#14093));
#14090 = ORIENTED_EDGE('',*,*,#13965,.T.);
#14091 = ORIENTED_EDGE('',*,*,#13996,.T.);
#14092 = ORIENTED_EDGE('',*,*,#14027,.T.);
#14093 = ORIENTED_EDGE('',*,*,#14058,.T.);
#14094 = PLANE('',#14095);
#14095 = AXIS2_PLACEMENT_3D('',#14096,#14097,#14098);
#14096 = CARTESIAN_POINT('',(0.,0.,1.55));
#14097 = DIRECTION('',(0.,0.,1.));
#14098 = DIRECTION('',(1.,0.,-0.));
#14099 = MANIFOLD_SOLID_BREP('',#14100);
#14100 = CLOSED_SHELL('',(#14101,#14141,#14172,#14203,#14231,#14259,
    #14271));
#14101 = ADVANCED_FACE('',(#14102),#14136,.T.);
#14102 = FACE_BOUND('',#14103,.T.);
#14103 = EDGE_LOOP('',(#14104,#14114,#14122,#14130));
#14104 = ORIENTED_EDGE('',*,*,#14105,.T.);
#14105 = EDGE_CURVE('',#14106,#14108,#14110,.T.);
#14106 = VERTEX_POINT('',#14107);
#14107 = CARTESIAN_POINT('',(109.15,-97.35,1.51));
#14108 = VERTEX_POINT('',#14109);
#14109 = CARTESIAN_POINT('',(109.15,-97.35,1.55));
#14110 = LINE('',#14111,#14112);
#14111 = CARTESIAN_POINT('',(109.15,-97.35,1.51));
#14112 = VECTOR('',#14113,1.);
#14113 = DIRECTION('',(0.,0.,1.));
#14114 = ORIENTED_EDGE('',*,*,#14115,.T.);
#14115 = EDGE_CURVE('',#14108,#14116,#14118,.T.);
#14116 = VERTEX_POINT('',#14117);
#14117 = CARTESIAN_POINT('',(109.15,-95.65,1.55));
#14118 = LINE('',#14119,#14120);
#14119 = CARTESIAN_POINT('',(109.15,-97.35,1.55));
#14120 = VECTOR('',#14121,1.);
#14121 = DIRECTION('',(0.,1.,0.));
#14122 = ORIENTED_EDGE('',*,*,#14123,.F.);
#14123 = EDGE_CURVE('',#14124,#14116,#14126,.T.);
#14124 = VERTEX_POINT('',#14125);
#14125 = CARTESIAN_POINT('',(109.15,-95.65,1.51));
#14126 = LINE('',#14127,#14128);
#14127 = CARTESIAN_POINT('',(109.15,-95.65,1.51));
#14128 = VECTOR('',#14129,1.);
#14129 = DIRECTION('',(0.,0.,1.));
#14130 = ORIENTED_EDGE('',*,*,#14131,.F.);
#14131 = EDGE_CURVE('',#14106,#14124,#14132,.T.);
#14132 = LINE('',#14133,#14134);
#14133 = CARTESIAN_POINT('',(109.15,-97.35,1.51));
#14134 = VECTOR('',#14135,1.);
#14135 = DIRECTION('',(0.,1.,0.));
#14136 = PLANE('',#14137);
#14137 = AXIS2_PLACEMENT_3D('',#14138,#14139,#14140);
#14138 = CARTESIAN_POINT('',(109.15,-97.35,1.51));
#14139 = DIRECTION('',(-1.,0.,0.));
#14140 = DIRECTION('',(0.,1.,0.));
#14141 = ADVANCED_FACE('',(#14142),#14167,.T.);
#14142 = FACE_BOUND('',#14143,.T.);
#14143 = EDGE_LOOP('',(#14144,#14154,#14160,#14161));
#14144 = ORIENTED_EDGE('',*,*,#14145,.T.);
#14145 = EDGE_CURVE('',#14146,#14148,#14150,.T.);
#14146 = VERTEX_POINT('',#14147);
#14147 = CARTESIAN_POINT('',(110.85,-97.35,1.51));
#14148 = VERTEX_POINT('',#14149);
#14149 = CARTESIAN_POINT('',(110.85,-97.35,1.55));
#14150 = LINE('',#14151,#14152);
#14151 = CARTESIAN_POINT('',(110.85,-97.35,1.51));
#14152 = VECTOR('',#14153,1.);
#14153 = DIRECTION('',(0.,0.,1.));
#14154 = ORIENTED_EDGE('',*,*,#14155,.T.);
#14155 = EDGE_CURVE('',#14148,#14108,#14156,.T.);
#14156 = LINE('',#14157,#14158);
#14157 = CARTESIAN_POINT('',(110.85,-97.35,1.55));
#14158 = VECTOR('',#14159,1.);
#14159 = DIRECTION('',(-1.,0.,0.));
#14160 = ORIENTED_EDGE('',*,*,#14105,.F.);
#14161 = ORIENTED_EDGE('',*,*,#14162,.F.);
#14162 = EDGE_CURVE('',#14146,#14106,#14163,.T.);
#14163 = LINE('',#14164,#14165);
#14164 = CARTESIAN_POINT('',(110.85,-97.35,1.51));
#14165 = VECTOR('',#14166,1.);
#14166 = DIRECTION('',(-1.,0.,0.));
#14167 = PLANE('',#14168);
#14168 = AXIS2_PLACEMENT_3D('',#14169,#14170,#14171);
#14169 = CARTESIAN_POINT('',(110.85,-97.35,1.51));
#14170 = DIRECTION('',(0.,-1.,0.));
#14171 = DIRECTION('',(-1.,0.,0.));
#14172 = ADVANCED_FACE('',(#14173),#14198,.T.);
#14173 = FACE_BOUND('',#14174,.T.);
#14174 = EDGE_LOOP('',(#14175,#14176,#14184,#14192));
#14175 = ORIENTED_EDGE('',*,*,#14123,.T.);
#14176 = ORIENTED_EDGE('',*,*,#14177,.T.);
#14177 = EDGE_CURVE('',#14116,#14178,#14180,.T.);
#14178 = VERTEX_POINT('',#14179);
#14179 = CARTESIAN_POINT('',(110.85,-95.65,1.55));
#14180 = LINE('',#14181,#14182);
#14181 = CARTESIAN_POINT('',(109.15,-95.65,1.55));
#14182 = VECTOR('',#14183,1.);
#14183 = DIRECTION('',(1.,0.,0.));
#14184 = ORIENTED_EDGE('',*,*,#14185,.F.);
#14185 = EDGE_CURVE('',#14186,#14178,#14188,.T.);
#14186 = VERTEX_POINT('',#14187);
#14187 = CARTESIAN_POINT('',(110.85,-95.65,1.51));
#14188 = LINE('',#14189,#14190);
#14189 = CARTESIAN_POINT('',(110.85,-95.65,1.51));
#14190 = VECTOR('',#14191,1.);
#14191 = DIRECTION('',(0.,0.,1.));
#14192 = ORIENTED_EDGE('',*,*,#14193,.F.);
#14193 = EDGE_CURVE('',#14124,#14186,#14194,.T.);
#14194 = LINE('',#14195,#14196);
#14195 = CARTESIAN_POINT('',(109.15,-95.65,1.51));
#14196 = VECTOR('',#14197,1.);
#14197 = DIRECTION('',(1.,0.,0.));
#14198 = PLANE('',#14199);
#14199 = AXIS2_PLACEMENT_3D('',#14200,#14201,#14202);
#14200 = CARTESIAN_POINT('',(109.15,-95.65,1.51));
#14201 = DIRECTION('',(0.,1.,0.));
#14202 = DIRECTION('',(1.,0.,0.));
#14203 = ADVANCED_FACE('',(#14204,#14215),#14226,.F.);
#14204 = FACE_BOUND('',#14205,.F.);
#14205 = EDGE_LOOP('',(#14206,#14207,#14208,#14214));
#14206 = ORIENTED_EDGE('',*,*,#14131,.F.);
#14207 = ORIENTED_EDGE('',*,*,#14162,.F.);
#14208 = ORIENTED_EDGE('',*,*,#14209,.F.);
#14209 = EDGE_CURVE('',#14186,#14146,#14210,.T.);
#14210 = LINE('',#14211,#14212);
#14211 = CARTESIAN_POINT('',(110.85,-95.65,1.51));
#14212 = VECTOR('',#14213,1.);
#14213 = DIRECTION('',(0.,-1.,0.));
#14214 = ORIENTED_EDGE('',*,*,#14193,.F.);
#14215 = FACE_BOUND('',#14216,.F.);
#14216 = EDGE_LOOP('',(#14217));
#14217 = ORIENTED_EDGE('',*,*,#14218,.T.);
#14218 = EDGE_CURVE('',#14219,#14219,#14221,.T.);
#14219 = VERTEX_POINT('',#14220);
#14220 = CARTESIAN_POINT('',(110.,-96.975,1.51));
#14221 = CIRCLE('',#14222,0.475);
#14222 = AXIS2_PLACEMENT_3D('',#14223,#14224,#14225);
#14223 = CARTESIAN_POINT('',(110.,-96.5,1.51));
#14224 = DIRECTION('',(-0.,0.,-1.));
#14225 = DIRECTION('',(-0.,-1.,0.));
#14226 = PLANE('',#14227);
#14227 = AXIS2_PLACEMENT_3D('',#14228,#14229,#14230);
#14228 = CARTESIAN_POINT('',(0.,0.,1.51));
#14229 = DIRECTION('',(0.,0.,1.));
#14230 = DIRECTION('',(1.,0.,-0.));
#14231 = ADVANCED_FACE('',(#14232,#14243),#14254,.T.);
#14232 = FACE_BOUND('',#14233,.T.);
#14233 = EDGE_LOOP('',(#14234,#14235,#14236,#14242));
#14234 = ORIENTED_EDGE('',*,*,#14115,.F.);
#14235 = ORIENTED_EDGE('',*,*,#14155,.F.);
#14236 = ORIENTED_EDGE('',*,*,#14237,.F.);
#14237 = EDGE_CURVE('',#14178,#14148,#14238,.T.);
#14238 = LINE('',#14239,#14240);
#14239 = CARTESIAN_POINT('',(110.85,-95.65,1.55));
#14240 = VECTOR('',#14241,1.);
#14241 = DIRECTION('',(0.,-1.,0.));
#14242 = ORIENTED_EDGE('',*,*,#14177,.F.);
#14243 = FACE_BOUND('',#14244,.T.);
#14244 = EDGE_LOOP('',(#14245));
#14245 = ORIENTED_EDGE('',*,*,#14246,.T.);
#14246 = EDGE_CURVE('',#14247,#14247,#14249,.T.);
#14247 = VERTEX_POINT('',#14248);
#14248 = CARTESIAN_POINT('',(110.,-96.975,1.55));
#14249 = CIRCLE('',#14250,0.475);
#14250 = AXIS2_PLACEMENT_3D('',#14251,#14252,#14253);
#14251 = CARTESIAN_POINT('',(110.,-96.5,1.55));
#14252 = DIRECTION('',(-0.,0.,-1.));
#14253 = DIRECTION('',(-0.,-1.,0.));
#14254 = PLANE('',#14255);
#14255 = AXIS2_PLACEMENT_3D('',#14256,#14257,#14258);
#14256 = CARTESIAN_POINT('',(0.,0.,1.55));
#14257 = DIRECTION('',(0.,0.,1.));
#14258 = DIRECTION('',(1.,0.,-0.));
#14259 = ADVANCED_FACE('',(#14260),#14266,.T.);
#14260 = FACE_BOUND('',#14261,.T.);
#14261 = EDGE_LOOP('',(#14262,#14263,#14264,#14265));
#14262 = ORIENTED_EDGE('',*,*,#14185,.T.);
#14263 = ORIENTED_EDGE('',*,*,#14237,.T.);
#14264 = ORIENTED_EDGE('',*,*,#14145,.F.);
#14265 = ORIENTED_EDGE('',*,*,#14209,.F.);
#14266 = PLANE('',#14267);
#14267 = AXIS2_PLACEMENT_3D('',#14268,#14269,#14270);
#14268 = CARTESIAN_POINT('',(110.85,-95.65,1.51));
#14269 = DIRECTION('',(1.,0.,-0.));
#14270 = DIRECTION('',(0.,-1.,0.));
#14271 = ADVANCED_FACE('',(#14272),#14283,.F.);
#14272 = FACE_BOUND('',#14273,.T.);
#14273 = EDGE_LOOP('',(#14274,#14275,#14281,#14282));
#14274 = ORIENTED_EDGE('',*,*,#14218,.T.);
#14275 = ORIENTED_EDGE('',*,*,#14276,.T.);
#14276 = EDGE_CURVE('',#14219,#14247,#14277,.T.);
#14277 = LINE('',#14278,#14279);
#14278 = CARTESIAN_POINT('',(110.,-96.975,-4.6E-02));
#14279 = VECTOR('',#14280,1.);
#14280 = DIRECTION('',(0.,0.,1.));
#14281 = ORIENTED_EDGE('',*,*,#14246,.F.);
#14282 = ORIENTED_EDGE('',*,*,#14276,.F.);
#14283 = CYLINDRICAL_SURFACE('',#14284,0.475);
#14284 = AXIS2_PLACEMENT_3D('',#14285,#14286,#14287);
#14285 = CARTESIAN_POINT('',(110.,-96.5,-4.6E-02));
#14286 = DIRECTION('',(-0.,-0.,-1.));
#14287 = DIRECTION('',(-0.,-1.,0.));
#14288 = MANIFOLD_SOLID_BREP('',#14289);
#14289 = CLOSED_SHELL('',(#14290,#14330,#14361,#14392,#14420,#14448,
    #14460));
#14290 = ADVANCED_FACE('',(#14291),#14325,.F.);
#14291 = FACE_BOUND('',#14292,.F.);
#14292 = EDGE_LOOP('',(#14293,#14303,#14311,#14319));
#14293 = ORIENTED_EDGE('',*,*,#14294,.T.);
#14294 = EDGE_CURVE('',#14295,#14297,#14299,.T.);
#14295 = VERTEX_POINT('',#14296);
#14296 = CARTESIAN_POINT('',(109.15,-97.35,0.));
#14297 = VERTEX_POINT('',#14298);
#14298 = CARTESIAN_POINT('',(109.15,-97.35,-4.E-02));
#14299 = LINE('',#14300,#14301);
#14300 = CARTESIAN_POINT('',(109.15,-97.35,0.));
#14301 = VECTOR('',#14302,1.);
#14302 = DIRECTION('',(0.,0.,-1.));
#14303 = ORIENTED_EDGE('',*,*,#14304,.T.);
#14304 = EDGE_CURVE('',#14297,#14305,#14307,.T.);
#14305 = VERTEX_POINT('',#14306);
#14306 = CARTESIAN_POINT('',(109.15,-95.65,-4.E-02));
#14307 = LINE('',#14308,#14309);
#14308 = CARTESIAN_POINT('',(109.15,-97.35,-4.E-02));
#14309 = VECTOR('',#14310,1.);
#14310 = DIRECTION('',(0.,1.,0.));
#14311 = ORIENTED_EDGE('',*,*,#14312,.F.);
#14312 = EDGE_CURVE('',#14313,#14305,#14315,.T.);
#14313 = VERTEX_POINT('',#14314);
#14314 = CARTESIAN_POINT('',(109.15,-95.65,0.));
#14315 = LINE('',#14316,#14317);
#14316 = CARTESIAN_POINT('',(109.15,-95.65,0.));
#14317 = VECTOR('',#14318,1.);
#14318 = DIRECTION('',(0.,0.,-1.));
#14319 = ORIENTED_EDGE('',*,*,#14320,.F.);
#14320 = EDGE_CURVE('',#14295,#14313,#14321,.T.);
#14321 = LINE('',#14322,#14323);
#14322 = CARTESIAN_POINT('',(109.15,-97.35,0.));
#14323 = VECTOR('',#14324,1.);
#14324 = DIRECTION('',(0.,1.,0.));
#14325 = PLANE('',#14326);
#14326 = AXIS2_PLACEMENT_3D('',#14327,#14328,#14329);
#14327 = CARTESIAN_POINT('',(109.15,-97.35,0.));
#14328 = DIRECTION('',(1.,-0.,0.));
#14329 = DIRECTION('',(0.,1.,0.));
#14330 = ADVANCED_FACE('',(#14331),#14356,.F.);
#14331 = FACE_BOUND('',#14332,.F.);
#14332 = EDGE_LOOP('',(#14333,#14343,#14349,#14350));
#14333 = ORIENTED_EDGE('',*,*,#14334,.T.);
#14334 = EDGE_CURVE('',#14335,#14337,#14339,.T.);
#14335 = VERTEX_POINT('',#14336);
#14336 = CARTESIAN_POINT('',(110.85,-97.35,0.));
#14337 = VERTEX_POINT('',#14338);
#14338 = CARTESIAN_POINT('',(110.85,-97.35,-4.E-02));
#14339 = LINE('',#14340,#14341);
#14340 = CARTESIAN_POINT('',(110.85,-97.35,0.));
#14341 = VECTOR('',#14342,1.);
#14342 = DIRECTION('',(0.,0.,-1.));
#14343 = ORIENTED_EDGE('',*,*,#14344,.T.);
#14344 = EDGE_CURVE('',#14337,#14297,#14345,.T.);
#14345 = LINE('',#14346,#14347);
#14346 = CARTESIAN_POINT('',(110.85,-97.35,-4.E-02));
#14347 = VECTOR('',#14348,1.);
#14348 = DIRECTION('',(-1.,0.,0.));
#14349 = ORIENTED_EDGE('',*,*,#14294,.F.);
#14350 = ORIENTED_EDGE('',*,*,#14351,.F.);
#14351 = EDGE_CURVE('',#14335,#14295,#14352,.T.);
#14352 = LINE('',#14353,#14354);
#14353 = CARTESIAN_POINT('',(110.85,-97.35,0.));
#14354 = VECTOR('',#14355,1.);
#14355 = DIRECTION('',(-1.,0.,0.));
#14356 = PLANE('',#14357);
#14357 = AXIS2_PLACEMENT_3D('',#14358,#14359,#14360);
#14358 = CARTESIAN_POINT('',(110.85,-97.35,0.));
#14359 = DIRECTION('',(0.,1.,0.));
#14360 = DIRECTION('',(-1.,0.,0.));
#14361 = ADVANCED_FACE('',(#14362),#14387,.F.);
#14362 = FACE_BOUND('',#14363,.F.);
#14363 = EDGE_LOOP('',(#14364,#14365,#14373,#14381));
#14364 = ORIENTED_EDGE('',*,*,#14312,.T.);
#14365 = ORIENTED_EDGE('',*,*,#14366,.T.);
#14366 = EDGE_CURVE('',#14305,#14367,#14369,.T.);
#14367 = VERTEX_POINT('',#14368);
#14368 = CARTESIAN_POINT('',(110.85,-95.65,-4.E-02));
#14369 = LINE('',#14370,#14371);
#14370 = CARTESIAN_POINT('',(109.15,-95.65,-4.E-02));
#14371 = VECTOR('',#14372,1.);
#14372 = DIRECTION('',(1.,0.,0.));
#14373 = ORIENTED_EDGE('',*,*,#14374,.F.);
#14374 = EDGE_CURVE('',#14375,#14367,#14377,.T.);
#14375 = VERTEX_POINT('',#14376);
#14376 = CARTESIAN_POINT('',(110.85,-95.65,0.));
#14377 = LINE('',#14378,#14379);
#14378 = CARTESIAN_POINT('',(110.85,-95.65,0.));
#14379 = VECTOR('',#14380,1.);
#14380 = DIRECTION('',(0.,0.,-1.));
#14381 = ORIENTED_EDGE('',*,*,#14382,.F.);
#14382 = EDGE_CURVE('',#14313,#14375,#14383,.T.);
#14383 = LINE('',#14384,#14385);
#14384 = CARTESIAN_POINT('',(109.15,-95.65,0.));
#14385 = VECTOR('',#14386,1.);
#14386 = DIRECTION('',(1.,0.,0.));
#14387 = PLANE('',#14388);
#14388 = AXIS2_PLACEMENT_3D('',#14389,#14390,#14391);
#14389 = CARTESIAN_POINT('',(109.15,-95.65,0.));
#14390 = DIRECTION('',(0.,-1.,0.));
#14391 = DIRECTION('',(1.,0.,0.));
#14392 = ADVANCED_FACE('',(#14393,#14404),#14415,.F.);
#14393 = FACE_BOUND('',#14394,.F.);
#14394 = EDGE_LOOP('',(#14395,#14396,#14397,#14403));
#14395 = ORIENTED_EDGE('',*,*,#14320,.T.);
#14396 = ORIENTED_EDGE('',*,*,#14382,.T.);
#14397 = ORIENTED_EDGE('',*,*,#14398,.T.);
#14398 = EDGE_CURVE('',#14375,#14335,#14399,.T.);
#14399 = LINE('',#14400,#14401);
#14400 = CARTESIAN_POINT('',(110.85,-95.65,0.));
#14401 = VECTOR('',#14402,1.);
#14402 = DIRECTION('',(0.,-1.,0.));
#14403 = ORIENTED_EDGE('',*,*,#14351,.T.);
#14404 = FACE_BOUND('',#14405,.F.);
#14405 = EDGE_LOOP('',(#14406));
#14406 = ORIENTED_EDGE('',*,*,#14407,.F.);
#14407 = EDGE_CURVE('',#14408,#14408,#14410,.T.);
#14408 = VERTEX_POINT('',#14409);
#14409 = CARTESIAN_POINT('',(110.,-96.975,0.));
#14410 = CIRCLE('',#14411,0.475);
#14411 = AXIS2_PLACEMENT_3D('',#14412,#14413,#14414);
#14412 = CARTESIAN_POINT('',(110.,-96.5,0.));
#14413 = DIRECTION('',(-0.,0.,-1.));
#14414 = DIRECTION('',(-0.,-1.,0.));
#14415 = PLANE('',#14416);
#14416 = AXIS2_PLACEMENT_3D('',#14417,#14418,#14419);
#14417 = CARTESIAN_POINT('',(0.,0.,0.));
#14418 = DIRECTION('',(-0.,-0.,-1.));
#14419 = DIRECTION('',(-1.,0.,0.));
#14420 = ADVANCED_FACE('',(#14421,#14432),#14443,.T.);
#14421 = FACE_BOUND('',#14422,.T.);
#14422 = EDGE_LOOP('',(#14423,#14424,#14425,#14431));
#14423 = ORIENTED_EDGE('',*,*,#14304,.T.);
#14424 = ORIENTED_EDGE('',*,*,#14366,.T.);
#14425 = ORIENTED_EDGE('',*,*,#14426,.T.);
#14426 = EDGE_CURVE('',#14367,#14337,#14427,.T.);
#14427 = LINE('',#14428,#14429);
#14428 = CARTESIAN_POINT('',(110.85,-95.65,-4.E-02));
#14429 = VECTOR('',#14430,1.);
#14430 = DIRECTION('',(0.,-1.,0.));
#14431 = ORIENTED_EDGE('',*,*,#14344,.T.);
#14432 = FACE_BOUND('',#14433,.T.);
#14433 = EDGE_LOOP('',(#14434));
#14434 = ORIENTED_EDGE('',*,*,#14435,.F.);
#14435 = EDGE_CURVE('',#14436,#14436,#14438,.T.);
#14436 = VERTEX_POINT('',#14437);
#14437 = CARTESIAN_POINT('',(110.,-96.975,-4.E-02));
#14438 = CIRCLE('',#14439,0.475);
#14439 = AXIS2_PLACEMENT_3D('',#14440,#14441,#14442);
#14440 = CARTESIAN_POINT('',(110.,-96.5,-4.E-02));
#14441 = DIRECTION('',(-0.,0.,-1.));
#14442 = DIRECTION('',(-0.,-1.,0.));
#14443 = PLANE('',#14444);
#14444 = AXIS2_PLACEMENT_3D('',#14445,#14446,#14447);
#14445 = CARTESIAN_POINT('',(0.,0.,-4.E-02));
#14446 = DIRECTION('',(-0.,-0.,-1.));
#14447 = DIRECTION('',(-1.,0.,0.));
#14448 = ADVANCED_FACE('',(#14449),#14455,.F.);
#14449 = FACE_BOUND('',#14450,.F.);
#14450 = EDGE_LOOP('',(#14451,#14452,#14453,#14454));
#14451 = ORIENTED_EDGE('',*,*,#14374,.T.);
#14452 = ORIENTED_EDGE('',*,*,#14426,.T.);
#14453 = ORIENTED_EDGE('',*,*,#14334,.F.);
#14454 = ORIENTED_EDGE('',*,*,#14398,.F.);
#14455 = PLANE('',#14456);
#14456 = AXIS2_PLACEMENT_3D('',#14457,#14458,#14459);
#14457 = CARTESIAN_POINT('',(110.85,-95.65,0.));
#14458 = DIRECTION('',(-1.,-0.,-0.));
#14459 = DIRECTION('',(0.,-1.,0.));
#14460 = ADVANCED_FACE('',(#14461),#14472,.F.);
#14461 = FACE_BOUND('',#14462,.T.);
#14462 = EDGE_LOOP('',(#14463,#14464,#14470,#14471));
#14463 = ORIENTED_EDGE('',*,*,#14435,.T.);
#14464 = ORIENTED_EDGE('',*,*,#14465,.T.);
#14465 = EDGE_CURVE('',#14436,#14408,#14466,.T.);
#14466 = LINE('',#14467,#14468);
#14467 = CARTESIAN_POINT('',(110.,-96.975,-4.6E-02));
#14468 = VECTOR('',#14469,1.);
#14469 = DIRECTION('',(0.,0.,1.));
#14470 = ORIENTED_EDGE('',*,*,#14407,.F.);
#14471 = ORIENTED_EDGE('',*,*,#14465,.F.);
#14472 = CYLINDRICAL_SURFACE('',#14473,0.475);
#14473 = AXIS2_PLACEMENT_3D('',#14474,#14475,#14476);
#14474 = CARTESIAN_POINT('',(110.,-96.5,-4.6E-02));
#14475 = DIRECTION('',(-0.,-0.,-1.));
#14476 = DIRECTION('',(-0.,-1.,0.));
#14477 = MANIFOLD_SOLID_BREP('',#14478);
#14478 = CLOSED_SHELL('',(#14479,#14512,#14532,#14552));
#14479 = ADVANCED_FACE('',(#14480),#14507,.T.);
#14480 = FACE_BOUND('',#14481,.F.);
#14481 = EDGE_LOOP('',(#14482,#14492,#14499,#14500));
#14482 = ORIENTED_EDGE('',*,*,#14483,.T.);
#14483 = EDGE_CURVE('',#14484,#14486,#14488,.T.);
#14484 = VERTEX_POINT('',#14485);
#14485 = CARTESIAN_POINT('',(110.,-97.,-4.E-02));
#14486 = VERTEX_POINT('',#14487);
#14487 = CARTESIAN_POINT('',(110.,-97.,1.55));
#14488 = LINE('',#14489,#14490);
#14489 = CARTESIAN_POINT('',(110.,-97.,-4.E-02));
#14490 = VECTOR('',#14491,1.);
#14491 = DIRECTION('',(0.,0.,1.));
#14492 = ORIENTED_EDGE('',*,*,#14493,.T.);
#14493 = EDGE_CURVE('',#14486,#14486,#14494,.T.);
#14494 = CIRCLE('',#14495,0.5);
#14495 = AXIS2_PLACEMENT_3D('',#14496,#14497,#14498);
#14496 = CARTESIAN_POINT('',(110.,-96.5,1.55));
#14497 = DIRECTION('',(0.,0.,1.));
#14498 = DIRECTION('',(-0.,-1.,0.));
#14499 = ORIENTED_EDGE('',*,*,#14483,.F.);
#14500 = ORIENTED_EDGE('',*,*,#14501,.F.);
#14501 = EDGE_CURVE('',#14484,#14484,#14502,.T.);
#14502 = CIRCLE('',#14503,0.5);
#14503 = AXIS2_PLACEMENT_3D('',#14504,#14505,#14506);
#14504 = CARTESIAN_POINT('',(110.,-96.5,-4.E-02));
#14505 = DIRECTION('',(0.,0.,1.));
#14506 = DIRECTION('',(-0.,-1.,0.));
#14507 = CYLINDRICAL_SURFACE('',#14508,0.5);
#14508 = AXIS2_PLACEMENT_3D('',#14509,#14510,#14511);
#14509 = CARTESIAN_POINT('',(110.,-96.5,-4.E-02));
#14510 = DIRECTION('',(-0.,-0.,-1.));
#14511 = DIRECTION('',(-0.,-1.,0.));
#14512 = ADVANCED_FACE('',(#14513,#14516),#14527,.F.);
#14513 = FACE_BOUND('',#14514,.F.);
#14514 = EDGE_LOOP('',(#14515));
#14515 = ORIENTED_EDGE('',*,*,#14501,.T.);
#14516 = FACE_BOUND('',#14517,.F.);
#14517 = EDGE_LOOP('',(#14518));
#14518 = ORIENTED_EDGE('',*,*,#14519,.T.);
#14519 = EDGE_CURVE('',#14520,#14520,#14522,.T.);
#14520 = VERTEX_POINT('',#14521);
#14521 = CARTESIAN_POINT('',(110.,-96.975,-4.E-02));
#14522 = CIRCLE('',#14523,0.475);
#14523 = AXIS2_PLACEMENT_3D('',#14524,#14525,#14526);
#14524 = CARTESIAN_POINT('',(110.,-96.5,-4.E-02));
#14525 = DIRECTION('',(-0.,0.,-1.));
#14526 = DIRECTION('',(-0.,-1.,0.));
#14527 = PLANE('',#14528);
#14528 = AXIS2_PLACEMENT_3D('',#14529,#14530,#14531);
#14529 = CARTESIAN_POINT('',(110.,-97.,-4.E-02));
#14530 = DIRECTION('',(0.,0.,1.));
#14531 = DIRECTION('',(1.,0.,-0.));
#14532 = ADVANCED_FACE('',(#14533,#14536),#14547,.T.);
#14533 = FACE_BOUND('',#14534,.T.);
#14534 = EDGE_LOOP('',(#14535));
#14535 = ORIENTED_EDGE('',*,*,#14493,.T.);
#14536 = FACE_BOUND('',#14537,.T.);
#14537 = EDGE_LOOP('',(#14538));
#14538 = ORIENTED_EDGE('',*,*,#14539,.T.);
#14539 = EDGE_CURVE('',#14540,#14540,#14542,.T.);
#14540 = VERTEX_POINT('',#14541);
#14541 = CARTESIAN_POINT('',(110.,-96.975,1.55));
#14542 = CIRCLE('',#14543,0.475);
#14543 = AXIS2_PLACEMENT_3D('',#14544,#14545,#14546);
#14544 = CARTESIAN_POINT('',(110.,-96.5,1.55));
#14545 = DIRECTION('',(-0.,0.,-1.));
#14546 = DIRECTION('',(-0.,-1.,0.));
#14547 = PLANE('',#14548);
#14548 = AXIS2_PLACEMENT_3D('',#14549,#14550,#14551);
#14549 = CARTESIAN_POINT('',(110.,-97.,1.55));
#14550 = DIRECTION('',(0.,0.,1.));
#14551 = DIRECTION('',(1.,0.,-0.));
#14552 = ADVANCED_FACE('',(#14553),#14564,.F.);
#14553 = FACE_BOUND('',#14554,.T.);
#14554 = EDGE_LOOP('',(#14555,#14556,#14562,#14563));
#14555 = ORIENTED_EDGE('',*,*,#14519,.T.);
#14556 = ORIENTED_EDGE('',*,*,#14557,.T.);
#14557 = EDGE_CURVE('',#14520,#14540,#14558,.T.);
#14558 = LINE('',#14559,#14560);
#14559 = CARTESIAN_POINT('',(110.,-96.975,-4.6E-02));
#14560 = VECTOR('',#14561,1.);
#14561 = DIRECTION('',(0.,0.,1.));
#14562 = ORIENTED_EDGE('',*,*,#14539,.F.);
#14563 = ORIENTED_EDGE('',*,*,#14557,.F.);
#14564 = CYLINDRICAL_SURFACE('',#14565,0.475);
#14565 = AXIS2_PLACEMENT_3D('',#14566,#14567,#14568);
#14566 = CARTESIAN_POINT('',(110.,-96.5,-4.6E-02));
#14567 = DIRECTION('',(-0.,-0.,-1.));
#14568 = DIRECTION('',(-0.,-1.,0.));
#14569 = MANIFOLD_SOLID_BREP('',#14570);
#14570 = CLOSED_SHELL('',(#14571,#14611,#14642,#14673,#14695,#14707));
#14571 = ADVANCED_FACE('',(#14572),#14606,.T.);
#14572 = FACE_BOUND('',#14573,.T.);
#14573 = EDGE_LOOP('',(#14574,#14584,#14592,#14600));
#14574 = ORIENTED_EDGE('',*,*,#14575,.T.);
#14575 = EDGE_CURVE('',#14576,#14578,#14580,.T.);
#14576 = VERTEX_POINT('',#14577);
#14577 = CARTESIAN_POINT('',(95.4,-111.1,1.51));
#14578 = VERTEX_POINT('',#14579);
#14579 = CARTESIAN_POINT('',(95.4,-111.1,1.55));
#14580 = LINE('',#14581,#14582);
#14581 = CARTESIAN_POINT('',(95.4,-111.1,1.51));
#14582 = VECTOR('',#14583,1.);
#14583 = DIRECTION('',(0.,0.,1.));
#14584 = ORIENTED_EDGE('',*,*,#14585,.T.);
#14585 = EDGE_CURVE('',#14578,#14586,#14588,.T.);
#14586 = VERTEX_POINT('',#14587);
#14587 = CARTESIAN_POINT('',(95.4,-110.2,1.55));
#14588 = LINE('',#14589,#14590);
#14589 = CARTESIAN_POINT('',(95.4,-111.1,1.55));
#14590 = VECTOR('',#14591,1.);
#14591 = DIRECTION('',(0.,1.,0.));
#14592 = ORIENTED_EDGE('',*,*,#14593,.F.);
#14593 = EDGE_CURVE('',#14594,#14586,#14596,.T.);
#14594 = VERTEX_POINT('',#14595);
#14595 = CARTESIAN_POINT('',(95.4,-110.2,1.51));
#14596 = LINE('',#14597,#14598);
#14597 = CARTESIAN_POINT('',(95.4,-110.2,1.51));
#14598 = VECTOR('',#14599,1.);
#14599 = DIRECTION('',(0.,0.,1.));
#14600 = ORIENTED_EDGE('',*,*,#14601,.F.);
#14601 = EDGE_CURVE('',#14576,#14594,#14602,.T.);
#14602 = LINE('',#14603,#14604);
#14603 = CARTESIAN_POINT('',(95.4,-111.1,1.51));
#14604 = VECTOR('',#14605,1.);
#14605 = DIRECTION('',(0.,1.,0.));
#14606 = PLANE('',#14607);
#14607 = AXIS2_PLACEMENT_3D('',#14608,#14609,#14610);
#14608 = CARTESIAN_POINT('',(95.4,-111.1,1.51));
#14609 = DIRECTION('',(-1.,0.,0.));
#14610 = DIRECTION('',(0.,1.,0.));
#14611 = ADVANCED_FACE('',(#14612),#14637,.T.);
#14612 = FACE_BOUND('',#14613,.T.);
#14613 = EDGE_LOOP('',(#14614,#14615,#14623,#14631));
#14614 = ORIENTED_EDGE('',*,*,#14593,.T.);
#14615 = ORIENTED_EDGE('',*,*,#14616,.T.);
#14616 = EDGE_CURVE('',#14586,#14617,#14619,.T.);
#14617 = VERTEX_POINT('',#14618);
#14618 = CARTESIAN_POINT('',(96.2,-110.2,1.55));
#14619 = LINE('',#14620,#14621);
#14620 = CARTESIAN_POINT('',(95.4,-110.2,1.55));
#14621 = VECTOR('',#14622,1.);
#14622 = DIRECTION('',(1.,0.,0.));
#14623 = ORIENTED_EDGE('',*,*,#14624,.F.);
#14624 = EDGE_CURVE('',#14625,#14617,#14627,.T.);
#14625 = VERTEX_POINT('',#14626);
#14626 = CARTESIAN_POINT('',(96.2,-110.2,1.51));
#14627 = LINE('',#14628,#14629);
#14628 = CARTESIAN_POINT('',(96.2,-110.2,1.51));
#14629 = VECTOR('',#14630,1.);
#14630 = DIRECTION('',(0.,0.,1.));
#14631 = ORIENTED_EDGE('',*,*,#14632,.F.);
#14632 = EDGE_CURVE('',#14594,#14625,#14633,.T.);
#14633 = LINE('',#14634,#14635);
#14634 = CARTESIAN_POINT('',(95.4,-110.2,1.51));
#14635 = VECTOR('',#14636,1.);
#14636 = DIRECTION('',(1.,0.,0.));
#14637 = PLANE('',#14638);
#14638 = AXIS2_PLACEMENT_3D('',#14639,#14640,#14641);
#14639 = CARTESIAN_POINT('',(95.4,-110.2,1.51));
#14640 = DIRECTION('',(0.,1.,0.));
#14641 = DIRECTION('',(1.,0.,0.));
#14642 = ADVANCED_FACE('',(#14643),#14668,.T.);
#14643 = FACE_BOUND('',#14644,.T.);
#14644 = EDGE_LOOP('',(#14645,#14646,#14654,#14662));
#14645 = ORIENTED_EDGE('',*,*,#14624,.T.);
#14646 = ORIENTED_EDGE('',*,*,#14647,.T.);
#14647 = EDGE_CURVE('',#14617,#14648,#14650,.T.);
#14648 = VERTEX_POINT('',#14649);
#14649 = CARTESIAN_POINT('',(96.2,-111.1,1.55));
#14650 = LINE('',#14651,#14652);
#14651 = CARTESIAN_POINT('',(96.2,-110.2,1.55));
#14652 = VECTOR('',#14653,1.);
#14653 = DIRECTION('',(0.,-1.,0.));
#14654 = ORIENTED_EDGE('',*,*,#14655,.F.);
#14655 = EDGE_CURVE('',#14656,#14648,#14658,.T.);
#14656 = VERTEX_POINT('',#14657);
#14657 = CARTESIAN_POINT('',(96.2,-111.1,1.51));
#14658 = LINE('',#14659,#14660);
#14659 = CARTESIAN_POINT('',(96.2,-111.1,1.51));
#14660 = VECTOR('',#14661,1.);
#14661 = DIRECTION('',(0.,0.,1.));
#14662 = ORIENTED_EDGE('',*,*,#14663,.F.);
#14663 = EDGE_CURVE('',#14625,#14656,#14664,.T.);
#14664 = LINE('',#14665,#14666);
#14665 = CARTESIAN_POINT('',(96.2,-110.2,1.51));
#14666 = VECTOR('',#14667,1.);
#14667 = DIRECTION('',(0.,-1.,0.));
#14668 = PLANE('',#14669);
#14669 = AXIS2_PLACEMENT_3D('',#14670,#14671,#14672);
#14670 = CARTESIAN_POINT('',(96.2,-110.2,1.51));
#14671 = DIRECTION('',(1.,0.,-0.));
#14672 = DIRECTION('',(0.,-1.,0.));
#14673 = ADVANCED_FACE('',(#14674),#14690,.T.);
#14674 = FACE_BOUND('',#14675,.T.);
#14675 = EDGE_LOOP('',(#14676,#14677,#14683,#14684));
#14676 = ORIENTED_EDGE('',*,*,#14655,.T.);
#14677 = ORIENTED_EDGE('',*,*,#14678,.T.);
#14678 = EDGE_CURVE('',#14648,#14578,#14679,.T.);
#14679 = LINE('',#14680,#14681);
#14680 = CARTESIAN_POINT('',(96.2,-111.1,1.55));
#14681 = VECTOR('',#14682,1.);
#14682 = DIRECTION('',(-1.,0.,0.));
#14683 = ORIENTED_EDGE('',*,*,#14575,.F.);
#14684 = ORIENTED_EDGE('',*,*,#14685,.F.);
#14685 = EDGE_CURVE('',#14656,#14576,#14686,.T.);
#14686 = LINE('',#14687,#14688);
#14687 = CARTESIAN_POINT('',(96.2,-111.1,1.51));
#14688 = VECTOR('',#14689,1.);
#14689 = DIRECTION('',(-1.,0.,0.));
#14690 = PLANE('',#14691);
#14691 = AXIS2_PLACEMENT_3D('',#14692,#14693,#14694);
#14692 = CARTESIAN_POINT('',(96.2,-111.1,1.51));
#14693 = DIRECTION('',(0.,-1.,0.));
#14694 = DIRECTION('',(-1.,0.,0.));
#14695 = ADVANCED_FACE('',(#14696),#14702,.F.);
#14696 = FACE_BOUND('',#14697,.T.);
#14697 = EDGE_LOOP('',(#14698,#14699,#14700,#14701));
#14698 = ORIENTED_EDGE('',*,*,#14601,.T.);
#14699 = ORIENTED_EDGE('',*,*,#14632,.T.);
#14700 = ORIENTED_EDGE('',*,*,#14663,.T.);
#14701 = ORIENTED_EDGE('',*,*,#14685,.T.);
#14702 = PLANE('',#14703);
#14703 = AXIS2_PLACEMENT_3D('',#14704,#14705,#14706);
#14704 = CARTESIAN_POINT('',(0.,0.,1.51));
#14705 = DIRECTION('',(0.,0.,1.));
#14706 = DIRECTION('',(1.,0.,-0.));
#14707 = ADVANCED_FACE('',(#14708),#14714,.T.);
#14708 = FACE_BOUND('',#14709,.F.);
#14709 = EDGE_LOOP('',(#14710,#14711,#14712,#14713));
#14710 = ORIENTED_EDGE('',*,*,#14585,.T.);
#14711 = ORIENTED_EDGE('',*,*,#14616,.T.);
#14712 = ORIENTED_EDGE('',*,*,#14647,.T.);
#14713 = ORIENTED_EDGE('',*,*,#14678,.T.);
#14714 = PLANE('',#14715);
#14715 = AXIS2_PLACEMENT_3D('',#14716,#14717,#14718);
#14716 = CARTESIAN_POINT('',(0.,0.,1.55));
#14717 = DIRECTION('',(0.,0.,1.));
#14718 = DIRECTION('',(1.,0.,-0.));
#14719 = MANIFOLD_SOLID_BREP('',#14720);
#14720 = CLOSED_SHELL('',(#14721,#14754,#14763));
#14721 = ADVANCED_FACE('',(#14722),#14749,.T.);
#14722 = FACE_BOUND('',#14723,.T.);
#14723 = EDGE_LOOP('',(#14724,#14734,#14741,#14742));
#14724 = ORIENTED_EDGE('',*,*,#14725,.T.);
#14725 = EDGE_CURVE('',#14726,#14728,#14730,.T.);
#14726 = VERTEX_POINT('',#14727);
#14727 = CARTESIAN_POINT('',(103.999999,-99.75,0.));
#14728 = VERTEX_POINT('',#14729);
#14729 = CARTESIAN_POINT('',(103.999999,-99.75,-4.E-02));
#14730 = LINE('',#14731,#14732);
#14731 = CARTESIAN_POINT('',(103.999999,-99.75,0.));
#14732 = VECTOR('',#14733,1.);
#14733 = DIRECTION('',(0.,0.,-1.));
#14734 = ORIENTED_EDGE('',*,*,#14735,.T.);
#14735 = EDGE_CURVE('',#14728,#14728,#14736,.T.);
#14736 = CIRCLE('',#14737,3.999999);
#14737 = AXIS2_PLACEMENT_3D('',#14738,#14739,#14740);
#14738 = CARTESIAN_POINT('',(100.,-99.75,-4.E-02));
#14739 = DIRECTION('',(0.,0.,1.));
#14740 = DIRECTION('',(1.,0.,-0.));
#14741 = ORIENTED_EDGE('',*,*,#14725,.F.);
#14742 = ORIENTED_EDGE('',*,*,#14743,.F.);
#14743 = EDGE_CURVE('',#14726,#14726,#14744,.T.);
#14744 = CIRCLE('',#14745,3.999999);
#14745 = AXIS2_PLACEMENT_3D('',#14746,#14747,#14748);
#14746 = CARTESIAN_POINT('',(100.,-99.75,0.));
#14747 = DIRECTION('',(0.,0.,1.));
#14748 = DIRECTION('',(1.,0.,-0.));
#14749 = CYLINDRICAL_SURFACE('',#14750,3.999999);
#14750 = AXIS2_PLACEMENT_3D('',#14751,#14752,#14753);
#14751 = CARTESIAN_POINT('',(100.,-99.75,0.));
#14752 = DIRECTION('',(0.,0.,1.));
#14753 = DIRECTION('',(1.,0.,-0.));
#14754 = ADVANCED_FACE('',(#14755),#14758,.F.);
#14755 = FACE_BOUND('',#14756,.T.);
#14756 = EDGE_LOOP('',(#14757));
#14757 = ORIENTED_EDGE('',*,*,#14743,.T.);
#14758 = PLANE('',#14759);
#14759 = AXIS2_PLACEMENT_3D('',#14760,#14761,#14762);
#14760 = CARTESIAN_POINT('',(0.,0.,0.));
#14761 = DIRECTION('',(-0.,-0.,-1.));
#14762 = DIRECTION('',(-1.,0.,0.));
#14763 = ADVANCED_FACE('',(#14764),#14767,.T.);
#14764 = FACE_BOUND('',#14765,.F.);
#14765 = EDGE_LOOP('',(#14766));
#14766 = ORIENTED_EDGE('',*,*,#14735,.T.);
#14767 = PLANE('',#14768);
#14768 = AXIS2_PLACEMENT_3D('',#14769,#14770,#14771);
#14769 = CARTESIAN_POINT('',(0.,0.,-4.E-02));
#14770 = DIRECTION('',(-0.,-0.,-1.));
#14771 = DIRECTION('',(-1.,0.,0.));
#14772 = MANIFOLD_SOLID_BREP('',#14773);
#14773 = CLOSED_SHELL('',(#14774,#14814,#14845,#14876,#14904,#14932,
    #14944));
#14774 = ADVANCED_FACE('',(#14775),#14809,.T.);
#14775 = FACE_BOUND('',#14776,.T.);
#14776 = EDGE_LOOP('',(#14777,#14787,#14795,#14803));
#14777 = ORIENTED_EDGE('',*,*,#14778,.T.);
#14778 = EDGE_CURVE('',#14779,#14781,#14783,.T.);
#14779 = VERTEX_POINT('',#14780);
#14780 = CARTESIAN_POINT('',(109.15,-104.35,1.51));
#14781 = VERTEX_POINT('',#14782);
#14782 = CARTESIAN_POINT('',(109.15,-104.35,1.55));
#14783 = LINE('',#14784,#14785);
#14784 = CARTESIAN_POINT('',(109.15,-104.35,1.51));
#14785 = VECTOR('',#14786,1.);
#14786 = DIRECTION('',(0.,0.,1.));
#14787 = ORIENTED_EDGE('',*,*,#14788,.T.);
#14788 = EDGE_CURVE('',#14781,#14789,#14791,.T.);
#14789 = VERTEX_POINT('',#14790);
#14790 = CARTESIAN_POINT('',(109.15,-102.65,1.55));
#14791 = LINE('',#14792,#14793);
#14792 = CARTESIAN_POINT('',(109.15,-104.35,1.55));
#14793 = VECTOR('',#14794,1.);
#14794 = DIRECTION('',(0.,1.,0.));
#14795 = ORIENTED_EDGE('',*,*,#14796,.F.);
#14796 = EDGE_CURVE('',#14797,#14789,#14799,.T.);
#14797 = VERTEX_POINT('',#14798);
#14798 = CARTESIAN_POINT('',(109.15,-102.65,1.51));
#14799 = LINE('',#14800,#14801);
#14800 = CARTESIAN_POINT('',(109.15,-102.65,1.51));
#14801 = VECTOR('',#14802,1.);
#14802 = DIRECTION('',(0.,0.,1.));
#14803 = ORIENTED_EDGE('',*,*,#14804,.F.);
#14804 = EDGE_CURVE('',#14779,#14797,#14805,.T.);
#14805 = LINE('',#14806,#14807);
#14806 = CARTESIAN_POINT('',(109.15,-104.35,1.51));
#14807 = VECTOR('',#14808,1.);
#14808 = DIRECTION('',(0.,1.,0.));
#14809 = PLANE('',#14810);
#14810 = AXIS2_PLACEMENT_3D('',#14811,#14812,#14813);
#14811 = CARTESIAN_POINT('',(109.15,-104.35,1.51));
#14812 = DIRECTION('',(-1.,0.,0.));
#14813 = DIRECTION('',(0.,1.,0.));
#14814 = ADVANCED_FACE('',(#14815),#14840,.T.);
#14815 = FACE_BOUND('',#14816,.T.);
#14816 = EDGE_LOOP('',(#14817,#14827,#14833,#14834));
#14817 = ORIENTED_EDGE('',*,*,#14818,.T.);
#14818 = EDGE_CURVE('',#14819,#14821,#14823,.T.);
#14819 = VERTEX_POINT('',#14820);
#14820 = CARTESIAN_POINT('',(110.85,-104.35,1.51));
#14821 = VERTEX_POINT('',#14822);
#14822 = CARTESIAN_POINT('',(110.85,-104.35,1.55));
#14823 = LINE('',#14824,#14825);
#14824 = CARTESIAN_POINT('',(110.85,-104.35,1.51));
#14825 = VECTOR('',#14826,1.);
#14826 = DIRECTION('',(0.,0.,1.));
#14827 = ORIENTED_EDGE('',*,*,#14828,.T.);
#14828 = EDGE_CURVE('',#14821,#14781,#14829,.T.);
#14829 = LINE('',#14830,#14831);
#14830 = CARTESIAN_POINT('',(110.85,-104.35,1.55));
#14831 = VECTOR('',#14832,1.);
#14832 = DIRECTION('',(-1.,0.,0.));
#14833 = ORIENTED_EDGE('',*,*,#14778,.F.);
#14834 = ORIENTED_EDGE('',*,*,#14835,.F.);
#14835 = EDGE_CURVE('',#14819,#14779,#14836,.T.);
#14836 = LINE('',#14837,#14838);
#14837 = CARTESIAN_POINT('',(110.85,-104.35,1.51));
#14838 = VECTOR('',#14839,1.);
#14839 = DIRECTION('',(-1.,0.,0.));
#14840 = PLANE('',#14841);
#14841 = AXIS2_PLACEMENT_3D('',#14842,#14843,#14844);
#14842 = CARTESIAN_POINT('',(110.85,-104.35,1.51));
#14843 = DIRECTION('',(0.,-1.,0.));
#14844 = DIRECTION('',(-1.,0.,0.));
#14845 = ADVANCED_FACE('',(#14846),#14871,.T.);
#14846 = FACE_BOUND('',#14847,.T.);
#14847 = EDGE_LOOP('',(#14848,#14849,#14857,#14865));
#14848 = ORIENTED_EDGE('',*,*,#14796,.T.);
#14849 = ORIENTED_EDGE('',*,*,#14850,.T.);
#14850 = EDGE_CURVE('',#14789,#14851,#14853,.T.);
#14851 = VERTEX_POINT('',#14852);
#14852 = CARTESIAN_POINT('',(110.85,-102.65,1.55));
#14853 = LINE('',#14854,#14855);
#14854 = CARTESIAN_POINT('',(109.15,-102.65,1.55));
#14855 = VECTOR('',#14856,1.);
#14856 = DIRECTION('',(1.,0.,0.));
#14857 = ORIENTED_EDGE('',*,*,#14858,.F.);
#14858 = EDGE_CURVE('',#14859,#14851,#14861,.T.);
#14859 = VERTEX_POINT('',#14860);
#14860 = CARTESIAN_POINT('',(110.85,-102.65,1.51));
#14861 = LINE('',#14862,#14863);
#14862 = CARTESIAN_POINT('',(110.85,-102.65,1.51));
#14863 = VECTOR('',#14864,1.);
#14864 = DIRECTION('',(0.,0.,1.));
#14865 = ORIENTED_EDGE('',*,*,#14866,.F.);
#14866 = EDGE_CURVE('',#14797,#14859,#14867,.T.);
#14867 = LINE('',#14868,#14869);
#14868 = CARTESIAN_POINT('',(109.15,-102.65,1.51));
#14869 = VECTOR('',#14870,1.);
#14870 = DIRECTION('',(1.,0.,0.));
#14871 = PLANE('',#14872);
#14872 = AXIS2_PLACEMENT_3D('',#14873,#14874,#14875);
#14873 = CARTESIAN_POINT('',(109.15,-102.65,1.51));
#14874 = DIRECTION('',(0.,1.,0.));
#14875 = DIRECTION('',(1.,0.,0.));
#14876 = ADVANCED_FACE('',(#14877,#14888),#14899,.F.);
#14877 = FACE_BOUND('',#14878,.F.);
#14878 = EDGE_LOOP('',(#14879,#14880,#14881,#14887));
#14879 = ORIENTED_EDGE('',*,*,#14804,.F.);
#14880 = ORIENTED_EDGE('',*,*,#14835,.F.);
#14881 = ORIENTED_EDGE('',*,*,#14882,.F.);
#14882 = EDGE_CURVE('',#14859,#14819,#14883,.T.);
#14883 = LINE('',#14884,#14885);
#14884 = CARTESIAN_POINT('',(110.85,-102.65,1.51));
#14885 = VECTOR('',#14886,1.);
#14886 = DIRECTION('',(0.,-1.,0.));
#14887 = ORIENTED_EDGE('',*,*,#14866,.F.);
#14888 = FACE_BOUND('',#14889,.F.);
#14889 = EDGE_LOOP('',(#14890));
#14890 = ORIENTED_EDGE('',*,*,#14891,.T.);
#14891 = EDGE_CURVE('',#14892,#14892,#14894,.T.);
#14892 = VERTEX_POINT('',#14893);
#14893 = CARTESIAN_POINT('',(110.,-103.975,1.51));
#14894 = CIRCLE('',#14895,0.475);
#14895 = AXIS2_PLACEMENT_3D('',#14896,#14897,#14898);
#14896 = CARTESIAN_POINT('',(110.,-103.5,1.51));
#14897 = DIRECTION('',(-0.,0.,-1.));
#14898 = DIRECTION('',(-0.,-1.,0.));
#14899 = PLANE('',#14900);
#14900 = AXIS2_PLACEMENT_3D('',#14901,#14902,#14903);
#14901 = CARTESIAN_POINT('',(0.,0.,1.51));
#14902 = DIRECTION('',(0.,0.,1.));
#14903 = DIRECTION('',(1.,0.,-0.));
#14904 = ADVANCED_FACE('',(#14905,#14916),#14927,.T.);
#14905 = FACE_BOUND('',#14906,.T.);
#14906 = EDGE_LOOP('',(#14907,#14908,#14909,#14915));
#14907 = ORIENTED_EDGE('',*,*,#14788,.F.);
#14908 = ORIENTED_EDGE('',*,*,#14828,.F.);
#14909 = ORIENTED_EDGE('',*,*,#14910,.F.);
#14910 = EDGE_CURVE('',#14851,#14821,#14911,.T.);
#14911 = LINE('',#14912,#14913);
#14912 = CARTESIAN_POINT('',(110.85,-102.65,1.55));
#14913 = VECTOR('',#14914,1.);
#14914 = DIRECTION('',(0.,-1.,0.));
#14915 = ORIENTED_EDGE('',*,*,#14850,.F.);
#14916 = FACE_BOUND('',#14917,.T.);
#14917 = EDGE_LOOP('',(#14918));
#14918 = ORIENTED_EDGE('',*,*,#14919,.T.);
#14919 = EDGE_CURVE('',#14920,#14920,#14922,.T.);
#14920 = VERTEX_POINT('',#14921);
#14921 = CARTESIAN_POINT('',(110.,-103.975,1.55));
#14922 = CIRCLE('',#14923,0.475);
#14923 = AXIS2_PLACEMENT_3D('',#14924,#14925,#14926);
#14924 = CARTESIAN_POINT('',(110.,-103.5,1.55));
#14925 = DIRECTION('',(-0.,0.,-1.));
#14926 = DIRECTION('',(-0.,-1.,0.));
#14927 = PLANE('',#14928);
#14928 = AXIS2_PLACEMENT_3D('',#14929,#14930,#14931);
#14929 = CARTESIAN_POINT('',(0.,0.,1.55));
#14930 = DIRECTION('',(0.,0.,1.));
#14931 = DIRECTION('',(1.,0.,-0.));
#14932 = ADVANCED_FACE('',(#14933),#14939,.T.);
#14933 = FACE_BOUND('',#14934,.T.);
#14934 = EDGE_LOOP('',(#14935,#14936,#14937,#14938));
#14935 = ORIENTED_EDGE('',*,*,#14858,.T.);
#14936 = ORIENTED_EDGE('',*,*,#14910,.T.);
#14937 = ORIENTED_EDGE('',*,*,#14818,.F.);
#14938 = ORIENTED_EDGE('',*,*,#14882,.F.);
#14939 = PLANE('',#14940);
#14940 = AXIS2_PLACEMENT_3D('',#14941,#14942,#14943);
#14941 = CARTESIAN_POINT('',(110.85,-102.65,1.51));
#14942 = DIRECTION('',(1.,0.,-0.));
#14943 = DIRECTION('',(0.,-1.,0.));
#14944 = ADVANCED_FACE('',(#14945),#14956,.F.);
#14945 = FACE_BOUND('',#14946,.T.);
#14946 = EDGE_LOOP('',(#14947,#14948,#14954,#14955));
#14947 = ORIENTED_EDGE('',*,*,#14891,.T.);
#14948 = ORIENTED_EDGE('',*,*,#14949,.T.);
#14949 = EDGE_CURVE('',#14892,#14920,#14950,.T.);
#14950 = LINE('',#14951,#14952);
#14951 = CARTESIAN_POINT('',(110.,-103.975,-4.6E-02));
#14952 = VECTOR('',#14953,1.);
#14953 = DIRECTION('',(0.,0.,1.));
#14954 = ORIENTED_EDGE('',*,*,#14919,.F.);
#14955 = ORIENTED_EDGE('',*,*,#14949,.F.);
#14956 = CYLINDRICAL_SURFACE('',#14957,0.475);
#14957 = AXIS2_PLACEMENT_3D('',#14958,#14959,#14960);
#14958 = CARTESIAN_POINT('',(110.,-103.5,-4.6E-02));
#14959 = DIRECTION('',(-0.,-0.,-1.));
#14960 = DIRECTION('',(-0.,-1.,0.));
#14961 = MANIFOLD_SOLID_BREP('',#14962);
#14962 = CLOSED_SHELL('',(#14963,#15003,#15034,#15065,#15093,#15121,
    #15133));
#14963 = ADVANCED_FACE('',(#14964),#14998,.F.);
#14964 = FACE_BOUND('',#14965,.F.);
#14965 = EDGE_LOOP('',(#14966,#14976,#14984,#14992));
#14966 = ORIENTED_EDGE('',*,*,#14967,.T.);
#14967 = EDGE_CURVE('',#14968,#14970,#14972,.T.);
#14968 = VERTEX_POINT('',#14969);
#14969 = CARTESIAN_POINT('',(109.15,-104.35,0.));
#14970 = VERTEX_POINT('',#14971);
#14971 = CARTESIAN_POINT('',(109.15,-104.35,-4.E-02));
#14972 = LINE('',#14973,#14974);
#14973 = CARTESIAN_POINT('',(109.15,-104.35,0.));
#14974 = VECTOR('',#14975,1.);
#14975 = DIRECTION('',(0.,0.,-1.));
#14976 = ORIENTED_EDGE('',*,*,#14977,.T.);
#14977 = EDGE_CURVE('',#14970,#14978,#14980,.T.);
#14978 = VERTEX_POINT('',#14979);
#14979 = CARTESIAN_POINT('',(109.15,-102.65,-4.E-02));
#14980 = LINE('',#14981,#14982);
#14981 = CARTESIAN_POINT('',(109.15,-104.35,-4.E-02));
#14982 = VECTOR('',#14983,1.);
#14983 = DIRECTION('',(0.,1.,0.));
#14984 = ORIENTED_EDGE('',*,*,#14985,.F.);
#14985 = EDGE_CURVE('',#14986,#14978,#14988,.T.);
#14986 = VERTEX_POINT('',#14987);
#14987 = CARTESIAN_POINT('',(109.15,-102.65,0.));
#14988 = LINE('',#14989,#14990);
#14989 = CARTESIAN_POINT('',(109.15,-102.65,0.));
#14990 = VECTOR('',#14991,1.);
#14991 = DIRECTION('',(0.,0.,-1.));
#14992 = ORIENTED_EDGE('',*,*,#14993,.F.);
#14993 = EDGE_CURVE('',#14968,#14986,#14994,.T.);
#14994 = LINE('',#14995,#14996);
#14995 = CARTESIAN_POINT('',(109.15,-104.35,0.));
#14996 = VECTOR('',#14997,1.);
#14997 = DIRECTION('',(0.,1.,0.));
#14998 = PLANE('',#14999);
#14999 = AXIS2_PLACEMENT_3D('',#15000,#15001,#15002);
#15000 = CARTESIAN_POINT('',(109.15,-104.35,0.));
#15001 = DIRECTION('',(1.,-0.,0.));
#15002 = DIRECTION('',(0.,1.,0.));
#15003 = ADVANCED_FACE('',(#15004),#15029,.F.);
#15004 = FACE_BOUND('',#15005,.F.);
#15005 = EDGE_LOOP('',(#15006,#15016,#15022,#15023));
#15006 = ORIENTED_EDGE('',*,*,#15007,.T.);
#15007 = EDGE_CURVE('',#15008,#15010,#15012,.T.);
#15008 = VERTEX_POINT('',#15009);
#15009 = CARTESIAN_POINT('',(110.85,-104.35,0.));
#15010 = VERTEX_POINT('',#15011);
#15011 = CARTESIAN_POINT('',(110.85,-104.35,-4.E-02));
#15012 = LINE('',#15013,#15014);
#15013 = CARTESIAN_POINT('',(110.85,-104.35,0.));
#15014 = VECTOR('',#15015,1.);
#15015 = DIRECTION('',(0.,0.,-1.));
#15016 = ORIENTED_EDGE('',*,*,#15017,.T.);
#15017 = EDGE_CURVE('',#15010,#14970,#15018,.T.);
#15018 = LINE('',#15019,#15020);
#15019 = CARTESIAN_POINT('',(110.85,-104.35,-4.E-02));
#15020 = VECTOR('',#15021,1.);
#15021 = DIRECTION('',(-1.,0.,0.));
#15022 = ORIENTED_EDGE('',*,*,#14967,.F.);
#15023 = ORIENTED_EDGE('',*,*,#15024,.F.);
#15024 = EDGE_CURVE('',#15008,#14968,#15025,.T.);
#15025 = LINE('',#15026,#15027);
#15026 = CARTESIAN_POINT('',(110.85,-104.35,0.));
#15027 = VECTOR('',#15028,1.);
#15028 = DIRECTION('',(-1.,0.,0.));
#15029 = PLANE('',#15030);
#15030 = AXIS2_PLACEMENT_3D('',#15031,#15032,#15033);
#15031 = CARTESIAN_POINT('',(110.85,-104.35,0.));
#15032 = DIRECTION('',(0.,1.,0.));
#15033 = DIRECTION('',(-1.,0.,0.));
#15034 = ADVANCED_FACE('',(#15035),#15060,.F.);
#15035 = FACE_BOUND('',#15036,.F.);
#15036 = EDGE_LOOP('',(#15037,#15038,#15046,#15054));
#15037 = ORIENTED_EDGE('',*,*,#14985,.T.);
#15038 = ORIENTED_EDGE('',*,*,#15039,.T.);
#15039 = EDGE_CURVE('',#14978,#15040,#15042,.T.);
#15040 = VERTEX_POINT('',#15041);
#15041 = CARTESIAN_POINT('',(110.85,-102.65,-4.E-02));
#15042 = LINE('',#15043,#15044);
#15043 = CARTESIAN_POINT('',(109.15,-102.65,-4.E-02));
#15044 = VECTOR('',#15045,1.);
#15045 = DIRECTION('',(1.,0.,0.));
#15046 = ORIENTED_EDGE('',*,*,#15047,.F.);
#15047 = EDGE_CURVE('',#15048,#15040,#15050,.T.);
#15048 = VERTEX_POINT('',#15049);
#15049 = CARTESIAN_POINT('',(110.85,-102.65,0.));
#15050 = LINE('',#15051,#15052);
#15051 = CARTESIAN_POINT('',(110.85,-102.65,0.));
#15052 = VECTOR('',#15053,1.);
#15053 = DIRECTION('',(0.,0.,-1.));
#15054 = ORIENTED_EDGE('',*,*,#15055,.F.);
#15055 = EDGE_CURVE('',#14986,#15048,#15056,.T.);
#15056 = LINE('',#15057,#15058);
#15057 = CARTESIAN_POINT('',(109.15,-102.65,0.));
#15058 = VECTOR('',#15059,1.);
#15059 = DIRECTION('',(1.,0.,0.));
#15060 = PLANE('',#15061);
#15061 = AXIS2_PLACEMENT_3D('',#15062,#15063,#15064);
#15062 = CARTESIAN_POINT('',(109.15,-102.65,0.));
#15063 = DIRECTION('',(0.,-1.,0.));
#15064 = DIRECTION('',(1.,0.,0.));
#15065 = ADVANCED_FACE('',(#15066,#15077),#15088,.F.);
#15066 = FACE_BOUND('',#15067,.F.);
#15067 = EDGE_LOOP('',(#15068,#15069,#15070,#15076));
#15068 = ORIENTED_EDGE('',*,*,#14993,.T.);
#15069 = ORIENTED_EDGE('',*,*,#15055,.T.);
#15070 = ORIENTED_EDGE('',*,*,#15071,.T.);
#15071 = EDGE_CURVE('',#15048,#15008,#15072,.T.);
#15072 = LINE('',#15073,#15074);
#15073 = CARTESIAN_POINT('',(110.85,-102.65,0.));
#15074 = VECTOR('',#15075,1.);
#15075 = DIRECTION('',(0.,-1.,0.));
#15076 = ORIENTED_EDGE('',*,*,#15024,.T.);
#15077 = FACE_BOUND('',#15078,.F.);
#15078 = EDGE_LOOP('',(#15079));
#15079 = ORIENTED_EDGE('',*,*,#15080,.F.);
#15080 = EDGE_CURVE('',#15081,#15081,#15083,.T.);
#15081 = VERTEX_POINT('',#15082);
#15082 = CARTESIAN_POINT('',(110.,-103.975,0.));
#15083 = CIRCLE('',#15084,0.475);
#15084 = AXIS2_PLACEMENT_3D('',#15085,#15086,#15087);
#15085 = CARTESIAN_POINT('',(110.,-103.5,0.));
#15086 = DIRECTION('',(-0.,0.,-1.));
#15087 = DIRECTION('',(-0.,-1.,0.));
#15088 = PLANE('',#15089);
#15089 = AXIS2_PLACEMENT_3D('',#15090,#15091,#15092);
#15090 = CARTESIAN_POINT('',(0.,0.,0.));
#15091 = DIRECTION('',(-0.,-0.,-1.));
#15092 = DIRECTION('',(-1.,0.,0.));
#15093 = ADVANCED_FACE('',(#15094,#15105),#15116,.T.);
#15094 = FACE_BOUND('',#15095,.T.);
#15095 = EDGE_LOOP('',(#15096,#15097,#15098,#15104));
#15096 = ORIENTED_EDGE('',*,*,#14977,.T.);
#15097 = ORIENTED_EDGE('',*,*,#15039,.T.);
#15098 = ORIENTED_EDGE('',*,*,#15099,.T.);
#15099 = EDGE_CURVE('',#15040,#15010,#15100,.T.);
#15100 = LINE('',#15101,#15102);
#15101 = CARTESIAN_POINT('',(110.85,-102.65,-4.E-02));
#15102 = VECTOR('',#15103,1.);
#15103 = DIRECTION('',(0.,-1.,0.));
#15104 = ORIENTED_EDGE('',*,*,#15017,.T.);
#15105 = FACE_BOUND('',#15106,.T.);
#15106 = EDGE_LOOP('',(#15107));
#15107 = ORIENTED_EDGE('',*,*,#15108,.F.);
#15108 = EDGE_CURVE('',#15109,#15109,#15111,.T.);
#15109 = VERTEX_POINT('',#15110);
#15110 = CARTESIAN_POINT('',(110.,-103.975,-4.E-02));
#15111 = CIRCLE('',#15112,0.475);
#15112 = AXIS2_PLACEMENT_3D('',#15113,#15114,#15115);
#15113 = CARTESIAN_POINT('',(110.,-103.5,-4.E-02));
#15114 = DIRECTION('',(-0.,0.,-1.));
#15115 = DIRECTION('',(-0.,-1.,0.));
#15116 = PLANE('',#15117);
#15117 = AXIS2_PLACEMENT_3D('',#15118,#15119,#15120);
#15118 = CARTESIAN_POINT('',(0.,0.,-4.E-02));
#15119 = DIRECTION('',(-0.,-0.,-1.));
#15120 = DIRECTION('',(-1.,0.,0.));
#15121 = ADVANCED_FACE('',(#15122),#15128,.F.);
#15122 = FACE_BOUND('',#15123,.F.);
#15123 = EDGE_LOOP('',(#15124,#15125,#15126,#15127));
#15124 = ORIENTED_EDGE('',*,*,#15047,.T.);
#15125 = ORIENTED_EDGE('',*,*,#15099,.T.);
#15126 = ORIENTED_EDGE('',*,*,#15007,.F.);
#15127 = ORIENTED_EDGE('',*,*,#15071,.F.);
#15128 = PLANE('',#15129);
#15129 = AXIS2_PLACEMENT_3D('',#15130,#15131,#15132);
#15130 = CARTESIAN_POINT('',(110.85,-102.65,0.));
#15131 = DIRECTION('',(-1.,-0.,-0.));
#15132 = DIRECTION('',(0.,-1.,0.));
#15133 = ADVANCED_FACE('',(#15134),#15145,.F.);
#15134 = FACE_BOUND('',#15135,.T.);
#15135 = EDGE_LOOP('',(#15136,#15137,#15143,#15144));
#15136 = ORIENTED_EDGE('',*,*,#15108,.T.);
#15137 = ORIENTED_EDGE('',*,*,#15138,.T.);
#15138 = EDGE_CURVE('',#15109,#15081,#15139,.T.);
#15139 = LINE('',#15140,#15141);
#15140 = CARTESIAN_POINT('',(110.,-103.975,-4.6E-02));
#15141 = VECTOR('',#15142,1.);
#15142 = DIRECTION('',(0.,0.,1.));
#15143 = ORIENTED_EDGE('',*,*,#15080,.F.);
#15144 = ORIENTED_EDGE('',*,*,#15138,.F.);
#15145 = CYLINDRICAL_SURFACE('',#15146,0.475);
#15146 = AXIS2_PLACEMENT_3D('',#15147,#15148,#15149);
#15147 = CARTESIAN_POINT('',(110.,-103.5,-4.6E-02));
#15148 = DIRECTION('',(-0.,-0.,-1.));
#15149 = DIRECTION('',(-0.,-1.,0.));
#15150 = MANIFOLD_SOLID_BREP('',#15151);
#15151 = CLOSED_SHELL('',(#15152,#15185,#15205,#15225));
#15152 = ADVANCED_FACE('',(#15153),#15180,.T.);
#15153 = FACE_BOUND('',#15154,.F.);
#15154 = EDGE_LOOP('',(#15155,#15165,#15172,#15173));
#15155 = ORIENTED_EDGE('',*,*,#15156,.T.);
#15156 = EDGE_CURVE('',#15157,#15159,#15161,.T.);
#15157 = VERTEX_POINT('',#15158);
#15158 = CARTESIAN_POINT('',(110.,-104.,-4.E-02));
#15159 = VERTEX_POINT('',#15160);
#15160 = CARTESIAN_POINT('',(110.,-104.,1.55));
#15161 = LINE('',#15162,#15163);
#15162 = CARTESIAN_POINT('',(110.,-104.,-4.E-02));
#15163 = VECTOR('',#15164,1.);
#15164 = DIRECTION('',(0.,0.,1.));
#15165 = ORIENTED_EDGE('',*,*,#15166,.T.);
#15166 = EDGE_CURVE('',#15159,#15159,#15167,.T.);
#15167 = CIRCLE('',#15168,0.5);
#15168 = AXIS2_PLACEMENT_3D('',#15169,#15170,#15171);
#15169 = CARTESIAN_POINT('',(110.,-103.5,1.55));
#15170 = DIRECTION('',(0.,0.,1.));
#15171 = DIRECTION('',(-0.,-1.,0.));
#15172 = ORIENTED_EDGE('',*,*,#15156,.F.);
#15173 = ORIENTED_EDGE('',*,*,#15174,.F.);
#15174 = EDGE_CURVE('',#15157,#15157,#15175,.T.);
#15175 = CIRCLE('',#15176,0.5);
#15176 = AXIS2_PLACEMENT_3D('',#15177,#15178,#15179);
#15177 = CARTESIAN_POINT('',(110.,-103.5,-4.E-02));
#15178 = DIRECTION('',(0.,0.,1.));
#15179 = DIRECTION('',(-0.,-1.,0.));
#15180 = CYLINDRICAL_SURFACE('',#15181,0.5);
#15181 = AXIS2_PLACEMENT_3D('',#15182,#15183,#15184);
#15182 = CARTESIAN_POINT('',(110.,-103.5,-4.E-02));
#15183 = DIRECTION('',(-0.,-0.,-1.));
#15184 = DIRECTION('',(-0.,-1.,0.));
#15185 = ADVANCED_FACE('',(#15186,#15189),#15200,.F.);
#15186 = FACE_BOUND('',#15187,.F.);
#15187 = EDGE_LOOP('',(#15188));
#15188 = ORIENTED_EDGE('',*,*,#15174,.T.);
#15189 = FACE_BOUND('',#15190,.F.);
#15190 = EDGE_LOOP('',(#15191));
#15191 = ORIENTED_EDGE('',*,*,#15192,.T.);
#15192 = EDGE_CURVE('',#15193,#15193,#15195,.T.);
#15193 = VERTEX_POINT('',#15194);
#15194 = CARTESIAN_POINT('',(110.,-103.975,-4.E-02));
#15195 = CIRCLE('',#15196,0.475);
#15196 = AXIS2_PLACEMENT_3D('',#15197,#15198,#15199);
#15197 = CARTESIAN_POINT('',(110.,-103.5,-4.E-02));
#15198 = DIRECTION('',(-0.,0.,-1.));
#15199 = DIRECTION('',(-0.,-1.,0.));
#15200 = PLANE('',#15201);
#15201 = AXIS2_PLACEMENT_3D('',#15202,#15203,#15204);
#15202 = CARTESIAN_POINT('',(110.,-104.,-4.E-02));
#15203 = DIRECTION('',(0.,0.,1.));
#15204 = DIRECTION('',(1.,0.,-0.));
#15205 = ADVANCED_FACE('',(#15206,#15209),#15220,.T.);
#15206 = FACE_BOUND('',#15207,.T.);
#15207 = EDGE_LOOP('',(#15208));
#15208 = ORIENTED_EDGE('',*,*,#15166,.T.);
#15209 = FACE_BOUND('',#15210,.T.);
#15210 = EDGE_LOOP('',(#15211));
#15211 = ORIENTED_EDGE('',*,*,#15212,.T.);
#15212 = EDGE_CURVE('',#15213,#15213,#15215,.T.);
#15213 = VERTEX_POINT('',#15214);
#15214 = CARTESIAN_POINT('',(110.,-103.975,1.55));
#15215 = CIRCLE('',#15216,0.475);
#15216 = AXIS2_PLACEMENT_3D('',#15217,#15218,#15219);
#15217 = CARTESIAN_POINT('',(110.,-103.5,1.55));
#15218 = DIRECTION('',(-0.,0.,-1.));
#15219 = DIRECTION('',(-0.,-1.,0.));
#15220 = PLANE('',#15221);
#15221 = AXIS2_PLACEMENT_3D('',#15222,#15223,#15224);
#15222 = CARTESIAN_POINT('',(110.,-104.,1.55));
#15223 = DIRECTION('',(0.,0.,1.));
#15224 = DIRECTION('',(1.,0.,-0.));
#15225 = ADVANCED_FACE('',(#15226),#15237,.F.);
#15226 = FACE_BOUND('',#15227,.T.);
#15227 = EDGE_LOOP('',(#15228,#15229,#15235,#15236));
#15228 = ORIENTED_EDGE('',*,*,#15192,.T.);
#15229 = ORIENTED_EDGE('',*,*,#15230,.T.);
#15230 = EDGE_CURVE('',#15193,#15213,#15231,.T.);
#15231 = LINE('',#15232,#15233);
#15232 = CARTESIAN_POINT('',(110.,-103.975,-4.6E-02));
#15233 = VECTOR('',#15234,1.);
#15234 = DIRECTION('',(0.,0.,1.));
#15235 = ORIENTED_EDGE('',*,*,#15212,.F.);
#15236 = ORIENTED_EDGE('',*,*,#15230,.F.);
#15237 = CYLINDRICAL_SURFACE('',#15238,0.475);
#15238 = AXIS2_PLACEMENT_3D('',#15239,#15240,#15241);
#15239 = CARTESIAN_POINT('',(110.,-103.5,-4.6E-02));
#15240 = DIRECTION('',(-0.,-0.,-1.));
#15241 = DIRECTION('',(-0.,-1.,0.));
#15242 = MANIFOLD_SOLID_BREP('',#15243);
#15243 = CLOSED_SHELL('',(#15244,#15284,#15315,#15346,#15368,#15380));
#15244 = ADVANCED_FACE('',(#15245),#15279,.T.);
#15245 = FACE_BOUND('',#15246,.T.);
#15246 = EDGE_LOOP('',(#15247,#15257,#15265,#15273));
#15247 = ORIENTED_EDGE('',*,*,#15248,.T.);
#15248 = EDGE_CURVE('',#15249,#15251,#15253,.T.);
#15249 = VERTEX_POINT('',#15250);
#15250 = CARTESIAN_POINT('',(91.65,-99.34,1.51));
#15251 = VERTEX_POINT('',#15252);
#15252 = CARTESIAN_POINT('',(91.65,-99.34,1.55));
#15253 = LINE('',#15254,#15255);
#15254 = CARTESIAN_POINT('',(91.65,-99.34,1.51));
#15255 = VECTOR('',#15256,1.);
#15256 = DIRECTION('',(0.,0.,1.));
#15257 = ORIENTED_EDGE('',*,*,#15258,.T.);
#15258 = EDGE_CURVE('',#15251,#15259,#15261,.T.);
#15259 = VERTEX_POINT('',#15260);
#15260 = CARTESIAN_POINT('',(91.65,-98.44,1.55));
#15261 = LINE('',#15262,#15263);
#15262 = CARTESIAN_POINT('',(91.65,-99.34,1.55));
#15263 = VECTOR('',#15264,1.);
#15264 = DIRECTION('',(0.,1.,0.));
#15265 = ORIENTED_EDGE('',*,*,#15266,.F.);
#15266 = EDGE_CURVE('',#15267,#15259,#15269,.T.);
#15267 = VERTEX_POINT('',#15268);
#15268 = CARTESIAN_POINT('',(91.65,-98.44,1.51));
#15269 = LINE('',#15270,#15271);
#15270 = CARTESIAN_POINT('',(91.65,-98.44,1.51));
#15271 = VECTOR('',#15272,1.);
#15272 = DIRECTION('',(0.,0.,1.));
#15273 = ORIENTED_EDGE('',*,*,#15274,.F.);
#15274 = EDGE_CURVE('',#15249,#15267,#15275,.T.);
#15275 = LINE('',#15276,#15277);
#15276 = CARTESIAN_POINT('',(91.65,-99.34,1.51));
#15277 = VECTOR('',#15278,1.);
#15278 = DIRECTION('',(0.,1.,0.));
#15279 = PLANE('',#15280);
#15280 = AXIS2_PLACEMENT_3D('',#15281,#15282,#15283);
#15281 = CARTESIAN_POINT('',(91.65,-99.34,1.51));
#15282 = DIRECTION('',(-1.,0.,0.));
#15283 = DIRECTION('',(0.,1.,0.));
#15284 = ADVANCED_FACE('',(#15285),#15310,.T.);
#15285 = FACE_BOUND('',#15286,.T.);
#15286 = EDGE_LOOP('',(#15287,#15288,#15296,#15304));
#15287 = ORIENTED_EDGE('',*,*,#15266,.T.);
#15288 = ORIENTED_EDGE('',*,*,#15289,.T.);
#15289 = EDGE_CURVE('',#15259,#15290,#15292,.T.);
#15290 = VERTEX_POINT('',#15291);
#15291 = CARTESIAN_POINT('',(94.65,-98.44,1.55));
#15292 = LINE('',#15293,#15294);
#15293 = CARTESIAN_POINT('',(91.65,-98.44,1.55));
#15294 = VECTOR('',#15295,1.);
#15295 = DIRECTION('',(1.,0.,0.));
#15296 = ORIENTED_EDGE('',*,*,#15297,.F.);
#15297 = EDGE_CURVE('',#15298,#15290,#15300,.T.);
#15298 = VERTEX_POINT('',#15299);
#15299 = CARTESIAN_POINT('',(94.65,-98.44,1.51));
#15300 = LINE('',#15301,#15302);
#15301 = CARTESIAN_POINT('',(94.65,-98.44,1.51));
#15302 = VECTOR('',#15303,1.);
#15303 = DIRECTION('',(0.,0.,1.));
#15304 = ORIENTED_EDGE('',*,*,#15305,.F.);
#15305 = EDGE_CURVE('',#15267,#15298,#15306,.T.);
#15306 = LINE('',#15307,#15308);
#15307 = CARTESIAN_POINT('',(91.65,-98.44,1.51));
#15308 = VECTOR('',#15309,1.);
#15309 = DIRECTION('',(1.,0.,0.));
#15310 = PLANE('',#15311);
#15311 = AXIS2_PLACEMENT_3D('',#15312,#15313,#15314);
#15312 = CARTESIAN_POINT('',(91.65,-98.44,1.51));
#15313 = DIRECTION('',(0.,1.,0.));
#15314 = DIRECTION('',(1.,0.,0.));
#15315 = ADVANCED_FACE('',(#15316),#15341,.T.);
#15316 = FACE_BOUND('',#15317,.T.);
#15317 = EDGE_LOOP('',(#15318,#15319,#15327,#15335));
#15318 = ORIENTED_EDGE('',*,*,#15297,.T.);
#15319 = ORIENTED_EDGE('',*,*,#15320,.T.);
#15320 = EDGE_CURVE('',#15290,#15321,#15323,.T.);
#15321 = VERTEX_POINT('',#15322);
#15322 = CARTESIAN_POINT('',(94.65,-99.34,1.55));
#15323 = LINE('',#15324,#15325);
#15324 = CARTESIAN_POINT('',(94.65,-98.44,1.55));
#15325 = VECTOR('',#15326,1.);
#15326 = DIRECTION('',(0.,-1.,0.));
#15327 = ORIENTED_EDGE('',*,*,#15328,.F.);
#15328 = EDGE_CURVE('',#15329,#15321,#15331,.T.);
#15329 = VERTEX_POINT('',#15330);
#15330 = CARTESIAN_POINT('',(94.65,-99.34,1.51));
#15331 = LINE('',#15332,#15333);
#15332 = CARTESIAN_POINT('',(94.65,-99.34,1.51));
#15333 = VECTOR('',#15334,1.);
#15334 = DIRECTION('',(0.,0.,1.));
#15335 = ORIENTED_EDGE('',*,*,#15336,.F.);
#15336 = EDGE_CURVE('',#15298,#15329,#15337,.T.);
#15337 = LINE('',#15338,#15339);
#15338 = CARTESIAN_POINT('',(94.65,-98.44,1.51));
#15339 = VECTOR('',#15340,1.);
#15340 = DIRECTION('',(0.,-1.,0.));
#15341 = PLANE('',#15342);
#15342 = AXIS2_PLACEMENT_3D('',#15343,#15344,#15345);
#15343 = CARTESIAN_POINT('',(94.65,-98.44,1.51));
#15344 = DIRECTION('',(1.,0.,-0.));
#15345 = DIRECTION('',(0.,-1.,0.));
#15346 = ADVANCED_FACE('',(#15347),#15363,.T.);
#15347 = FACE_BOUND('',#15348,.T.);
#15348 = EDGE_LOOP('',(#15349,#15350,#15356,#15357));
#15349 = ORIENTED_EDGE('',*,*,#15328,.T.);
#15350 = ORIENTED_EDGE('',*,*,#15351,.T.);
#15351 = EDGE_CURVE('',#15321,#15251,#15352,.T.);
#15352 = LINE('',#15353,#15354);
#15353 = CARTESIAN_POINT('',(94.65,-99.34,1.55));
#15354 = VECTOR('',#15355,1.);
#15355 = DIRECTION('',(-1.,0.,0.));
#15356 = ORIENTED_EDGE('',*,*,#15248,.F.);
#15357 = ORIENTED_EDGE('',*,*,#15358,.F.);
#15358 = EDGE_CURVE('',#15329,#15249,#15359,.T.);
#15359 = LINE('',#15360,#15361);
#15360 = CARTESIAN_POINT('',(94.65,-99.34,1.51));
#15361 = VECTOR('',#15362,1.);
#15362 = DIRECTION('',(-1.,0.,0.));
#15363 = PLANE('',#15364);
#15364 = AXIS2_PLACEMENT_3D('',#15365,#15366,#15367);
#15365 = CARTESIAN_POINT('',(94.65,-99.34,1.51));
#15366 = DIRECTION('',(0.,-1.,0.));
#15367 = DIRECTION('',(-1.,0.,0.));
#15368 = ADVANCED_FACE('',(#15369),#15375,.F.);
#15369 = FACE_BOUND('',#15370,.T.);
#15370 = EDGE_LOOP('',(#15371,#15372,#15373,#15374));
#15371 = ORIENTED_EDGE('',*,*,#15274,.T.);
#15372 = ORIENTED_EDGE('',*,*,#15305,.T.);
#15373 = ORIENTED_EDGE('',*,*,#15336,.T.);
#15374 = ORIENTED_EDGE('',*,*,#15358,.T.);
#15375 = PLANE('',#15376);
#15376 = AXIS2_PLACEMENT_3D('',#15377,#15378,#15379);
#15377 = CARTESIAN_POINT('',(0.,0.,1.51));
#15378 = DIRECTION('',(0.,0.,1.));
#15379 = DIRECTION('',(1.,0.,-0.));
#15380 = ADVANCED_FACE('',(#15381),#15387,.T.);
#15381 = FACE_BOUND('',#15382,.F.);
#15382 = EDGE_LOOP('',(#15383,#15384,#15385,#15386));
#15383 = ORIENTED_EDGE('',*,*,#15258,.T.);
#15384 = ORIENTED_EDGE('',*,*,#15289,.T.);
#15385 = ORIENTED_EDGE('',*,*,#15320,.T.);
#15386 = ORIENTED_EDGE('',*,*,#15351,.T.);
#15387 = PLANE('',#15388);
#15388 = AXIS2_PLACEMENT_3D('',#15389,#15390,#15391);
#15389 = CARTESIAN_POINT('',(0.,0.,1.55));
#15390 = DIRECTION('',(0.,0.,1.));
#15391 = DIRECTION('',(1.,0.,-0.));
#15392 = MANIFOLD_SOLID_BREP('',#15393);
#15393 = CLOSED_SHELL('',(#15394,#15434,#15465,#15496,#15518,#15530));
#15394 = ADVANCED_FACE('',(#15395),#15429,.T.);
#15395 = FACE_BOUND('',#15396,.T.);
#15396 = EDGE_LOOP('',(#15397,#15407,#15415,#15423));
#15397 = ORIENTED_EDGE('',*,*,#15398,.T.);
#15398 = EDGE_CURVE('',#15399,#15401,#15403,.T.);
#15399 = VERTEX_POINT('',#15400);
#15400 = CARTESIAN_POINT('',(98.27,-108.91,1.51));
#15401 = VERTEX_POINT('',#15402);
#15402 = CARTESIAN_POINT('',(98.27,-108.91,1.55));
#15403 = LINE('',#15404,#15405);
#15404 = CARTESIAN_POINT('',(98.27,-108.91,1.51));
#15405 = VECTOR('',#15406,1.);
#15406 = DIRECTION('',(0.,0.,1.));
#15407 = ORIENTED_EDGE('',*,*,#15408,.T.);
#15408 = EDGE_CURVE('',#15401,#15409,#15411,.T.);
#15409 = VERTEX_POINT('',#15410);
#15410 = CARTESIAN_POINT('',(98.27,-105.91,1.55));
#15411 = LINE('',#15412,#15413);
#15412 = CARTESIAN_POINT('',(98.27,-108.91,1.55));
#15413 = VECTOR('',#15414,1.);
#15414 = DIRECTION('',(0.,1.,0.));
#15415 = ORIENTED_EDGE('',*,*,#15416,.F.);
#15416 = EDGE_CURVE('',#15417,#15409,#15419,.T.);
#15417 = VERTEX_POINT('',#15418);
#15418 = CARTESIAN_POINT('',(98.27,-105.91,1.51));
#15419 = LINE('',#15420,#15421);
#15420 = CARTESIAN_POINT('',(98.27,-105.91,1.51));
#15421 = VECTOR('',#15422,1.);
#15422 = DIRECTION('',(0.,0.,1.));
#15423 = ORIENTED_EDGE('',*,*,#15424,.F.);
#15424 = EDGE_CURVE('',#15399,#15417,#15425,.T.);
#15425 = LINE('',#15426,#15427);
#15426 = CARTESIAN_POINT('',(98.27,-108.91,1.51));
#15427 = VECTOR('',#15428,1.);
#15428 = DIRECTION('',(0.,1.,0.));
#15429 = PLANE('',#15430);
#15430 = AXIS2_PLACEMENT_3D('',#15431,#15432,#15433);
#15431 = CARTESIAN_POINT('',(98.27,-108.91,1.51));
#15432 = DIRECTION('',(-1.,0.,0.));
#15433 = DIRECTION('',(0.,1.,0.));
#15434 = ADVANCED_FACE('',(#15435),#15460,.T.);
#15435 = FACE_BOUND('',#15436,.T.);
#15436 = EDGE_LOOP('',(#15437,#15438,#15446,#15454));
#15437 = ORIENTED_EDGE('',*,*,#15416,.T.);
#15438 = ORIENTED_EDGE('',*,*,#15439,.T.);
#15439 = EDGE_CURVE('',#15409,#15440,#15442,.T.);
#15440 = VERTEX_POINT('',#15441);
#15441 = CARTESIAN_POINT('',(99.17,-105.91,1.55));
#15442 = LINE('',#15443,#15444);
#15443 = CARTESIAN_POINT('',(98.27,-105.91,1.55));
#15444 = VECTOR('',#15445,1.);
#15445 = DIRECTION('',(1.,0.,0.));
#15446 = ORIENTED_EDGE('',*,*,#15447,.F.);
#15447 = EDGE_CURVE('',#15448,#15440,#15450,.T.);
#15448 = VERTEX_POINT('',#15449);
#15449 = CARTESIAN_POINT('',(99.17,-105.91,1.51));
#15450 = LINE('',#15451,#15452);
#15451 = CARTESIAN_POINT('',(99.17,-105.91,1.51));
#15452 = VECTOR('',#15453,1.);
#15453 = DIRECTION('',(0.,0.,1.));
#15454 = ORIENTED_EDGE('',*,*,#15455,.F.);
#15455 = EDGE_CURVE('',#15417,#15448,#15456,.T.);
#15456 = LINE('',#15457,#15458);
#15457 = CARTESIAN_POINT('',(98.27,-105.91,1.51));
#15458 = VECTOR('',#15459,1.);
#15459 = DIRECTION('',(1.,0.,0.));
#15460 = PLANE('',#15461);
#15461 = AXIS2_PLACEMENT_3D('',#15462,#15463,#15464);
#15462 = CARTESIAN_POINT('',(98.27,-105.91,1.51));
#15463 = DIRECTION('',(0.,1.,0.));
#15464 = DIRECTION('',(1.,0.,0.));
#15465 = ADVANCED_FACE('',(#15466),#15491,.T.);
#15466 = FACE_BOUND('',#15467,.T.);
#15467 = EDGE_LOOP('',(#15468,#15469,#15477,#15485));
#15468 = ORIENTED_EDGE('',*,*,#15447,.T.);
#15469 = ORIENTED_EDGE('',*,*,#15470,.T.);
#15470 = EDGE_CURVE('',#15440,#15471,#15473,.T.);
#15471 = VERTEX_POINT('',#15472);
#15472 = CARTESIAN_POINT('',(99.17,-108.91,1.55));
#15473 = LINE('',#15474,#15475);
#15474 = CARTESIAN_POINT('',(99.17,-105.91,1.55));
#15475 = VECTOR('',#15476,1.);
#15476 = DIRECTION('',(0.,-1.,0.));
#15477 = ORIENTED_EDGE('',*,*,#15478,.F.);
#15478 = EDGE_CURVE('',#15479,#15471,#15481,.T.);
#15479 = VERTEX_POINT('',#15480);
#15480 = CARTESIAN_POINT('',(99.17,-108.91,1.51));
#15481 = LINE('',#15482,#15483);
#15482 = CARTESIAN_POINT('',(99.17,-108.91,1.51));
#15483 = VECTOR('',#15484,1.);
#15484 = DIRECTION('',(0.,0.,1.));
#15485 = ORIENTED_EDGE('',*,*,#15486,.F.);
#15486 = EDGE_CURVE('',#15448,#15479,#15487,.T.);
#15487 = LINE('',#15488,#15489);
#15488 = CARTESIAN_POINT('',(99.17,-105.91,1.51));
#15489 = VECTOR('',#15490,1.);
#15490 = DIRECTION('',(0.,-1.,0.));
#15491 = PLANE('',#15492);
#15492 = AXIS2_PLACEMENT_3D('',#15493,#15494,#15495);
#15493 = CARTESIAN_POINT('',(99.17,-105.91,1.51));
#15494 = DIRECTION('',(1.,0.,-0.));
#15495 = DIRECTION('',(0.,-1.,0.));
#15496 = ADVANCED_FACE('',(#15497),#15513,.T.);
#15497 = FACE_BOUND('',#15498,.T.);
#15498 = EDGE_LOOP('',(#15499,#15500,#15506,#15507));
#15499 = ORIENTED_EDGE('',*,*,#15478,.T.);
#15500 = ORIENTED_EDGE('',*,*,#15501,.T.);
#15501 = EDGE_CURVE('',#15471,#15401,#15502,.T.);
#15502 = LINE('',#15503,#15504);
#15503 = CARTESIAN_POINT('',(99.17,-108.91,1.55));
#15504 = VECTOR('',#15505,1.);
#15505 = DIRECTION('',(-1.,0.,0.));
#15506 = ORIENTED_EDGE('',*,*,#15398,.F.);
#15507 = ORIENTED_EDGE('',*,*,#15508,.F.);
#15508 = EDGE_CURVE('',#15479,#15399,#15509,.T.);
#15509 = LINE('',#15510,#15511);
#15510 = CARTESIAN_POINT('',(99.17,-108.91,1.51));
#15511 = VECTOR('',#15512,1.);
#15512 = DIRECTION('',(-1.,0.,0.));
#15513 = PLANE('',#15514);
#15514 = AXIS2_PLACEMENT_3D('',#15515,#15516,#15517);
#15515 = CARTESIAN_POINT('',(99.17,-108.91,1.51));
#15516 = DIRECTION('',(0.,-1.,0.));
#15517 = DIRECTION('',(-1.,0.,0.));
#15518 = ADVANCED_FACE('',(#15519),#15525,.F.);
#15519 = FACE_BOUND('',#15520,.T.);
#15520 = EDGE_LOOP('',(#15521,#15522,#15523,#15524));
#15521 = ORIENTED_EDGE('',*,*,#15424,.T.);
#15522 = ORIENTED_EDGE('',*,*,#15455,.T.);
#15523 = ORIENTED_EDGE('',*,*,#15486,.T.);
#15524 = ORIENTED_EDGE('',*,*,#15508,.T.);
#15525 = PLANE('',#15526);
#15526 = AXIS2_PLACEMENT_3D('',#15527,#15528,#15529);
#15527 = CARTESIAN_POINT('',(0.,0.,1.51));
#15528 = DIRECTION('',(0.,0.,1.));
#15529 = DIRECTION('',(1.,0.,-0.));
#15530 = ADVANCED_FACE('',(#15531),#15537,.T.);
#15531 = FACE_BOUND('',#15532,.F.);
#15532 = EDGE_LOOP('',(#15533,#15534,#15535,#15536));
#15533 = ORIENTED_EDGE('',*,*,#15408,.T.);
#15534 = ORIENTED_EDGE('',*,*,#15439,.T.);
#15535 = ORIENTED_EDGE('',*,*,#15470,.T.);
#15536 = ORIENTED_EDGE('',*,*,#15501,.T.);
#15537 = PLANE('',#15538);
#15538 = AXIS2_PLACEMENT_3D('',#15539,#15540,#15541);
#15539 = CARTESIAN_POINT('',(0.,0.,1.55));
#15540 = DIRECTION('',(0.,0.,1.));
#15541 = DIRECTION('',(1.,0.,-0.));
#15542 = MANIFOLD_SOLID_BREP('',#15543);
#15543 = CLOSED_SHELL('',(#15544,#15577,#15586));
#15544 = ADVANCED_FACE('',(#15545),#15572,.T.);
#15545 = FACE_BOUND('',#15546,.T.);
#15546 = EDGE_LOOP('',(#15547,#15557,#15564,#15565));
#15547 = ORIENTED_EDGE('',*,*,#15548,.T.);
#15548 = EDGE_CURVE('',#15549,#15551,#15553,.T.);
#15549 = VERTEX_POINT('',#15550);
#15550 = CARTESIAN_POINT('',(98.8,-111.25,0.));
#15551 = VERTEX_POINT('',#15552);
#15552 = CARTESIAN_POINT('',(98.8,-111.25,-4.E-02));
#15553 = LINE('',#15554,#15555);
#15554 = CARTESIAN_POINT('',(98.8,-111.25,0.));
#15555 = VECTOR('',#15556,1.);
#15556 = DIRECTION('',(0.,0.,-1.));
#15557 = ORIENTED_EDGE('',*,*,#15558,.T.);
#15558 = EDGE_CURVE('',#15551,#15551,#15559,.T.);
#15559 = CIRCLE('',#15560,0.5);
#15560 = AXIS2_PLACEMENT_3D('',#15561,#15562,#15563);
#15561 = CARTESIAN_POINT('',(98.3,-111.25,-4.E-02));
#15562 = DIRECTION('',(0.,0.,1.));
#15563 = DIRECTION('',(1.,0.,-0.));
#15564 = ORIENTED_EDGE('',*,*,#15548,.F.);
#15565 = ORIENTED_EDGE('',*,*,#15566,.F.);
#15566 = EDGE_CURVE('',#15549,#15549,#15567,.T.);
#15567 = CIRCLE('',#15568,0.5);
#15568 = AXIS2_PLACEMENT_3D('',#15569,#15570,#15571);
#15569 = CARTESIAN_POINT('',(98.3,-111.25,0.));
#15570 = DIRECTION('',(0.,0.,1.));
#15571 = DIRECTION('',(1.,0.,-0.));
#15572 = CYLINDRICAL_SURFACE('',#15573,0.5);
#15573 = AXIS2_PLACEMENT_3D('',#15574,#15575,#15576);
#15574 = CARTESIAN_POINT('',(98.3,-111.25,0.));
#15575 = DIRECTION('',(0.,0.,1.));
#15576 = DIRECTION('',(1.,0.,-0.));
#15577 = ADVANCED_FACE('',(#15578),#15581,.F.);
#15578 = FACE_BOUND('',#15579,.T.);
#15579 = EDGE_LOOP('',(#15580));
#15580 = ORIENTED_EDGE('',*,*,#15566,.T.);
#15581 = PLANE('',#15582);
#15582 = AXIS2_PLACEMENT_3D('',#15583,#15584,#15585);
#15583 = CARTESIAN_POINT('',(0.,0.,0.));
#15584 = DIRECTION('',(-0.,-0.,-1.));
#15585 = DIRECTION('',(-1.,0.,0.));
#15586 = ADVANCED_FACE('',(#15587),#15590,.T.);
#15587 = FACE_BOUND('',#15588,.F.);
#15588 = EDGE_LOOP('',(#15589));
#15589 = ORIENTED_EDGE('',*,*,#15558,.T.);
#15590 = PLANE('',#15591);
#15591 = AXIS2_PLACEMENT_3D('',#15592,#15593,#15594);
#15592 = CARTESIAN_POINT('',(0.,0.,-4.E-02));
#15593 = DIRECTION('',(-0.,-0.,-1.));
#15594 = DIRECTION('',(-1.,0.,0.));
#15595 = MANIFOLD_SOLID_BREP('',#15596);
#15596 = CLOSED_SHELL('',(#15597,#15637,#15668,#15699,#15721,#15733));
#15597 = ADVANCED_FACE('',(#15598),#15632,.T.);
#15598 = FACE_BOUND('',#15599,.T.);
#15599 = EDGE_LOOP('',(#15600,#15610,#15618,#15626));
#15600 = ORIENTED_EDGE('',*,*,#15601,.T.);
#15601 = EDGE_CURVE('',#15602,#15604,#15606,.T.);
#15602 = VERTEX_POINT('',#15603);
#15603 = CARTESIAN_POINT('',(100.83,-108.91,1.51));
#15604 = VERTEX_POINT('',#15605);
#15605 = CARTESIAN_POINT('',(100.83,-108.91,1.55));
#15606 = LINE('',#15607,#15608);
#15607 = CARTESIAN_POINT('',(100.83,-108.91,1.51));
#15608 = VECTOR('',#15609,1.);
#15609 = DIRECTION('',(0.,0.,1.));
#15610 = ORIENTED_EDGE('',*,*,#15611,.T.);
#15611 = EDGE_CURVE('',#15604,#15612,#15614,.T.);
#15612 = VERTEX_POINT('',#15613);
#15613 = CARTESIAN_POINT('',(100.83,-105.91,1.55));
#15614 = LINE('',#15615,#15616);
#15615 = CARTESIAN_POINT('',(100.83,-108.91,1.55));
#15616 = VECTOR('',#15617,1.);
#15617 = DIRECTION('',(0.,1.,0.));
#15618 = ORIENTED_EDGE('',*,*,#15619,.F.);
#15619 = EDGE_CURVE('',#15620,#15612,#15622,.T.);
#15620 = VERTEX_POINT('',#15621);
#15621 = CARTESIAN_POINT('',(100.83,-105.91,1.51));
#15622 = LINE('',#15623,#15624);
#15623 = CARTESIAN_POINT('',(100.83,-105.91,1.51));
#15624 = VECTOR('',#15625,1.);
#15625 = DIRECTION('',(0.,0.,1.));
#15626 = ORIENTED_EDGE('',*,*,#15627,.F.);
#15627 = EDGE_CURVE('',#15602,#15620,#15628,.T.);
#15628 = LINE('',#15629,#15630);
#15629 = CARTESIAN_POINT('',(100.83,-108.91,1.51));
#15630 = VECTOR('',#15631,1.);
#15631 = DIRECTION('',(0.,1.,0.));
#15632 = PLANE('',#15633);
#15633 = AXIS2_PLACEMENT_3D('',#15634,#15635,#15636);
#15634 = CARTESIAN_POINT('',(100.83,-108.91,1.51));
#15635 = DIRECTION('',(-1.,0.,0.));
#15636 = DIRECTION('',(0.,1.,0.));
#15637 = ADVANCED_FACE('',(#15638),#15663,.T.);
#15638 = FACE_BOUND('',#15639,.T.);
#15639 = EDGE_LOOP('',(#15640,#15641,#15649,#15657));
#15640 = ORIENTED_EDGE('',*,*,#15619,.T.);
#15641 = ORIENTED_EDGE('',*,*,#15642,.T.);
#15642 = EDGE_CURVE('',#15612,#15643,#15645,.T.);
#15643 = VERTEX_POINT('',#15644);
#15644 = CARTESIAN_POINT('',(101.73,-105.91,1.55));
#15645 = LINE('',#15646,#15647);
#15646 = CARTESIAN_POINT('',(100.83,-105.91,1.55));
#15647 = VECTOR('',#15648,1.);
#15648 = DIRECTION('',(1.,0.,0.));
#15649 = ORIENTED_EDGE('',*,*,#15650,.F.);
#15650 = EDGE_CURVE('',#15651,#15643,#15653,.T.);
#15651 = VERTEX_POINT('',#15652);
#15652 = CARTESIAN_POINT('',(101.73,-105.91,1.51));
#15653 = LINE('',#15654,#15655);
#15654 = CARTESIAN_POINT('',(101.73,-105.91,1.51));
#15655 = VECTOR('',#15656,1.);
#15656 = DIRECTION('',(0.,0.,1.));
#15657 = ORIENTED_EDGE('',*,*,#15658,.F.);
#15658 = EDGE_CURVE('',#15620,#15651,#15659,.T.);
#15659 = LINE('',#15660,#15661);
#15660 = CARTESIAN_POINT('',(100.83,-105.91,1.51));
#15661 = VECTOR('',#15662,1.);
#15662 = DIRECTION('',(1.,0.,0.));
#15663 = PLANE('',#15664);
#15664 = AXIS2_PLACEMENT_3D('',#15665,#15666,#15667);
#15665 = CARTESIAN_POINT('',(100.83,-105.91,1.51));
#15666 = DIRECTION('',(0.,1.,0.));
#15667 = DIRECTION('',(1.,0.,0.));
#15668 = ADVANCED_FACE('',(#15669),#15694,.T.);
#15669 = FACE_BOUND('',#15670,.T.);
#15670 = EDGE_LOOP('',(#15671,#15672,#15680,#15688));
#15671 = ORIENTED_EDGE('',*,*,#15650,.T.);
#15672 = ORIENTED_EDGE('',*,*,#15673,.T.);
#15673 = EDGE_CURVE('',#15643,#15674,#15676,.T.);
#15674 = VERTEX_POINT('',#15675);
#15675 = CARTESIAN_POINT('',(101.73,-108.91,1.55));
#15676 = LINE('',#15677,#15678);
#15677 = CARTESIAN_POINT('',(101.73,-105.91,1.55));
#15678 = VECTOR('',#15679,1.);
#15679 = DIRECTION('',(0.,-1.,0.));
#15680 = ORIENTED_EDGE('',*,*,#15681,.F.);
#15681 = EDGE_CURVE('',#15682,#15674,#15684,.T.);
#15682 = VERTEX_POINT('',#15683);
#15683 = CARTESIAN_POINT('',(101.73,-108.91,1.51));
#15684 = LINE('',#15685,#15686);
#15685 = CARTESIAN_POINT('',(101.73,-108.91,1.51));
#15686 = VECTOR('',#15687,1.);
#15687 = DIRECTION('',(0.,0.,1.));
#15688 = ORIENTED_EDGE('',*,*,#15689,.F.);
#15689 = EDGE_CURVE('',#15651,#15682,#15690,.T.);
#15690 = LINE('',#15691,#15692);
#15691 = CARTESIAN_POINT('',(101.73,-105.91,1.51));
#15692 = VECTOR('',#15693,1.);
#15693 = DIRECTION('',(0.,-1.,0.));
#15694 = PLANE('',#15695);
#15695 = AXIS2_PLACEMENT_3D('',#15696,#15697,#15698);
#15696 = CARTESIAN_POINT('',(101.73,-105.91,1.51));
#15697 = DIRECTION('',(1.,0.,-0.));
#15698 = DIRECTION('',(0.,-1.,0.));
#15699 = ADVANCED_FACE('',(#15700),#15716,.T.);
#15700 = FACE_BOUND('',#15701,.T.);
#15701 = EDGE_LOOP('',(#15702,#15703,#15709,#15710));
#15702 = ORIENTED_EDGE('',*,*,#15681,.T.);
#15703 = ORIENTED_EDGE('',*,*,#15704,.T.);
#15704 = EDGE_CURVE('',#15674,#15604,#15705,.T.);
#15705 = LINE('',#15706,#15707);
#15706 = CARTESIAN_POINT('',(101.73,-108.91,1.55));
#15707 = VECTOR('',#15708,1.);
#15708 = DIRECTION('',(-1.,0.,0.));
#15709 = ORIENTED_EDGE('',*,*,#15601,.F.);
#15710 = ORIENTED_EDGE('',*,*,#15711,.F.);
#15711 = EDGE_CURVE('',#15682,#15602,#15712,.T.);
#15712 = LINE('',#15713,#15714);
#15713 = CARTESIAN_POINT('',(101.73,-108.91,1.51));
#15714 = VECTOR('',#15715,1.);
#15715 = DIRECTION('',(-1.,0.,0.));
#15716 = PLANE('',#15717);
#15717 = AXIS2_PLACEMENT_3D('',#15718,#15719,#15720);
#15718 = CARTESIAN_POINT('',(101.73,-108.91,1.51));
#15719 = DIRECTION('',(0.,-1.,0.));
#15720 = DIRECTION('',(-1.,0.,0.));
#15721 = ADVANCED_FACE('',(#15722),#15728,.F.);
#15722 = FACE_BOUND('',#15723,.T.);
#15723 = EDGE_LOOP('',(#15724,#15725,#15726,#15727));
#15724 = ORIENTED_EDGE('',*,*,#15627,.T.);
#15725 = ORIENTED_EDGE('',*,*,#15658,.T.);
#15726 = ORIENTED_EDGE('',*,*,#15689,.T.);
#15727 = ORIENTED_EDGE('',*,*,#15711,.T.);
#15728 = PLANE('',#15729);
#15729 = AXIS2_PLACEMENT_3D('',#15730,#15731,#15732);
#15730 = CARTESIAN_POINT('',(0.,0.,1.51));
#15731 = DIRECTION('',(0.,0.,1.));
#15732 = DIRECTION('',(1.,0.,-0.));
#15733 = ADVANCED_FACE('',(#15734),#15740,.T.);
#15734 = FACE_BOUND('',#15735,.F.);
#15735 = EDGE_LOOP('',(#15736,#15737,#15738,#15739));
#15736 = ORIENTED_EDGE('',*,*,#15611,.T.);
#15737 = ORIENTED_EDGE('',*,*,#15642,.T.);
#15738 = ORIENTED_EDGE('',*,*,#15673,.T.);
#15739 = ORIENTED_EDGE('',*,*,#15704,.T.);
#15740 = PLANE('',#15741);
#15741 = AXIS2_PLACEMENT_3D('',#15742,#15743,#15744);
#15742 = CARTESIAN_POINT('',(0.,0.,1.55));
#15743 = DIRECTION('',(0.,0.,1.));
#15744 = DIRECTION('',(1.,0.,-0.));
#15745 = MANIFOLD_SOLID_BREP('',#15746);
#15746 = CLOSED_SHELL('',(#15747,#15780,#15789));
#15747 = ADVANCED_FACE('',(#15748),#15775,.T.);
#15748 = FACE_BOUND('',#15749,.T.);
#15749 = EDGE_LOOP('',(#15750,#15760,#15767,#15768));
#15750 = ORIENTED_EDGE('',*,*,#15751,.T.);
#15751 = EDGE_CURVE('',#15752,#15754,#15756,.T.);
#15752 = VERTEX_POINT('',#15753);
#15753 = CARTESIAN_POINT('',(106.1,-109.9,0.));
#15754 = VERTEX_POINT('',#15755);
#15755 = CARTESIAN_POINT('',(106.1,-109.9,-4.E-02));
#15756 = LINE('',#15757,#15758);
#15757 = CARTESIAN_POINT('',(106.1,-109.9,0.));
#15758 = VECTOR('',#15759,1.);
#15759 = DIRECTION('',(0.,0.,-1.));
#15760 = ORIENTED_EDGE('',*,*,#15761,.T.);
#15761 = EDGE_CURVE('',#15754,#15754,#15762,.T.);
#15762 = CIRCLE('',#15763,0.5);
#15763 = AXIS2_PLACEMENT_3D('',#15764,#15765,#15766);
#15764 = CARTESIAN_POINT('',(105.6,-109.9,-4.E-02));
#15765 = DIRECTION('',(0.,0.,1.));
#15766 = DIRECTION('',(1.,0.,-0.));
#15767 = ORIENTED_EDGE('',*,*,#15751,.F.);
#15768 = ORIENTED_EDGE('',*,*,#15769,.F.);
#15769 = EDGE_CURVE('',#15752,#15752,#15770,.T.);
#15770 = CIRCLE('',#15771,0.5);
#15771 = AXIS2_PLACEMENT_3D('',#15772,#15773,#15774);
#15772 = CARTESIAN_POINT('',(105.6,-109.9,0.));
#15773 = DIRECTION('',(0.,0.,1.));
#15774 = DIRECTION('',(1.,0.,-0.));
#15775 = CYLINDRICAL_SURFACE('',#15776,0.5);
#15776 = AXIS2_PLACEMENT_3D('',#15777,#15778,#15779);
#15777 = CARTESIAN_POINT('',(105.6,-109.9,0.));
#15778 = DIRECTION('',(0.,0.,1.));
#15779 = DIRECTION('',(1.,0.,-0.));
#15780 = ADVANCED_FACE('',(#15781),#15784,.F.);
#15781 = FACE_BOUND('',#15782,.T.);
#15782 = EDGE_LOOP('',(#15783));
#15783 = ORIENTED_EDGE('',*,*,#15769,.T.);
#15784 = PLANE('',#15785);
#15785 = AXIS2_PLACEMENT_3D('',#15786,#15787,#15788);
#15786 = CARTESIAN_POINT('',(0.,0.,0.));
#15787 = DIRECTION('',(-0.,-0.,-1.));
#15788 = DIRECTION('',(-1.,0.,0.));
#15789 = ADVANCED_FACE('',(#15790),#15793,.T.);
#15790 = FACE_BOUND('',#15791,.F.);
#15791 = EDGE_LOOP('',(#15792));
#15792 = ORIENTED_EDGE('',*,*,#15761,.T.);
#15793 = PLANE('',#15794);
#15794 = AXIS2_PLACEMENT_3D('',#15795,#15796,#15797);
#15795 = CARTESIAN_POINT('',(0.,0.,-4.E-02));
#15796 = DIRECTION('',(-0.,-0.,-1.));
#15797 = DIRECTION('',(-1.,0.,0.));
#15798 = MANIFOLD_SOLID_BREP('',#15799);
#15799 = CLOSED_SHELL('',(#15800,#15840,#15871,#15902,#15924,#15936));
#15800 = ADVANCED_FACE('',(#15801),#15835,.T.);
#15801 = FACE_BOUND('',#15802,.T.);
#15802 = EDGE_LOOP('',(#15803,#15813,#15821,#15829));
#15803 = ORIENTED_EDGE('',*,*,#15804,.T.);
#15804 = EDGE_CURVE('',#15805,#15807,#15809,.T.);
#15805 = VERTEX_POINT('',#15806);
#15806 = CARTESIAN_POINT('',(91.65,-104.42,1.51));
#15807 = VERTEX_POINT('',#15808);
#15808 = CARTESIAN_POINT('',(91.65,-104.42,1.55));
#15809 = LINE('',#15810,#15811);
#15810 = CARTESIAN_POINT('',(91.65,-104.42,1.51));
#15811 = VECTOR('',#15812,1.);
#15812 = DIRECTION('',(0.,0.,1.));
#15813 = ORIENTED_EDGE('',*,*,#15814,.T.);
#15814 = EDGE_CURVE('',#15807,#15815,#15817,.T.);
#15815 = VERTEX_POINT('',#15816);
#15816 = CARTESIAN_POINT('',(91.65,-103.52,1.55));
#15817 = LINE('',#15818,#15819);
#15818 = CARTESIAN_POINT('',(91.65,-104.42,1.55));
#15819 = VECTOR('',#15820,1.);
#15820 = DIRECTION('',(0.,1.,0.));
#15821 = ORIENTED_EDGE('',*,*,#15822,.F.);
#15822 = EDGE_CURVE('',#15823,#15815,#15825,.T.);
#15823 = VERTEX_POINT('',#15824);
#15824 = CARTESIAN_POINT('',(91.65,-103.52,1.51));
#15825 = LINE('',#15826,#15827);
#15826 = CARTESIAN_POINT('',(91.65,-103.52,1.51));
#15827 = VECTOR('',#15828,1.);
#15828 = DIRECTION('',(0.,0.,1.));
#15829 = ORIENTED_EDGE('',*,*,#15830,.F.);
#15830 = EDGE_CURVE('',#15805,#15823,#15831,.T.);
#15831 = LINE('',#15832,#15833);
#15832 = CARTESIAN_POINT('',(91.65,-104.42,1.51));
#15833 = VECTOR('',#15834,1.);
#15834 = DIRECTION('',(0.,1.,0.));
#15835 = PLANE('',#15836);
#15836 = AXIS2_PLACEMENT_3D('',#15837,#15838,#15839);
#15837 = CARTESIAN_POINT('',(91.65,-104.42,1.51));
#15838 = DIRECTION('',(-1.,0.,0.));
#15839 = DIRECTION('',(0.,1.,0.));
#15840 = ADVANCED_FACE('',(#15841),#15866,.T.);
#15841 = FACE_BOUND('',#15842,.T.);
#15842 = EDGE_LOOP('',(#15843,#15844,#15852,#15860));
#15843 = ORIENTED_EDGE('',*,*,#15822,.T.);
#15844 = ORIENTED_EDGE('',*,*,#15845,.T.);
#15845 = EDGE_CURVE('',#15815,#15846,#15848,.T.);
#15846 = VERTEX_POINT('',#15847);
#15847 = CARTESIAN_POINT('',(94.65,-103.52,1.55));
#15848 = LINE('',#15849,#15850);
#15849 = CARTESIAN_POINT('',(91.65,-103.52,1.55));
#15850 = VECTOR('',#15851,1.);
#15851 = DIRECTION('',(1.,0.,0.));
#15852 = ORIENTED_EDGE('',*,*,#15853,.F.);
#15853 = EDGE_CURVE('',#15854,#15846,#15856,.T.);
#15854 = VERTEX_POINT('',#15855);
#15855 = CARTESIAN_POINT('',(94.65,-103.52,1.51));
#15856 = LINE('',#15857,#15858);
#15857 = CARTESIAN_POINT('',(94.65,-103.52,1.51));
#15858 = VECTOR('',#15859,1.);
#15859 = DIRECTION('',(0.,0.,1.));
#15860 = ORIENTED_EDGE('',*,*,#15861,.F.);
#15861 = EDGE_CURVE('',#15823,#15854,#15862,.T.);
#15862 = LINE('',#15863,#15864);
#15863 = CARTESIAN_POINT('',(91.65,-103.52,1.51));
#15864 = VECTOR('',#15865,1.);
#15865 = DIRECTION('',(1.,0.,0.));
#15866 = PLANE('',#15867);
#15867 = AXIS2_PLACEMENT_3D('',#15868,#15869,#15870);
#15868 = CARTESIAN_POINT('',(91.65,-103.52,1.51));
#15869 = DIRECTION('',(0.,1.,0.));
#15870 = DIRECTION('',(1.,0.,0.));
#15871 = ADVANCED_FACE('',(#15872),#15897,.T.);
#15872 = FACE_BOUND('',#15873,.T.);
#15873 = EDGE_LOOP('',(#15874,#15875,#15883,#15891));
#15874 = ORIENTED_EDGE('',*,*,#15853,.T.);
#15875 = ORIENTED_EDGE('',*,*,#15876,.T.);
#15876 = EDGE_CURVE('',#15846,#15877,#15879,.T.);
#15877 = VERTEX_POINT('',#15878);
#15878 = CARTESIAN_POINT('',(94.65,-104.42,1.55));
#15879 = LINE('',#15880,#15881);
#15880 = CARTESIAN_POINT('',(94.65,-103.52,1.55));
#15881 = VECTOR('',#15882,1.);
#15882 = DIRECTION('',(0.,-1.,0.));
#15883 = ORIENTED_EDGE('',*,*,#15884,.F.);
#15884 = EDGE_CURVE('',#15885,#15877,#15887,.T.);
#15885 = VERTEX_POINT('',#15886);
#15886 = CARTESIAN_POINT('',(94.65,-104.42,1.51));
#15887 = LINE('',#15888,#15889);
#15888 = CARTESIAN_POINT('',(94.65,-104.42,1.51));
#15889 = VECTOR('',#15890,1.);
#15890 = DIRECTION('',(0.,0.,1.));
#15891 = ORIENTED_EDGE('',*,*,#15892,.F.);
#15892 = EDGE_CURVE('',#15854,#15885,#15893,.T.);
#15893 = LINE('',#15894,#15895);
#15894 = CARTESIAN_POINT('',(94.65,-103.52,1.51));
#15895 = VECTOR('',#15896,1.);
#15896 = DIRECTION('',(0.,-1.,0.));
#15897 = PLANE('',#15898);
#15898 = AXIS2_PLACEMENT_3D('',#15899,#15900,#15901);
#15899 = CARTESIAN_POINT('',(94.65,-103.52,1.51));
#15900 = DIRECTION('',(1.,0.,-0.));
#15901 = DIRECTION('',(0.,-1.,0.));
#15902 = ADVANCED_FACE('',(#15903),#15919,.T.);
#15903 = FACE_BOUND('',#15904,.T.);
#15904 = EDGE_LOOP('',(#15905,#15906,#15912,#15913));
#15905 = ORIENTED_EDGE('',*,*,#15884,.T.);
#15906 = ORIENTED_EDGE('',*,*,#15907,.T.);
#15907 = EDGE_CURVE('',#15877,#15807,#15908,.T.);
#15908 = LINE('',#15909,#15910);
#15909 = CARTESIAN_POINT('',(94.65,-104.42,1.55));
#15910 = VECTOR('',#15911,1.);
#15911 = DIRECTION('',(-1.,0.,0.));
#15912 = ORIENTED_EDGE('',*,*,#15804,.F.);
#15913 = ORIENTED_EDGE('',*,*,#15914,.F.);
#15914 = EDGE_CURVE('',#15885,#15805,#15915,.T.);
#15915 = LINE('',#15916,#15917);
#15916 = CARTESIAN_POINT('',(94.65,-104.42,1.51));
#15917 = VECTOR('',#15918,1.);
#15918 = DIRECTION('',(-1.,0.,0.));
#15919 = PLANE('',#15920);
#15920 = AXIS2_PLACEMENT_3D('',#15921,#15922,#15923);
#15921 = CARTESIAN_POINT('',(94.65,-104.42,1.51));
#15922 = DIRECTION('',(0.,-1.,0.));
#15923 = DIRECTION('',(-1.,0.,0.));
#15924 = ADVANCED_FACE('',(#15925),#15931,.F.);
#15925 = FACE_BOUND('',#15926,.T.);
#15926 = EDGE_LOOP('',(#15927,#15928,#15929,#15930));
#15927 = ORIENTED_EDGE('',*,*,#15830,.T.);
#15928 = ORIENTED_EDGE('',*,*,#15861,.T.);
#15929 = ORIENTED_EDGE('',*,*,#15892,.T.);
#15930 = ORIENTED_EDGE('',*,*,#15914,.T.);
#15931 = PLANE('',#15932);
#15932 = AXIS2_PLACEMENT_3D('',#15933,#15934,#15935);
#15933 = CARTESIAN_POINT('',(0.,0.,1.51));
#15934 = DIRECTION('',(0.,0.,1.));
#15935 = DIRECTION('',(1.,0.,-0.));
#15936 = ADVANCED_FACE('',(#15937),#15943,.T.);
#15937 = FACE_BOUND('',#15938,.F.);
#15938 = EDGE_LOOP('',(#15939,#15940,#15941,#15942));
#15939 = ORIENTED_EDGE('',*,*,#15814,.T.);
#15940 = ORIENTED_EDGE('',*,*,#15845,.T.);
#15941 = ORIENTED_EDGE('',*,*,#15876,.T.);
#15942 = ORIENTED_EDGE('',*,*,#15907,.T.);
#15943 = PLANE('',#15944);
#15944 = AXIS2_PLACEMENT_3D('',#15945,#15946,#15947);
#15945 = CARTESIAN_POINT('',(0.,0.,1.55));
#15946 = DIRECTION('',(0.,0.,1.));
#15947 = DIRECTION('',(1.,0.,-0.));
#15948 = MANIFOLD_SOLID_BREP('',#15949);
#15949 = CLOSED_SHELL('',(#15950,#15983,#15992));
#15950 = ADVANCED_FACE('',(#15951),#15978,.T.);
#15951 = FACE_BOUND('',#15952,.T.);
#15952 = EDGE_LOOP('',(#15953,#15963,#15970,#15971));
#15953 = ORIENTED_EDGE('',*,*,#15954,.T.);
#15954 = EDGE_CURVE('',#15955,#15957,#15959,.T.);
#15955 = VERTEX_POINT('',#15956);
#15956 = CARTESIAN_POINT('',(92.55,-108.2,0.));
#15957 = VERTEX_POINT('',#15958);
#15958 = CARTESIAN_POINT('',(92.55,-108.2,-4.E-02));
#15959 = LINE('',#15960,#15961);
#15960 = CARTESIAN_POINT('',(92.55,-108.2,0.));
#15961 = VECTOR('',#15962,1.);
#15962 = DIRECTION('',(0.,0.,-1.));
#15963 = ORIENTED_EDGE('',*,*,#15964,.T.);
#15964 = EDGE_CURVE('',#15957,#15957,#15965,.T.);
#15965 = CIRCLE('',#15966,0.5);
#15966 = AXIS2_PLACEMENT_3D('',#15967,#15968,#15969);
#15967 = CARTESIAN_POINT('',(92.05,-108.2,-4.E-02));
#15968 = DIRECTION('',(0.,0.,1.));
#15969 = DIRECTION('',(1.,0.,-0.));
#15970 = ORIENTED_EDGE('',*,*,#15954,.F.);
#15971 = ORIENTED_EDGE('',*,*,#15972,.F.);
#15972 = EDGE_CURVE('',#15955,#15955,#15973,.T.);
#15973 = CIRCLE('',#15974,0.5);
#15974 = AXIS2_PLACEMENT_3D('',#15975,#15976,#15977);
#15975 = CARTESIAN_POINT('',(92.05,-108.2,0.));
#15976 = DIRECTION('',(0.,0.,1.));
#15977 = DIRECTION('',(1.,0.,-0.));
#15978 = CYLINDRICAL_SURFACE('',#15979,0.5);
#15979 = AXIS2_PLACEMENT_3D('',#15980,#15981,#15982);
#15980 = CARTESIAN_POINT('',(92.05,-108.2,0.));
#15981 = DIRECTION('',(0.,0.,1.));
#15982 = DIRECTION('',(1.,0.,-0.));
#15983 = ADVANCED_FACE('',(#15984),#15987,.F.);
#15984 = FACE_BOUND('',#15985,.T.);
#15985 = EDGE_LOOP('',(#15986));
#15986 = ORIENTED_EDGE('',*,*,#15972,.T.);
#15987 = PLANE('',#15988);
#15988 = AXIS2_PLACEMENT_3D('',#15989,#15990,#15991);
#15989 = CARTESIAN_POINT('',(0.,0.,0.));
#15990 = DIRECTION('',(-0.,-0.,-1.));
#15991 = DIRECTION('',(-1.,0.,0.));
#15992 = ADVANCED_FACE('',(#15993),#15996,.T.);
#15993 = FACE_BOUND('',#15994,.F.);
#15994 = EDGE_LOOP('',(#15995));
#15995 = ORIENTED_EDGE('',*,*,#15964,.T.);
#15996 = PLANE('',#15997);
#15997 = AXIS2_PLACEMENT_3D('',#15998,#15999,#16000);
#15998 = CARTESIAN_POINT('',(0.,0.,-4.E-02));
#15999 = DIRECTION('',(-0.,-0.,-1.));
#16000 = DIRECTION('',(-1.,0.,0.));
#16001 = MANIFOLD_SOLID_BREP('',#16002);
#16002 = CLOSED_SHELL('',(#16003,#16043,#16074,#16105,#16127,#16139));
#16003 = ADVANCED_FACE('',(#16004),#16038,.T.);
#16004 = FACE_BOUND('',#16005,.T.);
#16005 = EDGE_LOOP('',(#16006,#16016,#16024,#16032));
#16006 = ORIENTED_EDGE('',*,*,#16007,.T.);
#16007 = EDGE_CURVE('',#16008,#16010,#16012,.T.);
#16008 = VERTEX_POINT('',#16009);
#16009 = CARTESIAN_POINT('',(91.65,-105.69,1.51));
#16010 = VERTEX_POINT('',#16011);
#16011 = CARTESIAN_POINT('',(91.65,-105.69,1.55));
#16012 = LINE('',#16013,#16014);
#16013 = CARTESIAN_POINT('',(91.65,-105.69,1.51));
#16014 = VECTOR('',#16015,1.);
#16015 = DIRECTION('',(0.,0.,1.));
#16016 = ORIENTED_EDGE('',*,*,#16017,.T.);
#16017 = EDGE_CURVE('',#16010,#16018,#16020,.T.);
#16018 = VERTEX_POINT('',#16019);
#16019 = CARTESIAN_POINT('',(91.65,-104.79,1.55));
#16020 = LINE('',#16021,#16022);
#16021 = CARTESIAN_POINT('',(91.65,-105.69,1.55));
#16022 = VECTOR('',#16023,1.);
#16023 = DIRECTION('',(0.,1.,0.));
#16024 = ORIENTED_EDGE('',*,*,#16025,.F.);
#16025 = EDGE_CURVE('',#16026,#16018,#16028,.T.);
#16026 = VERTEX_POINT('',#16027);
#16027 = CARTESIAN_POINT('',(91.65,-104.79,1.51));
#16028 = LINE('',#16029,#16030);
#16029 = CARTESIAN_POINT('',(91.65,-104.79,1.51));
#16030 = VECTOR('',#16031,1.);
#16031 = DIRECTION('',(0.,0.,1.));
#16032 = ORIENTED_EDGE('',*,*,#16033,.F.);
#16033 = EDGE_CURVE('',#16008,#16026,#16034,.T.);
#16034 = LINE('',#16035,#16036);
#16035 = CARTESIAN_POINT('',(91.65,-105.69,1.51));
#16036 = VECTOR('',#16037,1.);
#16037 = DIRECTION('',(0.,1.,0.));
#16038 = PLANE('',#16039);
#16039 = AXIS2_PLACEMENT_3D('',#16040,#16041,#16042);
#16040 = CARTESIAN_POINT('',(91.65,-105.69,1.51));
#16041 = DIRECTION('',(-1.,0.,0.));
#16042 = DIRECTION('',(0.,1.,0.));
#16043 = ADVANCED_FACE('',(#16044),#16069,.T.);
#16044 = FACE_BOUND('',#16045,.T.);
#16045 = EDGE_LOOP('',(#16046,#16047,#16055,#16063));
#16046 = ORIENTED_EDGE('',*,*,#16025,.T.);
#16047 = ORIENTED_EDGE('',*,*,#16048,.T.);
#16048 = EDGE_CURVE('',#16018,#16049,#16051,.T.);
#16049 = VERTEX_POINT('',#16050);
#16050 = CARTESIAN_POINT('',(94.65,-104.79,1.55));
#16051 = LINE('',#16052,#16053);
#16052 = CARTESIAN_POINT('',(91.65,-104.79,1.55));
#16053 = VECTOR('',#16054,1.);
#16054 = DIRECTION('',(1.,0.,0.));
#16055 = ORIENTED_EDGE('',*,*,#16056,.F.);
#16056 = EDGE_CURVE('',#16057,#16049,#16059,.T.);
#16057 = VERTEX_POINT('',#16058);
#16058 = CARTESIAN_POINT('',(94.65,-104.79,1.51));
#16059 = LINE('',#16060,#16061);
#16060 = CARTESIAN_POINT('',(94.65,-104.79,1.51));
#16061 = VECTOR('',#16062,1.);
#16062 = DIRECTION('',(0.,0.,1.));
#16063 = ORIENTED_EDGE('',*,*,#16064,.F.);
#16064 = EDGE_CURVE('',#16026,#16057,#16065,.T.);
#16065 = LINE('',#16066,#16067);
#16066 = CARTESIAN_POINT('',(91.65,-104.79,1.51));
#16067 = VECTOR('',#16068,1.);
#16068 = DIRECTION('',(1.,0.,0.));
#16069 = PLANE('',#16070);
#16070 = AXIS2_PLACEMENT_3D('',#16071,#16072,#16073);
#16071 = CARTESIAN_POINT('',(91.65,-104.79,1.51));
#16072 = DIRECTION('',(0.,1.,0.));
#16073 = DIRECTION('',(1.,0.,0.));
#16074 = ADVANCED_FACE('',(#16075),#16100,.T.);
#16075 = FACE_BOUND('',#16076,.T.);
#16076 = EDGE_LOOP('',(#16077,#16078,#16086,#16094));
#16077 = ORIENTED_EDGE('',*,*,#16056,.T.);
#16078 = ORIENTED_EDGE('',*,*,#16079,.T.);
#16079 = EDGE_CURVE('',#16049,#16080,#16082,.T.);
#16080 = VERTEX_POINT('',#16081);
#16081 = CARTESIAN_POINT('',(94.65,-105.69,1.55));
#16082 = LINE('',#16083,#16084);
#16083 = CARTESIAN_POINT('',(94.65,-104.79,1.55));
#16084 = VECTOR('',#16085,1.);
#16085 = DIRECTION('',(0.,-1.,0.));
#16086 = ORIENTED_EDGE('',*,*,#16087,.F.);
#16087 = EDGE_CURVE('',#16088,#16080,#16090,.T.);
#16088 = VERTEX_POINT('',#16089);
#16089 = CARTESIAN_POINT('',(94.65,-105.69,1.51));
#16090 = LINE('',#16091,#16092);
#16091 = CARTESIAN_POINT('',(94.65,-105.69,1.51));
#16092 = VECTOR('',#16093,1.);
#16093 = DIRECTION('',(0.,0.,1.));
#16094 = ORIENTED_EDGE('',*,*,#16095,.F.);
#16095 = EDGE_CURVE('',#16057,#16088,#16096,.T.);
#16096 = LINE('',#16097,#16098);
#16097 = CARTESIAN_POINT('',(94.65,-104.79,1.51));
#16098 = VECTOR('',#16099,1.);
#16099 = DIRECTION('',(0.,-1.,0.));
#16100 = PLANE('',#16101);
#16101 = AXIS2_PLACEMENT_3D('',#16102,#16103,#16104);
#16102 = CARTESIAN_POINT('',(94.65,-104.79,1.51));
#16103 = DIRECTION('',(1.,0.,-0.));
#16104 = DIRECTION('',(0.,-1.,0.));
#16105 = ADVANCED_FACE('',(#16106),#16122,.T.);
#16106 = FACE_BOUND('',#16107,.T.);
#16107 = EDGE_LOOP('',(#16108,#16109,#16115,#16116));
#16108 = ORIENTED_EDGE('',*,*,#16087,.T.);
#16109 = ORIENTED_EDGE('',*,*,#16110,.T.);
#16110 = EDGE_CURVE('',#16080,#16010,#16111,.T.);
#16111 = LINE('',#16112,#16113);
#16112 = CARTESIAN_POINT('',(94.65,-105.69,1.55));
#16113 = VECTOR('',#16114,1.);
#16114 = DIRECTION('',(-1.,0.,0.));
#16115 = ORIENTED_EDGE('',*,*,#16007,.F.);
#16116 = ORIENTED_EDGE('',*,*,#16117,.F.);
#16117 = EDGE_CURVE('',#16088,#16008,#16118,.T.);
#16118 = LINE('',#16119,#16120);
#16119 = CARTESIAN_POINT('',(94.65,-105.69,1.51));
#16120 = VECTOR('',#16121,1.);
#16121 = DIRECTION('',(-1.,0.,0.));
#16122 = PLANE('',#16123);
#16123 = AXIS2_PLACEMENT_3D('',#16124,#16125,#16126);
#16124 = CARTESIAN_POINT('',(94.65,-105.69,1.51));
#16125 = DIRECTION('',(0.,-1.,0.));
#16126 = DIRECTION('',(-1.,0.,0.));
#16127 = ADVANCED_FACE('',(#16128),#16134,.F.);
#16128 = FACE_BOUND('',#16129,.T.);
#16129 = EDGE_LOOP('',(#16130,#16131,#16132,#16133));
#16130 = ORIENTED_EDGE('',*,*,#16033,.T.);
#16131 = ORIENTED_EDGE('',*,*,#16064,.T.);
#16132 = ORIENTED_EDGE('',*,*,#16095,.T.);
#16133 = ORIENTED_EDGE('',*,*,#16117,.T.);
#16134 = PLANE('',#16135);
#16135 = AXIS2_PLACEMENT_3D('',#16136,#16137,#16138);
#16136 = CARTESIAN_POINT('',(0.,0.,1.51));
#16137 = DIRECTION('',(0.,0.,1.));
#16138 = DIRECTION('',(1.,0.,-0.));
#16139 = ADVANCED_FACE('',(#16140),#16146,.T.);
#16140 = FACE_BOUND('',#16141,.F.);
#16141 = EDGE_LOOP('',(#16142,#16143,#16144,#16145));
#16142 = ORIENTED_EDGE('',*,*,#16017,.T.);
#16143 = ORIENTED_EDGE('',*,*,#16048,.T.);
#16144 = ORIENTED_EDGE('',*,*,#16079,.T.);
#16145 = ORIENTED_EDGE('',*,*,#16110,.T.);
#16146 = PLANE('',#16147);
#16147 = AXIS2_PLACEMENT_3D('',#16148,#16149,#16150);
#16148 = CARTESIAN_POINT('',(0.,0.,1.55));
#16149 = DIRECTION('',(0.,0.,1.));
#16150 = DIRECTION('',(1.,0.,-0.));
#16151 = MANIFOLD_SOLID_BREP('',#16152);
#16152 = CLOSED_SHELL('',(#16153,#16186,#16195));
#16153 = ADVANCED_FACE('',(#16154),#16181,.T.);
#16154 = FACE_BOUND('',#16155,.T.);
#16155 = EDGE_LOOP('',(#16156,#16166,#16173,#16174));
#16156 = ORIENTED_EDGE('',*,*,#16157,.T.);
#16157 = EDGE_CURVE('',#16158,#16160,#16162,.T.);
#16158 = VERTEX_POINT('',#16159);
#16159 = CARTESIAN_POINT('',(95.05,-110.1,0.));
#16160 = VERTEX_POINT('',#16161);
#16161 = CARTESIAN_POINT('',(95.05,-110.1,-4.E-02));
#16162 = LINE('',#16163,#16164);
#16163 = CARTESIAN_POINT('',(95.05,-110.1,0.));
#16164 = VECTOR('',#16165,1.);
#16165 = DIRECTION('',(0.,0.,-1.));
#16166 = ORIENTED_EDGE('',*,*,#16167,.T.);
#16167 = EDGE_CURVE('',#16160,#16160,#16168,.T.);
#16168 = CIRCLE('',#16169,0.5);
#16169 = AXIS2_PLACEMENT_3D('',#16170,#16171,#16172);
#16170 = CARTESIAN_POINT('',(94.55,-110.1,-4.E-02));
#16171 = DIRECTION('',(0.,0.,1.));
#16172 = DIRECTION('',(1.,0.,-0.));
#16173 = ORIENTED_EDGE('',*,*,#16157,.F.);
#16174 = ORIENTED_EDGE('',*,*,#16175,.F.);
#16175 = EDGE_CURVE('',#16158,#16158,#16176,.T.);
#16176 = CIRCLE('',#16177,0.5);
#16177 = AXIS2_PLACEMENT_3D('',#16178,#16179,#16180);
#16178 = CARTESIAN_POINT('',(94.55,-110.1,0.));
#16179 = DIRECTION('',(0.,0.,1.));
#16180 = DIRECTION('',(1.,0.,-0.));
#16181 = CYLINDRICAL_SURFACE('',#16182,0.5);
#16182 = AXIS2_PLACEMENT_3D('',#16183,#16184,#16185);
#16183 = CARTESIAN_POINT('',(94.55,-110.1,0.));
#16184 = DIRECTION('',(0.,0.,1.));
#16185 = DIRECTION('',(1.,0.,-0.));
#16186 = ADVANCED_FACE('',(#16187),#16190,.F.);
#16187 = FACE_BOUND('',#16188,.T.);
#16188 = EDGE_LOOP('',(#16189));
#16189 = ORIENTED_EDGE('',*,*,#16175,.T.);
#16190 = PLANE('',#16191);
#16191 = AXIS2_PLACEMENT_3D('',#16192,#16193,#16194);
#16192 = CARTESIAN_POINT('',(0.,0.,0.));
#16193 = DIRECTION('',(-0.,-0.,-1.));
#16194 = DIRECTION('',(-1.,0.,0.));
#16195 = ADVANCED_FACE('',(#16196),#16199,.T.);
#16196 = FACE_BOUND('',#16197,.F.);
#16197 = EDGE_LOOP('',(#16198));
#16198 = ORIENTED_EDGE('',*,*,#16167,.T.);
#16199 = PLANE('',#16200);
#16200 = AXIS2_PLACEMENT_3D('',#16201,#16202,#16203);
#16201 = CARTESIAN_POINT('',(0.,0.,-4.E-02));
#16202 = DIRECTION('',(-0.,-0.,-1.));
#16203 = DIRECTION('',(-1.,0.,0.));
#16204 = MANIFOLD_SOLID_BREP('',#16205);
#16205 = CLOSED_SHELL('',(#16206,#16246,#16277,#16308,#16330,#16342));
#16206 = ADVANCED_FACE('',(#16207),#16241,.T.);
#16207 = FACE_BOUND('',#16208,.T.);
#16208 = EDGE_LOOP('',(#16209,#16219,#16227,#16235));
#16209 = ORIENTED_EDGE('',*,*,#16210,.T.);
#16210 = EDGE_CURVE('',#16211,#16213,#16215,.T.);
#16211 = VERTEX_POINT('',#16212);
#16212 = CARTESIAN_POINT('',(105.35,-99.34,1.51));
#16213 = VERTEX_POINT('',#16214);
#16214 = CARTESIAN_POINT('',(105.35,-99.34,1.55));
#16215 = LINE('',#16216,#16217);
#16216 = CARTESIAN_POINT('',(105.35,-99.34,1.51));
#16217 = VECTOR('',#16218,1.);
#16218 = DIRECTION('',(0.,0.,1.));
#16219 = ORIENTED_EDGE('',*,*,#16220,.T.);
#16220 = EDGE_CURVE('',#16213,#16221,#16223,.T.);
#16221 = VERTEX_POINT('',#16222);
#16222 = CARTESIAN_POINT('',(105.35,-98.44,1.55));
#16223 = LINE('',#16224,#16225);
#16224 = CARTESIAN_POINT('',(105.35,-99.34,1.55));
#16225 = VECTOR('',#16226,1.);
#16226 = DIRECTION('',(0.,1.,0.));
#16227 = ORIENTED_EDGE('',*,*,#16228,.F.);
#16228 = EDGE_CURVE('',#16229,#16221,#16231,.T.);
#16229 = VERTEX_POINT('',#16230);
#16230 = CARTESIAN_POINT('',(105.35,-98.44,1.51));
#16231 = LINE('',#16232,#16233);
#16232 = CARTESIAN_POINT('',(105.35,-98.44,1.51));
#16233 = VECTOR('',#16234,1.);
#16234 = DIRECTION('',(0.,0.,1.));
#16235 = ORIENTED_EDGE('',*,*,#16236,.F.);
#16236 = EDGE_CURVE('',#16211,#16229,#16237,.T.);
#16237 = LINE('',#16238,#16239);
#16238 = CARTESIAN_POINT('',(105.35,-99.34,1.51));
#16239 = VECTOR('',#16240,1.);
#16240 = DIRECTION('',(0.,1.,0.));
#16241 = PLANE('',#16242);
#16242 = AXIS2_PLACEMENT_3D('',#16243,#16244,#16245);
#16243 = CARTESIAN_POINT('',(105.35,-99.34,1.51));
#16244 = DIRECTION('',(-1.,0.,0.));
#16245 = DIRECTION('',(0.,1.,0.));
#16246 = ADVANCED_FACE('',(#16247),#16272,.T.);
#16247 = FACE_BOUND('',#16248,.T.);
#16248 = EDGE_LOOP('',(#16249,#16250,#16258,#16266));
#16249 = ORIENTED_EDGE('',*,*,#16228,.T.);
#16250 = ORIENTED_EDGE('',*,*,#16251,.T.);
#16251 = EDGE_CURVE('',#16221,#16252,#16254,.T.);
#16252 = VERTEX_POINT('',#16253);
#16253 = CARTESIAN_POINT('',(108.35,-98.44,1.55));
#16254 = LINE('',#16255,#16256);
#16255 = CARTESIAN_POINT('',(105.35,-98.44,1.55));
#16256 = VECTOR('',#16257,1.);
#16257 = DIRECTION('',(1.,0.,0.));
#16258 = ORIENTED_EDGE('',*,*,#16259,.F.);
#16259 = EDGE_CURVE('',#16260,#16252,#16262,.T.);
#16260 = VERTEX_POINT('',#16261);
#16261 = CARTESIAN_POINT('',(108.35,-98.44,1.51));
#16262 = LINE('',#16263,#16264);
#16263 = CARTESIAN_POINT('',(108.35,-98.44,1.51));
#16264 = VECTOR('',#16265,1.);
#16265 = DIRECTION('',(0.,0.,1.));
#16266 = ORIENTED_EDGE('',*,*,#16267,.F.);
#16267 = EDGE_CURVE('',#16229,#16260,#16268,.T.);
#16268 = LINE('',#16269,#16270);
#16269 = CARTESIAN_POINT('',(105.35,-98.44,1.51));
#16270 = VECTOR('',#16271,1.);
#16271 = DIRECTION('',(1.,0.,0.));
#16272 = PLANE('',#16273);
#16273 = AXIS2_PLACEMENT_3D('',#16274,#16275,#16276);
#16274 = CARTESIAN_POINT('',(105.35,-98.44,1.51));
#16275 = DIRECTION('',(0.,1.,0.));
#16276 = DIRECTION('',(1.,0.,0.));
#16277 = ADVANCED_FACE('',(#16278),#16303,.T.);
#16278 = FACE_BOUND('',#16279,.T.);
#16279 = EDGE_LOOP('',(#16280,#16281,#16289,#16297));
#16280 = ORIENTED_EDGE('',*,*,#16259,.T.);
#16281 = ORIENTED_EDGE('',*,*,#16282,.T.);
#16282 = EDGE_CURVE('',#16252,#16283,#16285,.T.);
#16283 = VERTEX_POINT('',#16284);
#16284 = CARTESIAN_POINT('',(108.35,-99.34,1.55));
#16285 = LINE('',#16286,#16287);
#16286 = CARTESIAN_POINT('',(108.35,-98.44,1.55));
#16287 = VECTOR('',#16288,1.);
#16288 = DIRECTION('',(0.,-1.,0.));
#16289 = ORIENTED_EDGE('',*,*,#16290,.F.);
#16290 = EDGE_CURVE('',#16291,#16283,#16293,.T.);
#16291 = VERTEX_POINT('',#16292);
#16292 = CARTESIAN_POINT('',(108.35,-99.34,1.51));
#16293 = LINE('',#16294,#16295);
#16294 = CARTESIAN_POINT('',(108.35,-99.34,1.51));
#16295 = VECTOR('',#16296,1.);
#16296 = DIRECTION('',(0.,0.,1.));
#16297 = ORIENTED_EDGE('',*,*,#16298,.F.);
#16298 = EDGE_CURVE('',#16260,#16291,#16299,.T.);
#16299 = LINE('',#16300,#16301);
#16300 = CARTESIAN_POINT('',(108.35,-98.44,1.51));
#16301 = VECTOR('',#16302,1.);
#16302 = DIRECTION('',(0.,-1.,0.));
#16303 = PLANE('',#16304);
#16304 = AXIS2_PLACEMENT_3D('',#16305,#16306,#16307);
#16305 = CARTESIAN_POINT('',(108.35,-98.44,1.51));
#16306 = DIRECTION('',(1.,0.,-0.));
#16307 = DIRECTION('',(0.,-1.,0.));
#16308 = ADVANCED_FACE('',(#16309),#16325,.T.);
#16309 = FACE_BOUND('',#16310,.T.);
#16310 = EDGE_LOOP('',(#16311,#16312,#16318,#16319));
#16311 = ORIENTED_EDGE('',*,*,#16290,.T.);
#16312 = ORIENTED_EDGE('',*,*,#16313,.T.);
#16313 = EDGE_CURVE('',#16283,#16213,#16314,.T.);
#16314 = LINE('',#16315,#16316);
#16315 = CARTESIAN_POINT('',(108.35,-99.34,1.55));
#16316 = VECTOR('',#16317,1.);
#16317 = DIRECTION('',(-1.,0.,0.));
#16318 = ORIENTED_EDGE('',*,*,#16210,.F.);
#16319 = ORIENTED_EDGE('',*,*,#16320,.F.);
#16320 = EDGE_CURVE('',#16291,#16211,#16321,.T.);
#16321 = LINE('',#16322,#16323);
#16322 = CARTESIAN_POINT('',(108.35,-99.34,1.51));
#16323 = VECTOR('',#16324,1.);
#16324 = DIRECTION('',(-1.,0.,0.));
#16325 = PLANE('',#16326);
#16326 = AXIS2_PLACEMENT_3D('',#16327,#16328,#16329);
#16327 = CARTESIAN_POINT('',(108.35,-99.34,1.51));
#16328 = DIRECTION('',(0.,-1.,0.));
#16329 = DIRECTION('',(-1.,0.,0.));
#16330 = ADVANCED_FACE('',(#16331),#16337,.F.);
#16331 = FACE_BOUND('',#16332,.T.);
#16332 = EDGE_LOOP('',(#16333,#16334,#16335,#16336));
#16333 = ORIENTED_EDGE('',*,*,#16236,.T.);
#16334 = ORIENTED_EDGE('',*,*,#16267,.T.);
#16335 = ORIENTED_EDGE('',*,*,#16298,.T.);
#16336 = ORIENTED_EDGE('',*,*,#16320,.T.);
#16337 = PLANE('',#16338);
#16338 = AXIS2_PLACEMENT_3D('',#16339,#16340,#16341);
#16339 = CARTESIAN_POINT('',(0.,0.,1.51));
#16340 = DIRECTION('',(0.,0.,1.));
#16341 = DIRECTION('',(1.,0.,-0.));
#16342 = ADVANCED_FACE('',(#16343),#16349,.T.);
#16343 = FACE_BOUND('',#16344,.F.);
#16344 = EDGE_LOOP('',(#16345,#16346,#16347,#16348));
#16345 = ORIENTED_EDGE('',*,*,#16220,.T.);
#16346 = ORIENTED_EDGE('',*,*,#16251,.T.);
#16347 = ORIENTED_EDGE('',*,*,#16282,.T.);
#16348 = ORIENTED_EDGE('',*,*,#16313,.T.);
#16349 = PLANE('',#16350);
#16350 = AXIS2_PLACEMENT_3D('',#16351,#16352,#16353);
#16351 = CARTESIAN_POINT('',(0.,0.,1.55));
#16352 = DIRECTION('',(0.,0.,1.));
#16353 = DIRECTION('',(1.,0.,-0.));
#16354 = MANIFOLD_SOLID_BREP('',#16355);
#16355 = CLOSED_SHELL('',(#16356,#16389,#16398));
#16356 = ADVANCED_FACE('',(#16357),#16384,.T.);
#16357 = FACE_BOUND('',#16358,.T.);
#16358 = EDGE_LOOP('',(#16359,#16369,#16376,#16377));
#16359 = ORIENTED_EDGE('',*,*,#16360,.T.);
#16360 = EDGE_CURVE('',#16361,#16363,#16365,.T.);
#16361 = VERTEX_POINT('',#16362);
#16362 = CARTESIAN_POINT('',(110.2886,-94.055,0.));
#16363 = VERTEX_POINT('',#16364);
#16364 = CARTESIAN_POINT('',(110.2886,-94.055,-4.E-02));
#16365 = LINE('',#16366,#16367);
#16366 = CARTESIAN_POINT('',(110.2886,-94.055,0.));
#16367 = VECTOR('',#16368,1.);
#16368 = DIRECTION('',(0.,0.,-1.));
#16369 = ORIENTED_EDGE('',*,*,#16370,.T.);
#16370 = EDGE_CURVE('',#16363,#16363,#16371,.T.);
#16371 = CIRCLE('',#16372,0.5);
#16372 = AXIS2_PLACEMENT_3D('',#16373,#16374,#16375);
#16373 = CARTESIAN_POINT('',(109.7886,-94.055,-4.E-02));
#16374 = DIRECTION('',(0.,0.,1.));
#16375 = DIRECTION('',(1.,0.,-0.));
#16376 = ORIENTED_EDGE('',*,*,#16360,.F.);
#16377 = ORIENTED_EDGE('',*,*,#16378,.F.);
#16378 = EDGE_CURVE('',#16361,#16361,#16379,.T.);
#16379 = CIRCLE('',#16380,0.5);
#16380 = AXIS2_PLACEMENT_3D('',#16381,#16382,#16383);
#16381 = CARTESIAN_POINT('',(109.7886,-94.055,0.));
#16382 = DIRECTION('',(0.,0.,1.));
#16383 = DIRECTION('',(1.,0.,-0.));
#16384 = CYLINDRICAL_SURFACE('',#16385,0.5);
#16385 = AXIS2_PLACEMENT_3D('',#16386,#16387,#16388);
#16386 = CARTESIAN_POINT('',(109.7886,-94.055,0.));
#16387 = DIRECTION('',(0.,0.,1.));
#16388 = DIRECTION('',(1.,0.,-0.));
#16389 = ADVANCED_FACE('',(#16390),#16393,.F.);
#16390 = FACE_BOUND('',#16391,.T.);
#16391 = EDGE_LOOP('',(#16392));
#16392 = ORIENTED_EDGE('',*,*,#16378,.T.);
#16393 = PLANE('',#16394);
#16394 = AXIS2_PLACEMENT_3D('',#16395,#16396,#16397);
#16395 = CARTESIAN_POINT('',(0.,0.,0.));
#16396 = DIRECTION('',(-0.,-0.,-1.));
#16397 = DIRECTION('',(-1.,0.,0.));
#16398 = ADVANCED_FACE('',(#16399),#16402,.T.);
#16399 = FACE_BOUND('',#16400,.F.);
#16400 = EDGE_LOOP('',(#16401));
#16401 = ORIENTED_EDGE('',*,*,#16370,.T.);
#16402 = PLANE('',#16403);
#16403 = AXIS2_PLACEMENT_3D('',#16404,#16405,#16406);
#16404 = CARTESIAN_POINT('',(0.,0.,-4.E-02));
#16405 = DIRECTION('',(-0.,-0.,-1.));
#16406 = DIRECTION('',(-1.,0.,0.));
#16407 = MANIFOLD_SOLID_BREP('',#16408);
#16408 = CLOSED_SHELL('',(#16409,#16449,#16480,#16511,#16533,#16545));
#16409 = ADVANCED_FACE('',(#16410),#16444,.T.);
#16410 = FACE_BOUND('',#16411,.T.);
#16411 = EDGE_LOOP('',(#16412,#16422,#16430,#16438));
#16412 = ORIENTED_EDGE('',*,*,#16413,.T.);
#16413 = EDGE_CURVE('',#16414,#16416,#16418,.T.);
#16414 = VERTEX_POINT('',#16415);
#16415 = CARTESIAN_POINT('',(105.35,-96.8,1.51));
#16416 = VERTEX_POINT('',#16417);
#16417 = CARTESIAN_POINT('',(105.35,-96.8,1.55));
#16418 = LINE('',#16419,#16420);
#16419 = CARTESIAN_POINT('',(105.35,-96.8,1.51));
#16420 = VECTOR('',#16421,1.);
#16421 = DIRECTION('',(0.,0.,1.));
#16422 = ORIENTED_EDGE('',*,*,#16423,.T.);
#16423 = EDGE_CURVE('',#16416,#16424,#16426,.T.);
#16424 = VERTEX_POINT('',#16425);
#16425 = CARTESIAN_POINT('',(105.35,-95.9,1.55));
#16426 = LINE('',#16427,#16428);
#16427 = CARTESIAN_POINT('',(105.35,-96.8,1.55));
#16428 = VECTOR('',#16429,1.);
#16429 = DIRECTION('',(0.,1.,0.));
#16430 = ORIENTED_EDGE('',*,*,#16431,.F.);
#16431 = EDGE_CURVE('',#16432,#16424,#16434,.T.);
#16432 = VERTEX_POINT('',#16433);
#16433 = CARTESIAN_POINT('',(105.35,-95.9,1.51));
#16434 = LINE('',#16435,#16436);
#16435 = CARTESIAN_POINT('',(105.35,-95.9,1.51));
#16436 = VECTOR('',#16437,1.);
#16437 = DIRECTION('',(0.,0.,1.));
#16438 = ORIENTED_EDGE('',*,*,#16439,.F.);
#16439 = EDGE_CURVE('',#16414,#16432,#16440,.T.);
#16440 = LINE('',#16441,#16442);
#16441 = CARTESIAN_POINT('',(105.35,-96.8,1.51));
#16442 = VECTOR('',#16443,1.);
#16443 = DIRECTION('',(0.,1.,0.));
#16444 = PLANE('',#16445);
#16445 = AXIS2_PLACEMENT_3D('',#16446,#16447,#16448);
#16446 = CARTESIAN_POINT('',(105.35,-96.8,1.51));
#16447 = DIRECTION('',(-1.,0.,0.));
#16448 = DIRECTION('',(0.,1.,0.));
#16449 = ADVANCED_FACE('',(#16450),#16475,.T.);
#16450 = FACE_BOUND('',#16451,.T.);
#16451 = EDGE_LOOP('',(#16452,#16453,#16461,#16469));
#16452 = ORIENTED_EDGE('',*,*,#16431,.T.);
#16453 = ORIENTED_EDGE('',*,*,#16454,.T.);
#16454 = EDGE_CURVE('',#16424,#16455,#16457,.T.);
#16455 = VERTEX_POINT('',#16456);
#16456 = CARTESIAN_POINT('',(108.35,-95.9,1.55));
#16457 = LINE('',#16458,#16459);
#16458 = CARTESIAN_POINT('',(105.35,-95.9,1.55));
#16459 = VECTOR('',#16460,1.);
#16460 = DIRECTION('',(1.,0.,0.));
#16461 = ORIENTED_EDGE('',*,*,#16462,.F.);
#16462 = EDGE_CURVE('',#16463,#16455,#16465,.T.);
#16463 = VERTEX_POINT('',#16464);
#16464 = CARTESIAN_POINT('',(108.35,-95.9,1.51));
#16465 = LINE('',#16466,#16467);
#16466 = CARTESIAN_POINT('',(108.35,-95.9,1.51));
#16467 = VECTOR('',#16468,1.);
#16468 = DIRECTION('',(0.,0.,1.));
#16469 = ORIENTED_EDGE('',*,*,#16470,.F.);
#16470 = EDGE_CURVE('',#16432,#16463,#16471,.T.);
#16471 = LINE('',#16472,#16473);
#16472 = CARTESIAN_POINT('',(105.35,-95.9,1.51));
#16473 = VECTOR('',#16474,1.);
#16474 = DIRECTION('',(1.,0.,0.));
#16475 = PLANE('',#16476);
#16476 = AXIS2_PLACEMENT_3D('',#16477,#16478,#16479);
#16477 = CARTESIAN_POINT('',(105.35,-95.9,1.51));
#16478 = DIRECTION('',(0.,1.,0.));
#16479 = DIRECTION('',(1.,0.,0.));
#16480 = ADVANCED_FACE('',(#16481),#16506,.T.);
#16481 = FACE_BOUND('',#16482,.T.);
#16482 = EDGE_LOOP('',(#16483,#16484,#16492,#16500));
#16483 = ORIENTED_EDGE('',*,*,#16462,.T.);
#16484 = ORIENTED_EDGE('',*,*,#16485,.T.);
#16485 = EDGE_CURVE('',#16455,#16486,#16488,.T.);
#16486 = VERTEX_POINT('',#16487);
#16487 = CARTESIAN_POINT('',(108.35,-96.8,1.55));
#16488 = LINE('',#16489,#16490);
#16489 = CARTESIAN_POINT('',(108.35,-95.9,1.55));
#16490 = VECTOR('',#16491,1.);
#16491 = DIRECTION('',(0.,-1.,0.));
#16492 = ORIENTED_EDGE('',*,*,#16493,.F.);
#16493 = EDGE_CURVE('',#16494,#16486,#16496,.T.);
#16494 = VERTEX_POINT('',#16495);
#16495 = CARTESIAN_POINT('',(108.35,-96.8,1.51));
#16496 = LINE('',#16497,#16498);
#16497 = CARTESIAN_POINT('',(108.35,-96.8,1.51));
#16498 = VECTOR('',#16499,1.);
#16499 = DIRECTION('',(0.,0.,1.));
#16500 = ORIENTED_EDGE('',*,*,#16501,.F.);
#16501 = EDGE_CURVE('',#16463,#16494,#16502,.T.);
#16502 = LINE('',#16503,#16504);
#16503 = CARTESIAN_POINT('',(108.35,-95.9,1.51));
#16504 = VECTOR('',#16505,1.);
#16505 = DIRECTION('',(0.,-1.,0.));
#16506 = PLANE('',#16507);
#16507 = AXIS2_PLACEMENT_3D('',#16508,#16509,#16510);
#16508 = CARTESIAN_POINT('',(108.35,-95.9,1.51));
#16509 = DIRECTION('',(1.,0.,-0.));
#16510 = DIRECTION('',(0.,-1.,0.));
#16511 = ADVANCED_FACE('',(#16512),#16528,.T.);
#16512 = FACE_BOUND('',#16513,.T.);
#16513 = EDGE_LOOP('',(#16514,#16515,#16521,#16522));
#16514 = ORIENTED_EDGE('',*,*,#16493,.T.);
#16515 = ORIENTED_EDGE('',*,*,#16516,.T.);
#16516 = EDGE_CURVE('',#16486,#16416,#16517,.T.);
#16517 = LINE('',#16518,#16519);
#16518 = CARTESIAN_POINT('',(108.35,-96.8,1.55));
#16519 = VECTOR('',#16520,1.);
#16520 = DIRECTION('',(-1.,0.,0.));
#16521 = ORIENTED_EDGE('',*,*,#16413,.F.);
#16522 = ORIENTED_EDGE('',*,*,#16523,.F.);
#16523 = EDGE_CURVE('',#16494,#16414,#16524,.T.);
#16524 = LINE('',#16525,#16526);
#16525 = CARTESIAN_POINT('',(108.35,-96.8,1.51));
#16526 = VECTOR('',#16527,1.);
#16527 = DIRECTION('',(-1.,0.,0.));
#16528 = PLANE('',#16529);
#16529 = AXIS2_PLACEMENT_3D('',#16530,#16531,#16532);
#16530 = CARTESIAN_POINT('',(108.35,-96.8,1.51));
#16531 = DIRECTION('',(0.,-1.,0.));
#16532 = DIRECTION('',(-1.,0.,0.));
#16533 = ADVANCED_FACE('',(#16534),#16540,.F.);
#16534 = FACE_BOUND('',#16535,.T.);
#16535 = EDGE_LOOP('',(#16536,#16537,#16538,#16539));
#16536 = ORIENTED_EDGE('',*,*,#16439,.T.);
#16537 = ORIENTED_EDGE('',*,*,#16470,.T.);
#16538 = ORIENTED_EDGE('',*,*,#16501,.T.);
#16539 = ORIENTED_EDGE('',*,*,#16523,.T.);
#16540 = PLANE('',#16541);
#16541 = AXIS2_PLACEMENT_3D('',#16542,#16543,#16544);
#16542 = CARTESIAN_POINT('',(0.,0.,1.51));
#16543 = DIRECTION('',(0.,0.,1.));
#16544 = DIRECTION('',(1.,0.,-0.));
#16545 = ADVANCED_FACE('',(#16546),#16552,.T.);
#16546 = FACE_BOUND('',#16547,.F.);
#16547 = EDGE_LOOP('',(#16548,#16549,#16550,#16551));
#16548 = ORIENTED_EDGE('',*,*,#16423,.T.);
#16549 = ORIENTED_EDGE('',*,*,#16454,.T.);
#16550 = ORIENTED_EDGE('',*,*,#16485,.T.);
#16551 = ORIENTED_EDGE('',*,*,#16516,.T.);
#16552 = PLANE('',#16553);
#16553 = AXIS2_PLACEMENT_3D('',#16554,#16555,#16556);
#16554 = CARTESIAN_POINT('',(0.,0.,1.55));
#16555 = DIRECTION('',(0.,0.,1.));
#16556 = DIRECTION('',(1.,0.,-0.));
#16557 = MANIFOLD_SOLID_BREP('',#16558);
#16558 = CLOSED_SHELL('',(#16559,#16599,#16630,#16661,#16689,#16717,
    #16729));
#16559 = ADVANCED_FACE('',(#16560),#16594,.T.);
#16560 = FACE_BOUND('',#16561,.T.);
#16561 = EDGE_LOOP('',(#16562,#16572,#16580,#16588));
#16562 = ORIENTED_EDGE('',*,*,#16563,.T.);
#16563 = EDGE_CURVE('',#16564,#16566,#16568,.T.);
#16564 = VERTEX_POINT('',#16565);
#16565 = CARTESIAN_POINT('',(89.15,-104.35,1.51));
#16566 = VERTEX_POINT('',#16567);
#16567 = CARTESIAN_POINT('',(89.15,-104.35,1.55));
#16568 = LINE('',#16569,#16570);
#16569 = CARTESIAN_POINT('',(89.15,-104.35,1.51));
#16570 = VECTOR('',#16571,1.);
#16571 = DIRECTION('',(0.,0.,1.));
#16572 = ORIENTED_EDGE('',*,*,#16573,.T.);
#16573 = EDGE_CURVE('',#16566,#16574,#16576,.T.);
#16574 = VERTEX_POINT('',#16575);
#16575 = CARTESIAN_POINT('',(89.15,-102.65,1.55));
#16576 = LINE('',#16577,#16578);
#16577 = CARTESIAN_POINT('',(89.15,-104.35,1.55));
#16578 = VECTOR('',#16579,1.);
#16579 = DIRECTION('',(0.,1.,0.));
#16580 = ORIENTED_EDGE('',*,*,#16581,.F.);
#16581 = EDGE_CURVE('',#16582,#16574,#16584,.T.);
#16582 = VERTEX_POINT('',#16583);
#16583 = CARTESIAN_POINT('',(89.15,-102.65,1.51));
#16584 = LINE('',#16585,#16586);
#16585 = CARTESIAN_POINT('',(89.15,-102.65,1.51));
#16586 = VECTOR('',#16587,1.);
#16587 = DIRECTION('',(0.,0.,1.));
#16588 = ORIENTED_EDGE('',*,*,#16589,.F.);
#16589 = EDGE_CURVE('',#16564,#16582,#16590,.T.);
#16590 = LINE('',#16591,#16592);
#16591 = CARTESIAN_POINT('',(89.15,-104.35,1.51));
#16592 = VECTOR('',#16593,1.);
#16593 = DIRECTION('',(0.,1.,0.));
#16594 = PLANE('',#16595);
#16595 = AXIS2_PLACEMENT_3D('',#16596,#16597,#16598);
#16596 = CARTESIAN_POINT('',(89.15,-104.35,1.51));
#16597 = DIRECTION('',(-1.,0.,0.));
#16598 = DIRECTION('',(0.,1.,0.));
#16599 = ADVANCED_FACE('',(#16600),#16625,.T.);
#16600 = FACE_BOUND('',#16601,.T.);
#16601 = EDGE_LOOP('',(#16602,#16612,#16618,#16619));
#16602 = ORIENTED_EDGE('',*,*,#16603,.T.);
#16603 = EDGE_CURVE('',#16604,#16606,#16608,.T.);
#16604 = VERTEX_POINT('',#16605);
#16605 = CARTESIAN_POINT('',(90.85,-104.35,1.51));
#16606 = VERTEX_POINT('',#16607);
#16607 = CARTESIAN_POINT('',(90.85,-104.35,1.55));
#16608 = LINE('',#16609,#16610);
#16609 = CARTESIAN_POINT('',(90.85,-104.35,1.51));
#16610 = VECTOR('',#16611,1.);
#16611 = DIRECTION('',(0.,0.,1.));
#16612 = ORIENTED_EDGE('',*,*,#16613,.T.);
#16613 = EDGE_CURVE('',#16606,#16566,#16614,.T.);
#16614 = LINE('',#16615,#16616);
#16615 = CARTESIAN_POINT('',(90.85,-104.35,1.55));
#16616 = VECTOR('',#16617,1.);
#16617 = DIRECTION('',(-1.,0.,0.));
#16618 = ORIENTED_EDGE('',*,*,#16563,.F.);
#16619 = ORIENTED_EDGE('',*,*,#16620,.F.);
#16620 = EDGE_CURVE('',#16604,#16564,#16621,.T.);
#16621 = LINE('',#16622,#16623);
#16622 = CARTESIAN_POINT('',(90.85,-104.35,1.51));
#16623 = VECTOR('',#16624,1.);
#16624 = DIRECTION('',(-1.,0.,0.));
#16625 = PLANE('',#16626);
#16626 = AXIS2_PLACEMENT_3D('',#16627,#16628,#16629);
#16627 = CARTESIAN_POINT('',(90.85,-104.35,1.51));
#16628 = DIRECTION('',(0.,-1.,0.));
#16629 = DIRECTION('',(-1.,0.,0.));
#16630 = ADVANCED_FACE('',(#16631),#16656,.T.);
#16631 = FACE_BOUND('',#16632,.T.);
#16632 = EDGE_LOOP('',(#16633,#16634,#16642,#16650));
#16633 = ORIENTED_EDGE('',*,*,#16581,.T.);
#16634 = ORIENTED_EDGE('',*,*,#16635,.T.);
#16635 = EDGE_CURVE('',#16574,#16636,#16638,.T.);
#16636 = VERTEX_POINT('',#16637);
#16637 = CARTESIAN_POINT('',(90.85,-102.65,1.55));
#16638 = LINE('',#16639,#16640);
#16639 = CARTESIAN_POINT('',(89.15,-102.65,1.55));
#16640 = VECTOR('',#16641,1.);
#16641 = DIRECTION('',(1.,0.,0.));
#16642 = ORIENTED_EDGE('',*,*,#16643,.F.);
#16643 = EDGE_CURVE('',#16644,#16636,#16646,.T.);
#16644 = VERTEX_POINT('',#16645);
#16645 = CARTESIAN_POINT('',(90.85,-102.65,1.51));
#16646 = LINE('',#16647,#16648);
#16647 = CARTESIAN_POINT('',(90.85,-102.65,1.51));
#16648 = VECTOR('',#16649,1.);
#16649 = DIRECTION('',(0.,0.,1.));
#16650 = ORIENTED_EDGE('',*,*,#16651,.F.);
#16651 = EDGE_CURVE('',#16582,#16644,#16652,.T.);
#16652 = LINE('',#16653,#16654);
#16653 = CARTESIAN_POINT('',(89.15,-102.65,1.51));
#16654 = VECTOR('',#16655,1.);
#16655 = DIRECTION('',(1.,0.,0.));
#16656 = PLANE('',#16657);
#16657 = AXIS2_PLACEMENT_3D('',#16658,#16659,#16660);
#16658 = CARTESIAN_POINT('',(89.15,-102.65,1.51));
#16659 = DIRECTION('',(0.,1.,0.));
#16660 = DIRECTION('',(1.,0.,0.));
#16661 = ADVANCED_FACE('',(#16662,#16673),#16684,.F.);
#16662 = FACE_BOUND('',#16663,.F.);
#16663 = EDGE_LOOP('',(#16664,#16665,#16666,#16672));
#16664 = ORIENTED_EDGE('',*,*,#16589,.F.);
#16665 = ORIENTED_EDGE('',*,*,#16620,.F.);
#16666 = ORIENTED_EDGE('',*,*,#16667,.F.);
#16667 = EDGE_CURVE('',#16644,#16604,#16668,.T.);
#16668 = LINE('',#16669,#16670);
#16669 = CARTESIAN_POINT('',(90.85,-102.65,1.51));
#16670 = VECTOR('',#16671,1.);
#16671 = DIRECTION('',(0.,-1.,0.));
#16672 = ORIENTED_EDGE('',*,*,#16651,.F.);
#16673 = FACE_BOUND('',#16674,.F.);
#16674 = EDGE_LOOP('',(#16675));
#16675 = ORIENTED_EDGE('',*,*,#16676,.T.);
#16676 = EDGE_CURVE('',#16677,#16677,#16679,.T.);
#16677 = VERTEX_POINT('',#16678);
#16678 = CARTESIAN_POINT('',(90.,-103.975,1.51));
#16679 = CIRCLE('',#16680,0.475);
#16680 = AXIS2_PLACEMENT_3D('',#16681,#16682,#16683);
#16681 = CARTESIAN_POINT('',(90.,-103.5,1.51));
#16682 = DIRECTION('',(-0.,0.,-1.));
#16683 = DIRECTION('',(-0.,-1.,0.));
#16684 = PLANE('',#16685);
#16685 = AXIS2_PLACEMENT_3D('',#16686,#16687,#16688);
#16686 = CARTESIAN_POINT('',(0.,0.,1.51));
#16687 = DIRECTION('',(0.,0.,1.));
#16688 = DIRECTION('',(1.,0.,-0.));
#16689 = ADVANCED_FACE('',(#16690,#16701),#16712,.T.);
#16690 = FACE_BOUND('',#16691,.T.);
#16691 = EDGE_LOOP('',(#16692,#16693,#16694,#16700));
#16692 = ORIENTED_EDGE('',*,*,#16573,.F.);
#16693 = ORIENTED_EDGE('',*,*,#16613,.F.);
#16694 = ORIENTED_EDGE('',*,*,#16695,.F.);
#16695 = EDGE_CURVE('',#16636,#16606,#16696,.T.);
#16696 = LINE('',#16697,#16698);
#16697 = CARTESIAN_POINT('',(90.85,-102.65,1.55));
#16698 = VECTOR('',#16699,1.);
#16699 = DIRECTION('',(0.,-1.,0.));
#16700 = ORIENTED_EDGE('',*,*,#16635,.F.);
#16701 = FACE_BOUND('',#16702,.T.);
#16702 = EDGE_LOOP('',(#16703));
#16703 = ORIENTED_EDGE('',*,*,#16704,.T.);
#16704 = EDGE_CURVE('',#16705,#16705,#16707,.T.);
#16705 = VERTEX_POINT('',#16706);
#16706 = CARTESIAN_POINT('',(90.,-103.975,1.55));
#16707 = CIRCLE('',#16708,0.475);
#16708 = AXIS2_PLACEMENT_3D('',#16709,#16710,#16711);
#16709 = CARTESIAN_POINT('',(90.,-103.5,1.55));
#16710 = DIRECTION('',(-0.,0.,-1.));
#16711 = DIRECTION('',(-0.,-1.,0.));
#16712 = PLANE('',#16713);
#16713 = AXIS2_PLACEMENT_3D('',#16714,#16715,#16716);
#16714 = CARTESIAN_POINT('',(0.,0.,1.55));
#16715 = DIRECTION('',(0.,0.,1.));
#16716 = DIRECTION('',(1.,0.,-0.));
#16717 = ADVANCED_FACE('',(#16718),#16724,.T.);
#16718 = FACE_BOUND('',#16719,.T.);
#16719 = EDGE_LOOP('',(#16720,#16721,#16722,#16723));
#16720 = ORIENTED_EDGE('',*,*,#16643,.T.);
#16721 = ORIENTED_EDGE('',*,*,#16695,.T.);
#16722 = ORIENTED_EDGE('',*,*,#16603,.F.);
#16723 = ORIENTED_EDGE('',*,*,#16667,.F.);
#16724 = PLANE('',#16725);
#16725 = AXIS2_PLACEMENT_3D('',#16726,#16727,#16728);
#16726 = CARTESIAN_POINT('',(90.85,-102.65,1.51));
#16727 = DIRECTION('',(1.,0.,-0.));
#16728 = DIRECTION('',(0.,-1.,0.));
#16729 = ADVANCED_FACE('',(#16730),#16741,.F.);
#16730 = FACE_BOUND('',#16731,.T.);
#16731 = EDGE_LOOP('',(#16732,#16733,#16739,#16740));
#16732 = ORIENTED_EDGE('',*,*,#16676,.T.);
#16733 = ORIENTED_EDGE('',*,*,#16734,.T.);
#16734 = EDGE_CURVE('',#16677,#16705,#16735,.T.);
#16735 = LINE('',#16736,#16737);
#16736 = CARTESIAN_POINT('',(90.,-103.975,-4.6E-02));
#16737 = VECTOR('',#16738,1.);
#16738 = DIRECTION('',(0.,0.,1.));
#16739 = ORIENTED_EDGE('',*,*,#16704,.F.);
#16740 = ORIENTED_EDGE('',*,*,#16734,.F.);
#16741 = CYLINDRICAL_SURFACE('',#16742,0.475);
#16742 = AXIS2_PLACEMENT_3D('',#16743,#16744,#16745);
#16743 = CARTESIAN_POINT('',(90.,-103.5,-4.6E-02));
#16744 = DIRECTION('',(-0.,-0.,-1.));
#16745 = DIRECTION('',(-0.,-1.,0.));
#16746 = MANIFOLD_SOLID_BREP('',#16747);
#16747 = CLOSED_SHELL('',(#16748,#16788,#16819,#16850,#16878,#16906,
    #16918));
#16748 = ADVANCED_FACE('',(#16749),#16783,.F.);
#16749 = FACE_BOUND('',#16750,.F.);
#16750 = EDGE_LOOP('',(#16751,#16761,#16769,#16777));
#16751 = ORIENTED_EDGE('',*,*,#16752,.T.);
#16752 = EDGE_CURVE('',#16753,#16755,#16757,.T.);
#16753 = VERTEX_POINT('',#16754);
#16754 = CARTESIAN_POINT('',(89.15,-104.35,0.));
#16755 = VERTEX_POINT('',#16756);
#16756 = CARTESIAN_POINT('',(89.15,-104.35,-4.E-02));
#16757 = LINE('',#16758,#16759);
#16758 = CARTESIAN_POINT('',(89.15,-104.35,0.));
#16759 = VECTOR('',#16760,1.);
#16760 = DIRECTION('',(0.,0.,-1.));
#16761 = ORIENTED_EDGE('',*,*,#16762,.T.);
#16762 = EDGE_CURVE('',#16755,#16763,#16765,.T.);
#16763 = VERTEX_POINT('',#16764);
#16764 = CARTESIAN_POINT('',(89.15,-102.65,-4.E-02));
#16765 = LINE('',#16766,#16767);
#16766 = CARTESIAN_POINT('',(89.15,-104.35,-4.E-02));
#16767 = VECTOR('',#16768,1.);
#16768 = DIRECTION('',(0.,1.,0.));
#16769 = ORIENTED_EDGE('',*,*,#16770,.F.);
#16770 = EDGE_CURVE('',#16771,#16763,#16773,.T.);
#16771 = VERTEX_POINT('',#16772);
#16772 = CARTESIAN_POINT('',(89.15,-102.65,0.));
#16773 = LINE('',#16774,#16775);
#16774 = CARTESIAN_POINT('',(89.15,-102.65,0.));
#16775 = VECTOR('',#16776,1.);
#16776 = DIRECTION('',(0.,0.,-1.));
#16777 = ORIENTED_EDGE('',*,*,#16778,.F.);
#16778 = EDGE_CURVE('',#16753,#16771,#16779,.T.);
#16779 = LINE('',#16780,#16781);
#16780 = CARTESIAN_POINT('',(89.15,-104.35,0.));
#16781 = VECTOR('',#16782,1.);
#16782 = DIRECTION('',(0.,1.,0.));
#16783 = PLANE('',#16784);
#16784 = AXIS2_PLACEMENT_3D('',#16785,#16786,#16787);
#16785 = CARTESIAN_POINT('',(89.15,-104.35,0.));
#16786 = DIRECTION('',(1.,-0.,0.));
#16787 = DIRECTION('',(0.,1.,0.));
#16788 = ADVANCED_FACE('',(#16789),#16814,.F.);
#16789 = FACE_BOUND('',#16790,.F.);
#16790 = EDGE_LOOP('',(#16791,#16801,#16807,#16808));
#16791 = ORIENTED_EDGE('',*,*,#16792,.T.);
#16792 = EDGE_CURVE('',#16793,#16795,#16797,.T.);
#16793 = VERTEX_POINT('',#16794);
#16794 = CARTESIAN_POINT('',(90.85,-104.35,0.));
#16795 = VERTEX_POINT('',#16796);
#16796 = CARTESIAN_POINT('',(90.85,-104.35,-4.E-02));
#16797 = LINE('',#16798,#16799);
#16798 = CARTESIAN_POINT('',(90.85,-104.35,0.));
#16799 = VECTOR('',#16800,1.);
#16800 = DIRECTION('',(0.,0.,-1.));
#16801 = ORIENTED_EDGE('',*,*,#16802,.T.);
#16802 = EDGE_CURVE('',#16795,#16755,#16803,.T.);
#16803 = LINE('',#16804,#16805);
#16804 = CARTESIAN_POINT('',(90.85,-104.35,-4.E-02));
#16805 = VECTOR('',#16806,1.);
#16806 = DIRECTION('',(-1.,0.,0.));
#16807 = ORIENTED_EDGE('',*,*,#16752,.F.);
#16808 = ORIENTED_EDGE('',*,*,#16809,.F.);
#16809 = EDGE_CURVE('',#16793,#16753,#16810,.T.);
#16810 = LINE('',#16811,#16812);
#16811 = CARTESIAN_POINT('',(90.85,-104.35,0.));
#16812 = VECTOR('',#16813,1.);
#16813 = DIRECTION('',(-1.,0.,0.));
#16814 = PLANE('',#16815);
#16815 = AXIS2_PLACEMENT_3D('',#16816,#16817,#16818);
#16816 = CARTESIAN_POINT('',(90.85,-104.35,0.));
#16817 = DIRECTION('',(0.,1.,0.));
#16818 = DIRECTION('',(-1.,0.,0.));
#16819 = ADVANCED_FACE('',(#16820),#16845,.F.);
#16820 = FACE_BOUND('',#16821,.F.);
#16821 = EDGE_LOOP('',(#16822,#16823,#16831,#16839));
#16822 = ORIENTED_EDGE('',*,*,#16770,.T.);
#16823 = ORIENTED_EDGE('',*,*,#16824,.T.);
#16824 = EDGE_CURVE('',#16763,#16825,#16827,.T.);
#16825 = VERTEX_POINT('',#16826);
#16826 = CARTESIAN_POINT('',(90.85,-102.65,-4.E-02));
#16827 = LINE('',#16828,#16829);
#16828 = CARTESIAN_POINT('',(89.15,-102.65,-4.E-02));
#16829 = VECTOR('',#16830,1.);
#16830 = DIRECTION('',(1.,0.,0.));
#16831 = ORIENTED_EDGE('',*,*,#16832,.F.);
#16832 = EDGE_CURVE('',#16833,#16825,#16835,.T.);
#16833 = VERTEX_POINT('',#16834);
#16834 = CARTESIAN_POINT('',(90.85,-102.65,0.));
#16835 = LINE('',#16836,#16837);
#16836 = CARTESIAN_POINT('',(90.85,-102.65,0.));
#16837 = VECTOR('',#16838,1.);
#16838 = DIRECTION('',(0.,0.,-1.));
#16839 = ORIENTED_EDGE('',*,*,#16840,.F.);
#16840 = EDGE_CURVE('',#16771,#16833,#16841,.T.);
#16841 = LINE('',#16842,#16843);
#16842 = CARTESIAN_POINT('',(89.15,-102.65,0.));
#16843 = VECTOR('',#16844,1.);
#16844 = DIRECTION('',(1.,0.,0.));
#16845 = PLANE('',#16846);
#16846 = AXIS2_PLACEMENT_3D('',#16847,#16848,#16849);
#16847 = CARTESIAN_POINT('',(89.15,-102.65,0.));
#16848 = DIRECTION('',(0.,-1.,0.));
#16849 = DIRECTION('',(1.,0.,0.));
#16850 = ADVANCED_FACE('',(#16851,#16862),#16873,.F.);
#16851 = FACE_BOUND('',#16852,.F.);
#16852 = EDGE_LOOP('',(#16853,#16854,#16855,#16861));
#16853 = ORIENTED_EDGE('',*,*,#16778,.T.);
#16854 = ORIENTED_EDGE('',*,*,#16840,.T.);
#16855 = ORIENTED_EDGE('',*,*,#16856,.T.);
#16856 = EDGE_CURVE('',#16833,#16793,#16857,.T.);
#16857 = LINE('',#16858,#16859);
#16858 = CARTESIAN_POINT('',(90.85,-102.65,0.));
#16859 = VECTOR('',#16860,1.);
#16860 = DIRECTION('',(0.,-1.,0.));
#16861 = ORIENTED_EDGE('',*,*,#16809,.T.);
#16862 = FACE_BOUND('',#16863,.F.);
#16863 = EDGE_LOOP('',(#16864));
#16864 = ORIENTED_EDGE('',*,*,#16865,.F.);
#16865 = EDGE_CURVE('',#16866,#16866,#16868,.T.);
#16866 = VERTEX_POINT('',#16867);
#16867 = CARTESIAN_POINT('',(90.,-103.975,0.));
#16868 = CIRCLE('',#16869,0.475);
#16869 = AXIS2_PLACEMENT_3D('',#16870,#16871,#16872);
#16870 = CARTESIAN_POINT('',(90.,-103.5,0.));
#16871 = DIRECTION('',(-0.,0.,-1.));
#16872 = DIRECTION('',(-0.,-1.,0.));
#16873 = PLANE('',#16874);
#16874 = AXIS2_PLACEMENT_3D('',#16875,#16876,#16877);
#16875 = CARTESIAN_POINT('',(0.,0.,0.));
#16876 = DIRECTION('',(-0.,-0.,-1.));
#16877 = DIRECTION('',(-1.,0.,0.));
#16878 = ADVANCED_FACE('',(#16879,#16890),#16901,.T.);
#16879 = FACE_BOUND('',#16880,.T.);
#16880 = EDGE_LOOP('',(#16881,#16882,#16883,#16889));
#16881 = ORIENTED_EDGE('',*,*,#16762,.T.);
#16882 = ORIENTED_EDGE('',*,*,#16824,.T.);
#16883 = ORIENTED_EDGE('',*,*,#16884,.T.);
#16884 = EDGE_CURVE('',#16825,#16795,#16885,.T.);
#16885 = LINE('',#16886,#16887);
#16886 = CARTESIAN_POINT('',(90.85,-102.65,-4.E-02));
#16887 = VECTOR('',#16888,1.);
#16888 = DIRECTION('',(0.,-1.,0.));
#16889 = ORIENTED_EDGE('',*,*,#16802,.T.);
#16890 = FACE_BOUND('',#16891,.T.);
#16891 = EDGE_LOOP('',(#16892));
#16892 = ORIENTED_EDGE('',*,*,#16893,.F.);
#16893 = EDGE_CURVE('',#16894,#16894,#16896,.T.);
#16894 = VERTEX_POINT('',#16895);
#16895 = CARTESIAN_POINT('',(90.,-103.975,-4.E-02));
#16896 = CIRCLE('',#16897,0.475);
#16897 = AXIS2_PLACEMENT_3D('',#16898,#16899,#16900);
#16898 = CARTESIAN_POINT('',(90.,-103.5,-4.E-02));
#16899 = DIRECTION('',(-0.,0.,-1.));
#16900 = DIRECTION('',(-0.,-1.,0.));
#16901 = PLANE('',#16902);
#16902 = AXIS2_PLACEMENT_3D('',#16903,#16904,#16905);
#16903 = CARTESIAN_POINT('',(0.,0.,-4.E-02));
#16904 = DIRECTION('',(-0.,-0.,-1.));
#16905 = DIRECTION('',(-1.,0.,0.));
#16906 = ADVANCED_FACE('',(#16907),#16913,.F.);
#16907 = FACE_BOUND('',#16908,.F.);
#16908 = EDGE_LOOP('',(#16909,#16910,#16911,#16912));
#16909 = ORIENTED_EDGE('',*,*,#16832,.T.);
#16910 = ORIENTED_EDGE('',*,*,#16884,.T.);
#16911 = ORIENTED_EDGE('',*,*,#16792,.F.);
#16912 = ORIENTED_EDGE('',*,*,#16856,.F.);
#16913 = PLANE('',#16914);
#16914 = AXIS2_PLACEMENT_3D('',#16915,#16916,#16917);
#16915 = CARTESIAN_POINT('',(90.85,-102.65,0.));
#16916 = DIRECTION('',(-1.,-0.,-0.));
#16917 = DIRECTION('',(0.,-1.,0.));
#16918 = ADVANCED_FACE('',(#16919),#16930,.F.);
#16919 = FACE_BOUND('',#16920,.T.);
#16920 = EDGE_LOOP('',(#16921,#16922,#16928,#16929));
#16921 = ORIENTED_EDGE('',*,*,#16893,.T.);
#16922 = ORIENTED_EDGE('',*,*,#16923,.T.);
#16923 = EDGE_CURVE('',#16894,#16866,#16924,.T.);
#16924 = LINE('',#16925,#16926);
#16925 = CARTESIAN_POINT('',(90.,-103.975,-4.6E-02));
#16926 = VECTOR('',#16927,1.);
#16927 = DIRECTION('',(0.,0.,1.));
#16928 = ORIENTED_EDGE('',*,*,#16865,.F.);
#16929 = ORIENTED_EDGE('',*,*,#16923,.F.);
#16930 = CYLINDRICAL_SURFACE('',#16931,0.475);
#16931 = AXIS2_PLACEMENT_3D('',#16932,#16933,#16934);
#16932 = CARTESIAN_POINT('',(90.,-103.5,-4.6E-02));
#16933 = DIRECTION('',(-0.,-0.,-1.));
#16934 = DIRECTION('',(-0.,-1.,0.));
#16935 = MANIFOLD_SOLID_BREP('',#16936);
#16936 = CLOSED_SHELL('',(#16937,#16970,#16990,#17010));
#16937 = ADVANCED_FACE('',(#16938),#16965,.T.);
#16938 = FACE_BOUND('',#16939,.F.);
#16939 = EDGE_LOOP('',(#16940,#16950,#16957,#16958));
#16940 = ORIENTED_EDGE('',*,*,#16941,.T.);
#16941 = EDGE_CURVE('',#16942,#16944,#16946,.T.);
#16942 = VERTEX_POINT('',#16943);
#16943 = CARTESIAN_POINT('',(90.,-104.,-4.E-02));
#16944 = VERTEX_POINT('',#16945);
#16945 = CARTESIAN_POINT('',(90.,-104.,1.55));
#16946 = LINE('',#16947,#16948);
#16947 = CARTESIAN_POINT('',(90.,-104.,-4.E-02));
#16948 = VECTOR('',#16949,1.);
#16949 = DIRECTION('',(0.,0.,1.));
#16950 = ORIENTED_EDGE('',*,*,#16951,.T.);
#16951 = EDGE_CURVE('',#16944,#16944,#16952,.T.);
#16952 = CIRCLE('',#16953,0.5);
#16953 = AXIS2_PLACEMENT_3D('',#16954,#16955,#16956);
#16954 = CARTESIAN_POINT('',(90.,-103.5,1.55));
#16955 = DIRECTION('',(0.,0.,1.));
#16956 = DIRECTION('',(-0.,-1.,0.));
#16957 = ORIENTED_EDGE('',*,*,#16941,.F.);
#16958 = ORIENTED_EDGE('',*,*,#16959,.F.);
#16959 = EDGE_CURVE('',#16942,#16942,#16960,.T.);
#16960 = CIRCLE('',#16961,0.5);
#16961 = AXIS2_PLACEMENT_3D('',#16962,#16963,#16964);
#16962 = CARTESIAN_POINT('',(90.,-103.5,-4.E-02));
#16963 = DIRECTION('',(0.,0.,1.));
#16964 = DIRECTION('',(-0.,-1.,0.));
#16965 = CYLINDRICAL_SURFACE('',#16966,0.5);
#16966 = AXIS2_PLACEMENT_3D('',#16967,#16968,#16969);
#16967 = CARTESIAN_POINT('',(90.,-103.5,-4.E-02));
#16968 = DIRECTION('',(-0.,-0.,-1.));
#16969 = DIRECTION('',(-0.,-1.,0.));
#16970 = ADVANCED_FACE('',(#16971,#16974),#16985,.F.);
#16971 = FACE_BOUND('',#16972,.F.);
#16972 = EDGE_LOOP('',(#16973));
#16973 = ORIENTED_EDGE('',*,*,#16959,.T.);
#16974 = FACE_BOUND('',#16975,.F.);
#16975 = EDGE_LOOP('',(#16976));
#16976 = ORIENTED_EDGE('',*,*,#16977,.T.);
#16977 = EDGE_CURVE('',#16978,#16978,#16980,.T.);
#16978 = VERTEX_POINT('',#16979);
#16979 = CARTESIAN_POINT('',(90.,-103.975,-4.E-02));
#16980 = CIRCLE('',#16981,0.475);
#16981 = AXIS2_PLACEMENT_3D('',#16982,#16983,#16984);
#16982 = CARTESIAN_POINT('',(90.,-103.5,-4.E-02));
#16983 = DIRECTION('',(-0.,0.,-1.));
#16984 = DIRECTION('',(-0.,-1.,0.));
#16985 = PLANE('',#16986);
#16986 = AXIS2_PLACEMENT_3D('',#16987,#16988,#16989);
#16987 = CARTESIAN_POINT('',(90.,-104.,-4.E-02));
#16988 = DIRECTION('',(0.,0.,1.));
#16989 = DIRECTION('',(1.,0.,-0.));
#16990 = ADVANCED_FACE('',(#16991,#16994),#17005,.T.);
#16991 = FACE_BOUND('',#16992,.T.);
#16992 = EDGE_LOOP('',(#16993));
#16993 = ORIENTED_EDGE('',*,*,#16951,.T.);
#16994 = FACE_BOUND('',#16995,.T.);
#16995 = EDGE_LOOP('',(#16996));
#16996 = ORIENTED_EDGE('',*,*,#16997,.T.);
#16997 = EDGE_CURVE('',#16998,#16998,#17000,.T.);
#16998 = VERTEX_POINT('',#16999);
#16999 = CARTESIAN_POINT('',(90.,-103.975,1.55));
#17000 = CIRCLE('',#17001,0.475);
#17001 = AXIS2_PLACEMENT_3D('',#17002,#17003,#17004);
#17002 = CARTESIAN_POINT('',(90.,-103.5,1.55));
#17003 = DIRECTION('',(-0.,0.,-1.));
#17004 = DIRECTION('',(-0.,-1.,0.));
#17005 = PLANE('',#17006);
#17006 = AXIS2_PLACEMENT_3D('',#17007,#17008,#17009);
#17007 = CARTESIAN_POINT('',(90.,-104.,1.55));
#17008 = DIRECTION('',(0.,0.,1.));
#17009 = DIRECTION('',(1.,0.,-0.));
#17010 = ADVANCED_FACE('',(#17011),#17022,.F.);
#17011 = FACE_BOUND('',#17012,.T.);
#17012 = EDGE_LOOP('',(#17013,#17014,#17020,#17021));
#17013 = ORIENTED_EDGE('',*,*,#16977,.T.);
#17014 = ORIENTED_EDGE('',*,*,#17015,.T.);
#17015 = EDGE_CURVE('',#16978,#16998,#17016,.T.);
#17016 = LINE('',#17017,#17018);
#17017 = CARTESIAN_POINT('',(90.,-103.975,-4.6E-02));
#17018 = VECTOR('',#17019,1.);
#17019 = DIRECTION('',(0.,0.,1.));
#17020 = ORIENTED_EDGE('',*,*,#16997,.F.);
#17021 = ORIENTED_EDGE('',*,*,#17015,.F.);
#17022 = CYLINDRICAL_SURFACE('',#17023,0.475);
#17023 = AXIS2_PLACEMENT_3D('',#17024,#17025,#17026);
#17024 = CARTESIAN_POINT('',(90.,-103.5,-4.6E-02));
#17025 = DIRECTION('',(-0.,-0.,-1.));
#17026 = DIRECTION('',(-0.,-1.,0.));
#17027 = MANIFOLD_SOLID_BREP('',#17028);
#17028 = CLOSED_SHELL('',(#17029,#17069,#17100,#17131,#17153,#17165));
#17029 = ADVANCED_FACE('',(#17030),#17064,.T.);
#17030 = FACE_BOUND('',#17031,.T.);
#17031 = EDGE_LOOP('',(#17032,#17042,#17050,#17058));
#17032 = ORIENTED_EDGE('',*,*,#17033,.T.);
#17033 = EDGE_CURVE('',#17034,#17036,#17038,.T.);
#17034 = VERTEX_POINT('',#17035);
#17035 = CARTESIAN_POINT('',(105.35,-95.53,1.51));
#17036 = VERTEX_POINT('',#17037);
#17037 = CARTESIAN_POINT('',(105.35,-95.53,1.55));
#17038 = LINE('',#17039,#17040);
#17039 = CARTESIAN_POINT('',(105.35,-95.53,1.51));
#17040 = VECTOR('',#17041,1.);
#17041 = DIRECTION('',(0.,0.,1.));
#17042 = ORIENTED_EDGE('',*,*,#17043,.T.);
#17043 = EDGE_CURVE('',#17036,#17044,#17046,.T.);
#17044 = VERTEX_POINT('',#17045);
#17045 = CARTESIAN_POINT('',(105.35,-94.63,1.55));
#17046 = LINE('',#17047,#17048);
#17047 = CARTESIAN_POINT('',(105.35,-95.53,1.55));
#17048 = VECTOR('',#17049,1.);
#17049 = DIRECTION('',(0.,1.,0.));
#17050 = ORIENTED_EDGE('',*,*,#17051,.F.);
#17051 = EDGE_CURVE('',#17052,#17044,#17054,.T.);
#17052 = VERTEX_POINT('',#17053);
#17053 = CARTESIAN_POINT('',(105.35,-94.63,1.51));
#17054 = LINE('',#17055,#17056);
#17055 = CARTESIAN_POINT('',(105.35,-94.63,1.51));
#17056 = VECTOR('',#17057,1.);
#17057 = DIRECTION('',(0.,0.,1.));
#17058 = ORIENTED_EDGE('',*,*,#17059,.F.);
#17059 = EDGE_CURVE('',#17034,#17052,#17060,.T.);
#17060 = LINE('',#17061,#17062);
#17061 = CARTESIAN_POINT('',(105.35,-95.53,1.51));
#17062 = VECTOR('',#17063,1.);
#17063 = DIRECTION('',(0.,1.,0.));
#17064 = PLANE('',#17065);
#17065 = AXIS2_PLACEMENT_3D('',#17066,#17067,#17068);
#17066 = CARTESIAN_POINT('',(105.35,-95.53,1.51));
#17067 = DIRECTION('',(-1.,0.,0.));
#17068 = DIRECTION('',(0.,1.,0.));
#17069 = ADVANCED_FACE('',(#17070),#17095,.T.);
#17070 = FACE_BOUND('',#17071,.T.);
#17071 = EDGE_LOOP('',(#17072,#17073,#17081,#17089));
#17072 = ORIENTED_EDGE('',*,*,#17051,.T.);
#17073 = ORIENTED_EDGE('',*,*,#17074,.T.);
#17074 = EDGE_CURVE('',#17044,#17075,#17077,.T.);
#17075 = VERTEX_POINT('',#17076);
#17076 = CARTESIAN_POINT('',(108.35,-94.63,1.55));
#17077 = LINE('',#17078,#17079);
#17078 = CARTESIAN_POINT('',(105.35,-94.63,1.55));
#17079 = VECTOR('',#17080,1.);
#17080 = DIRECTION('',(1.,0.,0.));
#17081 = ORIENTED_EDGE('',*,*,#17082,.F.);
#17082 = EDGE_CURVE('',#17083,#17075,#17085,.T.);
#17083 = VERTEX_POINT('',#17084);
#17084 = CARTESIAN_POINT('',(108.35,-94.63,1.51));
#17085 = LINE('',#17086,#17087);
#17086 = CARTESIAN_POINT('',(108.35,-94.63,1.51));
#17087 = VECTOR('',#17088,1.);
#17088 = DIRECTION('',(0.,0.,1.));
#17089 = ORIENTED_EDGE('',*,*,#17090,.F.);
#17090 = EDGE_CURVE('',#17052,#17083,#17091,.T.);
#17091 = LINE('',#17092,#17093);
#17092 = CARTESIAN_POINT('',(105.35,-94.63,1.51));
#17093 = VECTOR('',#17094,1.);
#17094 = DIRECTION('',(1.,0.,0.));
#17095 = PLANE('',#17096);
#17096 = AXIS2_PLACEMENT_3D('',#17097,#17098,#17099);
#17097 = CARTESIAN_POINT('',(105.35,-94.63,1.51));
#17098 = DIRECTION('',(0.,1.,0.));
#17099 = DIRECTION('',(1.,0.,0.));
#17100 = ADVANCED_FACE('',(#17101),#17126,.T.);
#17101 = FACE_BOUND('',#17102,.T.);
#17102 = EDGE_LOOP('',(#17103,#17104,#17112,#17120));
#17103 = ORIENTED_EDGE('',*,*,#17082,.T.);
#17104 = ORIENTED_EDGE('',*,*,#17105,.T.);
#17105 = EDGE_CURVE('',#17075,#17106,#17108,.T.);
#17106 = VERTEX_POINT('',#17107);
#17107 = CARTESIAN_POINT('',(108.35,-95.53,1.55));
#17108 = LINE('',#17109,#17110);
#17109 = CARTESIAN_POINT('',(108.35,-94.63,1.55));
#17110 = VECTOR('',#17111,1.);
#17111 = DIRECTION('',(0.,-1.,0.));
#17112 = ORIENTED_EDGE('',*,*,#17113,.F.);
#17113 = EDGE_CURVE('',#17114,#17106,#17116,.T.);
#17114 = VERTEX_POINT('',#17115);
#17115 = CARTESIAN_POINT('',(108.35,-95.53,1.51));
#17116 = LINE('',#17117,#17118);
#17117 = CARTESIAN_POINT('',(108.35,-95.53,1.51));
#17118 = VECTOR('',#17119,1.);
#17119 = DIRECTION('',(0.,0.,1.));
#17120 = ORIENTED_EDGE('',*,*,#17121,.F.);
#17121 = EDGE_CURVE('',#17083,#17114,#17122,.T.);
#17122 = LINE('',#17123,#17124);
#17123 = CARTESIAN_POINT('',(108.35,-94.63,1.51));
#17124 = VECTOR('',#17125,1.);
#17125 = DIRECTION('',(0.,-1.,0.));
#17126 = PLANE('',#17127);
#17127 = AXIS2_PLACEMENT_3D('',#17128,#17129,#17130);
#17128 = CARTESIAN_POINT('',(108.35,-94.63,1.51));
#17129 = DIRECTION('',(1.,0.,-0.));
#17130 = DIRECTION('',(0.,-1.,0.));
#17131 = ADVANCED_FACE('',(#17132),#17148,.T.);
#17132 = FACE_BOUND('',#17133,.T.);
#17133 = EDGE_LOOP('',(#17134,#17135,#17141,#17142));
#17134 = ORIENTED_EDGE('',*,*,#17113,.T.);
#17135 = ORIENTED_EDGE('',*,*,#17136,.T.);
#17136 = EDGE_CURVE('',#17106,#17036,#17137,.T.);
#17137 = LINE('',#17138,#17139);
#17138 = CARTESIAN_POINT('',(108.35,-95.53,1.55));
#17139 = VECTOR('',#17140,1.);
#17140 = DIRECTION('',(-1.,0.,0.));
#17141 = ORIENTED_EDGE('',*,*,#17033,.F.);
#17142 = ORIENTED_EDGE('',*,*,#17143,.F.);
#17143 = EDGE_CURVE('',#17114,#17034,#17144,.T.);
#17144 = LINE('',#17145,#17146);
#17145 = CARTESIAN_POINT('',(108.35,-95.53,1.51));
#17146 = VECTOR('',#17147,1.);
#17147 = DIRECTION('',(-1.,0.,0.));
#17148 = PLANE('',#17149);
#17149 = AXIS2_PLACEMENT_3D('',#17150,#17151,#17152);
#17150 = CARTESIAN_POINT('',(108.35,-95.53,1.51));
#17151 = DIRECTION('',(0.,-1.,0.));
#17152 = DIRECTION('',(-1.,0.,0.));
#17153 = ADVANCED_FACE('',(#17154),#17160,.F.);
#17154 = FACE_BOUND('',#17155,.T.);
#17155 = EDGE_LOOP('',(#17156,#17157,#17158,#17159));
#17156 = ORIENTED_EDGE('',*,*,#17059,.T.);
#17157 = ORIENTED_EDGE('',*,*,#17090,.T.);
#17158 = ORIENTED_EDGE('',*,*,#17121,.T.);
#17159 = ORIENTED_EDGE('',*,*,#17143,.T.);
#17160 = PLANE('',#17161);
#17161 = AXIS2_PLACEMENT_3D('',#17162,#17163,#17164);
#17162 = CARTESIAN_POINT('',(0.,0.,1.51));
#17163 = DIRECTION('',(0.,0.,1.));
#17164 = DIRECTION('',(1.,0.,-0.));
#17165 = ADVANCED_FACE('',(#17166),#17172,.T.);
#17166 = FACE_BOUND('',#17167,.F.);
#17167 = EDGE_LOOP('',(#17168,#17169,#17170,#17171));
#17168 = ORIENTED_EDGE('',*,*,#17043,.T.);
#17169 = ORIENTED_EDGE('',*,*,#17074,.T.);
#17170 = ORIENTED_EDGE('',*,*,#17105,.T.);
#17171 = ORIENTED_EDGE('',*,*,#17136,.T.);
#17172 = PLANE('',#17173);
#17173 = AXIS2_PLACEMENT_3D('',#17174,#17175,#17176);
#17174 = CARTESIAN_POINT('',(0.,0.,1.55));
#17175 = DIRECTION('',(0.,0.,1.));
#17176 = DIRECTION('',(1.,0.,-0.));
#17177 = MANIFOLD_SOLID_BREP('',#17178);
#17178 = CLOSED_SHELL('',(#17179,#17219,#17250,#17281,#17309,#17337,
    #17349));
#17179 = ADVANCED_FACE('',(#17180),#17214,.T.);
#17180 = FACE_BOUND('',#17181,.T.);
#17181 = EDGE_LOOP('',(#17182,#17192,#17200,#17208));
#17182 = ORIENTED_EDGE('',*,*,#17183,.T.);
#17183 = EDGE_CURVE('',#17184,#17186,#17188,.T.);
#17184 = VERTEX_POINT('',#17185);
#17185 = CARTESIAN_POINT('',(89.15,-97.35,1.51));
#17186 = VERTEX_POINT('',#17187);
#17187 = CARTESIAN_POINT('',(89.15,-97.35,1.55));
#17188 = LINE('',#17189,#17190);
#17189 = CARTESIAN_POINT('',(89.15,-97.35,1.51));
#17190 = VECTOR('',#17191,1.);
#17191 = DIRECTION('',(0.,0.,1.));
#17192 = ORIENTED_EDGE('',*,*,#17193,.T.);
#17193 = EDGE_CURVE('',#17186,#17194,#17196,.T.);
#17194 = VERTEX_POINT('',#17195);
#17195 = CARTESIAN_POINT('',(89.15,-95.65,1.55));
#17196 = LINE('',#17197,#17198);
#17197 = CARTESIAN_POINT('',(89.15,-97.35,1.55));
#17198 = VECTOR('',#17199,1.);
#17199 = DIRECTION('',(0.,1.,0.));
#17200 = ORIENTED_EDGE('',*,*,#17201,.F.);
#17201 = EDGE_CURVE('',#17202,#17194,#17204,.T.);
#17202 = VERTEX_POINT('',#17203);
#17203 = CARTESIAN_POINT('',(89.15,-95.65,1.51));
#17204 = LINE('',#17205,#17206);
#17205 = CARTESIAN_POINT('',(89.15,-95.65,1.51));
#17206 = VECTOR('',#17207,1.);
#17207 = DIRECTION('',(0.,0.,1.));
#17208 = ORIENTED_EDGE('',*,*,#17209,.F.);
#17209 = EDGE_CURVE('',#17184,#17202,#17210,.T.);
#17210 = LINE('',#17211,#17212);
#17211 = CARTESIAN_POINT('',(89.15,-97.35,1.51));
#17212 = VECTOR('',#17213,1.);
#17213 = DIRECTION('',(0.,1.,0.));
#17214 = PLANE('',#17215);
#17215 = AXIS2_PLACEMENT_3D('',#17216,#17217,#17218);
#17216 = CARTESIAN_POINT('',(89.15,-97.35,1.51));
#17217 = DIRECTION('',(-1.,0.,0.));
#17218 = DIRECTION('',(0.,1.,0.));
#17219 = ADVANCED_FACE('',(#17220),#17245,.T.);
#17220 = FACE_BOUND('',#17221,.T.);
#17221 = EDGE_LOOP('',(#17222,#17232,#17238,#17239));
#17222 = ORIENTED_EDGE('',*,*,#17223,.T.);
#17223 = EDGE_CURVE('',#17224,#17226,#17228,.T.);
#17224 = VERTEX_POINT('',#17225);
#17225 = CARTESIAN_POINT('',(90.85,-97.35,1.51));
#17226 = VERTEX_POINT('',#17227);
#17227 = CARTESIAN_POINT('',(90.85,-97.35,1.55));
#17228 = LINE('',#17229,#17230);
#17229 = CARTESIAN_POINT('',(90.85,-97.35,1.51));
#17230 = VECTOR('',#17231,1.);
#17231 = DIRECTION('',(0.,0.,1.));
#17232 = ORIENTED_EDGE('',*,*,#17233,.T.);
#17233 = EDGE_CURVE('',#17226,#17186,#17234,.T.);
#17234 = LINE('',#17235,#17236);
#17235 = CARTESIAN_POINT('',(90.85,-97.35,1.55));
#17236 = VECTOR('',#17237,1.);
#17237 = DIRECTION('',(-1.,0.,0.));
#17238 = ORIENTED_EDGE('',*,*,#17183,.F.);
#17239 = ORIENTED_EDGE('',*,*,#17240,.F.);
#17240 = EDGE_CURVE('',#17224,#17184,#17241,.T.);
#17241 = LINE('',#17242,#17243);
#17242 = CARTESIAN_POINT('',(90.85,-97.35,1.51));
#17243 = VECTOR('',#17244,1.);
#17244 = DIRECTION('',(-1.,0.,0.));
#17245 = PLANE('',#17246);
#17246 = AXIS2_PLACEMENT_3D('',#17247,#17248,#17249);
#17247 = CARTESIAN_POINT('',(90.85,-97.35,1.51));
#17248 = DIRECTION('',(0.,-1.,0.));
#17249 = DIRECTION('',(-1.,0.,0.));
#17250 = ADVANCED_FACE('',(#17251),#17276,.T.);
#17251 = FACE_BOUND('',#17252,.T.);
#17252 = EDGE_LOOP('',(#17253,#17254,#17262,#17270));
#17253 = ORIENTED_EDGE('',*,*,#17201,.T.);
#17254 = ORIENTED_EDGE('',*,*,#17255,.T.);
#17255 = EDGE_CURVE('',#17194,#17256,#17258,.T.);
#17256 = VERTEX_POINT('',#17257);
#17257 = CARTESIAN_POINT('',(90.85,-95.65,1.55));
#17258 = LINE('',#17259,#17260);
#17259 = CARTESIAN_POINT('',(89.15,-95.65,1.55));
#17260 = VECTOR('',#17261,1.);
#17261 = DIRECTION('',(1.,0.,0.));
#17262 = ORIENTED_EDGE('',*,*,#17263,.F.);
#17263 = EDGE_CURVE('',#17264,#17256,#17266,.T.);
#17264 = VERTEX_POINT('',#17265);
#17265 = CARTESIAN_POINT('',(90.85,-95.65,1.51));
#17266 = LINE('',#17267,#17268);
#17267 = CARTESIAN_POINT('',(90.85,-95.65,1.51));
#17268 = VECTOR('',#17269,1.);
#17269 = DIRECTION('',(0.,0.,1.));
#17270 = ORIENTED_EDGE('',*,*,#17271,.F.);
#17271 = EDGE_CURVE('',#17202,#17264,#17272,.T.);
#17272 = LINE('',#17273,#17274);
#17273 = CARTESIAN_POINT('',(89.15,-95.65,1.51));
#17274 = VECTOR('',#17275,1.);
#17275 = DIRECTION('',(1.,0.,0.));
#17276 = PLANE('',#17277);
#17277 = AXIS2_PLACEMENT_3D('',#17278,#17279,#17280);
#17278 = CARTESIAN_POINT('',(89.15,-95.65,1.51));
#17279 = DIRECTION('',(0.,1.,0.));
#17280 = DIRECTION('',(1.,0.,0.));
#17281 = ADVANCED_FACE('',(#17282,#17293),#17304,.F.);
#17282 = FACE_BOUND('',#17283,.F.);
#17283 = EDGE_LOOP('',(#17284,#17285,#17286,#17292));
#17284 = ORIENTED_EDGE('',*,*,#17209,.F.);
#17285 = ORIENTED_EDGE('',*,*,#17240,.F.);
#17286 = ORIENTED_EDGE('',*,*,#17287,.F.);
#17287 = EDGE_CURVE('',#17264,#17224,#17288,.T.);
#17288 = LINE('',#17289,#17290);
#17289 = CARTESIAN_POINT('',(90.85,-95.65,1.51));
#17290 = VECTOR('',#17291,1.);
#17291 = DIRECTION('',(0.,-1.,0.));
#17292 = ORIENTED_EDGE('',*,*,#17271,.F.);
#17293 = FACE_BOUND('',#17294,.F.);
#17294 = EDGE_LOOP('',(#17295));
#17295 = ORIENTED_EDGE('',*,*,#17296,.T.);
#17296 = EDGE_CURVE('',#17297,#17297,#17299,.T.);
#17297 = VERTEX_POINT('',#17298);
#17298 = CARTESIAN_POINT('',(90.,-96.975,1.51));
#17299 = CIRCLE('',#17300,0.475);
#17300 = AXIS2_PLACEMENT_3D('',#17301,#17302,#17303);
#17301 = CARTESIAN_POINT('',(90.,-96.5,1.51));
#17302 = DIRECTION('',(-0.,0.,-1.));
#17303 = DIRECTION('',(-0.,-1.,0.));
#17304 = PLANE('',#17305);
#17305 = AXIS2_PLACEMENT_3D('',#17306,#17307,#17308);
#17306 = CARTESIAN_POINT('',(0.,0.,1.51));
#17307 = DIRECTION('',(0.,0.,1.));
#17308 = DIRECTION('',(1.,0.,-0.));
#17309 = ADVANCED_FACE('',(#17310,#17321),#17332,.T.);
#17310 = FACE_BOUND('',#17311,.T.);
#17311 = EDGE_LOOP('',(#17312,#17313,#17314,#17320));
#17312 = ORIENTED_EDGE('',*,*,#17193,.F.);
#17313 = ORIENTED_EDGE('',*,*,#17233,.F.);
#17314 = ORIENTED_EDGE('',*,*,#17315,.F.);
#17315 = EDGE_CURVE('',#17256,#17226,#17316,.T.);
#17316 = LINE('',#17317,#17318);
#17317 = CARTESIAN_POINT('',(90.85,-95.65,1.55));
#17318 = VECTOR('',#17319,1.);
#17319 = DIRECTION('',(0.,-1.,0.));
#17320 = ORIENTED_EDGE('',*,*,#17255,.F.);
#17321 = FACE_BOUND('',#17322,.T.);
#17322 = EDGE_LOOP('',(#17323));
#17323 = ORIENTED_EDGE('',*,*,#17324,.T.);
#17324 = EDGE_CURVE('',#17325,#17325,#17327,.T.);
#17325 = VERTEX_POINT('',#17326);
#17326 = CARTESIAN_POINT('',(90.,-96.975,1.55));
#17327 = CIRCLE('',#17328,0.475);
#17328 = AXIS2_PLACEMENT_3D('',#17329,#17330,#17331);
#17329 = CARTESIAN_POINT('',(90.,-96.5,1.55));
#17330 = DIRECTION('',(-0.,0.,-1.));
#17331 = DIRECTION('',(-0.,-1.,0.));
#17332 = PLANE('',#17333);
#17333 = AXIS2_PLACEMENT_3D('',#17334,#17335,#17336);
#17334 = CARTESIAN_POINT('',(0.,0.,1.55));
#17335 = DIRECTION('',(0.,0.,1.));
#17336 = DIRECTION('',(1.,0.,-0.));
#17337 = ADVANCED_FACE('',(#17338),#17344,.T.);
#17338 = FACE_BOUND('',#17339,.T.);
#17339 = EDGE_LOOP('',(#17340,#17341,#17342,#17343));
#17340 = ORIENTED_EDGE('',*,*,#17263,.T.);
#17341 = ORIENTED_EDGE('',*,*,#17315,.T.);
#17342 = ORIENTED_EDGE('',*,*,#17223,.F.);
#17343 = ORIENTED_EDGE('',*,*,#17287,.F.);
#17344 = PLANE('',#17345);
#17345 = AXIS2_PLACEMENT_3D('',#17346,#17347,#17348);
#17346 = CARTESIAN_POINT('',(90.85,-95.65,1.51));
#17347 = DIRECTION('',(1.,0.,-0.));
#17348 = DIRECTION('',(0.,-1.,0.));
#17349 = ADVANCED_FACE('',(#17350),#17361,.F.);
#17350 = FACE_BOUND('',#17351,.T.);
#17351 = EDGE_LOOP('',(#17352,#17353,#17359,#17360));
#17352 = ORIENTED_EDGE('',*,*,#17296,.T.);
#17353 = ORIENTED_EDGE('',*,*,#17354,.T.);
#17354 = EDGE_CURVE('',#17297,#17325,#17355,.T.);
#17355 = LINE('',#17356,#17357);
#17356 = CARTESIAN_POINT('',(90.,-96.975,-4.6E-02));
#17357 = VECTOR('',#17358,1.);
#17358 = DIRECTION('',(0.,0.,1.));
#17359 = ORIENTED_EDGE('',*,*,#17324,.F.);
#17360 = ORIENTED_EDGE('',*,*,#17354,.F.);
#17361 = CYLINDRICAL_SURFACE('',#17362,0.475);
#17362 = AXIS2_PLACEMENT_3D('',#17363,#17364,#17365);
#17363 = CARTESIAN_POINT('',(90.,-96.5,-4.6E-02));
#17364 = DIRECTION('',(-0.,-0.,-1.));
#17365 = DIRECTION('',(-0.,-1.,0.));
#17366 = MANIFOLD_SOLID_BREP('',#17367);
#17367 = CLOSED_SHELL('',(#17368,#17408,#17439,#17470,#17498,#17526,
    #17538));
#17368 = ADVANCED_FACE('',(#17369),#17403,.F.);
#17369 = FACE_BOUND('',#17370,.F.);
#17370 = EDGE_LOOP('',(#17371,#17381,#17389,#17397));
#17371 = ORIENTED_EDGE('',*,*,#17372,.T.);
#17372 = EDGE_CURVE('',#17373,#17375,#17377,.T.);
#17373 = VERTEX_POINT('',#17374);
#17374 = CARTESIAN_POINT('',(89.15,-97.35,0.));
#17375 = VERTEX_POINT('',#17376);
#17376 = CARTESIAN_POINT('',(89.15,-97.35,-4.E-02));
#17377 = LINE('',#17378,#17379);
#17378 = CARTESIAN_POINT('',(89.15,-97.35,0.));
#17379 = VECTOR('',#17380,1.);
#17380 = DIRECTION('',(0.,0.,-1.));
#17381 = ORIENTED_EDGE('',*,*,#17382,.T.);
#17382 = EDGE_CURVE('',#17375,#17383,#17385,.T.);
#17383 = VERTEX_POINT('',#17384);
#17384 = CARTESIAN_POINT('',(89.15,-95.65,-4.E-02));
#17385 = LINE('',#17386,#17387);
#17386 = CARTESIAN_POINT('',(89.15,-97.35,-4.E-02));
#17387 = VECTOR('',#17388,1.);
#17388 = DIRECTION('',(0.,1.,0.));
#17389 = ORIENTED_EDGE('',*,*,#17390,.F.);
#17390 = EDGE_CURVE('',#17391,#17383,#17393,.T.);
#17391 = VERTEX_POINT('',#17392);
#17392 = CARTESIAN_POINT('',(89.15,-95.65,0.));
#17393 = LINE('',#17394,#17395);
#17394 = CARTESIAN_POINT('',(89.15,-95.65,0.));
#17395 = VECTOR('',#17396,1.);
#17396 = DIRECTION('',(0.,0.,-1.));
#17397 = ORIENTED_EDGE('',*,*,#17398,.F.);
#17398 = EDGE_CURVE('',#17373,#17391,#17399,.T.);
#17399 = LINE('',#17400,#17401);
#17400 = CARTESIAN_POINT('',(89.15,-97.35,0.));
#17401 = VECTOR('',#17402,1.);
#17402 = DIRECTION('',(0.,1.,0.));
#17403 = PLANE('',#17404);
#17404 = AXIS2_PLACEMENT_3D('',#17405,#17406,#17407);
#17405 = CARTESIAN_POINT('',(89.15,-97.35,0.));
#17406 = DIRECTION('',(1.,-0.,0.));
#17407 = DIRECTION('',(0.,1.,0.));
#17408 = ADVANCED_FACE('',(#17409),#17434,.F.);
#17409 = FACE_BOUND('',#17410,.F.);
#17410 = EDGE_LOOP('',(#17411,#17421,#17427,#17428));
#17411 = ORIENTED_EDGE('',*,*,#17412,.T.);
#17412 = EDGE_CURVE('',#17413,#17415,#17417,.T.);
#17413 = VERTEX_POINT('',#17414);
#17414 = CARTESIAN_POINT('',(90.85,-97.35,0.));
#17415 = VERTEX_POINT('',#17416);
#17416 = CARTESIAN_POINT('',(90.85,-97.35,-4.E-02));
#17417 = LINE('',#17418,#17419);
#17418 = CARTESIAN_POINT('',(90.85,-97.35,0.));
#17419 = VECTOR('',#17420,1.);
#17420 = DIRECTION('',(0.,0.,-1.));
#17421 = ORIENTED_EDGE('',*,*,#17422,.T.);
#17422 = EDGE_CURVE('',#17415,#17375,#17423,.T.);
#17423 = LINE('',#17424,#17425);
#17424 = CARTESIAN_POINT('',(90.85,-97.35,-4.E-02));
#17425 = VECTOR('',#17426,1.);
#17426 = DIRECTION('',(-1.,0.,0.));
#17427 = ORIENTED_EDGE('',*,*,#17372,.F.);
#17428 = ORIENTED_EDGE('',*,*,#17429,.F.);
#17429 = EDGE_CURVE('',#17413,#17373,#17430,.T.);
#17430 = LINE('',#17431,#17432);
#17431 = CARTESIAN_POINT('',(90.85,-97.35,0.));
#17432 = VECTOR('',#17433,1.);
#17433 = DIRECTION('',(-1.,0.,0.));
#17434 = PLANE('',#17435);
#17435 = AXIS2_PLACEMENT_3D('',#17436,#17437,#17438);
#17436 = CARTESIAN_POINT('',(90.85,-97.35,0.));
#17437 = DIRECTION('',(0.,1.,0.));
#17438 = DIRECTION('',(-1.,0.,0.));
#17439 = ADVANCED_FACE('',(#17440),#17465,.F.);
#17440 = FACE_BOUND('',#17441,.F.);
#17441 = EDGE_LOOP('',(#17442,#17443,#17451,#17459));
#17442 = ORIENTED_EDGE('',*,*,#17390,.T.);
#17443 = ORIENTED_EDGE('',*,*,#17444,.T.);
#17444 = EDGE_CURVE('',#17383,#17445,#17447,.T.);
#17445 = VERTEX_POINT('',#17446);
#17446 = CARTESIAN_POINT('',(90.85,-95.65,-4.E-02));
#17447 = LINE('',#17448,#17449);
#17448 = CARTESIAN_POINT('',(89.15,-95.65,-4.E-02));
#17449 = VECTOR('',#17450,1.);
#17450 = DIRECTION('',(1.,0.,0.));
#17451 = ORIENTED_EDGE('',*,*,#17452,.F.);
#17452 = EDGE_CURVE('',#17453,#17445,#17455,.T.);
#17453 = VERTEX_POINT('',#17454);
#17454 = CARTESIAN_POINT('',(90.85,-95.65,0.));
#17455 = LINE('',#17456,#17457);
#17456 = CARTESIAN_POINT('',(90.85,-95.65,0.));
#17457 = VECTOR('',#17458,1.);
#17458 = DIRECTION('',(0.,0.,-1.));
#17459 = ORIENTED_EDGE('',*,*,#17460,.F.);
#17460 = EDGE_CURVE('',#17391,#17453,#17461,.T.);
#17461 = LINE('',#17462,#17463);
#17462 = CARTESIAN_POINT('',(89.15,-95.65,0.));
#17463 = VECTOR('',#17464,1.);
#17464 = DIRECTION('',(1.,0.,0.));
#17465 = PLANE('',#17466);
#17466 = AXIS2_PLACEMENT_3D('',#17467,#17468,#17469);
#17467 = CARTESIAN_POINT('',(89.15,-95.65,0.));
#17468 = DIRECTION('',(0.,-1.,0.));
#17469 = DIRECTION('',(1.,0.,0.));
#17470 = ADVANCED_FACE('',(#17471,#17482),#17493,.F.);
#17471 = FACE_BOUND('',#17472,.F.);
#17472 = EDGE_LOOP('',(#17473,#17474,#17475,#17481));
#17473 = ORIENTED_EDGE('',*,*,#17398,.T.);
#17474 = ORIENTED_EDGE('',*,*,#17460,.T.);
#17475 = ORIENTED_EDGE('',*,*,#17476,.T.);
#17476 = EDGE_CURVE('',#17453,#17413,#17477,.T.);
#17477 = LINE('',#17478,#17479);
#17478 = CARTESIAN_POINT('',(90.85,-95.65,0.));
#17479 = VECTOR('',#17480,1.);
#17480 = DIRECTION('',(0.,-1.,0.));
#17481 = ORIENTED_EDGE('',*,*,#17429,.T.);
#17482 = FACE_BOUND('',#17483,.F.);
#17483 = EDGE_LOOP('',(#17484));
#17484 = ORIENTED_EDGE('',*,*,#17485,.F.);
#17485 = EDGE_CURVE('',#17486,#17486,#17488,.T.);
#17486 = VERTEX_POINT('',#17487);
#17487 = CARTESIAN_POINT('',(90.,-96.975,0.));
#17488 = CIRCLE('',#17489,0.475);
#17489 = AXIS2_PLACEMENT_3D('',#17490,#17491,#17492);
#17490 = CARTESIAN_POINT('',(90.,-96.5,0.));
#17491 = DIRECTION('',(-0.,0.,-1.));
#17492 = DIRECTION('',(-0.,-1.,0.));
#17493 = PLANE('',#17494);
#17494 = AXIS2_PLACEMENT_3D('',#17495,#17496,#17497);
#17495 = CARTESIAN_POINT('',(0.,0.,0.));
#17496 = DIRECTION('',(-0.,-0.,-1.));
#17497 = DIRECTION('',(-1.,0.,0.));
#17498 = ADVANCED_FACE('',(#17499,#17510),#17521,.T.);
#17499 = FACE_BOUND('',#17500,.T.);
#17500 = EDGE_LOOP('',(#17501,#17502,#17503,#17509));
#17501 = ORIENTED_EDGE('',*,*,#17382,.T.);
#17502 = ORIENTED_EDGE('',*,*,#17444,.T.);
#17503 = ORIENTED_EDGE('',*,*,#17504,.T.);
#17504 = EDGE_CURVE('',#17445,#17415,#17505,.T.);
#17505 = LINE('',#17506,#17507);
#17506 = CARTESIAN_POINT('',(90.85,-95.65,-4.E-02));
#17507 = VECTOR('',#17508,1.);
#17508 = DIRECTION('',(0.,-1.,0.));
#17509 = ORIENTED_EDGE('',*,*,#17422,.T.);
#17510 = FACE_BOUND('',#17511,.T.);
#17511 = EDGE_LOOP('',(#17512));
#17512 = ORIENTED_EDGE('',*,*,#17513,.F.);
#17513 = EDGE_CURVE('',#17514,#17514,#17516,.T.);
#17514 = VERTEX_POINT('',#17515);
#17515 = CARTESIAN_POINT('',(90.,-96.975,-4.E-02));
#17516 = CIRCLE('',#17517,0.475);
#17517 = AXIS2_PLACEMENT_3D('',#17518,#17519,#17520);
#17518 = CARTESIAN_POINT('',(90.,-96.5,-4.E-02));
#17519 = DIRECTION('',(-0.,0.,-1.));
#17520 = DIRECTION('',(-0.,-1.,0.));
#17521 = PLANE('',#17522);
#17522 = AXIS2_PLACEMENT_3D('',#17523,#17524,#17525);
#17523 = CARTESIAN_POINT('',(0.,0.,-4.E-02));
#17524 = DIRECTION('',(-0.,-0.,-1.));
#17525 = DIRECTION('',(-1.,0.,0.));
#17526 = ADVANCED_FACE('',(#17527),#17533,.F.);
#17527 = FACE_BOUND('',#17528,.F.);
#17528 = EDGE_LOOP('',(#17529,#17530,#17531,#17532));
#17529 = ORIENTED_EDGE('',*,*,#17452,.T.);
#17530 = ORIENTED_EDGE('',*,*,#17504,.T.);
#17531 = ORIENTED_EDGE('',*,*,#17412,.F.);
#17532 = ORIENTED_EDGE('',*,*,#17476,.F.);
#17533 = PLANE('',#17534);
#17534 = AXIS2_PLACEMENT_3D('',#17535,#17536,#17537);
#17535 = CARTESIAN_POINT('',(90.85,-95.65,0.));
#17536 = DIRECTION('',(-1.,-0.,-0.));
#17537 = DIRECTION('',(0.,-1.,0.));
#17538 = ADVANCED_FACE('',(#17539),#17550,.F.);
#17539 = FACE_BOUND('',#17540,.T.);
#17540 = EDGE_LOOP('',(#17541,#17542,#17548,#17549));
#17541 = ORIENTED_EDGE('',*,*,#17513,.T.);
#17542 = ORIENTED_EDGE('',*,*,#17543,.T.);
#17543 = EDGE_CURVE('',#17514,#17486,#17544,.T.);
#17544 = LINE('',#17545,#17546);
#17545 = CARTESIAN_POINT('',(90.,-96.975,-4.6E-02));
#17546 = VECTOR('',#17547,1.);
#17547 = DIRECTION('',(0.,0.,1.));
#17548 = ORIENTED_EDGE('',*,*,#17485,.F.);
#17549 = ORIENTED_EDGE('',*,*,#17543,.F.);
#17550 = CYLINDRICAL_SURFACE('',#17551,0.475);
#17551 = AXIS2_PLACEMENT_3D('',#17552,#17553,#17554);
#17552 = CARTESIAN_POINT('',(90.,-96.5,-4.6E-02));
#17553 = DIRECTION('',(-0.,-0.,-1.));
#17554 = DIRECTION('',(-0.,-1.,0.));
#17555 = MANIFOLD_SOLID_BREP('',#17556);
#17556 = CLOSED_SHELL('',(#17557,#17590,#17610,#17630));
#17557 = ADVANCED_FACE('',(#17558),#17585,.T.);
#17558 = FACE_BOUND('',#17559,.F.);
#17559 = EDGE_LOOP('',(#17560,#17570,#17577,#17578));
#17560 = ORIENTED_EDGE('',*,*,#17561,.T.);
#17561 = EDGE_CURVE('',#17562,#17564,#17566,.T.);
#17562 = VERTEX_POINT('',#17563);
#17563 = CARTESIAN_POINT('',(90.,-97.,-4.E-02));
#17564 = VERTEX_POINT('',#17565);
#17565 = CARTESIAN_POINT('',(90.,-97.,1.55));
#17566 = LINE('',#17567,#17568);
#17567 = CARTESIAN_POINT('',(90.,-97.,-4.E-02));
#17568 = VECTOR('',#17569,1.);
#17569 = DIRECTION('',(0.,0.,1.));
#17570 = ORIENTED_EDGE('',*,*,#17571,.T.);
#17571 = EDGE_CURVE('',#17564,#17564,#17572,.T.);
#17572 = CIRCLE('',#17573,0.5);
#17573 = AXIS2_PLACEMENT_3D('',#17574,#17575,#17576);
#17574 = CARTESIAN_POINT('',(90.,-96.5,1.55));
#17575 = DIRECTION('',(0.,0.,1.));
#17576 = DIRECTION('',(-0.,-1.,0.));
#17577 = ORIENTED_EDGE('',*,*,#17561,.F.);
#17578 = ORIENTED_EDGE('',*,*,#17579,.F.);
#17579 = EDGE_CURVE('',#17562,#17562,#17580,.T.);
#17580 = CIRCLE('',#17581,0.5);
#17581 = AXIS2_PLACEMENT_3D('',#17582,#17583,#17584);
#17582 = CARTESIAN_POINT('',(90.,-96.5,-4.E-02));
#17583 = DIRECTION('',(0.,0.,1.));
#17584 = DIRECTION('',(-0.,-1.,0.));
#17585 = CYLINDRICAL_SURFACE('',#17586,0.5);
#17586 = AXIS2_PLACEMENT_3D('',#17587,#17588,#17589);
#17587 = CARTESIAN_POINT('',(90.,-96.5,-4.E-02));
#17588 = DIRECTION('',(-0.,-0.,-1.));
#17589 = DIRECTION('',(-0.,-1.,0.));
#17590 = ADVANCED_FACE('',(#17591,#17594),#17605,.F.);
#17591 = FACE_BOUND('',#17592,.F.);
#17592 = EDGE_LOOP('',(#17593));
#17593 = ORIENTED_EDGE('',*,*,#17579,.T.);
#17594 = FACE_BOUND('',#17595,.F.);
#17595 = EDGE_LOOP('',(#17596));
#17596 = ORIENTED_EDGE('',*,*,#17597,.T.);
#17597 = EDGE_CURVE('',#17598,#17598,#17600,.T.);
#17598 = VERTEX_POINT('',#17599);
#17599 = CARTESIAN_POINT('',(90.,-96.975,-4.E-02));
#17600 = CIRCLE('',#17601,0.475);
#17601 = AXIS2_PLACEMENT_3D('',#17602,#17603,#17604);
#17602 = CARTESIAN_POINT('',(90.,-96.5,-4.E-02));
#17603 = DIRECTION('',(-0.,0.,-1.));
#17604 = DIRECTION('',(-0.,-1.,0.));
#17605 = PLANE('',#17606);
#17606 = AXIS2_PLACEMENT_3D('',#17607,#17608,#17609);
#17607 = CARTESIAN_POINT('',(90.,-97.,-4.E-02));
#17608 = DIRECTION('',(0.,0.,1.));
#17609 = DIRECTION('',(1.,0.,-0.));
#17610 = ADVANCED_FACE('',(#17611,#17614),#17625,.T.);
#17611 = FACE_BOUND('',#17612,.T.);
#17612 = EDGE_LOOP('',(#17613));
#17613 = ORIENTED_EDGE('',*,*,#17571,.T.);
#17614 = FACE_BOUND('',#17615,.T.);
#17615 = EDGE_LOOP('',(#17616));
#17616 = ORIENTED_EDGE('',*,*,#17617,.T.);
#17617 = EDGE_CURVE('',#17618,#17618,#17620,.T.);
#17618 = VERTEX_POINT('',#17619);
#17619 = CARTESIAN_POINT('',(90.,-96.975,1.55));
#17620 = CIRCLE('',#17621,0.475);
#17621 = AXIS2_PLACEMENT_3D('',#17622,#17623,#17624);
#17622 = CARTESIAN_POINT('',(90.,-96.5,1.55));
#17623 = DIRECTION('',(-0.,0.,-1.));
#17624 = DIRECTION('',(-0.,-1.,0.));
#17625 = PLANE('',#17626);
#17626 = AXIS2_PLACEMENT_3D('',#17627,#17628,#17629);
#17627 = CARTESIAN_POINT('',(90.,-97.,1.55));
#17628 = DIRECTION('',(0.,0.,1.));
#17629 = DIRECTION('',(1.,0.,-0.));
#17630 = ADVANCED_FACE('',(#17631),#17642,.F.);
#17631 = FACE_BOUND('',#17632,.T.);
#17632 = EDGE_LOOP('',(#17633,#17634,#17640,#17641));
#17633 = ORIENTED_EDGE('',*,*,#17597,.T.);
#17634 = ORIENTED_EDGE('',*,*,#17635,.T.);
#17635 = EDGE_CURVE('',#17598,#17618,#17636,.T.);
#17636 = LINE('',#17637,#17638);
#17637 = CARTESIAN_POINT('',(90.,-96.975,-4.6E-02));
#17638 = VECTOR('',#17639,1.);
#17639 = DIRECTION('',(0.,0.,1.));
#17640 = ORIENTED_EDGE('',*,*,#17617,.F.);
#17641 = ORIENTED_EDGE('',*,*,#17635,.F.);
#17642 = CYLINDRICAL_SURFACE('',#17643,0.475);
#17643 = AXIS2_PLACEMENT_3D('',#17644,#17645,#17646);
#17644 = CARTESIAN_POINT('',(90.,-96.5,-4.6E-02));
#17645 = DIRECTION('',(-0.,-0.,-1.));
#17646 = DIRECTION('',(-0.,-1.,0.));
#17647 = MANIFOLD_SOLID_BREP('',#17648);
#17648 = CLOSED_SHELL('',(#17649,#17689,#17720,#17751,#17773,#17785));
#17649 = ADVANCED_FACE('',(#17650),#17684,.T.);
#17650 = FACE_BOUND('',#17651,.T.);
#17651 = EDGE_LOOP('',(#17652,#17662,#17670,#17678));
#17652 = ORIENTED_EDGE('',*,*,#17653,.T.);
#17653 = EDGE_CURVE('',#17654,#17656,#17658,.T.);
#17654 = VERTEX_POINT('',#17655);
#17655 = CARTESIAN_POINT('',(105.35,-98.07,1.51));
#17656 = VERTEX_POINT('',#17657);
#17657 = CARTESIAN_POINT('',(105.35,-98.07,1.55));
#17658 = LINE('',#17659,#17660);
#17659 = CARTESIAN_POINT('',(105.35,-98.07,1.51));
#17660 = VECTOR('',#17661,1.);
#17661 = DIRECTION('',(0.,0.,1.));
#17662 = ORIENTED_EDGE('',*,*,#17663,.T.);
#17663 = EDGE_CURVE('',#17656,#17664,#17666,.T.);
#17664 = VERTEX_POINT('',#17665);
#17665 = CARTESIAN_POINT('',(105.35,-97.17,1.55));
#17666 = LINE('',#17667,#17668);
#17667 = CARTESIAN_POINT('',(105.35,-98.07,1.55));
#17668 = VECTOR('',#17669,1.);
#17669 = DIRECTION('',(0.,1.,0.));
#17670 = ORIENTED_EDGE('',*,*,#17671,.F.);
#17671 = EDGE_CURVE('',#17672,#17664,#17674,.T.);
#17672 = VERTEX_POINT('',#17673);
#17673 = CARTESIAN_POINT('',(105.35,-97.17,1.51));
#17674 = LINE('',#17675,#17676);
#17675 = CARTESIAN_POINT('',(105.35,-97.17,1.51));
#17676 = VECTOR('',#17677,1.);
#17677 = DIRECTION('',(0.,0.,1.));
#17678 = ORIENTED_EDGE('',*,*,#17679,.F.);
#17679 = EDGE_CURVE('',#17654,#17672,#17680,.T.);
#17680 = LINE('',#17681,#17682);
#17681 = CARTESIAN_POINT('',(105.35,-98.07,1.51));
#17682 = VECTOR('',#17683,1.);
#17683 = DIRECTION('',(0.,1.,0.));
#17684 = PLANE('',#17685);
#17685 = AXIS2_PLACEMENT_3D('',#17686,#17687,#17688);
#17686 = CARTESIAN_POINT('',(105.35,-98.07,1.51));
#17687 = DIRECTION('',(-1.,0.,0.));
#17688 = DIRECTION('',(0.,1.,0.));
#17689 = ADVANCED_FACE('',(#17690),#17715,.T.);
#17690 = FACE_BOUND('',#17691,.T.);
#17691 = EDGE_LOOP('',(#17692,#17693,#17701,#17709));
#17692 = ORIENTED_EDGE('',*,*,#17671,.T.);
#17693 = ORIENTED_EDGE('',*,*,#17694,.T.);
#17694 = EDGE_CURVE('',#17664,#17695,#17697,.T.);
#17695 = VERTEX_POINT('',#17696);
#17696 = CARTESIAN_POINT('',(108.35,-97.17,1.55));
#17697 = LINE('',#17698,#17699);
#17698 = CARTESIAN_POINT('',(105.35,-97.17,1.55));
#17699 = VECTOR('',#17700,1.);
#17700 = DIRECTION('',(1.,0.,0.));
#17701 = ORIENTED_EDGE('',*,*,#17702,.F.);
#17702 = EDGE_CURVE('',#17703,#17695,#17705,.T.);
#17703 = VERTEX_POINT('',#17704);
#17704 = CARTESIAN_POINT('',(108.35,-97.17,1.51));
#17705 = LINE('',#17706,#17707);
#17706 = CARTESIAN_POINT('',(108.35,-97.17,1.51));
#17707 = VECTOR('',#17708,1.);
#17708 = DIRECTION('',(0.,0.,1.));
#17709 = ORIENTED_EDGE('',*,*,#17710,.F.);
#17710 = EDGE_CURVE('',#17672,#17703,#17711,.T.);
#17711 = LINE('',#17712,#17713);
#17712 = CARTESIAN_POINT('',(105.35,-97.17,1.51));
#17713 = VECTOR('',#17714,1.);
#17714 = DIRECTION('',(1.,0.,0.));
#17715 = PLANE('',#17716);
#17716 = AXIS2_PLACEMENT_3D('',#17717,#17718,#17719);
#17717 = CARTESIAN_POINT('',(105.35,-97.17,1.51));
#17718 = DIRECTION('',(0.,1.,0.));
#17719 = DIRECTION('',(1.,0.,0.));
#17720 = ADVANCED_FACE('',(#17721),#17746,.T.);
#17721 = FACE_BOUND('',#17722,.T.);
#17722 = EDGE_LOOP('',(#17723,#17724,#17732,#17740));
#17723 = ORIENTED_EDGE('',*,*,#17702,.T.);
#17724 = ORIENTED_EDGE('',*,*,#17725,.T.);
#17725 = EDGE_CURVE('',#17695,#17726,#17728,.T.);
#17726 = VERTEX_POINT('',#17727);
#17727 = CARTESIAN_POINT('',(108.35,-98.07,1.55));
#17728 = LINE('',#17729,#17730);
#17729 = CARTESIAN_POINT('',(108.35,-97.17,1.55));
#17730 = VECTOR('',#17731,1.);
#17731 = DIRECTION('',(0.,-1.,0.));
#17732 = ORIENTED_EDGE('',*,*,#17733,.F.);
#17733 = EDGE_CURVE('',#17734,#17726,#17736,.T.);
#17734 = VERTEX_POINT('',#17735);
#17735 = CARTESIAN_POINT('',(108.35,-98.07,1.51));
#17736 = LINE('',#17737,#17738);
#17737 = CARTESIAN_POINT('',(108.35,-98.07,1.51));
#17738 = VECTOR('',#17739,1.);
#17739 = DIRECTION('',(0.,0.,1.));
#17740 = ORIENTED_EDGE('',*,*,#17741,.F.);
#17741 = EDGE_CURVE('',#17703,#17734,#17742,.T.);
#17742 = LINE('',#17743,#17744);
#17743 = CARTESIAN_POINT('',(108.35,-97.17,1.51));
#17744 = VECTOR('',#17745,1.);
#17745 = DIRECTION('',(0.,-1.,0.));
#17746 = PLANE('',#17747);
#17747 = AXIS2_PLACEMENT_3D('',#17748,#17749,#17750);
#17748 = CARTESIAN_POINT('',(108.35,-97.17,1.51));
#17749 = DIRECTION('',(1.,0.,-0.));
#17750 = DIRECTION('',(0.,-1.,0.));
#17751 = ADVANCED_FACE('',(#17752),#17768,.T.);
#17752 = FACE_BOUND('',#17753,.T.);
#17753 = EDGE_LOOP('',(#17754,#17755,#17761,#17762));
#17754 = ORIENTED_EDGE('',*,*,#17733,.T.);
#17755 = ORIENTED_EDGE('',*,*,#17756,.T.);
#17756 = EDGE_CURVE('',#17726,#17656,#17757,.T.);
#17757 = LINE('',#17758,#17759);
#17758 = CARTESIAN_POINT('',(108.35,-98.07,1.55));
#17759 = VECTOR('',#17760,1.);
#17760 = DIRECTION('',(-1.,0.,0.));
#17761 = ORIENTED_EDGE('',*,*,#17653,.F.);
#17762 = ORIENTED_EDGE('',*,*,#17763,.F.);
#17763 = EDGE_CURVE('',#17734,#17654,#17764,.T.);
#17764 = LINE('',#17765,#17766);
#17765 = CARTESIAN_POINT('',(108.35,-98.07,1.51));
#17766 = VECTOR('',#17767,1.);
#17767 = DIRECTION('',(-1.,0.,0.));
#17768 = PLANE('',#17769);
#17769 = AXIS2_PLACEMENT_3D('',#17770,#17771,#17772);
#17770 = CARTESIAN_POINT('',(108.35,-98.07,1.51));
#17771 = DIRECTION('',(0.,-1.,0.));
#17772 = DIRECTION('',(-1.,0.,0.));
#17773 = ADVANCED_FACE('',(#17774),#17780,.F.);
#17774 = FACE_BOUND('',#17775,.T.);
#17775 = EDGE_LOOP('',(#17776,#17777,#17778,#17779));
#17776 = ORIENTED_EDGE('',*,*,#17679,.T.);
#17777 = ORIENTED_EDGE('',*,*,#17710,.T.);
#17778 = ORIENTED_EDGE('',*,*,#17741,.T.);
#17779 = ORIENTED_EDGE('',*,*,#17763,.T.);
#17780 = PLANE('',#17781);
#17781 = AXIS2_PLACEMENT_3D('',#17782,#17783,#17784);
#17782 = CARTESIAN_POINT('',(0.,0.,1.51));
#17783 = DIRECTION('',(0.,0.,1.));
#17784 = DIRECTION('',(1.,0.,-0.));
#17785 = ADVANCED_FACE('',(#17786),#17792,.T.);
#17786 = FACE_BOUND('',#17787,.F.);
#17787 = EDGE_LOOP('',(#17788,#17789,#17790,#17791));
#17788 = ORIENTED_EDGE('',*,*,#17663,.T.);
#17789 = ORIENTED_EDGE('',*,*,#17694,.T.);
#17790 = ORIENTED_EDGE('',*,*,#17725,.T.);
#17791 = ORIENTED_EDGE('',*,*,#17756,.T.);
#17792 = PLANE('',#17793);
#17793 = AXIS2_PLACEMENT_3D('',#17794,#17795,#17796);
#17794 = CARTESIAN_POINT('',(0.,0.,1.55));
#17795 = DIRECTION('',(0.,0.,1.));
#17796 = DIRECTION('',(1.,0.,-0.));
#17797 = MANIFOLD_SOLID_BREP('',#17798);
#17798 = CLOSED_SHELL('',(#17799,#17839,#17870,#17901,#17923,#17935));
#17799 = ADVANCED_FACE('',(#17800),#17834,.T.);
#17800 = FACE_BOUND('',#17801,.T.);
#17801 = EDGE_LOOP('',(#17802,#17812,#17820,#17828));
#17802 = ORIENTED_EDGE('',*,*,#17803,.T.);
#17803 = EDGE_CURVE('',#17804,#17806,#17808,.T.);
#17804 = VERTEX_POINT('',#17805);
#17805 = CARTESIAN_POINT('',(97.,-108.91,1.51));
#17806 = VERTEX_POINT('',#17807);
#17807 = CARTESIAN_POINT('',(97.,-108.91,1.55));
#17808 = LINE('',#17809,#17810);
#17809 = CARTESIAN_POINT('',(97.,-108.91,1.51));
#17810 = VECTOR('',#17811,1.);
#17811 = DIRECTION('',(0.,0.,1.));
#17812 = ORIENTED_EDGE('',*,*,#17813,.T.);
#17813 = EDGE_CURVE('',#17806,#17814,#17816,.T.);
#17814 = VERTEX_POINT('',#17815);
#17815 = CARTESIAN_POINT('',(97.,-105.91,1.55));
#17816 = LINE('',#17817,#17818);
#17817 = CARTESIAN_POINT('',(97.,-108.91,1.55));
#17818 = VECTOR('',#17819,1.);
#17819 = DIRECTION('',(0.,1.,0.));
#17820 = ORIENTED_EDGE('',*,*,#17821,.F.);
#17821 = EDGE_CURVE('',#17822,#17814,#17824,.T.);
#17822 = VERTEX_POINT('',#17823);
#17823 = CARTESIAN_POINT('',(97.,-105.91,1.51));
#17824 = LINE('',#17825,#17826);
#17825 = CARTESIAN_POINT('',(97.,-105.91,1.51));
#17826 = VECTOR('',#17827,1.);
#17827 = DIRECTION('',(0.,0.,1.));
#17828 = ORIENTED_EDGE('',*,*,#17829,.F.);
#17829 = EDGE_CURVE('',#17804,#17822,#17830,.T.);
#17830 = LINE('',#17831,#17832);
#17831 = CARTESIAN_POINT('',(97.,-108.91,1.51));
#17832 = VECTOR('',#17833,1.);
#17833 = DIRECTION('',(0.,1.,0.));
#17834 = PLANE('',#17835);
#17835 = AXIS2_PLACEMENT_3D('',#17836,#17837,#17838);
#17836 = CARTESIAN_POINT('',(97.,-108.91,1.51));
#17837 = DIRECTION('',(-1.,0.,0.));
#17838 = DIRECTION('',(0.,1.,0.));
#17839 = ADVANCED_FACE('',(#17840),#17865,.T.);
#17840 = FACE_BOUND('',#17841,.T.);
#17841 = EDGE_LOOP('',(#17842,#17843,#17851,#17859));
#17842 = ORIENTED_EDGE('',*,*,#17821,.T.);
#17843 = ORIENTED_EDGE('',*,*,#17844,.T.);
#17844 = EDGE_CURVE('',#17814,#17845,#17847,.T.);
#17845 = VERTEX_POINT('',#17846);
#17846 = CARTESIAN_POINT('',(97.9,-105.91,1.55));
#17847 = LINE('',#17848,#17849);
#17848 = CARTESIAN_POINT('',(97.,-105.91,1.55));
#17849 = VECTOR('',#17850,1.);
#17850 = DIRECTION('',(1.,0.,0.));
#17851 = ORIENTED_EDGE('',*,*,#17852,.F.);
#17852 = EDGE_CURVE('',#17853,#17845,#17855,.T.);
#17853 = VERTEX_POINT('',#17854);
#17854 = CARTESIAN_POINT('',(97.9,-105.91,1.51));
#17855 = LINE('',#17856,#17857);
#17856 = CARTESIAN_POINT('',(97.9,-105.91,1.51));
#17857 = VECTOR('',#17858,1.);
#17858 = DIRECTION('',(0.,0.,1.));
#17859 = ORIENTED_EDGE('',*,*,#17860,.F.);
#17860 = EDGE_CURVE('',#17822,#17853,#17861,.T.);
#17861 = LINE('',#17862,#17863);
#17862 = CARTESIAN_POINT('',(97.,-105.91,1.51));
#17863 = VECTOR('',#17864,1.);
#17864 = DIRECTION('',(1.,0.,0.));
#17865 = PLANE('',#17866);
#17866 = AXIS2_PLACEMENT_3D('',#17867,#17868,#17869);
#17867 = CARTESIAN_POINT('',(97.,-105.91,1.51));
#17868 = DIRECTION('',(0.,1.,0.));
#17869 = DIRECTION('',(1.,0.,0.));
#17870 = ADVANCED_FACE('',(#17871),#17896,.T.);
#17871 = FACE_BOUND('',#17872,.T.);
#17872 = EDGE_LOOP('',(#17873,#17874,#17882,#17890));
#17873 = ORIENTED_EDGE('',*,*,#17852,.T.);
#17874 = ORIENTED_EDGE('',*,*,#17875,.T.);
#17875 = EDGE_CURVE('',#17845,#17876,#17878,.T.);
#17876 = VERTEX_POINT('',#17877);
#17877 = CARTESIAN_POINT('',(97.9,-108.91,1.55));
#17878 = LINE('',#17879,#17880);
#17879 = CARTESIAN_POINT('',(97.9,-105.91,1.55));
#17880 = VECTOR('',#17881,1.);
#17881 = DIRECTION('',(0.,-1.,0.));
#17882 = ORIENTED_EDGE('',*,*,#17883,.F.);
#17883 = EDGE_CURVE('',#17884,#17876,#17886,.T.);
#17884 = VERTEX_POINT('',#17885);
#17885 = CARTESIAN_POINT('',(97.9,-108.91,1.51));
#17886 = LINE('',#17887,#17888);
#17887 = CARTESIAN_POINT('',(97.9,-108.91,1.51));
#17888 = VECTOR('',#17889,1.);
#17889 = DIRECTION('',(0.,0.,1.));
#17890 = ORIENTED_EDGE('',*,*,#17891,.F.);
#17891 = EDGE_CURVE('',#17853,#17884,#17892,.T.);
#17892 = LINE('',#17893,#17894);
#17893 = CARTESIAN_POINT('',(97.9,-105.91,1.51));
#17894 = VECTOR('',#17895,1.);
#17895 = DIRECTION('',(0.,-1.,0.));
#17896 = PLANE('',#17897);
#17897 = AXIS2_PLACEMENT_3D('',#17898,#17899,#17900);
#17898 = CARTESIAN_POINT('',(97.9,-105.91,1.51));
#17899 = DIRECTION('',(1.,0.,-0.));
#17900 = DIRECTION('',(0.,-1.,0.));
#17901 = ADVANCED_FACE('',(#17902),#17918,.T.);
#17902 = FACE_BOUND('',#17903,.T.);
#17903 = EDGE_LOOP('',(#17904,#17905,#17911,#17912));
#17904 = ORIENTED_EDGE('',*,*,#17883,.T.);
#17905 = ORIENTED_EDGE('',*,*,#17906,.T.);
#17906 = EDGE_CURVE('',#17876,#17806,#17907,.T.);
#17907 = LINE('',#17908,#17909);
#17908 = CARTESIAN_POINT('',(97.9,-108.91,1.55));
#17909 = VECTOR('',#17910,1.);
#17910 = DIRECTION('',(-1.,0.,0.));
#17911 = ORIENTED_EDGE('',*,*,#17803,.F.);
#17912 = ORIENTED_EDGE('',*,*,#17913,.F.);
#17913 = EDGE_CURVE('',#17884,#17804,#17914,.T.);
#17914 = LINE('',#17915,#17916);
#17915 = CARTESIAN_POINT('',(97.9,-108.91,1.51));
#17916 = VECTOR('',#17917,1.);
#17917 = DIRECTION('',(-1.,0.,0.));
#17918 = PLANE('',#17919);
#17919 = AXIS2_PLACEMENT_3D('',#17920,#17921,#17922);
#17920 = CARTESIAN_POINT('',(97.9,-108.91,1.51));
#17921 = DIRECTION('',(0.,-1.,0.));
#17922 = DIRECTION('',(-1.,0.,0.));
#17923 = ADVANCED_FACE('',(#17924),#17930,.F.);
#17924 = FACE_BOUND('',#17925,.T.);
#17925 = EDGE_LOOP('',(#17926,#17927,#17928,#17929));
#17926 = ORIENTED_EDGE('',*,*,#17829,.T.);
#17927 = ORIENTED_EDGE('',*,*,#17860,.T.);
#17928 = ORIENTED_EDGE('',*,*,#17891,.T.);
#17929 = ORIENTED_EDGE('',*,*,#17913,.T.);
#17930 = PLANE('',#17931);
#17931 = AXIS2_PLACEMENT_3D('',#17932,#17933,#17934);
#17932 = CARTESIAN_POINT('',(0.,0.,1.51));
#17933 = DIRECTION('',(0.,0.,1.));
#17934 = DIRECTION('',(1.,0.,-0.));
#17935 = ADVANCED_FACE('',(#17936),#17942,.T.);
#17936 = FACE_BOUND('',#17937,.F.);
#17937 = EDGE_LOOP('',(#17938,#17939,#17940,#17941));
#17938 = ORIENTED_EDGE('',*,*,#17813,.T.);
#17939 = ORIENTED_EDGE('',*,*,#17844,.T.);
#17940 = ORIENTED_EDGE('',*,*,#17875,.T.);
#17941 = ORIENTED_EDGE('',*,*,#17906,.T.);
#17942 = PLANE('',#17943);
#17943 = AXIS2_PLACEMENT_3D('',#17944,#17945,#17946);
#17944 = CARTESIAN_POINT('',(0.,0.,1.55));
#17945 = DIRECTION('',(0.,0.,1.));
#17946 = DIRECTION('',(1.,0.,-0.));
#17947 = MANIFOLD_SOLID_BREP('',#17948);
#17948 = CLOSED_SHELL('',(#17949,#17989,#18020,#18051,#18073,#18085));
#17949 = ADVANCED_FACE('',(#17950),#17984,.T.);
#17950 = FACE_BOUND('',#17951,.T.);
#17951 = EDGE_LOOP('',(#17952,#17962,#17970,#17978));
#17952 = ORIENTED_EDGE('',*,*,#17953,.T.);
#17953 = EDGE_CURVE('',#17954,#17956,#17958,.T.);
#17954 = VERTEX_POINT('',#17955);
#17955 = CARTESIAN_POINT('',(99.55,-108.91,1.51));
#17956 = VERTEX_POINT('',#17957);
#17957 = CARTESIAN_POINT('',(99.55,-108.91,1.55));
#17958 = LINE('',#17959,#17960);
#17959 = CARTESIAN_POINT('',(99.55,-108.91,1.51));
#17960 = VECTOR('',#17961,1.);
#17961 = DIRECTION('',(0.,0.,1.));
#17962 = ORIENTED_EDGE('',*,*,#17963,.T.);
#17963 = EDGE_CURVE('',#17956,#17964,#17966,.T.);
#17964 = VERTEX_POINT('',#17965);
#17965 = CARTESIAN_POINT('',(99.55,-105.91,1.55));
#17966 = LINE('',#17967,#17968);
#17967 = CARTESIAN_POINT('',(99.55,-108.91,1.55));
#17968 = VECTOR('',#17969,1.);
#17969 = DIRECTION('',(0.,1.,0.));
#17970 = ORIENTED_EDGE('',*,*,#17971,.F.);
#17971 = EDGE_CURVE('',#17972,#17964,#17974,.T.);
#17972 = VERTEX_POINT('',#17973);
#17973 = CARTESIAN_POINT('',(99.55,-105.91,1.51));
#17974 = LINE('',#17975,#17976);
#17975 = CARTESIAN_POINT('',(99.55,-105.91,1.51));
#17976 = VECTOR('',#17977,1.);
#17977 = DIRECTION('',(0.,0.,1.));
#17978 = ORIENTED_EDGE('',*,*,#17979,.F.);
#17979 = EDGE_CURVE('',#17954,#17972,#17980,.T.);
#17980 = LINE('',#17981,#17982);
#17981 = CARTESIAN_POINT('',(99.55,-108.91,1.51));
#17982 = VECTOR('',#17983,1.);
#17983 = DIRECTION('',(0.,1.,0.));
#17984 = PLANE('',#17985);
#17985 = AXIS2_PLACEMENT_3D('',#17986,#17987,#17988);
#17986 = CARTESIAN_POINT('',(99.55,-108.91,1.51));
#17987 = DIRECTION('',(-1.,0.,0.));
#17988 = DIRECTION('',(0.,1.,0.));
#17989 = ADVANCED_FACE('',(#17990),#18015,.T.);
#17990 = FACE_BOUND('',#17991,.T.);
#17991 = EDGE_LOOP('',(#17992,#17993,#18001,#18009));
#17992 = ORIENTED_EDGE('',*,*,#17971,.T.);
#17993 = ORIENTED_EDGE('',*,*,#17994,.T.);
#17994 = EDGE_CURVE('',#17964,#17995,#17997,.T.);
#17995 = VERTEX_POINT('',#17996);
#17996 = CARTESIAN_POINT('',(100.45,-105.91,1.55));
#17997 = LINE('',#17998,#17999);
#17998 = CARTESIAN_POINT('',(99.55,-105.91,1.55));
#17999 = VECTOR('',#18000,1.);
#18000 = DIRECTION('',(1.,0.,0.));
#18001 = ORIENTED_EDGE('',*,*,#18002,.F.);
#18002 = EDGE_CURVE('',#18003,#17995,#18005,.T.);
#18003 = VERTEX_POINT('',#18004);
#18004 = CARTESIAN_POINT('',(100.45,-105.91,1.51));
#18005 = LINE('',#18006,#18007);
#18006 = CARTESIAN_POINT('',(100.45,-105.91,1.51));
#18007 = VECTOR('',#18008,1.);
#18008 = DIRECTION('',(0.,0.,1.));
#18009 = ORIENTED_EDGE('',*,*,#18010,.F.);
#18010 = EDGE_CURVE('',#17972,#18003,#18011,.T.);
#18011 = LINE('',#18012,#18013);
#18012 = CARTESIAN_POINT('',(99.55,-105.91,1.51));
#18013 = VECTOR('',#18014,1.);
#18014 = DIRECTION('',(1.,0.,0.));
#18015 = PLANE('',#18016);
#18016 = AXIS2_PLACEMENT_3D('',#18017,#18018,#18019);
#18017 = CARTESIAN_POINT('',(99.55,-105.91,1.51));
#18018 = DIRECTION('',(0.,1.,0.));
#18019 = DIRECTION('',(1.,0.,0.));
#18020 = ADVANCED_FACE('',(#18021),#18046,.T.);
#18021 = FACE_BOUND('',#18022,.T.);
#18022 = EDGE_LOOP('',(#18023,#18024,#18032,#18040));
#18023 = ORIENTED_EDGE('',*,*,#18002,.T.);
#18024 = ORIENTED_EDGE('',*,*,#18025,.T.);
#18025 = EDGE_CURVE('',#17995,#18026,#18028,.T.);
#18026 = VERTEX_POINT('',#18027);
#18027 = CARTESIAN_POINT('',(100.45,-108.91,1.55));
#18028 = LINE('',#18029,#18030);
#18029 = CARTESIAN_POINT('',(100.45,-105.91,1.55));
#18030 = VECTOR('',#18031,1.);
#18031 = DIRECTION('',(0.,-1.,0.));
#18032 = ORIENTED_EDGE('',*,*,#18033,.F.);
#18033 = EDGE_CURVE('',#18034,#18026,#18036,.T.);
#18034 = VERTEX_POINT('',#18035);
#18035 = CARTESIAN_POINT('',(100.45,-108.91,1.51));
#18036 = LINE('',#18037,#18038);
#18037 = CARTESIAN_POINT('',(100.45,-108.91,1.51));
#18038 = VECTOR('',#18039,1.);
#18039 = DIRECTION('',(0.,0.,1.));
#18040 = ORIENTED_EDGE('',*,*,#18041,.F.);
#18041 = EDGE_CURVE('',#18003,#18034,#18042,.T.);
#18042 = LINE('',#18043,#18044);
#18043 = CARTESIAN_POINT('',(100.45,-105.91,1.51));
#18044 = VECTOR('',#18045,1.);
#18045 = DIRECTION('',(0.,-1.,0.));
#18046 = PLANE('',#18047);
#18047 = AXIS2_PLACEMENT_3D('',#18048,#18049,#18050);
#18048 = CARTESIAN_POINT('',(100.45,-105.91,1.51));
#18049 = DIRECTION('',(1.,0.,-0.));
#18050 = DIRECTION('',(0.,-1.,0.));
#18051 = ADVANCED_FACE('',(#18052),#18068,.T.);
#18052 = FACE_BOUND('',#18053,.T.);
#18053 = EDGE_LOOP('',(#18054,#18055,#18061,#18062));
#18054 = ORIENTED_EDGE('',*,*,#18033,.T.);
#18055 = ORIENTED_EDGE('',*,*,#18056,.T.);
#18056 = EDGE_CURVE('',#18026,#17956,#18057,.T.);
#18057 = LINE('',#18058,#18059);
#18058 = CARTESIAN_POINT('',(100.45,-108.91,1.55));
#18059 = VECTOR('',#18060,1.);
#18060 = DIRECTION('',(-1.,0.,0.));
#18061 = ORIENTED_EDGE('',*,*,#17953,.F.);
#18062 = ORIENTED_EDGE('',*,*,#18063,.F.);
#18063 = EDGE_CURVE('',#18034,#17954,#18064,.T.);
#18064 = LINE('',#18065,#18066);
#18065 = CARTESIAN_POINT('',(100.45,-108.91,1.51));
#18066 = VECTOR('',#18067,1.);
#18067 = DIRECTION('',(-1.,0.,0.));
#18068 = PLANE('',#18069);
#18069 = AXIS2_PLACEMENT_3D('',#18070,#18071,#18072);
#18070 = CARTESIAN_POINT('',(100.45,-108.91,1.51));
#18071 = DIRECTION('',(0.,-1.,0.));
#18072 = DIRECTION('',(-1.,0.,0.));
#18073 = ADVANCED_FACE('',(#18074),#18080,.F.);
#18074 = FACE_BOUND('',#18075,.T.);
#18075 = EDGE_LOOP('',(#18076,#18077,#18078,#18079));
#18076 = ORIENTED_EDGE('',*,*,#17979,.T.);
#18077 = ORIENTED_EDGE('',*,*,#18010,.T.);
#18078 = ORIENTED_EDGE('',*,*,#18041,.T.);
#18079 = ORIENTED_EDGE('',*,*,#18063,.T.);
#18080 = PLANE('',#18081);
#18081 = AXIS2_PLACEMENT_3D('',#18082,#18083,#18084);
#18082 = CARTESIAN_POINT('',(0.,0.,1.51));
#18083 = DIRECTION('',(0.,0.,1.));
#18084 = DIRECTION('',(1.,0.,-0.));
#18085 = ADVANCED_FACE('',(#18086),#18092,.T.);
#18086 = FACE_BOUND('',#18087,.F.);
#18087 = EDGE_LOOP('',(#18088,#18089,#18090,#18091));
#18088 = ORIENTED_EDGE('',*,*,#17963,.T.);
#18089 = ORIENTED_EDGE('',*,*,#17994,.T.);
#18090 = ORIENTED_EDGE('',*,*,#18025,.T.);
#18091 = ORIENTED_EDGE('',*,*,#18056,.T.);
#18092 = PLANE('',#18093);
#18093 = AXIS2_PLACEMENT_3D('',#18094,#18095,#18096);
#18094 = CARTESIAN_POINT('',(0.,0.,1.55));
#18095 = DIRECTION('',(0.,0.,1.));
#18096 = DIRECTION('',(1.,0.,-0.));
#18097 = MANIFOLD_SOLID_BREP('',#18098);
#18098 = CLOSED_SHELL('',(#18099,#18139,#18170,#18201,#18223,#18235));
#18099 = ADVANCED_FACE('',(#18100),#18134,.T.);
#18100 = FACE_BOUND('',#18101,.T.);
#18101 = EDGE_LOOP('',(#18102,#18112,#18120,#18128));
#18102 = ORIENTED_EDGE('',*,*,#18103,.T.);
#18103 = EDGE_CURVE('',#18104,#18106,#18108,.T.);
#18104 = VERTEX_POINT('',#18105);
#18105 = CARTESIAN_POINT('',(102.1,-108.91,1.51));
#18106 = VERTEX_POINT('',#18107);
#18107 = CARTESIAN_POINT('',(102.1,-108.91,1.55));
#18108 = LINE('',#18109,#18110);
#18109 = CARTESIAN_POINT('',(102.1,-108.91,1.51));
#18110 = VECTOR('',#18111,1.);
#18111 = DIRECTION('',(0.,0.,1.));
#18112 = ORIENTED_EDGE('',*,*,#18113,.T.);
#18113 = EDGE_CURVE('',#18106,#18114,#18116,.T.);
#18114 = VERTEX_POINT('',#18115);
#18115 = CARTESIAN_POINT('',(102.1,-105.91,1.55));
#18116 = LINE('',#18117,#18118);
#18117 = CARTESIAN_POINT('',(102.1,-108.91,1.55));
#18118 = VECTOR('',#18119,1.);
#18119 = DIRECTION('',(0.,1.,0.));
#18120 = ORIENTED_EDGE('',*,*,#18121,.F.);
#18121 = EDGE_CURVE('',#18122,#18114,#18124,.T.);
#18122 = VERTEX_POINT('',#18123);
#18123 = CARTESIAN_POINT('',(102.1,-105.91,1.51));
#18124 = LINE('',#18125,#18126);
#18125 = CARTESIAN_POINT('',(102.1,-105.91,1.51));
#18126 = VECTOR('',#18127,1.);
#18127 = DIRECTION('',(0.,0.,1.));
#18128 = ORIENTED_EDGE('',*,*,#18129,.F.);
#18129 = EDGE_CURVE('',#18104,#18122,#18130,.T.);
#18130 = LINE('',#18131,#18132);
#18131 = CARTESIAN_POINT('',(102.1,-108.91,1.51));
#18132 = VECTOR('',#18133,1.);
#18133 = DIRECTION('',(0.,1.,0.));
#18134 = PLANE('',#18135);
#18135 = AXIS2_PLACEMENT_3D('',#18136,#18137,#18138);
#18136 = CARTESIAN_POINT('',(102.1,-108.91,1.51));
#18137 = DIRECTION('',(-1.,0.,0.));
#18138 = DIRECTION('',(0.,1.,0.));
#18139 = ADVANCED_FACE('',(#18140),#18165,.T.);
#18140 = FACE_BOUND('',#18141,.T.);
#18141 = EDGE_LOOP('',(#18142,#18143,#18151,#18159));
#18142 = ORIENTED_EDGE('',*,*,#18121,.T.);
#18143 = ORIENTED_EDGE('',*,*,#18144,.T.);
#18144 = EDGE_CURVE('',#18114,#18145,#18147,.T.);
#18145 = VERTEX_POINT('',#18146);
#18146 = CARTESIAN_POINT('',(103.,-105.91,1.55));
#18147 = LINE('',#18148,#18149);
#18148 = CARTESIAN_POINT('',(102.1,-105.91,1.55));
#18149 = VECTOR('',#18150,1.);
#18150 = DIRECTION('',(1.,0.,0.));
#18151 = ORIENTED_EDGE('',*,*,#18152,.F.);
#18152 = EDGE_CURVE('',#18153,#18145,#18155,.T.);
#18153 = VERTEX_POINT('',#18154);
#18154 = CARTESIAN_POINT('',(103.,-105.91,1.51));
#18155 = LINE('',#18156,#18157);
#18156 = CARTESIAN_POINT('',(103.,-105.91,1.51));
#18157 = VECTOR('',#18158,1.);
#18158 = DIRECTION('',(0.,0.,1.));
#18159 = ORIENTED_EDGE('',*,*,#18160,.F.);
#18160 = EDGE_CURVE('',#18122,#18153,#18161,.T.);
#18161 = LINE('',#18162,#18163);
#18162 = CARTESIAN_POINT('',(102.1,-105.91,1.51));
#18163 = VECTOR('',#18164,1.);
#18164 = DIRECTION('',(1.,0.,0.));
#18165 = PLANE('',#18166);
#18166 = AXIS2_PLACEMENT_3D('',#18167,#18168,#18169);
#18167 = CARTESIAN_POINT('',(102.1,-105.91,1.51));
#18168 = DIRECTION('',(0.,1.,0.));
#18169 = DIRECTION('',(1.,0.,0.));
#18170 = ADVANCED_FACE('',(#18171),#18196,.T.);
#18171 = FACE_BOUND('',#18172,.T.);
#18172 = EDGE_LOOP('',(#18173,#18174,#18182,#18190));
#18173 = ORIENTED_EDGE('',*,*,#18152,.T.);
#18174 = ORIENTED_EDGE('',*,*,#18175,.T.);
#18175 = EDGE_CURVE('',#18145,#18176,#18178,.T.);
#18176 = VERTEX_POINT('',#18177);
#18177 = CARTESIAN_POINT('',(103.,-108.91,1.55));
#18178 = LINE('',#18179,#18180);
#18179 = CARTESIAN_POINT('',(103.,-105.91,1.55));
#18180 = VECTOR('',#18181,1.);
#18181 = DIRECTION('',(0.,-1.,0.));
#18182 = ORIENTED_EDGE('',*,*,#18183,.F.);
#18183 = EDGE_CURVE('',#18184,#18176,#18186,.T.);
#18184 = VERTEX_POINT('',#18185);
#18185 = CARTESIAN_POINT('',(103.,-108.91,1.51));
#18186 = LINE('',#18187,#18188);
#18187 = CARTESIAN_POINT('',(103.,-108.91,1.51));
#18188 = VECTOR('',#18189,1.);
#18189 = DIRECTION('',(0.,0.,1.));
#18190 = ORIENTED_EDGE('',*,*,#18191,.F.);
#18191 = EDGE_CURVE('',#18153,#18184,#18192,.T.);
#18192 = LINE('',#18193,#18194);
#18193 = CARTESIAN_POINT('',(103.,-105.91,1.51));
#18194 = VECTOR('',#18195,1.);
#18195 = DIRECTION('',(0.,-1.,0.));
#18196 = PLANE('',#18197);
#18197 = AXIS2_PLACEMENT_3D('',#18198,#18199,#18200);
#18198 = CARTESIAN_POINT('',(103.,-105.91,1.51));
#18199 = DIRECTION('',(1.,0.,-0.));
#18200 = DIRECTION('',(0.,-1.,0.));
#18201 = ADVANCED_FACE('',(#18202),#18218,.T.);
#18202 = FACE_BOUND('',#18203,.T.);
#18203 = EDGE_LOOP('',(#18204,#18205,#18211,#18212));
#18204 = ORIENTED_EDGE('',*,*,#18183,.T.);
#18205 = ORIENTED_EDGE('',*,*,#18206,.T.);
#18206 = EDGE_CURVE('',#18176,#18106,#18207,.T.);
#18207 = LINE('',#18208,#18209);
#18208 = CARTESIAN_POINT('',(103.,-108.91,1.55));
#18209 = VECTOR('',#18210,1.);
#18210 = DIRECTION('',(-1.,0.,0.));
#18211 = ORIENTED_EDGE('',*,*,#18103,.F.);
#18212 = ORIENTED_EDGE('',*,*,#18213,.F.);
#18213 = EDGE_CURVE('',#18184,#18104,#18214,.T.);
#18214 = LINE('',#18215,#18216);
#18215 = CARTESIAN_POINT('',(103.,-108.91,1.51));
#18216 = VECTOR('',#18217,1.);
#18217 = DIRECTION('',(-1.,0.,0.));
#18218 = PLANE('',#18219);
#18219 = AXIS2_PLACEMENT_3D('',#18220,#18221,#18222);
#18220 = CARTESIAN_POINT('',(103.,-108.91,1.51));
#18221 = DIRECTION('',(0.,-1.,0.));
#18222 = DIRECTION('',(-1.,0.,0.));
#18223 = ADVANCED_FACE('',(#18224),#18230,.F.);
#18224 = FACE_BOUND('',#18225,.T.);
#18225 = EDGE_LOOP('',(#18226,#18227,#18228,#18229));
#18226 = ORIENTED_EDGE('',*,*,#18129,.T.);
#18227 = ORIENTED_EDGE('',*,*,#18160,.T.);
#18228 = ORIENTED_EDGE('',*,*,#18191,.T.);
#18229 = ORIENTED_EDGE('',*,*,#18213,.T.);
#18230 = PLANE('',#18231);
#18231 = AXIS2_PLACEMENT_3D('',#18232,#18233,#18234);
#18232 = CARTESIAN_POINT('',(0.,0.,1.51));
#18233 = DIRECTION('',(0.,0.,1.));
#18234 = DIRECTION('',(1.,0.,-0.));
#18235 = ADVANCED_FACE('',(#18236),#18242,.T.);
#18236 = FACE_BOUND('',#18237,.F.);
#18237 = EDGE_LOOP('',(#18238,#18239,#18240,#18241));
#18238 = ORIENTED_EDGE('',*,*,#18113,.T.);
#18239 = ORIENTED_EDGE('',*,*,#18144,.T.);
#18240 = ORIENTED_EDGE('',*,*,#18175,.T.);
#18241 = ORIENTED_EDGE('',*,*,#18206,.T.);
#18242 = PLANE('',#18243);
#18243 = AXIS2_PLACEMENT_3D('',#18244,#18245,#18246);
#18244 = CARTESIAN_POINT('',(0.,0.,1.55));
#18245 = DIRECTION('',(0.,0.,1.));
#18246 = DIRECTION('',(1.,0.,-0.));
#18247 = MANIFOLD_SOLID_BREP('',#18248);
#18248 = CLOSED_SHELL('',(#18249,#18289,#18320,#18351,#18373,#18385));
#18249 = ADVANCED_FACE('',(#18250),#18284,.T.);
#18250 = FACE_BOUND('',#18251,.T.);
#18251 = EDGE_LOOP('',(#18252,#18262,#18270,#18278));
#18252 = ORIENTED_EDGE('',*,*,#18253,.T.);
#18253 = EDGE_CURVE('',#18254,#18256,#18258,.T.);
#18254 = VERTEX_POINT('',#18255);
#18255 = CARTESIAN_POINT('',(105.35,-106.96,1.51));
#18256 = VERTEX_POINT('',#18257);
#18257 = CARTESIAN_POINT('',(105.35,-106.96,1.55));
#18258 = LINE('',#18259,#18260);
#18259 = CARTESIAN_POINT('',(105.35,-106.96,1.51));
#18260 = VECTOR('',#18261,1.);
#18261 = DIRECTION('',(0.,0.,1.));
#18262 = ORIENTED_EDGE('',*,*,#18263,.T.);
#18263 = EDGE_CURVE('',#18256,#18264,#18266,.T.);
#18264 = VERTEX_POINT('',#18265);
#18265 = CARTESIAN_POINT('',(105.35,-106.06,1.55));
#18266 = LINE('',#18267,#18268);
#18267 = CARTESIAN_POINT('',(105.35,-106.96,1.55));
#18268 = VECTOR('',#18269,1.);
#18269 = DIRECTION('',(0.,1.,0.));
#18270 = ORIENTED_EDGE('',*,*,#18271,.F.);
#18271 = EDGE_CURVE('',#18272,#18264,#18274,.T.);
#18272 = VERTEX_POINT('',#18273);
#18273 = CARTESIAN_POINT('',(105.35,-106.06,1.51));
#18274 = LINE('',#18275,#18276);
#18275 = CARTESIAN_POINT('',(105.35,-106.06,1.51));
#18276 = VECTOR('',#18277,1.);
#18277 = DIRECTION('',(0.,0.,1.));
#18278 = ORIENTED_EDGE('',*,*,#18279,.F.);
#18279 = EDGE_CURVE('',#18254,#18272,#18280,.T.);
#18280 = LINE('',#18281,#18282);
#18281 = CARTESIAN_POINT('',(105.35,-106.96,1.51));
#18282 = VECTOR('',#18283,1.);
#18283 = DIRECTION('',(0.,1.,0.));
#18284 = PLANE('',#18285);
#18285 = AXIS2_PLACEMENT_3D('',#18286,#18287,#18288);
#18286 = CARTESIAN_POINT('',(105.35,-106.96,1.51));
#18287 = DIRECTION('',(-1.,0.,0.));
#18288 = DIRECTION('',(0.,1.,0.));
#18289 = ADVANCED_FACE('',(#18290),#18315,.T.);
#18290 = FACE_BOUND('',#18291,.T.);
#18291 = EDGE_LOOP('',(#18292,#18293,#18301,#18309));
#18292 = ORIENTED_EDGE('',*,*,#18271,.T.);
#18293 = ORIENTED_EDGE('',*,*,#18294,.T.);
#18294 = EDGE_CURVE('',#18264,#18295,#18297,.T.);
#18295 = VERTEX_POINT('',#18296);
#18296 = CARTESIAN_POINT('',(108.35,-106.06,1.55));
#18297 = LINE('',#18298,#18299);
#18298 = CARTESIAN_POINT('',(105.35,-106.06,1.55));
#18299 = VECTOR('',#18300,1.);
#18300 = DIRECTION('',(1.,0.,0.));
#18301 = ORIENTED_EDGE('',*,*,#18302,.F.);
#18302 = EDGE_CURVE('',#18303,#18295,#18305,.T.);
#18303 = VERTEX_POINT('',#18304);
#18304 = CARTESIAN_POINT('',(108.35,-106.06,1.51));
#18305 = LINE('',#18306,#18307);
#18306 = CARTESIAN_POINT('',(108.35,-106.06,1.51));
#18307 = VECTOR('',#18308,1.);
#18308 = DIRECTION('',(0.,0.,1.));
#18309 = ORIENTED_EDGE('',*,*,#18310,.F.);
#18310 = EDGE_CURVE('',#18272,#18303,#18311,.T.);
#18311 = LINE('',#18312,#18313);
#18312 = CARTESIAN_POINT('',(105.35,-106.06,1.51));
#18313 = VECTOR('',#18314,1.);
#18314 = DIRECTION('',(1.,0.,0.));
#18315 = PLANE('',#18316);
#18316 = AXIS2_PLACEMENT_3D('',#18317,#18318,#18319);
#18317 = CARTESIAN_POINT('',(105.35,-106.06,1.51));
#18318 = DIRECTION('',(0.,1.,0.));
#18319 = DIRECTION('',(1.,0.,0.));
#18320 = ADVANCED_FACE('',(#18321),#18346,.T.);
#18321 = FACE_BOUND('',#18322,.T.);
#18322 = EDGE_LOOP('',(#18323,#18324,#18332,#18340));
#18323 = ORIENTED_EDGE('',*,*,#18302,.T.);
#18324 = ORIENTED_EDGE('',*,*,#18325,.T.);
#18325 = EDGE_CURVE('',#18295,#18326,#18328,.T.);
#18326 = VERTEX_POINT('',#18327);
#18327 = CARTESIAN_POINT('',(108.35,-106.96,1.55));
#18328 = LINE('',#18329,#18330);
#18329 = CARTESIAN_POINT('',(108.35,-106.06,1.55));
#18330 = VECTOR('',#18331,1.);
#18331 = DIRECTION('',(0.,-1.,0.));
#18332 = ORIENTED_EDGE('',*,*,#18333,.F.);
#18333 = EDGE_CURVE('',#18334,#18326,#18336,.T.);
#18334 = VERTEX_POINT('',#18335);
#18335 = CARTESIAN_POINT('',(108.35,-106.96,1.51));
#18336 = LINE('',#18337,#18338);
#18337 = CARTESIAN_POINT('',(108.35,-106.96,1.51));
#18338 = VECTOR('',#18339,1.);
#18339 = DIRECTION('',(0.,0.,1.));
#18340 = ORIENTED_EDGE('',*,*,#18341,.F.);
#18341 = EDGE_CURVE('',#18303,#18334,#18342,.T.);
#18342 = LINE('',#18343,#18344);
#18343 = CARTESIAN_POINT('',(108.35,-106.06,1.51));
#18344 = VECTOR('',#18345,1.);
#18345 = DIRECTION('',(0.,-1.,0.));
#18346 = PLANE('',#18347);
#18347 = AXIS2_PLACEMENT_3D('',#18348,#18349,#18350);
#18348 = CARTESIAN_POINT('',(108.35,-106.06,1.51));
#18349 = DIRECTION('',(1.,0.,-0.));
#18350 = DIRECTION('',(0.,-1.,0.));
#18351 = ADVANCED_FACE('',(#18352),#18368,.T.);
#18352 = FACE_BOUND('',#18353,.T.);
#18353 = EDGE_LOOP('',(#18354,#18355,#18361,#18362));
#18354 = ORIENTED_EDGE('',*,*,#18333,.T.);
#18355 = ORIENTED_EDGE('',*,*,#18356,.T.);
#18356 = EDGE_CURVE('',#18326,#18256,#18357,.T.);
#18357 = LINE('',#18358,#18359);
#18358 = CARTESIAN_POINT('',(108.35,-106.96,1.55));
#18359 = VECTOR('',#18360,1.);
#18360 = DIRECTION('',(-1.,0.,0.));
#18361 = ORIENTED_EDGE('',*,*,#18253,.F.);
#18362 = ORIENTED_EDGE('',*,*,#18363,.F.);
#18363 = EDGE_CURVE('',#18334,#18254,#18364,.T.);
#18364 = LINE('',#18365,#18366);
#18365 = CARTESIAN_POINT('',(108.35,-106.96,1.51));
#18366 = VECTOR('',#18367,1.);
#18367 = DIRECTION('',(-1.,0.,0.));
#18368 = PLANE('',#18369);
#18369 = AXIS2_PLACEMENT_3D('',#18370,#18371,#18372);
#18370 = CARTESIAN_POINT('',(108.35,-106.96,1.51));
#18371 = DIRECTION('',(0.,-1.,0.));
#18372 = DIRECTION('',(-1.,0.,0.));
#18373 = ADVANCED_FACE('',(#18374),#18380,.F.);
#18374 = FACE_BOUND('',#18375,.T.);
#18375 = EDGE_LOOP('',(#18376,#18377,#18378,#18379));
#18376 = ORIENTED_EDGE('',*,*,#18279,.T.);
#18377 = ORIENTED_EDGE('',*,*,#18310,.T.);
#18378 = ORIENTED_EDGE('',*,*,#18341,.T.);
#18379 = ORIENTED_EDGE('',*,*,#18363,.T.);
#18380 = PLANE('',#18381);
#18381 = AXIS2_PLACEMENT_3D('',#18382,#18383,#18384);
#18382 = CARTESIAN_POINT('',(0.,0.,1.51));
#18383 = DIRECTION('',(0.,0.,1.));
#18384 = DIRECTION('',(1.,0.,-0.));
#18385 = ADVANCED_FACE('',(#18386),#18392,.T.);
#18386 = FACE_BOUND('',#18387,.F.);
#18387 = EDGE_LOOP('',(#18388,#18389,#18390,#18391));
#18388 = ORIENTED_EDGE('',*,*,#18263,.T.);
#18389 = ORIENTED_EDGE('',*,*,#18294,.T.);
#18390 = ORIENTED_EDGE('',*,*,#18325,.T.);
#18391 = ORIENTED_EDGE('',*,*,#18356,.T.);
#18392 = PLANE('',#18393);
#18393 = AXIS2_PLACEMENT_3D('',#18394,#18395,#18396);
#18394 = CARTESIAN_POINT('',(0.,0.,1.55));
#18395 = DIRECTION('',(0.,0.,1.));
#18396 = DIRECTION('',(1.,0.,-0.));
#18397 = MANIFOLD_SOLID_BREP('',#18398);
#18398 = CLOSED_SHELL('',(#18399,#18439,#18470,#18501,#18523,#18535));
#18399 = ADVANCED_FACE('',(#18400),#18434,.T.);
#18400 = FACE_BOUND('',#18401,.T.);
#18401 = EDGE_LOOP('',(#18402,#18412,#18420,#18428));
#18402 = ORIENTED_EDGE('',*,*,#18403,.T.);
#18403 = EDGE_CURVE('',#18404,#18406,#18408,.T.);
#18404 = VERTEX_POINT('',#18405);
#18405 = CARTESIAN_POINT('',(105.35,-105.69,1.51));
#18406 = VERTEX_POINT('',#18407);
#18407 = CARTESIAN_POINT('',(105.35,-105.69,1.55));
#18408 = LINE('',#18409,#18410);
#18409 = CARTESIAN_POINT('',(105.35,-105.69,1.51));
#18410 = VECTOR('',#18411,1.);
#18411 = DIRECTION('',(0.,0.,1.));
#18412 = ORIENTED_EDGE('',*,*,#18413,.T.);
#18413 = EDGE_CURVE('',#18406,#18414,#18416,.T.);
#18414 = VERTEX_POINT('',#18415);
#18415 = CARTESIAN_POINT('',(105.35,-104.79,1.55));
#18416 = LINE('',#18417,#18418);
#18417 = CARTESIAN_POINT('',(105.35,-105.69,1.55));
#18418 = VECTOR('',#18419,1.);
#18419 = DIRECTION('',(0.,1.,0.));
#18420 = ORIENTED_EDGE('',*,*,#18421,.F.);
#18421 = EDGE_CURVE('',#18422,#18414,#18424,.T.);
#18422 = VERTEX_POINT('',#18423);
#18423 = CARTESIAN_POINT('',(105.35,-104.79,1.51));
#18424 = LINE('',#18425,#18426);
#18425 = CARTESIAN_POINT('',(105.35,-104.79,1.51));
#18426 = VECTOR('',#18427,1.);
#18427 = DIRECTION('',(0.,0.,1.));
#18428 = ORIENTED_EDGE('',*,*,#18429,.F.);
#18429 = EDGE_CURVE('',#18404,#18422,#18430,.T.);
#18430 = LINE('',#18431,#18432);
#18431 = CARTESIAN_POINT('',(105.35,-105.69,1.51));
#18432 = VECTOR('',#18433,1.);
#18433 = DIRECTION('',(0.,1.,0.));
#18434 = PLANE('',#18435);
#18435 = AXIS2_PLACEMENT_3D('',#18436,#18437,#18438);
#18436 = CARTESIAN_POINT('',(105.35,-105.69,1.51));
#18437 = DIRECTION('',(-1.,0.,0.));
#18438 = DIRECTION('',(0.,1.,0.));
#18439 = ADVANCED_FACE('',(#18440),#18465,.T.);
#18440 = FACE_BOUND('',#18441,.T.);
#18441 = EDGE_LOOP('',(#18442,#18443,#18451,#18459));
#18442 = ORIENTED_EDGE('',*,*,#18421,.T.);
#18443 = ORIENTED_EDGE('',*,*,#18444,.T.);
#18444 = EDGE_CURVE('',#18414,#18445,#18447,.T.);
#18445 = VERTEX_POINT('',#18446);
#18446 = CARTESIAN_POINT('',(108.35,-104.79,1.55));
#18447 = LINE('',#18448,#18449);
#18448 = CARTESIAN_POINT('',(105.35,-104.79,1.55));
#18449 = VECTOR('',#18450,1.);
#18450 = DIRECTION('',(1.,0.,0.));
#18451 = ORIENTED_EDGE('',*,*,#18452,.F.);
#18452 = EDGE_CURVE('',#18453,#18445,#18455,.T.);
#18453 = VERTEX_POINT('',#18454);
#18454 = CARTESIAN_POINT('',(108.35,-104.79,1.51));
#18455 = LINE('',#18456,#18457);
#18456 = CARTESIAN_POINT('',(108.35,-104.79,1.51));
#18457 = VECTOR('',#18458,1.);
#18458 = DIRECTION('',(0.,0.,1.));
#18459 = ORIENTED_EDGE('',*,*,#18460,.F.);
#18460 = EDGE_CURVE('',#18422,#18453,#18461,.T.);
#18461 = LINE('',#18462,#18463);
#18462 = CARTESIAN_POINT('',(105.35,-104.79,1.51));
#18463 = VECTOR('',#18464,1.);
#18464 = DIRECTION('',(1.,0.,0.));
#18465 = PLANE('',#18466);
#18466 = AXIS2_PLACEMENT_3D('',#18467,#18468,#18469);
#18467 = CARTESIAN_POINT('',(105.35,-104.79,1.51));
#18468 = DIRECTION('',(0.,1.,0.));
#18469 = DIRECTION('',(1.,0.,0.));
#18470 = ADVANCED_FACE('',(#18471),#18496,.T.);
#18471 = FACE_BOUND('',#18472,.T.);
#18472 = EDGE_LOOP('',(#18473,#18474,#18482,#18490));
#18473 = ORIENTED_EDGE('',*,*,#18452,.T.);
#18474 = ORIENTED_EDGE('',*,*,#18475,.T.);
#18475 = EDGE_CURVE('',#18445,#18476,#18478,.T.);
#18476 = VERTEX_POINT('',#18477);
#18477 = CARTESIAN_POINT('',(108.35,-105.69,1.55));
#18478 = LINE('',#18479,#18480);
#18479 = CARTESIAN_POINT('',(108.35,-104.79,1.55));
#18480 = VECTOR('',#18481,1.);
#18481 = DIRECTION('',(0.,-1.,0.));
#18482 = ORIENTED_EDGE('',*,*,#18483,.F.);
#18483 = EDGE_CURVE('',#18484,#18476,#18486,.T.);
#18484 = VERTEX_POINT('',#18485);
#18485 = CARTESIAN_POINT('',(108.35,-105.69,1.51));
#18486 = LINE('',#18487,#18488);
#18487 = CARTESIAN_POINT('',(108.35,-105.69,1.51));
#18488 = VECTOR('',#18489,1.);
#18489 = DIRECTION('',(0.,0.,1.));
#18490 = ORIENTED_EDGE('',*,*,#18491,.F.);
#18491 = EDGE_CURVE('',#18453,#18484,#18492,.T.);
#18492 = LINE('',#18493,#18494);
#18493 = CARTESIAN_POINT('',(108.35,-104.79,1.51));
#18494 = VECTOR('',#18495,1.);
#18495 = DIRECTION('',(0.,-1.,0.));
#18496 = PLANE('',#18497);
#18497 = AXIS2_PLACEMENT_3D('',#18498,#18499,#18500);
#18498 = CARTESIAN_POINT('',(108.35,-104.79,1.51));
#18499 = DIRECTION('',(1.,0.,-0.));
#18500 = DIRECTION('',(0.,-1.,0.));
#18501 = ADVANCED_FACE('',(#18502),#18518,.T.);
#18502 = FACE_BOUND('',#18503,.T.);
#18503 = EDGE_LOOP('',(#18504,#18505,#18511,#18512));
#18504 = ORIENTED_EDGE('',*,*,#18483,.T.);
#18505 = ORIENTED_EDGE('',*,*,#18506,.T.);
#18506 = EDGE_CURVE('',#18476,#18406,#18507,.T.);
#18507 = LINE('',#18508,#18509);
#18508 = CARTESIAN_POINT('',(108.35,-105.69,1.55));
#18509 = VECTOR('',#18510,1.);
#18510 = DIRECTION('',(-1.,0.,0.));
#18511 = ORIENTED_EDGE('',*,*,#18403,.F.);
#18512 = ORIENTED_EDGE('',*,*,#18513,.F.);
#18513 = EDGE_CURVE('',#18484,#18404,#18514,.T.);
#18514 = LINE('',#18515,#18516);
#18515 = CARTESIAN_POINT('',(108.35,-105.69,1.51));
#18516 = VECTOR('',#18517,1.);
#18517 = DIRECTION('',(-1.,0.,0.));
#18518 = PLANE('',#18519);
#18519 = AXIS2_PLACEMENT_3D('',#18520,#18521,#18522);
#18520 = CARTESIAN_POINT('',(108.35,-105.69,1.51));
#18521 = DIRECTION('',(0.,-1.,0.));
#18522 = DIRECTION('',(-1.,0.,0.));
#18523 = ADVANCED_FACE('',(#18524),#18530,.F.);
#18524 = FACE_BOUND('',#18525,.T.);
#18525 = EDGE_LOOP('',(#18526,#18527,#18528,#18529));
#18526 = ORIENTED_EDGE('',*,*,#18429,.T.);
#18527 = ORIENTED_EDGE('',*,*,#18460,.T.);
#18528 = ORIENTED_EDGE('',*,*,#18491,.T.);
#18529 = ORIENTED_EDGE('',*,*,#18513,.T.);
#18530 = PLANE('',#18531);
#18531 = AXIS2_PLACEMENT_3D('',#18532,#18533,#18534);
#18532 = CARTESIAN_POINT('',(0.,0.,1.51));
#18533 = DIRECTION('',(0.,0.,1.));
#18534 = DIRECTION('',(1.,0.,-0.));
#18535 = ADVANCED_FACE('',(#18536),#18542,.T.);
#18536 = FACE_BOUND('',#18537,.F.);
#18537 = EDGE_LOOP('',(#18538,#18539,#18540,#18541));
#18538 = ORIENTED_EDGE('',*,*,#18413,.T.);
#18539 = ORIENTED_EDGE('',*,*,#18444,.T.);
#18540 = ORIENTED_EDGE('',*,*,#18475,.T.);
#18541 = ORIENTED_EDGE('',*,*,#18506,.T.);
#18542 = PLANE('',#18543);
#18543 = AXIS2_PLACEMENT_3D('',#18544,#18545,#18546);
#18544 = CARTESIAN_POINT('',(0.,0.,1.55));
#18545 = DIRECTION('',(0.,0.,1.));
#18546 = DIRECTION('',(1.,0.,-0.));
#18547 = MANIFOLD_SOLID_BREP('',#18548);
#18548 = CLOSED_SHELL('',(#18549,#18589,#18620,#18651,#18673,#18685));
#18549 = ADVANCED_FACE('',(#18550),#18584,.T.);
#18550 = FACE_BOUND('',#18551,.T.);
#18551 = EDGE_LOOP('',(#18552,#18562,#18570,#18578));
#18552 = ORIENTED_EDGE('',*,*,#18553,.T.);
#18553 = EDGE_CURVE('',#18554,#18556,#18558,.T.);
#18554 = VERTEX_POINT('',#18555);
#18555 = CARTESIAN_POINT('',(105.35,-104.42,1.51));
#18556 = VERTEX_POINT('',#18557);
#18557 = CARTESIAN_POINT('',(105.35,-104.42,1.55));
#18558 = LINE('',#18559,#18560);
#18559 = CARTESIAN_POINT('',(105.35,-104.42,1.51));
#18560 = VECTOR('',#18561,1.);
#18561 = DIRECTION('',(0.,0.,1.));
#18562 = ORIENTED_EDGE('',*,*,#18563,.T.);
#18563 = EDGE_CURVE('',#18556,#18564,#18566,.T.);
#18564 = VERTEX_POINT('',#18565);
#18565 = CARTESIAN_POINT('',(105.35,-103.52,1.55));
#18566 = LINE('',#18567,#18568);
#18567 = CARTESIAN_POINT('',(105.35,-104.42,1.55));
#18568 = VECTOR('',#18569,1.);
#18569 = DIRECTION('',(0.,1.,0.));
#18570 = ORIENTED_EDGE('',*,*,#18571,.F.);
#18571 = EDGE_CURVE('',#18572,#18564,#18574,.T.);
#18572 = VERTEX_POINT('',#18573);
#18573 = CARTESIAN_POINT('',(105.35,-103.52,1.51));
#18574 = LINE('',#18575,#18576);
#18575 = CARTESIAN_POINT('',(105.35,-103.52,1.51));
#18576 = VECTOR('',#18577,1.);
#18577 = DIRECTION('',(0.,0.,1.));
#18578 = ORIENTED_EDGE('',*,*,#18579,.F.);
#18579 = EDGE_CURVE('',#18554,#18572,#18580,.T.);
#18580 = LINE('',#18581,#18582);
#18581 = CARTESIAN_POINT('',(105.35,-104.42,1.51));
#18582 = VECTOR('',#18583,1.);
#18583 = DIRECTION('',(0.,1.,0.));
#18584 = PLANE('',#18585);
#18585 = AXIS2_PLACEMENT_3D('',#18586,#18587,#18588);
#18586 = CARTESIAN_POINT('',(105.35,-104.42,1.51));
#18587 = DIRECTION('',(-1.,0.,0.));
#18588 = DIRECTION('',(0.,1.,0.));
#18589 = ADVANCED_FACE('',(#18590),#18615,.T.);
#18590 = FACE_BOUND('',#18591,.T.);
#18591 = EDGE_LOOP('',(#18592,#18593,#18601,#18609));
#18592 = ORIENTED_EDGE('',*,*,#18571,.T.);
#18593 = ORIENTED_EDGE('',*,*,#18594,.T.);
#18594 = EDGE_CURVE('',#18564,#18595,#18597,.T.);
#18595 = VERTEX_POINT('',#18596);
#18596 = CARTESIAN_POINT('',(108.35,-103.52,1.55));
#18597 = LINE('',#18598,#18599);
#18598 = CARTESIAN_POINT('',(105.35,-103.52,1.55));
#18599 = VECTOR('',#18600,1.);
#18600 = DIRECTION('',(1.,0.,0.));
#18601 = ORIENTED_EDGE('',*,*,#18602,.F.);
#18602 = EDGE_CURVE('',#18603,#18595,#18605,.T.);
#18603 = VERTEX_POINT('',#18604);
#18604 = CARTESIAN_POINT('',(108.35,-103.52,1.51));
#18605 = LINE('',#18606,#18607);
#18606 = CARTESIAN_POINT('',(108.35,-103.52,1.51));
#18607 = VECTOR('',#18608,1.);
#18608 = DIRECTION('',(0.,0.,1.));
#18609 = ORIENTED_EDGE('',*,*,#18610,.F.);
#18610 = EDGE_CURVE('',#18572,#18603,#18611,.T.);
#18611 = LINE('',#18612,#18613);
#18612 = CARTESIAN_POINT('',(105.35,-103.52,1.51));
#18613 = VECTOR('',#18614,1.);
#18614 = DIRECTION('',(1.,0.,0.));
#18615 = PLANE('',#18616);
#18616 = AXIS2_PLACEMENT_3D('',#18617,#18618,#18619);
#18617 = CARTESIAN_POINT('',(105.35,-103.52,1.51));
#18618 = DIRECTION('',(0.,1.,0.));
#18619 = DIRECTION('',(1.,0.,0.));
#18620 = ADVANCED_FACE('',(#18621),#18646,.T.);
#18621 = FACE_BOUND('',#18622,.T.);
#18622 = EDGE_LOOP('',(#18623,#18624,#18632,#18640));
#18623 = ORIENTED_EDGE('',*,*,#18602,.T.);
#18624 = ORIENTED_EDGE('',*,*,#18625,.T.);
#18625 = EDGE_CURVE('',#18595,#18626,#18628,.T.);
#18626 = VERTEX_POINT('',#18627);
#18627 = CARTESIAN_POINT('',(108.35,-104.42,1.55));
#18628 = LINE('',#18629,#18630);
#18629 = CARTESIAN_POINT('',(108.35,-103.52,1.55));
#18630 = VECTOR('',#18631,1.);
#18631 = DIRECTION('',(0.,-1.,0.));
#18632 = ORIENTED_EDGE('',*,*,#18633,.F.);
#18633 = EDGE_CURVE('',#18634,#18626,#18636,.T.);
#18634 = VERTEX_POINT('',#18635);
#18635 = CARTESIAN_POINT('',(108.35,-104.42,1.51));
#18636 = LINE('',#18637,#18638);
#18637 = CARTESIAN_POINT('',(108.35,-104.42,1.51));
#18638 = VECTOR('',#18639,1.);
#18639 = DIRECTION('',(0.,0.,1.));
#18640 = ORIENTED_EDGE('',*,*,#18641,.F.);
#18641 = EDGE_CURVE('',#18603,#18634,#18642,.T.);
#18642 = LINE('',#18643,#18644);
#18643 = CARTESIAN_POINT('',(108.35,-103.52,1.51));
#18644 = VECTOR('',#18645,1.);
#18645 = DIRECTION('',(0.,-1.,0.));
#18646 = PLANE('',#18647);
#18647 = AXIS2_PLACEMENT_3D('',#18648,#18649,#18650);
#18648 = CARTESIAN_POINT('',(108.35,-103.52,1.51));
#18649 = DIRECTION('',(1.,0.,-0.));
#18650 = DIRECTION('',(0.,-1.,0.));
#18651 = ADVANCED_FACE('',(#18652),#18668,.T.);
#18652 = FACE_BOUND('',#18653,.T.);
#18653 = EDGE_LOOP('',(#18654,#18655,#18661,#18662));
#18654 = ORIENTED_EDGE('',*,*,#18633,.T.);
#18655 = ORIENTED_EDGE('',*,*,#18656,.T.);
#18656 = EDGE_CURVE('',#18626,#18556,#18657,.T.);
#18657 = LINE('',#18658,#18659);
#18658 = CARTESIAN_POINT('',(108.35,-104.42,1.55));
#18659 = VECTOR('',#18660,1.);
#18660 = DIRECTION('',(-1.,0.,0.));
#18661 = ORIENTED_EDGE('',*,*,#18553,.F.);
#18662 = ORIENTED_EDGE('',*,*,#18663,.F.);
#18663 = EDGE_CURVE('',#18634,#18554,#18664,.T.);
#18664 = LINE('',#18665,#18666);
#18665 = CARTESIAN_POINT('',(108.35,-104.42,1.51));
#18666 = VECTOR('',#18667,1.);
#18667 = DIRECTION('',(-1.,0.,0.));
#18668 = PLANE('',#18669);
#18669 = AXIS2_PLACEMENT_3D('',#18670,#18671,#18672);
#18670 = CARTESIAN_POINT('',(108.35,-104.42,1.51));
#18671 = DIRECTION('',(0.,-1.,0.));
#18672 = DIRECTION('',(-1.,0.,0.));
#18673 = ADVANCED_FACE('',(#18674),#18680,.F.);
#18674 = FACE_BOUND('',#18675,.T.);
#18675 = EDGE_LOOP('',(#18676,#18677,#18678,#18679));
#18676 = ORIENTED_EDGE('',*,*,#18579,.T.);
#18677 = ORIENTED_EDGE('',*,*,#18610,.T.);
#18678 = ORIENTED_EDGE('',*,*,#18641,.T.);
#18679 = ORIENTED_EDGE('',*,*,#18663,.T.);
#18680 = PLANE('',#18681);
#18681 = AXIS2_PLACEMENT_3D('',#18682,#18683,#18684);
#18682 = CARTESIAN_POINT('',(0.,0.,1.51));
#18683 = DIRECTION('',(0.,0.,1.));
#18684 = DIRECTION('',(1.,0.,-0.));
#18685 = ADVANCED_FACE('',(#18686),#18692,.T.);
#18686 = FACE_BOUND('',#18687,.F.);
#18687 = EDGE_LOOP('',(#18688,#18689,#18690,#18691));
#18688 = ORIENTED_EDGE('',*,*,#18563,.T.);
#18689 = ORIENTED_EDGE('',*,*,#18594,.T.);
#18690 = ORIENTED_EDGE('',*,*,#18625,.T.);
#18691 = ORIENTED_EDGE('',*,*,#18656,.T.);
#18692 = PLANE('',#18693);
#18693 = AXIS2_PLACEMENT_3D('',#18694,#18695,#18696);
#18694 = CARTESIAN_POINT('',(0.,0.,1.55));
#18695 = DIRECTION('',(0.,0.,1.));
#18696 = DIRECTION('',(1.,0.,-0.));
#18697 = MANIFOLD_SOLID_BREP('',#18698);
#18698 = CLOSED_SHELL('',(#18699,#18739,#18770,#18801,#18823,#18835));
#18699 = ADVANCED_FACE('',(#18700),#18734,.T.);
#18700 = FACE_BOUND('',#18701,.T.);
#18701 = EDGE_LOOP('',(#18702,#18712,#18720,#18728));
#18702 = ORIENTED_EDGE('',*,*,#18703,.T.);
#18703 = EDGE_CURVE('',#18704,#18706,#18708,.T.);
#18704 = VERTEX_POINT('',#18705);
#18705 = CARTESIAN_POINT('',(105.35,-103.15,1.51));
#18706 = VERTEX_POINT('',#18707);
#18707 = CARTESIAN_POINT('',(105.35,-103.15,1.55));
#18708 = LINE('',#18709,#18710);
#18709 = CARTESIAN_POINT('',(105.35,-103.15,1.51));
#18710 = VECTOR('',#18711,1.);
#18711 = DIRECTION('',(0.,0.,1.));
#18712 = ORIENTED_EDGE('',*,*,#18713,.T.);
#18713 = EDGE_CURVE('',#18706,#18714,#18716,.T.);
#18714 = VERTEX_POINT('',#18715);
#18715 = CARTESIAN_POINT('',(105.35,-102.25,1.55));
#18716 = LINE('',#18717,#18718);
#18717 = CARTESIAN_POINT('',(105.35,-103.15,1.55));
#18718 = VECTOR('',#18719,1.);
#18719 = DIRECTION('',(0.,1.,0.));
#18720 = ORIENTED_EDGE('',*,*,#18721,.F.);
#18721 = EDGE_CURVE('',#18722,#18714,#18724,.T.);
#18722 = VERTEX_POINT('',#18723);
#18723 = CARTESIAN_POINT('',(105.35,-102.25,1.51));
#18724 = LINE('',#18725,#18726);
#18725 = CARTESIAN_POINT('',(105.35,-102.25,1.51));
#18726 = VECTOR('',#18727,1.);
#18727 = DIRECTION('',(0.,0.,1.));
#18728 = ORIENTED_EDGE('',*,*,#18729,.F.);
#18729 = EDGE_CURVE('',#18704,#18722,#18730,.T.);
#18730 = LINE('',#18731,#18732);
#18731 = CARTESIAN_POINT('',(105.35,-103.15,1.51));
#18732 = VECTOR('',#18733,1.);
#18733 = DIRECTION('',(0.,1.,0.));
#18734 = PLANE('',#18735);
#18735 = AXIS2_PLACEMENT_3D('',#18736,#18737,#18738);
#18736 = CARTESIAN_POINT('',(105.35,-103.15,1.51));
#18737 = DIRECTION('',(-1.,0.,0.));
#18738 = DIRECTION('',(0.,1.,0.));
#18739 = ADVANCED_FACE('',(#18740),#18765,.T.);
#18740 = FACE_BOUND('',#18741,.T.);
#18741 = EDGE_LOOP('',(#18742,#18743,#18751,#18759));
#18742 = ORIENTED_EDGE('',*,*,#18721,.T.);
#18743 = ORIENTED_EDGE('',*,*,#18744,.T.);
#18744 = EDGE_CURVE('',#18714,#18745,#18747,.T.);
#18745 = VERTEX_POINT('',#18746);
#18746 = CARTESIAN_POINT('',(108.35,-102.25,1.55));
#18747 = LINE('',#18748,#18749);
#18748 = CARTESIAN_POINT('',(105.35,-102.25,1.55));
#18749 = VECTOR('',#18750,1.);
#18750 = DIRECTION('',(1.,0.,0.));
#18751 = ORIENTED_EDGE('',*,*,#18752,.F.);
#18752 = EDGE_CURVE('',#18753,#18745,#18755,.T.);
#18753 = VERTEX_POINT('',#18754);
#18754 = CARTESIAN_POINT('',(108.35,-102.25,1.51));
#18755 = LINE('',#18756,#18757);
#18756 = CARTESIAN_POINT('',(108.35,-102.25,1.51));
#18757 = VECTOR('',#18758,1.);
#18758 = DIRECTION('',(0.,0.,1.));
#18759 = ORIENTED_EDGE('',*,*,#18760,.F.);
#18760 = EDGE_CURVE('',#18722,#18753,#18761,.T.);
#18761 = LINE('',#18762,#18763);
#18762 = CARTESIAN_POINT('',(105.35,-102.25,1.51));
#18763 = VECTOR('',#18764,1.);
#18764 = DIRECTION('',(1.,0.,0.));
#18765 = PLANE('',#18766);
#18766 = AXIS2_PLACEMENT_3D('',#18767,#18768,#18769);
#18767 = CARTESIAN_POINT('',(105.35,-102.25,1.51));
#18768 = DIRECTION('',(0.,1.,0.));
#18769 = DIRECTION('',(1.,0.,0.));
#18770 = ADVANCED_FACE('',(#18771),#18796,.T.);
#18771 = FACE_BOUND('',#18772,.T.);
#18772 = EDGE_LOOP('',(#18773,#18774,#18782,#18790));
#18773 = ORIENTED_EDGE('',*,*,#18752,.T.);
#18774 = ORIENTED_EDGE('',*,*,#18775,.T.);
#18775 = EDGE_CURVE('',#18745,#18776,#18778,.T.);
#18776 = VERTEX_POINT('',#18777);
#18777 = CARTESIAN_POINT('',(108.35,-103.15,1.55));
#18778 = LINE('',#18779,#18780);
#18779 = CARTESIAN_POINT('',(108.35,-102.25,1.55));
#18780 = VECTOR('',#18781,1.);
#18781 = DIRECTION('',(0.,-1.,0.));
#18782 = ORIENTED_EDGE('',*,*,#18783,.F.);
#18783 = EDGE_CURVE('',#18784,#18776,#18786,.T.);
#18784 = VERTEX_POINT('',#18785);
#18785 = CARTESIAN_POINT('',(108.35,-103.15,1.51));
#18786 = LINE('',#18787,#18788);
#18787 = CARTESIAN_POINT('',(108.35,-103.15,1.51));
#18788 = VECTOR('',#18789,1.);
#18789 = DIRECTION('',(0.,0.,1.));
#18790 = ORIENTED_EDGE('',*,*,#18791,.F.);
#18791 = EDGE_CURVE('',#18753,#18784,#18792,.T.);
#18792 = LINE('',#18793,#18794);
#18793 = CARTESIAN_POINT('',(108.35,-102.25,1.51));
#18794 = VECTOR('',#18795,1.);
#18795 = DIRECTION('',(0.,-1.,0.));
#18796 = PLANE('',#18797);
#18797 = AXIS2_PLACEMENT_3D('',#18798,#18799,#18800);
#18798 = CARTESIAN_POINT('',(108.35,-102.25,1.51));
#18799 = DIRECTION('',(1.,0.,-0.));
#18800 = DIRECTION('',(0.,-1.,0.));
#18801 = ADVANCED_FACE('',(#18802),#18818,.T.);
#18802 = FACE_BOUND('',#18803,.T.);
#18803 = EDGE_LOOP('',(#18804,#18805,#18811,#18812));
#18804 = ORIENTED_EDGE('',*,*,#18783,.T.);
#18805 = ORIENTED_EDGE('',*,*,#18806,.T.);
#18806 = EDGE_CURVE('',#18776,#18706,#18807,.T.);
#18807 = LINE('',#18808,#18809);
#18808 = CARTESIAN_POINT('',(108.35,-103.15,1.55));
#18809 = VECTOR('',#18810,1.);
#18810 = DIRECTION('',(-1.,0.,0.));
#18811 = ORIENTED_EDGE('',*,*,#18703,.F.);
#18812 = ORIENTED_EDGE('',*,*,#18813,.F.);
#18813 = EDGE_CURVE('',#18784,#18704,#18814,.T.);
#18814 = LINE('',#18815,#18816);
#18815 = CARTESIAN_POINT('',(108.35,-103.15,1.51));
#18816 = VECTOR('',#18817,1.);
#18817 = DIRECTION('',(-1.,0.,0.));
#18818 = PLANE('',#18819);
#18819 = AXIS2_PLACEMENT_3D('',#18820,#18821,#18822);
#18820 = CARTESIAN_POINT('',(108.35,-103.15,1.51));
#18821 = DIRECTION('',(0.,-1.,0.));
#18822 = DIRECTION('',(-1.,0.,0.));
#18823 = ADVANCED_FACE('',(#18824),#18830,.F.);
#18824 = FACE_BOUND('',#18825,.T.);
#18825 = EDGE_LOOP('',(#18826,#18827,#18828,#18829));
#18826 = ORIENTED_EDGE('',*,*,#18729,.T.);
#18827 = ORIENTED_EDGE('',*,*,#18760,.T.);
#18828 = ORIENTED_EDGE('',*,*,#18791,.T.);
#18829 = ORIENTED_EDGE('',*,*,#18813,.T.);
#18830 = PLANE('',#18831);
#18831 = AXIS2_PLACEMENT_3D('',#18832,#18833,#18834);
#18832 = CARTESIAN_POINT('',(0.,0.,1.51));
#18833 = DIRECTION('',(0.,0.,1.));
#18834 = DIRECTION('',(1.,0.,-0.));
#18835 = ADVANCED_FACE('',(#18836),#18842,.T.);
#18836 = FACE_BOUND('',#18837,.F.);
#18837 = EDGE_LOOP('',(#18838,#18839,#18840,#18841));
#18838 = ORIENTED_EDGE('',*,*,#18713,.T.);
#18839 = ORIENTED_EDGE('',*,*,#18744,.T.);
#18840 = ORIENTED_EDGE('',*,*,#18775,.T.);
#18841 = ORIENTED_EDGE('',*,*,#18806,.T.);
#18842 = PLANE('',#18843);
#18843 = AXIS2_PLACEMENT_3D('',#18844,#18845,#18846);
#18844 = CARTESIAN_POINT('',(0.,0.,1.55));
#18845 = DIRECTION('',(0.,0.,1.));
#18846 = DIRECTION('',(1.,0.,-0.));
#18847 = MANIFOLD_SOLID_BREP('',#18848);
#18848 = CLOSED_SHELL('',(#18849,#18889,#18920,#18951,#18973,#18985));
#18849 = ADVANCED_FACE('',(#18850),#18884,.T.);
#18850 = FACE_BOUND('',#18851,.T.);
#18851 = EDGE_LOOP('',(#18852,#18862,#18870,#18878));
#18852 = ORIENTED_EDGE('',*,*,#18853,.T.);
#18853 = EDGE_CURVE('',#18854,#18856,#18858,.T.);
#18854 = VERTEX_POINT('',#18855);
#18855 = CARTESIAN_POINT('',(105.35,-101.88,1.51));
#18856 = VERTEX_POINT('',#18857);
#18857 = CARTESIAN_POINT('',(105.35,-101.88,1.55));
#18858 = LINE('',#18859,#18860);
#18859 = CARTESIAN_POINT('',(105.35,-101.88,1.51));
#18860 = VECTOR('',#18861,1.);
#18861 = DIRECTION('',(0.,0.,1.));
#18862 = ORIENTED_EDGE('',*,*,#18863,.T.);
#18863 = EDGE_CURVE('',#18856,#18864,#18866,.T.);
#18864 = VERTEX_POINT('',#18865);
#18865 = CARTESIAN_POINT('',(105.35,-100.98,1.55));
#18866 = LINE('',#18867,#18868);
#18867 = CARTESIAN_POINT('',(105.35,-101.88,1.55));
#18868 = VECTOR('',#18869,1.);
#18869 = DIRECTION('',(0.,1.,0.));
#18870 = ORIENTED_EDGE('',*,*,#18871,.F.);
#18871 = EDGE_CURVE('',#18872,#18864,#18874,.T.);
#18872 = VERTEX_POINT('',#18873);
#18873 = CARTESIAN_POINT('',(105.35,-100.98,1.51));
#18874 = LINE('',#18875,#18876);
#18875 = CARTESIAN_POINT('',(105.35,-100.98,1.51));
#18876 = VECTOR('',#18877,1.);
#18877 = DIRECTION('',(0.,0.,1.));
#18878 = ORIENTED_EDGE('',*,*,#18879,.F.);
#18879 = EDGE_CURVE('',#18854,#18872,#18880,.T.);
#18880 = LINE('',#18881,#18882);
#18881 = CARTESIAN_POINT('',(105.35,-101.88,1.51));
#18882 = VECTOR('',#18883,1.);
#18883 = DIRECTION('',(0.,1.,0.));
#18884 = PLANE('',#18885);
#18885 = AXIS2_PLACEMENT_3D('',#18886,#18887,#18888);
#18886 = CARTESIAN_POINT('',(105.35,-101.88,1.51));
#18887 = DIRECTION('',(-1.,0.,0.));
#18888 = DIRECTION('',(0.,1.,0.));
#18889 = ADVANCED_FACE('',(#18890),#18915,.T.);
#18890 = FACE_BOUND('',#18891,.T.);
#18891 = EDGE_LOOP('',(#18892,#18893,#18901,#18909));
#18892 = ORIENTED_EDGE('',*,*,#18871,.T.);
#18893 = ORIENTED_EDGE('',*,*,#18894,.T.);
#18894 = EDGE_CURVE('',#18864,#18895,#18897,.T.);
#18895 = VERTEX_POINT('',#18896);
#18896 = CARTESIAN_POINT('',(108.35,-100.98,1.55));
#18897 = LINE('',#18898,#18899);
#18898 = CARTESIAN_POINT('',(105.35,-100.98,1.55));
#18899 = VECTOR('',#18900,1.);
#18900 = DIRECTION('',(1.,0.,0.));
#18901 = ORIENTED_EDGE('',*,*,#18902,.F.);
#18902 = EDGE_CURVE('',#18903,#18895,#18905,.T.);
#18903 = VERTEX_POINT('',#18904);
#18904 = CARTESIAN_POINT('',(108.35,-100.98,1.51));
#18905 = LINE('',#18906,#18907);
#18906 = CARTESIAN_POINT('',(108.35,-100.98,1.51));
#18907 = VECTOR('',#18908,1.);
#18908 = DIRECTION('',(0.,0.,1.));
#18909 = ORIENTED_EDGE('',*,*,#18910,.F.);
#18910 = EDGE_CURVE('',#18872,#18903,#18911,.T.);
#18911 = LINE('',#18912,#18913);
#18912 = CARTESIAN_POINT('',(105.35,-100.98,1.51));
#18913 = VECTOR('',#18914,1.);
#18914 = DIRECTION('',(1.,0.,0.));
#18915 = PLANE('',#18916);
#18916 = AXIS2_PLACEMENT_3D('',#18917,#18918,#18919);
#18917 = CARTESIAN_POINT('',(105.35,-100.98,1.51));
#18918 = DIRECTION('',(0.,1.,0.));
#18919 = DIRECTION('',(1.,0.,0.));
#18920 = ADVANCED_FACE('',(#18921),#18946,.T.);
#18921 = FACE_BOUND('',#18922,.T.);
#18922 = EDGE_LOOP('',(#18923,#18924,#18932,#18940));
#18923 = ORIENTED_EDGE('',*,*,#18902,.T.);
#18924 = ORIENTED_EDGE('',*,*,#18925,.T.);
#18925 = EDGE_CURVE('',#18895,#18926,#18928,.T.);
#18926 = VERTEX_POINT('',#18927);
#18927 = CARTESIAN_POINT('',(108.35,-101.88,1.55));
#18928 = LINE('',#18929,#18930);
#18929 = CARTESIAN_POINT('',(108.35,-100.98,1.55));
#18930 = VECTOR('',#18931,1.);
#18931 = DIRECTION('',(0.,-1.,0.));
#18932 = ORIENTED_EDGE('',*,*,#18933,.F.);
#18933 = EDGE_CURVE('',#18934,#18926,#18936,.T.);
#18934 = VERTEX_POINT('',#18935);
#18935 = CARTESIAN_POINT('',(108.35,-101.88,1.51));
#18936 = LINE('',#18937,#18938);
#18937 = CARTESIAN_POINT('',(108.35,-101.88,1.51));
#18938 = VECTOR('',#18939,1.);
#18939 = DIRECTION('',(0.,0.,1.));
#18940 = ORIENTED_EDGE('',*,*,#18941,.F.);
#18941 = EDGE_CURVE('',#18903,#18934,#18942,.T.);
#18942 = LINE('',#18943,#18944);
#18943 = CARTESIAN_POINT('',(108.35,-100.98,1.51));
#18944 = VECTOR('',#18945,1.);
#18945 = DIRECTION('',(0.,-1.,0.));
#18946 = PLANE('',#18947);
#18947 = AXIS2_PLACEMENT_3D('',#18948,#18949,#18950);
#18948 = CARTESIAN_POINT('',(108.35,-100.98,1.51));
#18949 = DIRECTION('',(1.,0.,-0.));
#18950 = DIRECTION('',(0.,-1.,0.));
#18951 = ADVANCED_FACE('',(#18952),#18968,.T.);
#18952 = FACE_BOUND('',#18953,.T.);
#18953 = EDGE_LOOP('',(#18954,#18955,#18961,#18962));
#18954 = ORIENTED_EDGE('',*,*,#18933,.T.);
#18955 = ORIENTED_EDGE('',*,*,#18956,.T.);
#18956 = EDGE_CURVE('',#18926,#18856,#18957,.T.);
#18957 = LINE('',#18958,#18959);
#18958 = CARTESIAN_POINT('',(108.35,-101.88,1.55));
#18959 = VECTOR('',#18960,1.);
#18960 = DIRECTION('',(-1.,0.,0.));
#18961 = ORIENTED_EDGE('',*,*,#18853,.F.);
#18962 = ORIENTED_EDGE('',*,*,#18963,.F.);
#18963 = EDGE_CURVE('',#18934,#18854,#18964,.T.);
#18964 = LINE('',#18965,#18966);
#18965 = CARTESIAN_POINT('',(108.35,-101.88,1.51));
#18966 = VECTOR('',#18967,1.);
#18967 = DIRECTION('',(-1.,0.,0.));
#18968 = PLANE('',#18969);
#18969 = AXIS2_PLACEMENT_3D('',#18970,#18971,#18972);
#18970 = CARTESIAN_POINT('',(108.35,-101.88,1.51));
#18971 = DIRECTION('',(0.,-1.,0.));
#18972 = DIRECTION('',(-1.,0.,0.));
#18973 = ADVANCED_FACE('',(#18974),#18980,.F.);
#18974 = FACE_BOUND('',#18975,.T.);
#18975 = EDGE_LOOP('',(#18976,#18977,#18978,#18979));
#18976 = ORIENTED_EDGE('',*,*,#18879,.T.);
#18977 = ORIENTED_EDGE('',*,*,#18910,.T.);
#18978 = ORIENTED_EDGE('',*,*,#18941,.T.);
#18979 = ORIENTED_EDGE('',*,*,#18963,.T.);
#18980 = PLANE('',#18981);
#18981 = AXIS2_PLACEMENT_3D('',#18982,#18983,#18984);
#18982 = CARTESIAN_POINT('',(0.,0.,1.51));
#18983 = DIRECTION('',(0.,0.,1.));
#18984 = DIRECTION('',(1.,0.,-0.));
#18985 = ADVANCED_FACE('',(#18986),#18992,.T.);
#18986 = FACE_BOUND('',#18987,.F.);
#18987 = EDGE_LOOP('',(#18988,#18989,#18990,#18991));
#18988 = ORIENTED_EDGE('',*,*,#18863,.T.);
#18989 = ORIENTED_EDGE('',*,*,#18894,.T.);
#18990 = ORIENTED_EDGE('',*,*,#18925,.T.);
#18991 = ORIENTED_EDGE('',*,*,#18956,.T.);
#18992 = PLANE('',#18993);
#18993 = AXIS2_PLACEMENT_3D('',#18994,#18995,#18996);
#18994 = CARTESIAN_POINT('',(0.,0.,1.55));
#18995 = DIRECTION('',(0.,0.,1.));
#18996 = DIRECTION('',(1.,0.,-0.));
#18997 = MANIFOLD_SOLID_BREP('',#18998);
#18998 = CLOSED_SHELL('',(#18999,#19039,#19070,#19101,#19123,#19135));
#18999 = ADVANCED_FACE('',(#19000),#19034,.T.);
#19000 = FACE_BOUND('',#19001,.T.);
#19001 = EDGE_LOOP('',(#19002,#19012,#19020,#19028));
#19002 = ORIENTED_EDGE('',*,*,#19003,.T.);
#19003 = EDGE_CURVE('',#19004,#19006,#19008,.T.);
#19004 = VERTEX_POINT('',#19005);
#19005 = CARTESIAN_POINT('',(105.35,-100.61,1.51));
#19006 = VERTEX_POINT('',#19007);
#19007 = CARTESIAN_POINT('',(105.35,-100.61,1.55));
#19008 = LINE('',#19009,#19010);
#19009 = CARTESIAN_POINT('',(105.35,-100.61,1.51));
#19010 = VECTOR('',#19011,1.);
#19011 = DIRECTION('',(0.,0.,1.));
#19012 = ORIENTED_EDGE('',*,*,#19013,.T.);
#19013 = EDGE_CURVE('',#19006,#19014,#19016,.T.);
#19014 = VERTEX_POINT('',#19015);
#19015 = CARTESIAN_POINT('',(105.35,-99.71,1.55));
#19016 = LINE('',#19017,#19018);
#19017 = CARTESIAN_POINT('',(105.35,-100.61,1.55));
#19018 = VECTOR('',#19019,1.);
#19019 = DIRECTION('',(0.,1.,0.));
#19020 = ORIENTED_EDGE('',*,*,#19021,.F.);
#19021 = EDGE_CURVE('',#19022,#19014,#19024,.T.);
#19022 = VERTEX_POINT('',#19023);
#19023 = CARTESIAN_POINT('',(105.35,-99.71,1.51));
#19024 = LINE('',#19025,#19026);
#19025 = CARTESIAN_POINT('',(105.35,-99.71,1.51));
#19026 = VECTOR('',#19027,1.);
#19027 = DIRECTION('',(0.,0.,1.));
#19028 = ORIENTED_EDGE('',*,*,#19029,.F.);
#19029 = EDGE_CURVE('',#19004,#19022,#19030,.T.);
#19030 = LINE('',#19031,#19032);
#19031 = CARTESIAN_POINT('',(105.35,-100.61,1.51));
#19032 = VECTOR('',#19033,1.);
#19033 = DIRECTION('',(0.,1.,0.));
#19034 = PLANE('',#19035);
#19035 = AXIS2_PLACEMENT_3D('',#19036,#19037,#19038);
#19036 = CARTESIAN_POINT('',(105.35,-100.61,1.51));
#19037 = DIRECTION('',(-1.,0.,0.));
#19038 = DIRECTION('',(0.,1.,0.));
#19039 = ADVANCED_FACE('',(#19040),#19065,.T.);
#19040 = FACE_BOUND('',#19041,.T.);
#19041 = EDGE_LOOP('',(#19042,#19043,#19051,#19059));
#19042 = ORIENTED_EDGE('',*,*,#19021,.T.);
#19043 = ORIENTED_EDGE('',*,*,#19044,.T.);
#19044 = EDGE_CURVE('',#19014,#19045,#19047,.T.);
#19045 = VERTEX_POINT('',#19046);
#19046 = CARTESIAN_POINT('',(108.35,-99.71,1.55));
#19047 = LINE('',#19048,#19049);
#19048 = CARTESIAN_POINT('',(105.35,-99.71,1.55));
#19049 = VECTOR('',#19050,1.);
#19050 = DIRECTION('',(1.,0.,0.));
#19051 = ORIENTED_EDGE('',*,*,#19052,.F.);
#19052 = EDGE_CURVE('',#19053,#19045,#19055,.T.);
#19053 = VERTEX_POINT('',#19054);
#19054 = CARTESIAN_POINT('',(108.35,-99.71,1.51));
#19055 = LINE('',#19056,#19057);
#19056 = CARTESIAN_POINT('',(108.35,-99.71,1.51));
#19057 = VECTOR('',#19058,1.);
#19058 = DIRECTION('',(0.,0.,1.));
#19059 = ORIENTED_EDGE('',*,*,#19060,.F.);
#19060 = EDGE_CURVE('',#19022,#19053,#19061,.T.);
#19061 = LINE('',#19062,#19063);
#19062 = CARTESIAN_POINT('',(105.35,-99.71,1.51));
#19063 = VECTOR('',#19064,1.);
#19064 = DIRECTION('',(1.,0.,0.));
#19065 = PLANE('',#19066);
#19066 = AXIS2_PLACEMENT_3D('',#19067,#19068,#19069);
#19067 = CARTESIAN_POINT('',(105.35,-99.71,1.51));
#19068 = DIRECTION('',(0.,1.,0.));
#19069 = DIRECTION('',(1.,0.,0.));
#19070 = ADVANCED_FACE('',(#19071),#19096,.T.);
#19071 = FACE_BOUND('',#19072,.T.);
#19072 = EDGE_LOOP('',(#19073,#19074,#19082,#19090));
#19073 = ORIENTED_EDGE('',*,*,#19052,.T.);
#19074 = ORIENTED_EDGE('',*,*,#19075,.T.);
#19075 = EDGE_CURVE('',#19045,#19076,#19078,.T.);
#19076 = VERTEX_POINT('',#19077);
#19077 = CARTESIAN_POINT('',(108.35,-100.61,1.55));
#19078 = LINE('',#19079,#19080);
#19079 = CARTESIAN_POINT('',(108.35,-99.71,1.55));
#19080 = VECTOR('',#19081,1.);
#19081 = DIRECTION('',(0.,-1.,0.));
#19082 = ORIENTED_EDGE('',*,*,#19083,.F.);
#19083 = EDGE_CURVE('',#19084,#19076,#19086,.T.);
#19084 = VERTEX_POINT('',#19085);
#19085 = CARTESIAN_POINT('',(108.35,-100.61,1.51));
#19086 = LINE('',#19087,#19088);
#19087 = CARTESIAN_POINT('',(108.35,-100.61,1.51));
#19088 = VECTOR('',#19089,1.);
#19089 = DIRECTION('',(0.,0.,1.));
#19090 = ORIENTED_EDGE('',*,*,#19091,.F.);
#19091 = EDGE_CURVE('',#19053,#19084,#19092,.T.);
#19092 = LINE('',#19093,#19094);
#19093 = CARTESIAN_POINT('',(108.35,-99.71,1.51));
#19094 = VECTOR('',#19095,1.);
#19095 = DIRECTION('',(0.,-1.,0.));
#19096 = PLANE('',#19097);
#19097 = AXIS2_PLACEMENT_3D('',#19098,#19099,#19100);
#19098 = CARTESIAN_POINT('',(108.35,-99.71,1.51));
#19099 = DIRECTION('',(1.,0.,-0.));
#19100 = DIRECTION('',(0.,-1.,0.));
#19101 = ADVANCED_FACE('',(#19102),#19118,.T.);
#19102 = FACE_BOUND('',#19103,.T.);
#19103 = EDGE_LOOP('',(#19104,#19105,#19111,#19112));
#19104 = ORIENTED_EDGE('',*,*,#19083,.T.);
#19105 = ORIENTED_EDGE('',*,*,#19106,.T.);
#19106 = EDGE_CURVE('',#19076,#19006,#19107,.T.);
#19107 = LINE('',#19108,#19109);
#19108 = CARTESIAN_POINT('',(108.35,-100.61,1.55));
#19109 = VECTOR('',#19110,1.);
#19110 = DIRECTION('',(-1.,0.,0.));
#19111 = ORIENTED_EDGE('',*,*,#19003,.F.);
#19112 = ORIENTED_EDGE('',*,*,#19113,.F.);
#19113 = EDGE_CURVE('',#19084,#19004,#19114,.T.);
#19114 = LINE('',#19115,#19116);
#19115 = CARTESIAN_POINT('',(108.35,-100.61,1.51));
#19116 = VECTOR('',#19117,1.);
#19117 = DIRECTION('',(-1.,0.,0.));
#19118 = PLANE('',#19119);
#19119 = AXIS2_PLACEMENT_3D('',#19120,#19121,#19122);
#19120 = CARTESIAN_POINT('',(108.35,-100.61,1.51));
#19121 = DIRECTION('',(0.,-1.,0.));
#19122 = DIRECTION('',(-1.,0.,0.));
#19123 = ADVANCED_FACE('',(#19124),#19130,.F.);
#19124 = FACE_BOUND('',#19125,.T.);
#19125 = EDGE_LOOP('',(#19126,#19127,#19128,#19129));
#19126 = ORIENTED_EDGE('',*,*,#19029,.T.);
#19127 = ORIENTED_EDGE('',*,*,#19060,.T.);
#19128 = ORIENTED_EDGE('',*,*,#19091,.T.);
#19129 = ORIENTED_EDGE('',*,*,#19113,.T.);
#19130 = PLANE('',#19131);
#19131 = AXIS2_PLACEMENT_3D('',#19132,#19133,#19134);
#19132 = CARTESIAN_POINT('',(0.,0.,1.51));
#19133 = DIRECTION('',(0.,0.,1.));
#19134 = DIRECTION('',(1.,0.,-0.));
#19135 = ADVANCED_FACE('',(#19136),#19142,.T.);
#19136 = FACE_BOUND('',#19137,.F.);
#19137 = EDGE_LOOP('',(#19138,#19139,#19140,#19141));
#19138 = ORIENTED_EDGE('',*,*,#19013,.T.);
#19139 = ORIENTED_EDGE('',*,*,#19044,.T.);
#19140 = ORIENTED_EDGE('',*,*,#19075,.T.);
#19141 = ORIENTED_EDGE('',*,*,#19106,.T.);
#19142 = PLANE('',#19143);
#19143 = AXIS2_PLACEMENT_3D('',#19144,#19145,#19146);
#19144 = CARTESIAN_POINT('',(0.,0.,1.55));
#19145 = DIRECTION('',(0.,0.,1.));
#19146 = DIRECTION('',(1.,0.,-0.));
#19147 = MANIFOLD_SOLID_BREP('',#19148);
#19148 = CLOSED_SHELL('',(#19149,#19189,#19220,#19251,#19273,#19285));
#19149 = ADVANCED_FACE('',(#19150),#19184,.T.);
#19150 = FACE_BOUND('',#19151,.T.);
#19151 = EDGE_LOOP('',(#19152,#19162,#19170,#19178));
#19152 = ORIENTED_EDGE('',*,*,#19153,.T.);
#19153 = EDGE_CURVE('',#19154,#19156,#19158,.T.);
#19154 = VERTEX_POINT('',#19155);
#19155 = CARTESIAN_POINT('',(91.65,-98.07,1.51));
#19156 = VERTEX_POINT('',#19157);
#19157 = CARTESIAN_POINT('',(91.65,-98.07,1.55));
#19158 = LINE('',#19159,#19160);
#19159 = CARTESIAN_POINT('',(91.65,-98.07,1.51));
#19160 = VECTOR('',#19161,1.);
#19161 = DIRECTION('',(0.,0.,1.));
#19162 = ORIENTED_EDGE('',*,*,#19163,.T.);
#19163 = EDGE_CURVE('',#19156,#19164,#19166,.T.);
#19164 = VERTEX_POINT('',#19165);
#19165 = CARTESIAN_POINT('',(91.65,-97.17,1.55));
#19166 = LINE('',#19167,#19168);
#19167 = CARTESIAN_POINT('',(91.65,-98.07,1.55));
#19168 = VECTOR('',#19169,1.);
#19169 = DIRECTION('',(0.,1.,0.));
#19170 = ORIENTED_EDGE('',*,*,#19171,.F.);
#19171 = EDGE_CURVE('',#19172,#19164,#19174,.T.);
#19172 = VERTEX_POINT('',#19173);
#19173 = CARTESIAN_POINT('',(91.65,-97.17,1.51));
#19174 = LINE('',#19175,#19176);
#19175 = CARTESIAN_POINT('',(91.65,-97.17,1.51));
#19176 = VECTOR('',#19177,1.);
#19177 = DIRECTION('',(0.,0.,1.));
#19178 = ORIENTED_EDGE('',*,*,#19179,.F.);
#19179 = EDGE_CURVE('',#19154,#19172,#19180,.T.);
#19180 = LINE('',#19181,#19182);
#19181 = CARTESIAN_POINT('',(91.65,-98.07,1.51));
#19182 = VECTOR('',#19183,1.);
#19183 = DIRECTION('',(0.,1.,0.));
#19184 = PLANE('',#19185);
#19185 = AXIS2_PLACEMENT_3D('',#19186,#19187,#19188);
#19186 = CARTESIAN_POINT('',(91.65,-98.07,1.51));
#19187 = DIRECTION('',(-1.,0.,0.));
#19188 = DIRECTION('',(0.,1.,0.));
#19189 = ADVANCED_FACE('',(#19190),#19215,.T.);
#19190 = FACE_BOUND('',#19191,.T.);
#19191 = EDGE_LOOP('',(#19192,#19193,#19201,#19209));
#19192 = ORIENTED_EDGE('',*,*,#19171,.T.);
#19193 = ORIENTED_EDGE('',*,*,#19194,.T.);
#19194 = EDGE_CURVE('',#19164,#19195,#19197,.T.);
#19195 = VERTEX_POINT('',#19196);
#19196 = CARTESIAN_POINT('',(94.65,-97.17,1.55));
#19197 = LINE('',#19198,#19199);
#19198 = CARTESIAN_POINT('',(91.65,-97.17,1.55));
#19199 = VECTOR('',#19200,1.);
#19200 = DIRECTION('',(1.,0.,0.));
#19201 = ORIENTED_EDGE('',*,*,#19202,.F.);
#19202 = EDGE_CURVE('',#19203,#19195,#19205,.T.);
#19203 = VERTEX_POINT('',#19204);
#19204 = CARTESIAN_POINT('',(94.65,-97.17,1.51));
#19205 = LINE('',#19206,#19207);
#19206 = CARTESIAN_POINT('',(94.65,-97.17,1.51));
#19207 = VECTOR('',#19208,1.);
#19208 = DIRECTION('',(0.,0.,1.));
#19209 = ORIENTED_EDGE('',*,*,#19210,.F.);
#19210 = EDGE_CURVE('',#19172,#19203,#19211,.T.);
#19211 = LINE('',#19212,#19213);
#19212 = CARTESIAN_POINT('',(91.65,-97.17,1.51));
#19213 = VECTOR('',#19214,1.);
#19214 = DIRECTION('',(1.,0.,0.));
#19215 = PLANE('',#19216);
#19216 = AXIS2_PLACEMENT_3D('',#19217,#19218,#19219);
#19217 = CARTESIAN_POINT('',(91.65,-97.17,1.51));
#19218 = DIRECTION('',(0.,1.,0.));
#19219 = DIRECTION('',(1.,0.,0.));
#19220 = ADVANCED_FACE('',(#19221),#19246,.T.);
#19221 = FACE_BOUND('',#19222,.T.);
#19222 = EDGE_LOOP('',(#19223,#19224,#19232,#19240));
#19223 = ORIENTED_EDGE('',*,*,#19202,.T.);
#19224 = ORIENTED_EDGE('',*,*,#19225,.T.);
#19225 = EDGE_CURVE('',#19195,#19226,#19228,.T.);
#19226 = VERTEX_POINT('',#19227);
#19227 = CARTESIAN_POINT('',(94.65,-98.07,1.55));
#19228 = LINE('',#19229,#19230);
#19229 = CARTESIAN_POINT('',(94.65,-97.17,1.55));
#19230 = VECTOR('',#19231,1.);
#19231 = DIRECTION('',(0.,-1.,0.));
#19232 = ORIENTED_EDGE('',*,*,#19233,.F.);
#19233 = EDGE_CURVE('',#19234,#19226,#19236,.T.);
#19234 = VERTEX_POINT('',#19235);
#19235 = CARTESIAN_POINT('',(94.65,-98.07,1.51));
#19236 = LINE('',#19237,#19238);
#19237 = CARTESIAN_POINT('',(94.65,-98.07,1.51));
#19238 = VECTOR('',#19239,1.);
#19239 = DIRECTION('',(0.,0.,1.));
#19240 = ORIENTED_EDGE('',*,*,#19241,.F.);
#19241 = EDGE_CURVE('',#19203,#19234,#19242,.T.);
#19242 = LINE('',#19243,#19244);
#19243 = CARTESIAN_POINT('',(94.65,-97.17,1.51));
#19244 = VECTOR('',#19245,1.);
#19245 = DIRECTION('',(0.,-1.,0.));
#19246 = PLANE('',#19247);
#19247 = AXIS2_PLACEMENT_3D('',#19248,#19249,#19250);
#19248 = CARTESIAN_POINT('',(94.65,-97.17,1.51));
#19249 = DIRECTION('',(1.,0.,-0.));
#19250 = DIRECTION('',(0.,-1.,0.));
#19251 = ADVANCED_FACE('',(#19252),#19268,.T.);
#19252 = FACE_BOUND('',#19253,.T.);
#19253 = EDGE_LOOP('',(#19254,#19255,#19261,#19262));
#19254 = ORIENTED_EDGE('',*,*,#19233,.T.);
#19255 = ORIENTED_EDGE('',*,*,#19256,.T.);
#19256 = EDGE_CURVE('',#19226,#19156,#19257,.T.);
#19257 = LINE('',#19258,#19259);
#19258 = CARTESIAN_POINT('',(94.65,-98.07,1.55));
#19259 = VECTOR('',#19260,1.);
#19260 = DIRECTION('',(-1.,0.,0.));
#19261 = ORIENTED_EDGE('',*,*,#19153,.F.);
#19262 = ORIENTED_EDGE('',*,*,#19263,.F.);
#19263 = EDGE_CURVE('',#19234,#19154,#19264,.T.);
#19264 = LINE('',#19265,#19266);
#19265 = CARTESIAN_POINT('',(94.65,-98.07,1.51));
#19266 = VECTOR('',#19267,1.);
#19267 = DIRECTION('',(-1.,0.,0.));
#19268 = PLANE('',#19269);
#19269 = AXIS2_PLACEMENT_3D('',#19270,#19271,#19272);
#19270 = CARTESIAN_POINT('',(94.65,-98.07,1.51));
#19271 = DIRECTION('',(0.,-1.,0.));
#19272 = DIRECTION('',(-1.,0.,0.));
#19273 = ADVANCED_FACE('',(#19274),#19280,.F.);
#19274 = FACE_BOUND('',#19275,.T.);
#19275 = EDGE_LOOP('',(#19276,#19277,#19278,#19279));
#19276 = ORIENTED_EDGE('',*,*,#19179,.T.);
#19277 = ORIENTED_EDGE('',*,*,#19210,.T.);
#19278 = ORIENTED_EDGE('',*,*,#19241,.T.);
#19279 = ORIENTED_EDGE('',*,*,#19263,.T.);
#19280 = PLANE('',#19281);
#19281 = AXIS2_PLACEMENT_3D('',#19282,#19283,#19284);
#19282 = CARTESIAN_POINT('',(0.,0.,1.51));
#19283 = DIRECTION('',(0.,0.,1.));
#19284 = DIRECTION('',(1.,0.,-0.));
#19285 = ADVANCED_FACE('',(#19286),#19292,.T.);
#19286 = FACE_BOUND('',#19287,.F.);
#19287 = EDGE_LOOP('',(#19288,#19289,#19290,#19291));
#19288 = ORIENTED_EDGE('',*,*,#19163,.T.);
#19289 = ORIENTED_EDGE('',*,*,#19194,.T.);
#19290 = ORIENTED_EDGE('',*,*,#19225,.T.);
#19291 = ORIENTED_EDGE('',*,*,#19256,.T.);
#19292 = PLANE('',#19293);
#19293 = AXIS2_PLACEMENT_3D('',#19294,#19295,#19296);
#19294 = CARTESIAN_POINT('',(0.,0.,1.55));
#19295 = DIRECTION('',(0.,0.,1.));
#19296 = DIRECTION('',(1.,0.,-0.));
#19297 = MANIFOLD_SOLID_BREP('',#19298);
#19298 = CLOSED_SHELL('',(#19299,#19339,#19370,#19401,#19423,#19435));
#19299 = ADVANCED_FACE('',(#19300),#19334,.T.);
#19300 = FACE_BOUND('',#19301,.T.);
#19301 = EDGE_LOOP('',(#19302,#19312,#19320,#19328));
#19302 = ORIENTED_EDGE('',*,*,#19303,.T.);
#19303 = EDGE_CURVE('',#19304,#19306,#19308,.T.);
#19304 = VERTEX_POINT('',#19305);
#19305 = CARTESIAN_POINT('',(91.65,-100.61,1.51));
#19306 = VERTEX_POINT('',#19307);
#19307 = CARTESIAN_POINT('',(91.65,-100.61,1.55));
#19308 = LINE('',#19309,#19310);
#19309 = CARTESIAN_POINT('',(91.65,-100.61,1.51));
#19310 = VECTOR('',#19311,1.);
#19311 = DIRECTION('',(0.,0.,1.));
#19312 = ORIENTED_EDGE('',*,*,#19313,.T.);
#19313 = EDGE_CURVE('',#19306,#19314,#19316,.T.);
#19314 = VERTEX_POINT('',#19315);
#19315 = CARTESIAN_POINT('',(91.65,-99.71,1.55));
#19316 = LINE('',#19317,#19318);
#19317 = CARTESIAN_POINT('',(91.65,-100.61,1.55));
#19318 = VECTOR('',#19319,1.);
#19319 = DIRECTION('',(0.,1.,0.));
#19320 = ORIENTED_EDGE('',*,*,#19321,.F.);
#19321 = EDGE_CURVE('',#19322,#19314,#19324,.T.);
#19322 = VERTEX_POINT('',#19323);
#19323 = CARTESIAN_POINT('',(91.65,-99.71,1.51));
#19324 = LINE('',#19325,#19326);
#19325 = CARTESIAN_POINT('',(91.65,-99.71,1.51));
#19326 = VECTOR('',#19327,1.);
#19327 = DIRECTION('',(0.,0.,1.));
#19328 = ORIENTED_EDGE('',*,*,#19329,.F.);
#19329 = EDGE_CURVE('',#19304,#19322,#19330,.T.);
#19330 = LINE('',#19331,#19332);
#19331 = CARTESIAN_POINT('',(91.65,-100.61,1.51));
#19332 = VECTOR('',#19333,1.);
#19333 = DIRECTION('',(0.,1.,0.));
#19334 = PLANE('',#19335);
#19335 = AXIS2_PLACEMENT_3D('',#19336,#19337,#19338);
#19336 = CARTESIAN_POINT('',(91.65,-100.61,1.51));
#19337 = DIRECTION('',(-1.,0.,0.));
#19338 = DIRECTION('',(0.,1.,0.));
#19339 = ADVANCED_FACE('',(#19340),#19365,.T.);
#19340 = FACE_BOUND('',#19341,.T.);
#19341 = EDGE_LOOP('',(#19342,#19343,#19351,#19359));
#19342 = ORIENTED_EDGE('',*,*,#19321,.T.);
#19343 = ORIENTED_EDGE('',*,*,#19344,.T.);
#19344 = EDGE_CURVE('',#19314,#19345,#19347,.T.);
#19345 = VERTEX_POINT('',#19346);
#19346 = CARTESIAN_POINT('',(94.65,-99.71,1.55));
#19347 = LINE('',#19348,#19349);
#19348 = CARTESIAN_POINT('',(91.65,-99.71,1.55));
#19349 = VECTOR('',#19350,1.);
#19350 = DIRECTION('',(1.,0.,0.));
#19351 = ORIENTED_EDGE('',*,*,#19352,.F.);
#19352 = EDGE_CURVE('',#19353,#19345,#19355,.T.);
#19353 = VERTEX_POINT('',#19354);
#19354 = CARTESIAN_POINT('',(94.65,-99.71,1.51));
#19355 = LINE('',#19356,#19357);
#19356 = CARTESIAN_POINT('',(94.65,-99.71,1.51));
#19357 = VECTOR('',#19358,1.);
#19358 = DIRECTION('',(0.,0.,1.));
#19359 = ORIENTED_EDGE('',*,*,#19360,.F.);
#19360 = EDGE_CURVE('',#19322,#19353,#19361,.T.);
#19361 = LINE('',#19362,#19363);
#19362 = CARTESIAN_POINT('',(91.65,-99.71,1.51));
#19363 = VECTOR('',#19364,1.);
#19364 = DIRECTION('',(1.,0.,0.));
#19365 = PLANE('',#19366);
#19366 = AXIS2_PLACEMENT_3D('',#19367,#19368,#19369);
#19367 = CARTESIAN_POINT('',(91.65,-99.71,1.51));
#19368 = DIRECTION('',(0.,1.,0.));
#19369 = DIRECTION('',(1.,0.,0.));
#19370 = ADVANCED_FACE('',(#19371),#19396,.T.);
#19371 = FACE_BOUND('',#19372,.T.);
#19372 = EDGE_LOOP('',(#19373,#19374,#19382,#19390));
#19373 = ORIENTED_EDGE('',*,*,#19352,.T.);
#19374 = ORIENTED_EDGE('',*,*,#19375,.T.);
#19375 = EDGE_CURVE('',#19345,#19376,#19378,.T.);
#19376 = VERTEX_POINT('',#19377);
#19377 = CARTESIAN_POINT('',(94.65,-100.61,1.55));
#19378 = LINE('',#19379,#19380);
#19379 = CARTESIAN_POINT('',(94.65,-99.71,1.55));
#19380 = VECTOR('',#19381,1.);
#19381 = DIRECTION('',(0.,-1.,0.));
#19382 = ORIENTED_EDGE('',*,*,#19383,.F.);
#19383 = EDGE_CURVE('',#19384,#19376,#19386,.T.);
#19384 = VERTEX_POINT('',#19385);
#19385 = CARTESIAN_POINT('',(94.65,-100.61,1.51));
#19386 = LINE('',#19387,#19388);
#19387 = CARTESIAN_POINT('',(94.65,-100.61,1.51));
#19388 = VECTOR('',#19389,1.);
#19389 = DIRECTION('',(0.,0.,1.));
#19390 = ORIENTED_EDGE('',*,*,#19391,.F.);
#19391 = EDGE_CURVE('',#19353,#19384,#19392,.T.);
#19392 = LINE('',#19393,#19394);
#19393 = CARTESIAN_POINT('',(94.65,-99.71,1.51));
#19394 = VECTOR('',#19395,1.);
#19395 = DIRECTION('',(0.,-1.,0.));
#19396 = PLANE('',#19397);
#19397 = AXIS2_PLACEMENT_3D('',#19398,#19399,#19400);
#19398 = CARTESIAN_POINT('',(94.65,-99.71,1.51));
#19399 = DIRECTION('',(1.,0.,-0.));
#19400 = DIRECTION('',(0.,-1.,0.));
#19401 = ADVANCED_FACE('',(#19402),#19418,.T.);
#19402 = FACE_BOUND('',#19403,.T.);
#19403 = EDGE_LOOP('',(#19404,#19405,#19411,#19412));
#19404 = ORIENTED_EDGE('',*,*,#19383,.T.);
#19405 = ORIENTED_EDGE('',*,*,#19406,.T.);
#19406 = EDGE_CURVE('',#19376,#19306,#19407,.T.);
#19407 = LINE('',#19408,#19409);
#19408 = CARTESIAN_POINT('',(94.65,-100.61,1.55));
#19409 = VECTOR('',#19410,1.);
#19410 = DIRECTION('',(-1.,0.,0.));
#19411 = ORIENTED_EDGE('',*,*,#19303,.F.);
#19412 = ORIENTED_EDGE('',*,*,#19413,.F.);
#19413 = EDGE_CURVE('',#19384,#19304,#19414,.T.);
#19414 = LINE('',#19415,#19416);
#19415 = CARTESIAN_POINT('',(94.65,-100.61,1.51));
#19416 = VECTOR('',#19417,1.);
#19417 = DIRECTION('',(-1.,0.,0.));
#19418 = PLANE('',#19419);
#19419 = AXIS2_PLACEMENT_3D('',#19420,#19421,#19422);
#19420 = CARTESIAN_POINT('',(94.65,-100.61,1.51));
#19421 = DIRECTION('',(0.,-1.,0.));
#19422 = DIRECTION('',(-1.,0.,0.));
#19423 = ADVANCED_FACE('',(#19424),#19430,.F.);
#19424 = FACE_BOUND('',#19425,.T.);
#19425 = EDGE_LOOP('',(#19426,#19427,#19428,#19429));
#19426 = ORIENTED_EDGE('',*,*,#19329,.T.);
#19427 = ORIENTED_EDGE('',*,*,#19360,.T.);
#19428 = ORIENTED_EDGE('',*,*,#19391,.T.);
#19429 = ORIENTED_EDGE('',*,*,#19413,.T.);
#19430 = PLANE('',#19431);
#19431 = AXIS2_PLACEMENT_3D('',#19432,#19433,#19434);
#19432 = CARTESIAN_POINT('',(0.,0.,1.51));
#19433 = DIRECTION('',(0.,0.,1.));
#19434 = DIRECTION('',(1.,0.,-0.));
#19435 = ADVANCED_FACE('',(#19436),#19442,.T.);
#19436 = FACE_BOUND('',#19437,.F.);
#19437 = EDGE_LOOP('',(#19438,#19439,#19440,#19441));
#19438 = ORIENTED_EDGE('',*,*,#19313,.T.);
#19439 = ORIENTED_EDGE('',*,*,#19344,.T.);
#19440 = ORIENTED_EDGE('',*,*,#19375,.T.);
#19441 = ORIENTED_EDGE('',*,*,#19406,.T.);
#19442 = PLANE('',#19443);
#19443 = AXIS2_PLACEMENT_3D('',#19444,#19445,#19446);
#19444 = CARTESIAN_POINT('',(0.,0.,1.55));
#19445 = DIRECTION('',(0.,0.,1.));
#19446 = DIRECTION('',(1.,0.,-0.));
#19447 = MANIFOLD_SOLID_BREP('',#19448);
#19448 = CLOSED_SHELL('',(#19449,#19489,#19520,#19551,#19573,#19585));
#19449 = ADVANCED_FACE('',(#19450),#19484,.T.);
#19450 = FACE_BOUND('',#19451,.T.);
#19451 = EDGE_LOOP('',(#19452,#19462,#19470,#19478));
#19452 = ORIENTED_EDGE('',*,*,#19453,.T.);
#19453 = EDGE_CURVE('',#19454,#19456,#19458,.T.);
#19454 = VERTEX_POINT('',#19455);
#19455 = CARTESIAN_POINT('',(91.65,-101.88,1.51));
#19456 = VERTEX_POINT('',#19457);
#19457 = CARTESIAN_POINT('',(91.65,-101.88,1.55));
#19458 = LINE('',#19459,#19460);
#19459 = CARTESIAN_POINT('',(91.65,-101.88,1.51));
#19460 = VECTOR('',#19461,1.);
#19461 = DIRECTION('',(0.,0.,1.));
#19462 = ORIENTED_EDGE('',*,*,#19463,.T.);
#19463 = EDGE_CURVE('',#19456,#19464,#19466,.T.);
#19464 = VERTEX_POINT('',#19465);
#19465 = CARTESIAN_POINT('',(91.65,-100.98,1.55));
#19466 = LINE('',#19467,#19468);
#19467 = CARTESIAN_POINT('',(91.65,-101.88,1.55));
#19468 = VECTOR('',#19469,1.);
#19469 = DIRECTION('',(0.,1.,0.));
#19470 = ORIENTED_EDGE('',*,*,#19471,.F.);
#19471 = EDGE_CURVE('',#19472,#19464,#19474,.T.);
#19472 = VERTEX_POINT('',#19473);
#19473 = CARTESIAN_POINT('',(91.65,-100.98,1.51));
#19474 = LINE('',#19475,#19476);
#19475 = CARTESIAN_POINT('',(91.65,-100.98,1.51));
#19476 = VECTOR('',#19477,1.);
#19477 = DIRECTION('',(0.,0.,1.));
#19478 = ORIENTED_EDGE('',*,*,#19479,.F.);
#19479 = EDGE_CURVE('',#19454,#19472,#19480,.T.);
#19480 = LINE('',#19481,#19482);
#19481 = CARTESIAN_POINT('',(91.65,-101.88,1.51));
#19482 = VECTOR('',#19483,1.);
#19483 = DIRECTION('',(0.,1.,0.));
#19484 = PLANE('',#19485);
#19485 = AXIS2_PLACEMENT_3D('',#19486,#19487,#19488);
#19486 = CARTESIAN_POINT('',(91.65,-101.88,1.51));
#19487 = DIRECTION('',(-1.,0.,0.));
#19488 = DIRECTION('',(0.,1.,0.));
#19489 = ADVANCED_FACE('',(#19490),#19515,.T.);
#19490 = FACE_BOUND('',#19491,.T.);
#19491 = EDGE_LOOP('',(#19492,#19493,#19501,#19509));
#19492 = ORIENTED_EDGE('',*,*,#19471,.T.);
#19493 = ORIENTED_EDGE('',*,*,#19494,.T.);
#19494 = EDGE_CURVE('',#19464,#19495,#19497,.T.);
#19495 = VERTEX_POINT('',#19496);
#19496 = CARTESIAN_POINT('',(94.65,-100.98,1.55));
#19497 = LINE('',#19498,#19499);
#19498 = CARTESIAN_POINT('',(91.65,-100.98,1.55));
#19499 = VECTOR('',#19500,1.);
#19500 = DIRECTION('',(1.,0.,0.));
#19501 = ORIENTED_EDGE('',*,*,#19502,.F.);
#19502 = EDGE_CURVE('',#19503,#19495,#19505,.T.);
#19503 = VERTEX_POINT('',#19504);
#19504 = CARTESIAN_POINT('',(94.65,-100.98,1.51));
#19505 = LINE('',#19506,#19507);
#19506 = CARTESIAN_POINT('',(94.65,-100.98,1.51));
#19507 = VECTOR('',#19508,1.);
#19508 = DIRECTION('',(0.,0.,1.));
#19509 = ORIENTED_EDGE('',*,*,#19510,.F.);
#19510 = EDGE_CURVE('',#19472,#19503,#19511,.T.);
#19511 = LINE('',#19512,#19513);
#19512 = CARTESIAN_POINT('',(91.65,-100.98,1.51));
#19513 = VECTOR('',#19514,1.);
#19514 = DIRECTION('',(1.,0.,0.));
#19515 = PLANE('',#19516);
#19516 = AXIS2_PLACEMENT_3D('',#19517,#19518,#19519);
#19517 = CARTESIAN_POINT('',(91.65,-100.98,1.51));
#19518 = DIRECTION('',(0.,1.,0.));
#19519 = DIRECTION('',(1.,0.,0.));
#19520 = ADVANCED_FACE('',(#19521),#19546,.T.);
#19521 = FACE_BOUND('',#19522,.T.);
#19522 = EDGE_LOOP('',(#19523,#19524,#19532,#19540));
#19523 = ORIENTED_EDGE('',*,*,#19502,.T.);
#19524 = ORIENTED_EDGE('',*,*,#19525,.T.);
#19525 = EDGE_CURVE('',#19495,#19526,#19528,.T.);
#19526 = VERTEX_POINT('',#19527);
#19527 = CARTESIAN_POINT('',(94.65,-101.88,1.55));
#19528 = LINE('',#19529,#19530);
#19529 = CARTESIAN_POINT('',(94.65,-100.98,1.55));
#19530 = VECTOR('',#19531,1.);
#19531 = DIRECTION('',(0.,-1.,0.));
#19532 = ORIENTED_EDGE('',*,*,#19533,.F.);
#19533 = EDGE_CURVE('',#19534,#19526,#19536,.T.);
#19534 = VERTEX_POINT('',#19535);
#19535 = CARTESIAN_POINT('',(94.65,-101.88,1.51));
#19536 = LINE('',#19537,#19538);
#19537 = CARTESIAN_POINT('',(94.65,-101.88,1.51));
#19538 = VECTOR('',#19539,1.);
#19539 = DIRECTION('',(0.,0.,1.));
#19540 = ORIENTED_EDGE('',*,*,#19541,.F.);
#19541 = EDGE_CURVE('',#19503,#19534,#19542,.T.);
#19542 = LINE('',#19543,#19544);
#19543 = CARTESIAN_POINT('',(94.65,-100.98,1.51));
#19544 = VECTOR('',#19545,1.);
#19545 = DIRECTION('',(0.,-1.,0.));
#19546 = PLANE('',#19547);
#19547 = AXIS2_PLACEMENT_3D('',#19548,#19549,#19550);
#19548 = CARTESIAN_POINT('',(94.65,-100.98,1.51));
#19549 = DIRECTION('',(1.,0.,-0.));
#19550 = DIRECTION('',(0.,-1.,0.));
#19551 = ADVANCED_FACE('',(#19552),#19568,.T.);
#19552 = FACE_BOUND('',#19553,.T.);
#19553 = EDGE_LOOP('',(#19554,#19555,#19561,#19562));
#19554 = ORIENTED_EDGE('',*,*,#19533,.T.);
#19555 = ORIENTED_EDGE('',*,*,#19556,.T.);
#19556 = EDGE_CURVE('',#19526,#19456,#19557,.T.);
#19557 = LINE('',#19558,#19559);
#19558 = CARTESIAN_POINT('',(94.65,-101.88,1.55));
#19559 = VECTOR('',#19560,1.);
#19560 = DIRECTION('',(-1.,0.,0.));
#19561 = ORIENTED_EDGE('',*,*,#19453,.F.);
#19562 = ORIENTED_EDGE('',*,*,#19563,.F.);
#19563 = EDGE_CURVE('',#19534,#19454,#19564,.T.);
#19564 = LINE('',#19565,#19566);
#19565 = CARTESIAN_POINT('',(94.65,-101.88,1.51));
#19566 = VECTOR('',#19567,1.);
#19567 = DIRECTION('',(-1.,0.,0.));
#19568 = PLANE('',#19569);
#19569 = AXIS2_PLACEMENT_3D('',#19570,#19571,#19572);
#19570 = CARTESIAN_POINT('',(94.65,-101.88,1.51));
#19571 = DIRECTION('',(0.,-1.,0.));
#19572 = DIRECTION('',(-1.,0.,0.));
#19573 = ADVANCED_FACE('',(#19574),#19580,.F.);
#19574 = FACE_BOUND('',#19575,.T.);
#19575 = EDGE_LOOP('',(#19576,#19577,#19578,#19579));
#19576 = ORIENTED_EDGE('',*,*,#19479,.T.);
#19577 = ORIENTED_EDGE('',*,*,#19510,.T.);
#19578 = ORIENTED_EDGE('',*,*,#19541,.T.);
#19579 = ORIENTED_EDGE('',*,*,#19563,.T.);
#19580 = PLANE('',#19581);
#19581 = AXIS2_PLACEMENT_3D('',#19582,#19583,#19584);
#19582 = CARTESIAN_POINT('',(0.,0.,1.51));
#19583 = DIRECTION('',(0.,0.,1.));
#19584 = DIRECTION('',(1.,0.,-0.));
#19585 = ADVANCED_FACE('',(#19586),#19592,.T.);
#19586 = FACE_BOUND('',#19587,.F.);
#19587 = EDGE_LOOP('',(#19588,#19589,#19590,#19591));
#19588 = ORIENTED_EDGE('',*,*,#19463,.T.);
#19589 = ORIENTED_EDGE('',*,*,#19494,.T.);
#19590 = ORIENTED_EDGE('',*,*,#19525,.T.);
#19591 = ORIENTED_EDGE('',*,*,#19556,.T.);
#19592 = PLANE('',#19593);
#19593 = AXIS2_PLACEMENT_3D('',#19594,#19595,#19596);
#19594 = CARTESIAN_POINT('',(0.,0.,1.55));
#19595 = DIRECTION('',(0.,0.,1.));
#19596 = DIRECTION('',(1.,0.,-0.));
#19597 = MANIFOLD_SOLID_BREP('',#19598);
#19598 = CLOSED_SHELL('',(#19599,#19639,#19670,#19701,#19723,#19735));
#19599 = ADVANCED_FACE('',(#19600),#19634,.T.);
#19600 = FACE_BOUND('',#19601,.T.);
#19601 = EDGE_LOOP('',(#19602,#19612,#19620,#19628));
#19602 = ORIENTED_EDGE('',*,*,#19603,.T.);
#19603 = EDGE_CURVE('',#19604,#19606,#19608,.T.);
#19604 = VERTEX_POINT('',#19605);
#19605 = CARTESIAN_POINT('',(91.65,-103.15,1.51));
#19606 = VERTEX_POINT('',#19607);
#19607 = CARTESIAN_POINT('',(91.65,-103.15,1.55));
#19608 = LINE('',#19609,#19610);
#19609 = CARTESIAN_POINT('',(91.65,-103.15,1.51));
#19610 = VECTOR('',#19611,1.);
#19611 = DIRECTION('',(0.,0.,1.));
#19612 = ORIENTED_EDGE('',*,*,#19613,.T.);
#19613 = EDGE_CURVE('',#19606,#19614,#19616,.T.);
#19614 = VERTEX_POINT('',#19615);
#19615 = CARTESIAN_POINT('',(91.65,-102.25,1.55));
#19616 = LINE('',#19617,#19618);
#19617 = CARTESIAN_POINT('',(91.65,-103.15,1.55));
#19618 = VECTOR('',#19619,1.);
#19619 = DIRECTION('',(0.,1.,0.));
#19620 = ORIENTED_EDGE('',*,*,#19621,.F.);
#19621 = EDGE_CURVE('',#19622,#19614,#19624,.T.);
#19622 = VERTEX_POINT('',#19623);
#19623 = CARTESIAN_POINT('',(91.65,-102.25,1.51));
#19624 = LINE('',#19625,#19626);
#19625 = CARTESIAN_POINT('',(91.65,-102.25,1.51));
#19626 = VECTOR('',#19627,1.);
#19627 = DIRECTION('',(0.,0.,1.));
#19628 = ORIENTED_EDGE('',*,*,#19629,.F.);
#19629 = EDGE_CURVE('',#19604,#19622,#19630,.T.);
#19630 = LINE('',#19631,#19632);
#19631 = CARTESIAN_POINT('',(91.65,-103.15,1.51));
#19632 = VECTOR('',#19633,1.);
#19633 = DIRECTION('',(0.,1.,0.));
#19634 = PLANE('',#19635);
#19635 = AXIS2_PLACEMENT_3D('',#19636,#19637,#19638);
#19636 = CARTESIAN_POINT('',(91.65,-103.15,1.51));
#19637 = DIRECTION('',(-1.,0.,0.));
#19638 = DIRECTION('',(0.,1.,0.));
#19639 = ADVANCED_FACE('',(#19640),#19665,.T.);
#19640 = FACE_BOUND('',#19641,.T.);
#19641 = EDGE_LOOP('',(#19642,#19643,#19651,#19659));
#19642 = ORIENTED_EDGE('',*,*,#19621,.T.);
#19643 = ORIENTED_EDGE('',*,*,#19644,.T.);
#19644 = EDGE_CURVE('',#19614,#19645,#19647,.T.);
#19645 = VERTEX_POINT('',#19646);
#19646 = CARTESIAN_POINT('',(94.65,-102.25,1.55));
#19647 = LINE('',#19648,#19649);
#19648 = CARTESIAN_POINT('',(91.65,-102.25,1.55));
#19649 = VECTOR('',#19650,1.);
#19650 = DIRECTION('',(1.,0.,0.));
#19651 = ORIENTED_EDGE('',*,*,#19652,.F.);
#19652 = EDGE_CURVE('',#19653,#19645,#19655,.T.);
#19653 = VERTEX_POINT('',#19654);
#19654 = CARTESIAN_POINT('',(94.65,-102.25,1.51));
#19655 = LINE('',#19656,#19657);
#19656 = CARTESIAN_POINT('',(94.65,-102.25,1.51));
#19657 = VECTOR('',#19658,1.);
#19658 = DIRECTION('',(0.,0.,1.));
#19659 = ORIENTED_EDGE('',*,*,#19660,.F.);
#19660 = EDGE_CURVE('',#19622,#19653,#19661,.T.);
#19661 = LINE('',#19662,#19663);
#19662 = CARTESIAN_POINT('',(91.65,-102.25,1.51));
#19663 = VECTOR('',#19664,1.);
#19664 = DIRECTION('',(1.,0.,0.));
#19665 = PLANE('',#19666);
#19666 = AXIS2_PLACEMENT_3D('',#19667,#19668,#19669);
#19667 = CARTESIAN_POINT('',(91.65,-102.25,1.51));
#19668 = DIRECTION('',(0.,1.,0.));
#19669 = DIRECTION('',(1.,0.,0.));
#19670 = ADVANCED_FACE('',(#19671),#19696,.T.);
#19671 = FACE_BOUND('',#19672,.T.);
#19672 = EDGE_LOOP('',(#19673,#19674,#19682,#19690));
#19673 = ORIENTED_EDGE('',*,*,#19652,.T.);
#19674 = ORIENTED_EDGE('',*,*,#19675,.T.);
#19675 = EDGE_CURVE('',#19645,#19676,#19678,.T.);
#19676 = VERTEX_POINT('',#19677);
#19677 = CARTESIAN_POINT('',(94.65,-103.15,1.55));
#19678 = LINE('',#19679,#19680);
#19679 = CARTESIAN_POINT('',(94.65,-102.25,1.55));
#19680 = VECTOR('',#19681,1.);
#19681 = DIRECTION('',(0.,-1.,0.));
#19682 = ORIENTED_EDGE('',*,*,#19683,.F.);
#19683 = EDGE_CURVE('',#19684,#19676,#19686,.T.);
#19684 = VERTEX_POINT('',#19685);
#19685 = CARTESIAN_POINT('',(94.65,-103.15,1.51));
#19686 = LINE('',#19687,#19688);
#19687 = CARTESIAN_POINT('',(94.65,-103.15,1.51));
#19688 = VECTOR('',#19689,1.);
#19689 = DIRECTION('',(0.,0.,1.));
#19690 = ORIENTED_EDGE('',*,*,#19691,.F.);
#19691 = EDGE_CURVE('',#19653,#19684,#19692,.T.);
#19692 = LINE('',#19693,#19694);
#19693 = CARTESIAN_POINT('',(94.65,-102.25,1.51));
#19694 = VECTOR('',#19695,1.);
#19695 = DIRECTION('',(0.,-1.,0.));
#19696 = PLANE('',#19697);
#19697 = AXIS2_PLACEMENT_3D('',#19698,#19699,#19700);
#19698 = CARTESIAN_POINT('',(94.65,-102.25,1.51));
#19699 = DIRECTION('',(1.,0.,-0.));
#19700 = DIRECTION('',(0.,-1.,0.));
#19701 = ADVANCED_FACE('',(#19702),#19718,.T.);
#19702 = FACE_BOUND('',#19703,.T.);
#19703 = EDGE_LOOP('',(#19704,#19705,#19711,#19712));
#19704 = ORIENTED_EDGE('',*,*,#19683,.T.);
#19705 = ORIENTED_EDGE('',*,*,#19706,.T.);
#19706 = EDGE_CURVE('',#19676,#19606,#19707,.T.);
#19707 = LINE('',#19708,#19709);
#19708 = CARTESIAN_POINT('',(94.65,-103.15,1.55));
#19709 = VECTOR('',#19710,1.);
#19710 = DIRECTION('',(-1.,0.,0.));
#19711 = ORIENTED_EDGE('',*,*,#19603,.F.);
#19712 = ORIENTED_EDGE('',*,*,#19713,.F.);
#19713 = EDGE_CURVE('',#19684,#19604,#19714,.T.);
#19714 = LINE('',#19715,#19716);
#19715 = CARTESIAN_POINT('',(94.65,-103.15,1.51));
#19716 = VECTOR('',#19717,1.);
#19717 = DIRECTION('',(-1.,0.,0.));
#19718 = PLANE('',#19719);
#19719 = AXIS2_PLACEMENT_3D('',#19720,#19721,#19722);
#19720 = CARTESIAN_POINT('',(94.65,-103.15,1.51));
#19721 = DIRECTION('',(0.,-1.,0.));
#19722 = DIRECTION('',(-1.,0.,0.));
#19723 = ADVANCED_FACE('',(#19724),#19730,.F.);
#19724 = FACE_BOUND('',#19725,.T.);
#19725 = EDGE_LOOP('',(#19726,#19727,#19728,#19729));
#19726 = ORIENTED_EDGE('',*,*,#19629,.T.);
#19727 = ORIENTED_EDGE('',*,*,#19660,.T.);
#19728 = ORIENTED_EDGE('',*,*,#19691,.T.);
#19729 = ORIENTED_EDGE('',*,*,#19713,.T.);
#19730 = PLANE('',#19731);
#19731 = AXIS2_PLACEMENT_3D('',#19732,#19733,#19734);
#19732 = CARTESIAN_POINT('',(0.,0.,1.51));
#19733 = DIRECTION('',(0.,0.,1.));
#19734 = DIRECTION('',(1.,0.,-0.));
#19735 = ADVANCED_FACE('',(#19736),#19742,.T.);
#19736 = FACE_BOUND('',#19737,.F.);
#19737 = EDGE_LOOP('',(#19738,#19739,#19740,#19741));
#19738 = ORIENTED_EDGE('',*,*,#19613,.T.);
#19739 = ORIENTED_EDGE('',*,*,#19644,.T.);
#19740 = ORIENTED_EDGE('',*,*,#19675,.T.);
#19741 = ORIENTED_EDGE('',*,*,#19706,.T.);
#19742 = PLANE('',#19743);
#19743 = AXIS2_PLACEMENT_3D('',#19744,#19745,#19746);
#19744 = CARTESIAN_POINT('',(0.,0.,1.55));
#19745 = DIRECTION('',(0.,0.,1.));
#19746 = DIRECTION('',(1.,0.,-0.));
#19747 = ( GEOMETRIC_REPRESENTATION_CONTEXT(3) 
GLOBAL_UNCERTAINTY_ASSIGNED_CONTEXT((#19751)) 
GLOBAL_UNIT_ASSIGNED_CONTEXT((#19748,#19749,#19750)) 
REPRESENTATION_CONTEXT('Context #1',
  '3D Context with UNIT and UNCERTAINTY') );
#19748 = ( LENGTH_UNIT() NAMED_UNIT(*) SI_UNIT(.MILLI.,.METRE.) );
#19749 = ( NAMED_UNIT(*) PLANE_ANGLE_UNIT() SI_UNIT($,.RADIAN.) );
#19750 = ( NAMED_UNIT(*) SI_UNIT($,.STERADIAN.) SOLID_ANGLE_UNIT() );
#19751 = UNCERTAINTY_MEASURE_WITH_UNIT(LENGTH_MEASURE(1.E-07),#19748,
  'distance_accuracy_value','confusion accuracy');
#19752 = SHAPE_DEFINITION_REPRESENTATION(#19753,#11381);
#19753 = PRODUCT_DEFINITION_SHAPE('','',#19754);
#19754 = PRODUCT_DEFINITION('design','',#19755,#19758);
#19755 = PRODUCT_DEFINITION_FORMATION('','',#19756);
#19756 = PRODUCT('ptt_board_core_pad','ptt_board_core_pad','',(#19757));
#19757 = PRODUCT_CONTEXT('',#2,'mechanical');
#19758 = PRODUCT_DEFINITION_CONTEXT('part definition',#2,'design');
#19759 = CONTEXT_DEPENDENT_SHAPE_REPRESENTATION(#19760,#19762);
#19760 = ( REPRESENTATION_RELATIONSHIP('','',#11381,#10) 
REPRESENTATION_RELATIONSHIP_WITH_TRANSFORMATION(#19761) 
SHAPE_REPRESENTATION_RELATIONSHIP() );
#19761 = ITEM_DEFINED_TRANSFORMATION('','',#11,#35);
#19762 = PRODUCT_DEFINITION_SHAPE('Placement','Placement of an item',
  #19763);
#19763 = NEXT_ASSEMBLY_USAGE_OCCURRENCE('6','','',#5,#19754,$);
#19764 = PRODUCT_RELATED_PRODUCT_CATEGORY('part',$,(#19756));
#19765 = ADVANCED_BREP_SHAPE_REPRESENTATION('',(#11,#19766),#20255);
#19766 = MANIFOLD_SOLID_BREP('',#19767);
#19767 = CLOSED_SHELL('',(#19768,#19801,#19926,#20051,#20068,#20085,
    #20107,#20124,#20141,#20153,#20170,#20192,#20209,#20226,#20238));
#19768 = ADVANCED_FACE('',(#19769),#19796,.T.);
#19769 = FACE_BOUND('',#19770,.F.);
#19770 = EDGE_LOOP('',(#19771,#19781,#19788,#19789));
#19771 = ORIENTED_EDGE('',*,*,#19772,.T.);
#19772 = EDGE_CURVE('',#19773,#19775,#19777,.T.);
#19773 = VERTEX_POINT('',#19774);
#19774 = CARTESIAN_POINT('',(112.5,-100.,0.));
#19775 = VERTEX_POINT('',#19776);
#19776 = CARTESIAN_POINT('',(112.5,-100.,1.51));
#19777 = LINE('',#19778,#19779);
#19778 = CARTESIAN_POINT('',(112.5,-100.,0.));
#19779 = VECTOR('',#19780,1.);
#19780 = DIRECTION('',(0.,0.,1.));
#19781 = ORIENTED_EDGE('',*,*,#19782,.T.);
#19782 = EDGE_CURVE('',#19775,#19775,#19783,.T.);
#19783 = CIRCLE('',#19784,12.5);
#19784 = AXIS2_PLACEMENT_3D('',#19785,#19786,#19787);
#19785 = CARTESIAN_POINT('',(100.,-100.,1.51));
#19786 = DIRECTION('',(0.,0.,1.));
#19787 = DIRECTION('',(1.,0.,-0.));
#19788 = ORIENTED_EDGE('',*,*,#19772,.F.);
#19789 = ORIENTED_EDGE('',*,*,#19790,.F.);
#19790 = EDGE_CURVE('',#19773,#19773,#19791,.T.);
#19791 = CIRCLE('',#19792,12.5);
#19792 = AXIS2_PLACEMENT_3D('',#19793,#19794,#19795);
#19793 = CARTESIAN_POINT('',(100.,-100.,0.));
#19794 = DIRECTION('',(0.,0.,1.));
#19795 = DIRECTION('',(1.,0.,-0.));
#19796 = CYLINDRICAL_SURFACE('',#19797,12.5);
#19797 = AXIS2_PLACEMENT_3D('',#19798,#19799,#19800);
#19798 = CARTESIAN_POINT('',(100.,-100.,0.));
#19799 = DIRECTION('',(-0.,-0.,-1.));
#19800 = DIRECTION('',(1.,0.,-0.));
#19801 = ADVANCED_FACE('',(#19802,#19805,#19816,#19827,#19863,#19874,
    #19910),#19921,.F.);
#19802 = FACE_BOUND('',#19803,.F.);
#19803 = EDGE_LOOP('',(#19804));
#19804 = ORIENTED_EDGE('',*,*,#19790,.T.);
#19805 = FACE_BOUND('',#19806,.F.);
#19806 = EDGE_LOOP('',(#19807));
#19807 = ORIENTED_EDGE('',*,*,#19808,.T.);
#19808 = EDGE_CURVE('',#19809,#19809,#19811,.T.);
#19809 = VERTEX_POINT('',#19810);
#19810 = CARTESIAN_POINT('',(90.,-104.,0.));
#19811 = CIRCLE('',#19812,0.5);
#19812 = AXIS2_PLACEMENT_3D('',#19813,#19814,#19815);
#19813 = CARTESIAN_POINT('',(90.,-103.5,0.));
#19814 = DIRECTION('',(-0.,0.,-1.));
#19815 = DIRECTION('',(-0.,-1.,0.));
#19816 = FACE_BOUND('',#19817,.F.);
#19817 = EDGE_LOOP('',(#19818));
#19818 = ORIENTED_EDGE('',*,*,#19819,.T.);
#19819 = EDGE_CURVE('',#19820,#19820,#19822,.T.);
#19820 = VERTEX_POINT('',#19821);
#19821 = CARTESIAN_POINT('',(110.,-104.,0.));
#19822 = CIRCLE('',#19823,0.5);
#19823 = AXIS2_PLACEMENT_3D('',#19824,#19825,#19826);
#19824 = CARTESIAN_POINT('',(110.,-103.5,0.));
#19825 = DIRECTION('',(-0.,0.,-1.));
#19826 = DIRECTION('',(-0.,-1.,0.));
#19827 = FACE_BOUND('',#19828,.F.);
#19828 = EDGE_LOOP('',(#19829,#19840,#19848,#19857));
#19829 = ORIENTED_EDGE('',*,*,#19830,.T.);
#19830 = EDGE_CURVE('',#19831,#19833,#19835,.T.);
#19831 = VERTEX_POINT('',#19832);
#19832 = CARTESIAN_POINT('',(90.000011,-100.999985,0.));
#19833 = VERTEX_POINT('',#19834);
#19834 = CARTESIAN_POINT('',(88.499989,-100.999985,0.));
#19835 = CIRCLE('',#19836,0.750011);
#19836 = AXIS2_PLACEMENT_3D('',#19837,#19838,#19839);
#19837 = CARTESIAN_POINT('',(89.25,-100.999985,0.));
#19838 = DIRECTION('',(-0.,0.,-1.));
#19839 = DIRECTION('',(-1.,0.,0.));
#19840 = ORIENTED_EDGE('',*,*,#19841,.T.);
#19841 = EDGE_CURVE('',#19833,#19842,#19844,.T.);
#19842 = VERTEX_POINT('',#19843);
#19843 = CARTESIAN_POINT('',(88.499989,-98.500015,0.));
#19844 = LINE('',#19845,#19846);
#19845 = CARTESIAN_POINT('',(88.499989,-49.2500075,0.));
#19846 = VECTOR('',#19847,1.);
#19847 = DIRECTION('',(-0.,1.,0.));
#19848 = ORIENTED_EDGE('',*,*,#19849,.T.);
#19849 = EDGE_CURVE('',#19842,#19850,#19852,.T.);
#19850 = VERTEX_POINT('',#19851);
#19851 = CARTESIAN_POINT('',(90.000011,-98.500015,0.));
#19852 = CIRCLE('',#19853,0.750011);
#19853 = AXIS2_PLACEMENT_3D('',#19854,#19855,#19856);
#19854 = CARTESIAN_POINT('',(89.25,-98.500015,0.));
#19855 = DIRECTION('',(0.,-0.,-1.));
#19856 = DIRECTION('',(1.,0.,-0.));
#19857 = ORIENTED_EDGE('',*,*,#19858,.T.);
#19858 = EDGE_CURVE('',#19850,#19831,#19859,.T.);
#19859 = LINE('',#19860,#19861);
#19860 = CARTESIAN_POINT('',(90.000011,-50.4999925,0.));
#19861 = VECTOR('',#19862,1.);
#19862 = DIRECTION('',(0.,-1.,0.));
#19863 = FACE_BOUND('',#19864,.F.);
#19864 = EDGE_LOOP('',(#19865));
#19865 = ORIENTED_EDGE('',*,*,#19866,.T.);
#19866 = EDGE_CURVE('',#19867,#19867,#19869,.T.);
#19867 = VERTEX_POINT('',#19868);
#19868 = CARTESIAN_POINT('',(90.,-97.,0.));
#19869 = CIRCLE('',#19870,0.5);
#19870 = AXIS2_PLACEMENT_3D('',#19871,#19872,#19873);
#19871 = CARTESIAN_POINT('',(90.,-96.5,0.));
#19872 = DIRECTION('',(-0.,0.,-1.));
#19873 = DIRECTION('',(-0.,-1.,0.));
#19874 = FACE_BOUND('',#19875,.F.);
#19875 = EDGE_LOOP('',(#19876,#19887,#19895,#19904));
#19876 = ORIENTED_EDGE('',*,*,#19877,.T.);
#19877 = EDGE_CURVE('',#19878,#19880,#19882,.T.);
#19878 = VERTEX_POINT('',#19879);
#19879 = CARTESIAN_POINT('',(111.500011,-100.999985,0.));
#19880 = VERTEX_POINT('',#19881);
#19881 = CARTESIAN_POINT('',(109.999989,-100.999985,0.));
#19882 = CIRCLE('',#19883,0.750011);
#19883 = AXIS2_PLACEMENT_3D('',#19884,#19885,#19886);
#19884 = CARTESIAN_POINT('',(110.75,-100.999985,0.));
#19885 = DIRECTION('',(-0.,0.,-1.));
#19886 = DIRECTION('',(-1.,0.,0.));
#19887 = ORIENTED_EDGE('',*,*,#19888,.T.);
#19888 = EDGE_CURVE('',#19880,#19889,#19891,.T.);
#19889 = VERTEX_POINT('',#19890);
#19890 = CARTESIAN_POINT('',(109.999989,-98.500015,0.));
#19891 = LINE('',#19892,#19893);
#19892 = CARTESIAN_POINT('',(109.999989,-49.2500075,0.));
#19893 = VECTOR('',#19894,1.);
#19894 = DIRECTION('',(-0.,1.,0.));
#19895 = ORIENTED_EDGE('',*,*,#19896,.T.);
#19896 = EDGE_CURVE('',#19889,#19897,#19899,.T.);
#19897 = VERTEX_POINT('',#19898);
#19898 = CARTESIAN_POINT('',(111.500011,-98.500015,0.));
#19899 = CIRCLE('',#19900,0.750011);
#19900 = AXIS2_PLACEMENT_3D('',#19901,#19902,#19903);
#19901 = CARTESIAN_POINT('',(110.75,-98.500015,0.));
#19902 = DIRECTION('',(0.,-0.,-1.));
#19903 = DIRECTION('',(1.,0.,-0.));
#19904 = ORIENTED_EDGE('',*,*,#19905,.T.);
#19905 = EDGE_CURVE('',#19897,#19878,#19906,.T.);
#19906 = LINE('',#19907,#19908);
#19907 = CARTESIAN_POINT('',(111.500011,-50.4999925,0.));
#19908 = VECTOR('',#19909,1.);
#19909 = DIRECTION('',(0.,-1.,0.));
#19910 = FACE_BOUND('',#19911,.F.);
#19911 = EDGE_LOOP('',(#19912));
#19912 = ORIENTED_EDGE('',*,*,#19913,.T.);
#19913 = EDGE_CURVE('',#19914,#19914,#19916,.T.);
#19914 = VERTEX_POINT('',#19915);
#19915 = CARTESIAN_POINT('',(110.,-97.,0.));
#19916 = CIRCLE('',#19917,0.5);
#19917 = AXIS2_PLACEMENT_3D('',#19918,#19919,#19920);
#19918 = CARTESIAN_POINT('',(110.,-96.5,0.));
#19919 = DIRECTION('',(-0.,0.,-1.));
#19920 = DIRECTION('',(-0.,-1.,0.));
#19921 = PLANE('',#19922);
#19922 = AXIS2_PLACEMENT_3D('',#19923,#19924,#19925);
#19923 = CARTESIAN_POINT('',(0.,0.,0.));
#19924 = DIRECTION('',(0.,0.,1.));
#19925 = DIRECTION('',(1.,0.,-0.));
#19926 = ADVANCED_FACE('',(#19927,#19930,#19941,#19952,#19988,#19999,
    #20035),#20046,.T.);
#19927 = FACE_BOUND('',#19928,.T.);
#19928 = EDGE_LOOP('',(#19929));
#19929 = ORIENTED_EDGE('',*,*,#19782,.T.);
#19930 = FACE_BOUND('',#19931,.T.);
#19931 = EDGE_LOOP('',(#19932));
#19932 = ORIENTED_EDGE('',*,*,#19933,.T.);
#19933 = EDGE_CURVE('',#19934,#19934,#19936,.T.);
#19934 = VERTEX_POINT('',#19935);
#19935 = CARTESIAN_POINT('',(90.,-104.,1.51));
#19936 = CIRCLE('',#19937,0.5);
#19937 = AXIS2_PLACEMENT_3D('',#19938,#19939,#19940);
#19938 = CARTESIAN_POINT('',(90.,-103.5,1.51));
#19939 = DIRECTION('',(-0.,0.,-1.));
#19940 = DIRECTION('',(-0.,-1.,0.));
#19941 = FACE_BOUND('',#19942,.T.);
#19942 = EDGE_LOOP('',(#19943));
#19943 = ORIENTED_EDGE('',*,*,#19944,.T.);
#19944 = EDGE_CURVE('',#19945,#19945,#19947,.T.);
#19945 = VERTEX_POINT('',#19946);
#19946 = CARTESIAN_POINT('',(110.,-104.,1.51));
#19947 = CIRCLE('',#19948,0.5);
#19948 = AXIS2_PLACEMENT_3D('',#19949,#19950,#19951);
#19949 = CARTESIAN_POINT('',(110.,-103.5,1.51));
#19950 = DIRECTION('',(-0.,0.,-1.));
#19951 = DIRECTION('',(-0.,-1.,0.));
#19952 = FACE_BOUND('',#19953,.T.);
#19953 = EDGE_LOOP('',(#19954,#19965,#19973,#19982));
#19954 = ORIENTED_EDGE('',*,*,#19955,.T.);
#19955 = EDGE_CURVE('',#19956,#19958,#19960,.T.);
#19956 = VERTEX_POINT('',#19957);
#19957 = CARTESIAN_POINT('',(90.000011,-100.999985,1.51));
#19958 = VERTEX_POINT('',#19959);
#19959 = CARTESIAN_POINT('',(88.499989,-100.999985,1.51));
#19960 = CIRCLE('',#19961,0.750011);
#19961 = AXIS2_PLACEMENT_3D('',#19962,#19963,#19964);
#19962 = CARTESIAN_POINT('',(89.25,-100.999985,1.51));
#19963 = DIRECTION('',(-0.,0.,-1.));
#19964 = DIRECTION('',(-1.,0.,0.));
#19965 = ORIENTED_EDGE('',*,*,#19966,.T.);
#19966 = EDGE_CURVE('',#19958,#19967,#19969,.T.);
#19967 = VERTEX_POINT('',#19968);
#19968 = CARTESIAN_POINT('',(88.499989,-98.500015,1.51));
#19969 = LINE('',#19970,#19971);
#19970 = CARTESIAN_POINT('',(88.499989,-49.2500075,1.51));
#19971 = VECTOR('',#19972,1.);
#19972 = DIRECTION('',(-0.,1.,0.));
#19973 = ORIENTED_EDGE('',*,*,#19974,.T.);
#19974 = EDGE_CURVE('',#19967,#19975,#19977,.T.);
#19975 = VERTEX_POINT('',#19976);
#19976 = CARTESIAN_POINT('',(90.000011,-98.500015,1.51));
#19977 = CIRCLE('',#19978,0.750011);
#19978 = AXIS2_PLACEMENT_3D('',#19979,#19980,#19981);
#19979 = CARTESIAN_POINT('',(89.25,-98.500015,1.51));
#19980 = DIRECTION('',(0.,-0.,-1.));
#19981 = DIRECTION('',(1.,0.,-0.));
#19982 = ORIENTED_EDGE('',*,*,#19983,.T.);
#19983 = EDGE_CURVE('',#19975,#19956,#19984,.T.);
#19984 = LINE('',#19985,#19986);
#19985 = CARTESIAN_POINT('',(90.000011,-50.4999925,1.51));
#19986 = VECTOR('',#19987,1.);
#19987 = DIRECTION('',(0.,-1.,0.));
#19988 = FACE_BOUND('',#19989,.T.);
#19989 = EDGE_LOOP('',(#19990));
#19990 = ORIENTED_EDGE('',*,*,#19991,.T.);
#19991 = EDGE_CURVE('',#19992,#19992,#19994,.T.);
#19992 = VERTEX_POINT('',#19993);
#19993 = CARTESIAN_POINT('',(90.,-97.,1.51));
#19994 = CIRCLE('',#19995,0.5);
#19995 = AXIS2_PLACEMENT_3D('',#19996,#19997,#19998);
#19996 = CARTESIAN_POINT('',(90.,-96.5,1.51));
#19997 = DIRECTION('',(-0.,0.,-1.));
#19998 = DIRECTION('',(-0.,-1.,0.));
#19999 = FACE_BOUND('',#20000,.T.);
#20000 = EDGE_LOOP('',(#20001,#20012,#20020,#20029));
#20001 = ORIENTED_EDGE('',*,*,#20002,.T.);
#20002 = EDGE_CURVE('',#20003,#20005,#20007,.T.);
#20003 = VERTEX_POINT('',#20004);
#20004 = CARTESIAN_POINT('',(111.500011,-100.999985,1.51));
#20005 = VERTEX_POINT('',#20006);
#20006 = CARTESIAN_POINT('',(109.999989,-100.999985,1.51));
#20007 = CIRCLE('',#20008,0.750011);
#20008 = AXIS2_PLACEMENT_3D('',#20009,#20010,#20011);
#20009 = CARTESIAN_POINT('',(110.75,-100.999985,1.51));
#20010 = DIRECTION('',(-0.,0.,-1.));
#20011 = DIRECTION('',(-1.,0.,0.));
#20012 = ORIENTED_EDGE('',*,*,#20013,.T.);
#20013 = EDGE_CURVE('',#20005,#20014,#20016,.T.);
#20014 = VERTEX_POINT('',#20015);
#20015 = CARTESIAN_POINT('',(109.999989,-98.500015,1.51));
#20016 = LINE('',#20017,#20018);
#20017 = CARTESIAN_POINT('',(109.999989,-49.2500075,1.51));
#20018 = VECTOR('',#20019,1.);
#20019 = DIRECTION('',(-0.,1.,0.));
#20020 = ORIENTED_EDGE('',*,*,#20021,.T.);
#20021 = EDGE_CURVE('',#20014,#20022,#20024,.T.);
#20022 = VERTEX_POINT('',#20023);
#20023 = CARTESIAN_POINT('',(111.500011,-98.500015,1.51));
#20024 = CIRCLE('',#20025,0.750011);
#20025 = AXIS2_PLACEMENT_3D('',#20026,#20027,#20028);
#20026 = CARTESIAN_POINT('',(110.75,-98.500015,1.51));
#20027 = DIRECTION('',(0.,-0.,-1.));
#20028 = DIRECTION('',(1.,0.,-0.));
#20029 = ORIENTED_EDGE('',*,*,#20030,.T.);
#20030 = EDGE_CURVE('',#20022,#20003,#20031,.T.);
#20031 = LINE('',#20032,#20033);
#20032 = CARTESIAN_POINT('',(111.500011,-50.4999925,1.51));
#20033 = VECTOR('',#20034,1.);
#20034 = DIRECTION('',(0.,-1.,0.));
#20035 = FACE_BOUND('',#20036,.T.);
#20036 = EDGE_LOOP('',(#20037));
#20037 = ORIENTED_EDGE('',*,*,#20038,.T.);
#20038 = EDGE_CURVE('',#20039,#20039,#20041,.T.);
#20039 = VERTEX_POINT('',#20040);
#20040 = CARTESIAN_POINT('',(110.,-97.,1.51));
#20041 = CIRCLE('',#20042,0.5);
#20042 = AXIS2_PLACEMENT_3D('',#20043,#20044,#20045);
#20043 = CARTESIAN_POINT('',(110.,-96.5,1.51));
#20044 = DIRECTION('',(-0.,0.,-1.));
#20045 = DIRECTION('',(-0.,-1.,0.));
#20046 = PLANE('',#20047);
#20047 = AXIS2_PLACEMENT_3D('',#20048,#20049,#20050);
#20048 = CARTESIAN_POINT('',(0.,0.,1.51));
#20049 = DIRECTION('',(0.,0.,1.));
#20050 = DIRECTION('',(1.,0.,-0.));
#20051 = ADVANCED_FACE('',(#20052),#20063,.F.);
#20052 = FACE_BOUND('',#20053,.T.);
#20053 = EDGE_LOOP('',(#20054,#20055,#20061,#20062));
#20054 = ORIENTED_EDGE('',*,*,#19808,.T.);
#20055 = ORIENTED_EDGE('',*,*,#20056,.T.);
#20056 = EDGE_CURVE('',#19809,#19934,#20057,.T.);
#20057 = LINE('',#20058,#20059);
#20058 = CARTESIAN_POINT('',(90.,-104.,-4.6E-02));
#20059 = VECTOR('',#20060,1.);
#20060 = DIRECTION('',(0.,0.,1.));
#20061 = ORIENTED_EDGE('',*,*,#19933,.F.);
#20062 = ORIENTED_EDGE('',*,*,#20056,.F.);
#20063 = CYLINDRICAL_SURFACE('',#20064,0.5);
#20064 = AXIS2_PLACEMENT_3D('',#20065,#20066,#20067);
#20065 = CARTESIAN_POINT('',(90.,-103.5,-4.6E-02));
#20066 = DIRECTION('',(-0.,-0.,-1.));
#20067 = DIRECTION('',(-0.,-1.,0.));
#20068 = ADVANCED_FACE('',(#20069),#20080,.F.);
#20069 = FACE_BOUND('',#20070,.T.);
#20070 = EDGE_LOOP('',(#20071,#20072,#20078,#20079));
#20071 = ORIENTED_EDGE('',*,*,#19819,.T.);
#20072 = ORIENTED_EDGE('',*,*,#20073,.T.);
#20073 = EDGE_CURVE('',#19820,#19945,#20074,.T.);
#20074 = LINE('',#20075,#20076);
#20075 = CARTESIAN_POINT('',(110.,-104.,-4.6E-02));
#20076 = VECTOR('',#20077,1.);
#20077 = DIRECTION('',(0.,0.,1.));
#20078 = ORIENTED_EDGE('',*,*,#19944,.F.);
#20079 = ORIENTED_EDGE('',*,*,#20073,.F.);
#20080 = CYLINDRICAL_SURFACE('',#20081,0.5);
#20081 = AXIS2_PLACEMENT_3D('',#20082,#20083,#20084);
#20082 = CARTESIAN_POINT('',(110.,-103.5,-4.6E-02));
#20083 = DIRECTION('',(-0.,-0.,-1.));
#20084 = DIRECTION('',(-0.,-1.,0.));
#20085 = ADVANCED_FACE('',(#20086),#20102,.F.);
#20086 = FACE_BOUND('',#20087,.T.);
#20087 = EDGE_LOOP('',(#20088,#20089,#20095,#20096));
#20088 = ORIENTED_EDGE('',*,*,#19830,.T.);
#20089 = ORIENTED_EDGE('',*,*,#20090,.T.);
#20090 = EDGE_CURVE('',#19833,#19958,#20091,.T.);
#20091 = LINE('',#20092,#20093);
#20092 = CARTESIAN_POINT('',(88.499989,-100.999985,-4.6E-02));
#20093 = VECTOR('',#20094,1.);
#20094 = DIRECTION('',(0.,0.,1.));
#20095 = ORIENTED_EDGE('',*,*,#19955,.F.);
#20096 = ORIENTED_EDGE('',*,*,#20097,.F.);
#20097 = EDGE_CURVE('',#19831,#19956,#20098,.T.);
#20098 = LINE('',#20099,#20100);
#20099 = CARTESIAN_POINT('',(90.000011,-100.999985,-4.6E-02));
#20100 = VECTOR('',#20101,1.);
#20101 = DIRECTION('',(0.,0.,1.));
#20102 = CYLINDRICAL_SURFACE('',#20103,0.750011);
#20103 = AXIS2_PLACEMENT_3D('',#20104,#20105,#20106);
#20104 = CARTESIAN_POINT('',(89.25,-100.999985,-4.6E-02));
#20105 = DIRECTION('',(-0.,-0.,-1.));
#20106 = DIRECTION('',(-1.,0.,-0.));
#20107 = ADVANCED_FACE('',(#20108),#20119,.T.);
#20108 = FACE_BOUND('',#20109,.T.);
#20109 = EDGE_LOOP('',(#20110,#20111,#20112,#20113));
#20110 = ORIENTED_EDGE('',*,*,#19858,.T.);
#20111 = ORIENTED_EDGE('',*,*,#20097,.T.);
#20112 = ORIENTED_EDGE('',*,*,#19983,.F.);
#20113 = ORIENTED_EDGE('',*,*,#20114,.F.);
#20114 = EDGE_CURVE('',#19850,#19975,#20115,.T.);
#20115 = LINE('',#20116,#20117);
#20116 = CARTESIAN_POINT('',(90.000011,-98.500015,-4.6E-02));
#20117 = VECTOR('',#20118,1.);
#20118 = DIRECTION('',(0.,0.,1.));
#20119 = PLANE('',#20120);
#20120 = AXIS2_PLACEMENT_3D('',#20121,#20122,#20123);
#20121 = CARTESIAN_POINT('',(90.000011,-100.999985,-4.6E-02));
#20122 = DIRECTION('',(-1.,0.,0.));
#20123 = DIRECTION('',(0.,1.,0.));
#20124 = ADVANCED_FACE('',(#20125),#20136,.F.);
#20125 = FACE_BOUND('',#20126,.T.);
#20126 = EDGE_LOOP('',(#20127,#20128,#20129,#20130));
#20127 = ORIENTED_EDGE('',*,*,#19849,.T.);
#20128 = ORIENTED_EDGE('',*,*,#20114,.T.);
#20129 = ORIENTED_EDGE('',*,*,#19974,.F.);
#20130 = ORIENTED_EDGE('',*,*,#20131,.F.);
#20131 = EDGE_CURVE('',#19842,#19967,#20132,.T.);
#20132 = LINE('',#20133,#20134);
#20133 = CARTESIAN_POINT('',(88.499989,-98.500015,-4.6E-02));
#20134 = VECTOR('',#20135,1.);
#20135 = DIRECTION('',(0.,0.,1.));
#20136 = CYLINDRICAL_SURFACE('',#20137,0.750011);
#20137 = AXIS2_PLACEMENT_3D('',#20138,#20139,#20140);
#20138 = CARTESIAN_POINT('',(89.25,-98.500015,-4.6E-02));
#20139 = DIRECTION('',(-0.,-0.,-1.));
#20140 = DIRECTION('',(1.,0.,-0.));
#20141 = ADVANCED_FACE('',(#20142),#20148,.T.);
#20142 = FACE_BOUND('',#20143,.T.);
#20143 = EDGE_LOOP('',(#20144,#20145,#20146,#20147));
#20144 = ORIENTED_EDGE('',*,*,#19841,.T.);
#20145 = ORIENTED_EDGE('',*,*,#20131,.T.);
#20146 = ORIENTED_EDGE('',*,*,#19966,.F.);
#20147 = ORIENTED_EDGE('',*,*,#20090,.F.);
#20148 = PLANE('',#20149);
#20149 = AXIS2_PLACEMENT_3D('',#20150,#20151,#20152);
#20150 = CARTESIAN_POINT('',(88.499989,-98.500015,-4.6E-02));
#20151 = DIRECTION('',(1.,0.,-0.));
#20152 = DIRECTION('',(0.,-1.,0.));
#20153 = ADVANCED_FACE('',(#20154),#20165,.F.);
#20154 = FACE_BOUND('',#20155,.T.);
#20155 = EDGE_LOOP('',(#20156,#20157,#20163,#20164));
#20156 = ORIENTED_EDGE('',*,*,#19866,.T.);
#20157 = ORIENTED_EDGE('',*,*,#20158,.T.);
#20158 = EDGE_CURVE('',#19867,#19992,#20159,.T.);
#20159 = LINE('',#20160,#20161);
#20160 = CARTESIAN_POINT('',(90.,-97.,-4.6E-02));
#20161 = VECTOR('',#20162,1.);
#20162 = DIRECTION('',(0.,0.,1.));
#20163 = ORIENTED_EDGE('',*,*,#19991,.F.);
#20164 = ORIENTED_EDGE('',*,*,#20158,.F.);
#20165 = CYLINDRICAL_SURFACE('',#20166,0.5);
#20166 = AXIS2_PLACEMENT_3D('',#20167,#20168,#20169);
#20167 = CARTESIAN_POINT('',(90.,-96.5,-4.6E-02));
#20168 = DIRECTION('',(-0.,-0.,-1.));
#20169 = DIRECTION('',(-0.,-1.,0.));
#20170 = ADVANCED_FACE('',(#20171),#20187,.F.);
#20171 = FACE_BOUND('',#20172,.T.);
#20172 = EDGE_LOOP('',(#20173,#20174,#20180,#20181));
#20173 = ORIENTED_EDGE('',*,*,#19877,.T.);
#20174 = ORIENTED_EDGE('',*,*,#20175,.T.);
#20175 = EDGE_CURVE('',#19880,#20005,#20176,.T.);
#20176 = LINE('',#20177,#20178);
#20177 = CARTESIAN_POINT('',(109.999989,-100.999985,-4.6E-02));
#20178 = VECTOR('',#20179,1.);
#20179 = DIRECTION('',(0.,0.,1.));
#20180 = ORIENTED_EDGE('',*,*,#20002,.F.);
#20181 = ORIENTED_EDGE('',*,*,#20182,.F.);
#20182 = EDGE_CURVE('',#19878,#20003,#20183,.T.);
#20183 = LINE('',#20184,#20185);
#20184 = CARTESIAN_POINT('',(111.500011,-100.999985,-4.6E-02));
#20185 = VECTOR('',#20186,1.);
#20186 = DIRECTION('',(0.,0.,1.));
#20187 = CYLINDRICAL_SURFACE('',#20188,0.750011);
#20188 = AXIS2_PLACEMENT_3D('',#20189,#20190,#20191);
#20189 = CARTESIAN_POINT('',(110.75,-100.999985,-4.6E-02));
#20190 = DIRECTION('',(-0.,-0.,-1.));
#20191 = DIRECTION('',(-1.,0.,-0.));
#20192 = ADVANCED_FACE('',(#20193),#20204,.T.);
#20193 = FACE_BOUND('',#20194,.T.);
#20194 = EDGE_LOOP('',(#20195,#20196,#20197,#20198));
#20195 = ORIENTED_EDGE('',*,*,#19905,.T.);
#20196 = ORIENTED_EDGE('',*,*,#20182,.T.);
#20197 = ORIENTED_EDGE('',*,*,#20030,.F.);
#20198 = ORIENTED_EDGE('',*,*,#20199,.F.);
#20199 = EDGE_CURVE('',#19897,#20022,#20200,.T.);
#20200 = LINE('',#20201,#20202);
#20201 = CARTESIAN_POINT('',(111.500011,-98.500015,-4.6E-02));
#20202 = VECTOR('',#20203,1.);
#20203 = DIRECTION('',(0.,0.,1.));
#20204 = PLANE('',#20205);
#20205 = AXIS2_PLACEMENT_3D('',#20206,#20207,#20208);
#20206 = CARTESIAN_POINT('',(111.500011,-100.999985,-4.6E-02));
#20207 = DIRECTION('',(-1.,0.,0.));
#20208 = DIRECTION('',(0.,1.,0.));
#20209 = ADVANCED_FACE('',(#20210),#20221,.F.);
#20210 = FACE_BOUND('',#20211,.T.);
#20211 = EDGE_LOOP('',(#20212,#20213,#20214,#20215));
#20212 = ORIENTED_EDGE('',*,*,#19896,.T.);
#20213 = ORIENTED_EDGE('',*,*,#20199,.T.);
#20214 = ORIENTED_EDGE('',*,*,#20021,.F.);
#20215 = ORIENTED_EDGE('',*,*,#20216,.F.);
#20216 = EDGE_CURVE('',#19889,#20014,#20217,.T.);
#20217 = LINE('',#20218,#20219);
#20218 = CARTESIAN_POINT('',(109.999989,-98.500015,-4.6E-02));
#20219 = VECTOR('',#20220,1.);
#20220 = DIRECTION('',(0.,0.,1.));
#20221 = CYLINDRICAL_SURFACE('',#20222,0.750011);
#20222 = AXIS2_PLACEMENT_3D('',#20223,#20224,#20225);
#20223 = CARTESIAN_POINT('',(110.75,-98.500015,-4.6E-02));
#20224 = DIRECTION('',(-0.,-0.,-1.));
#20225 = DIRECTION('',(1.,0.,-0.));
#20226 = ADVANCED_FACE('',(#20227),#20233,.T.);
#20227 = FACE_BOUND('',#20228,.T.);
#20228 = EDGE_LOOP('',(#20229,#20230,#20231,#20232));
#20229 = ORIENTED_EDGE('',*,*,#19888,.T.);
#20230 = ORIENTED_EDGE('',*,*,#20216,.T.);
#20231 = ORIENTED_EDGE('',*,*,#20013,.F.);
#20232 = ORIENTED_EDGE('',*,*,#20175,.F.);
#20233 = PLANE('',#20234);
#20234 = AXIS2_PLACEMENT_3D('',#20235,#20236,#20237);
#20235 = CARTESIAN_POINT('',(109.999989,-98.500015,-4.6E-02));
#20236 = DIRECTION('',(1.,0.,-0.));
#20237 = DIRECTION('',(0.,-1.,0.));
#20238 = ADVANCED_FACE('',(#20239),#20250,.F.);
#20239 = FACE_BOUND('',#20240,.T.);
#20240 = EDGE_LOOP('',(#20241,#20242,#20248,#20249));
#20241 = ORIENTED_EDGE('',*,*,#19913,.T.);
#20242 = ORIENTED_EDGE('',*,*,#20243,.T.);
#20243 = EDGE_CURVE('',#19914,#20039,#20244,.T.);
#20244 = LINE('',#20245,#20246);
#20245 = CARTESIAN_POINT('',(110.,-97.,-4.6E-02));
#20246 = VECTOR('',#20247,1.);
#20247 = DIRECTION('',(0.,0.,1.));
#20248 = ORIENTED_EDGE('',*,*,#20038,.F.);
#20249 = ORIENTED_EDGE('',*,*,#20243,.F.);
#20250 = CYLINDRICAL_SURFACE('',#20251,0.5);
#20251 = AXIS2_PLACEMENT_3D('',#20252,#20253,#20254);
#20252 = CARTESIAN_POINT('',(110.,-96.5,-4.6E-02));
#20253 = DIRECTION('',(-0.,-0.,-1.));
#20254 = DIRECTION('',(-0.,-1.,0.));
#20255 = ( GEOMETRIC_REPRESENTATION_CONTEXT(3) 
GLOBAL_UNCERTAINTY_ASSIGNED_CONTEXT((#20259)) 
GLOBAL_UNIT_ASSIGNED_CONTEXT((#20256,#20257,#20258)) 
REPRESENTATION_CONTEXT('Context #1',
  '3D Context with UNIT and UNCERTAINTY') );
#20256 = ( LENGTH_UNIT() NAMED_UNIT(*) SI_UNIT(.MILLI.,.METRE.) );
#20257 = ( NAMED_UNIT(*) PLANE_ANGLE_UNIT() SI_UNIT($,.RADIAN.) );
#20258 = ( NAMED_UNIT(*) SI_UNIT($,.STERADIAN.) SOLID_ANGLE_UNIT() );
#20259 = UNCERTAINTY_MEASURE_WITH_UNIT(LENGTH_MEASURE(1.E-07),#20256,
  'distance_accuracy_value','confusion accuracy');
#20260 = SHAPE_DEFINITION_REPRESENTATION(#20261,#19765);
#20261 = PRODUCT_DEFINITION_SHAPE('','',#20262);
#20262 = PRODUCT_DEFINITION('design','',#20263,#20266);
#20263 = PRODUCT_DEFINITION_FORMATION('','',#20264);
#20264 = PRODUCT('ptt_board_core_PCB','ptt_board_core_PCB','',(#20265));
#20265 = PRODUCT_CONTEXT('',#2,'mechanical');
#20266 = PRODUCT_DEFINITION_CONTEXT('part definition',#2,'design');
#20267 = CONTEXT_DEPENDENT_SHAPE_REPRESENTATION(#20268,#20270);
#20268 = ( REPRESENTATION_RELATIONSHIP('','',#19765,#10) 
REPRESENTATION_RELATIONSHIP_WITH_TRANSFORMATION(#20269) 
SHAPE_REPRESENTATION_RELATIONSHIP() );
#20269 = ITEM_DEFINED_TRANSFORMATION('','',#11,#39);
#20270 = PRODUCT_DEFINITION_SHAPE('Placement','Placement of an item',
  #20271);
#20271 = NEXT_ASSEMBLY_USAGE_OCCURRENCE('7','','',#5,#20262,$);
#20272 = PRODUCT_RELATED_PRODUCT_CATEGORY('part',$,(#20264));
ENDSEC;
END-ISO-10303-21;
